Rainfall_mm,Temperature_C,Soil_pH,Fertilizer_kg_per_ha,Pesticide_kg_per_ha,Sunlight_Hours_per_day,Farm_Size_ha,Crop_Yield_tonnes_per_ha,Soil_Type_Loamy,Soil_Type_Peaty,Soil_Type_Sandy,Soil_Type_Silty,Crop_Type_Cotton,Crop_Type_Maize,Crop_Type_Rice,Crop_Type_Soybean,Crop_Type_Wheat,Irrigation_Yes
633.7,22.7,6.0,137.2,4.15,7.4,3.36,8.16,0,1,0,0,0,0,0,1,0,1
1068.54,23.9,6.05,50.8,4.18,11.0,7.108,6.56,0,1,0,0,0,0,0,0,1,0
423.6,17.4,5.77,247.4,7.45,9.0,1.32,8.34,0,1,0,0,0,0,1,0,0,0
965.2,27.2,5.85,97.4,4.05,8.2,4.3,7.84,0,0,0,0,0,0,1,0,0,0
1056.7,27.3,5.55,252.0,7.76,6.9,1.34,8.22,0,1,0,0,0,0,0,0,1,1
844.0,23.6,6.67,208.4,3.346,8.14,8.47,7.42,0,0,0,1,1,0,0,0,0,1
858.6,14.7,7.44,175.0,2.88,11.0,12.19,7.1,0,0,1,0,0,0,0,0,1,0
1145.4,21.5,5.41,113.5,5.45,6.1,1.48,7.27,0,0,1,0,0,0,0,0,0,1
1203.5,21.8,6.31,162.6,0.42,8.3,9.2,8.95,0,0,0,1,0,0,0,1,0,1
994.6,24.5,6.27,140.8,4.8,5.5,4.32,8.56,0,0,0,1,0,0,1,0,0,0
905.0,23.2,8.11,73.2,8.37,4.4,4.73,8.05,0,0,0,1,0,0,0,0,0,1
1159.6,19.3,5.49,216.2,5.49,7.4,19.9,6.79,0,0,0,0,0,0,0,0,0,0
955.0,33.7,7.26,152.6,8.71,9.6,5.63,6.66,0,0,0,1,0,0,0,1,0,1
942.5,15.2,6.9,141.2,5.17,6.2,11.2,7.58,0,0,1,0,0,0,0,0,1,0
581.7,25.5,6.43,122.9,3.73,6.8,8.21,7.06,0,1,0,0,0,0,0,0,1,0
809.5,26.3,5.95,84.4,3.57,6.9,1.64,7.01,0,0,1,0,0,0,0,0,0,0
949.9,27.4,5.85,106.2,7.49,9.8,3.67,9.71,1,0,0,0,0,0,1,0,0,1
772.3,14.4,6.63,87.7,7.33,10.9,12.47,7.49,0,0,1,0,0,0,0,0,0,1
958.0,20.9,7.1,18.7,2.61,5.0,6.62,6.63,0,0,1,0,0,0,0,0,1,1
920.4,29.9,5.59,105.2,7.58,7.4,6.02,8.07,0,0,0,0,0,0,1,0,0,1
1177.9,17.3,8.37,126.1,1.78,8.7,2.61,9.64,0,0,0,1,0,1,0,0,0,0
566.6,24.76,7.31,108.1,10.77,5.6,6.42,9.43,0,0,1,0,0,1,0,0,0,1
724.8,20.2,6.97,105.5,1.82,7.8,3.61,7.74,1,0,0,0,1,0,0,0,0,1
770.2,24.2,5.71,81.6,7.75,5.9,6.13,6.97,0,1,0,0,1,0,0,0,0,1
985.4,25.5,8.09,104.2,4.66,6.7,7.25,5.81,0,0,0,0,1,0,0,0,0,0
665.9,24.6,6.7,96.7,4.53,9.4,2.91,6.96,0,0,0,1,0,0,0,1,0,1
764.2,22.3,6.18,185.92000000000002,3.54,6.4,5.09,6.75,1,0,0,0,1,0,0,0,0,0
712.0,31.0,6.67,133.3,5.39,7.3,4.16,10.01,0,0,0,1,0,1,0,0,0,0
1051.1,24.3,7.0,183.2,4.24,8.9,4.58,9.32,0,0,0,0,0,0,0,0,1,1
764.5,14.5,6.7,102.8,4.544,6.0,2.4,5.93,0,0,1,0,1,0,0,0,0,1
1169.6,25.9,5.56,67.9,5.85,4.4,1.61,9.86,1,0,0,0,0,1,0,0,0,1
832.4,26.5,6.81,160.5,3.18,8.3,4.15,9.19,1,0,0,0,0,0,0,0,0,1
1199.2,14.7,5.7,141.9,3.57,5.5,1.0,6.04,0,0,0,1,1,0,0,0,0,0
600.2,21.0,7.5,122.3,9.3,6.7,3.4,6.63,0,0,1,0,0,0,0,0,1,0
330.164,17.9,6.41,143.6,6.22,7.3,2.95,7.44,0,1,0,0,0,0,0,1,0,1
1488.4299999999998,25.1,6.72,181.1,5.77,6.0,3.42,6.16,0,1,0,0,1,0,0,0,0,1
828.6,25.6,6.97,78.7,7.04,5.6,1.88,7.21,0,0,0,0,0,0,1,0,0,0
423.7,28.0,6.03,196.4,2.19,7.0,1.48,7.06,0,0,0,0,0,0,0,1,0,1
1055.2,26.0,6.478,156.0,4.5,7.1,9.15,8.35,0,1,0,0,0,0,0,1,0,1
1097.3,13.9,6.33,54.3,3.38,11.0,18.1,9.51,0,1,0,0,0,0,1,0,0,1
812.0,26.5,6.0,140.7,6.95,9.6,2.81,10.88,0,0,0,0,0,1,0,0,0,1
936.4,22.1,6.14,265.7,7.42,9.3,0.42,8.62,0,0,0,0,0,0,1,0,0,0
1213.2,28.9,7.61,162.4,4.94,7.6,4.01,8.76,1,0,0,0,0,0,0,0,1,1
894.0,15.6,6.18,111.0,4.26,7.0,1.79,6.68,0,0,0,1,1,0,0,0,0,0
912.4,12.4,4.84,86.4,7.3,7.4,3.24,6.54,0,0,0,1,0,0,0,0,1,0
614.4,26.3,6.43,108.9,6.48,7.0,0.44,6.76,1,0,0,0,1,0,0,0,0,0
846.6,24.9,7.4,110.0,7.02,10.4,15.88,7.23,0,1,0,0,1,0,0,0,0,1
722.3,13.3,6.1,126.2,7.49,8.0,3.79,6.9,0,0,0,0,0,0,0,1,0,0
931.0,18.5,8.42,155.0,6.55,7.0,0.62,9.91,0,0,0,0,0,1,0,0,0,1
1138.5,15.5,6.22,218.4,3.97,5.0,4.29,7.96,0,1,0,0,0,0,1,0,0,0
848.1,20.0,5.88,182.48,8.11,8.6,0.63,9.77,1,0,0,0,0,0,0,0,1,1
844.1,26.5,7.44,111.6,6.18,7.8,4.14,7.74,0,0,1,0,0,0,0,0,1,1
1178.4,22.5,5.87,172.7,7.21,9.2,9.0,8.63,0,0,0,0,0,0,0,1,0,1
1270.6,20.0,5.29,206.3,3.28,6.2,4.21,7.46,0,0,0,1,0,0,0,1,0,1
330.164,15.3,6.18,98.1,3.73,10.7,9.54,9.35,0,0,0,1,0,0,1,0,0,1
1453.0,24.5,6.18,67.8,0.0,6.0,3.5480000000000005,9.07,0,0,0,1,0,0,1,0,0,1
1200.4,25.9,6.79,169.7,4.27,8.6,4.47,8.89,0,0,1,0,0,0,1,0,0,1
819.8,31.2,7.28,226.7,6.25,10.5,7.33,7.88,1,0,0,0,0,0,0,0,0,0
890.1,22.4,6.36,42.7,4.98,6.7,0.85,6.58,0,1,0,0,0,0,0,0,1,0
1030.0,21.7,6.36,80.0,1.85,10.0,21.04,7.44,0,1,0,0,1,0,0,0,0,1
1191.5,18.5,6.83,116.3,4.41,7.7,2.46,8.95,1,0,0,0,0,0,1,0,0,0
676.3,29.9,6.69,210.2,5.006,6.6,5.85,6.75,0,0,0,0,0,0,0,1,0,0
938.7,30.8,6.88,207.4,0.0,8.6,3.18,7.72,0,0,0,0,0,0,0,0,1,1
1168.2,27.3,7.26,202.9,0.0,7.3,2.97,9.52,0,0,0,1,0,1,0,0,0,0
993.1,27.9,7.18,94.3,7.64,7.8,2.62,6.88,0,0,0,0,0,0,0,0,0,0
1009.9,12.4,5.53,175.0,3.7880000000000003,7.3,10.04,7.57,1,0,0,0,0,0,0,0,0,0
752.5,26.2,8.42,113.9,7.72,9.8,2.6759999999999997,6.65,0,0,0,1,0,0,0,0,1,1
868.0,20.6,5.73,91.3,4.83,8.2,0.97,7.31,1,0,0,0,1,0,0,0,0,1
886.4,17.4,7.51,86.1,5.87,7.0,6.46,6.81,1,0,0,0,1,0,0,0,0,0
1014.5,19.8,6.79,166.8,6.68,5.1,2.11,8.56,0,0,0,0,0,0,0,0,1,1
330.164,25.1,6.09,188.6,4.61,8.5,2.22,5.71,0,0,0,0,0,0,0,0,0,0
1377.0,28.9,5.56,93.7,7.38,9.5,3.78,5.91,0,0,0,0,1,0,0,0,0,0
1102.2,21.3,6.234,120.3,6.98,6.4,4.43,7.49,0,0,0,0,0,0,0,0,0,0
928.3,20.9,6.09,95.9,4.87,4.5,9.32,6.94,0,1,0,0,0,0,0,1,0,0
767.2,20.2,6.21,183.4,4.72,6.1,4.36,8.54,0,0,0,1,0,0,0,1,0,1
942.7,28.2,6.7,286.7380000000001,6.22,5.7,2.71,6.34,0,0,1,0,0,0,0,0,0,0
866.1,20.7,6.86,213.7,1.34,8.8,3.45,11.5,0,0,0,1,0,1,0,0,0,1
1243.0,25.7,6.86,7.624000000000001,6.43,8.1,2.732,7.2,0,0,0,0,0,0,0,0,0,1
945.1,25.2,5.52,180.8,2.32,8.2,28.908999999999867,11.578600000000005,1,0,0,0,0,1,0,0,0,1
947.9,26.6,7.38,188.2,3.09,10.2,3.23,9.54,1,0,0,0,0,0,0,0,1,1
1126.2,21.8,6.13,104.7,3.52,6.9,2.55,7.04,0,1,0,0,0,0,0,1,0,0
1073.9,20.1,7.26,158.2,8.84,5.9,5.0,7.51,0,0,0,1,0,0,0,0,1,0
878.7,24.3,5.6,111.8,7.34,7.92,8.17,7.6,0,1,0,0,0,0,0,1,0,1
367.7,22.2,6.17,187.2,3.06,9.2,5.552,7.07,0,0,1,0,0,0,0,0,0,1
958.0,23.660000000000004,6.26,159.2,4.49,10.9,3.32,6.07,0,0,0,1,1,0,0,0,0,0
815.2,25.4,8.0,126.9,3.61,8.2,5.96,10.81,0,0,0,1,0,1,0,0,0,1
909.7,16.7,6.74,175.8,4.42,10.0,4.07,8.31,0,1,0,0,0,0,0,0,1,0
815.4,26.3,6.517999999999999,188.1,6.32,5.8,1.8039999999999998,9.11,0,1,0,0,0,0,1,0,0,1
1237.7,21.1,6.86,181.1,3.49,7.9,4.862,11.13,0,0,1,0,0,1,0,0,0,1
914.5,26.3,6.96,108.0,1.91,7.8,3.51,7.17,0,0,0,0,1,0,0,0,0,1
489.2,28.9,6.66,91.1,3.66,8.9,1.82,5.82,0,0,0,0,1,0,0,0,0,1
927.54,32.1,7.55,139.2,4.71,6.9,1.63,6.02,0,1,0,0,0,0,0,0,1,0
972.1,35.7,6.96,155.8,9.81,8.8,0.93,7.07,0,0,0,1,0,0,0,1,0,0
1165.3,27.2,7.14,63.6,5.48,6.1,2.44,6.6,0,0,1,0,0,0,0,1,0,1
862.3,23.1,7.65,179.1,4.45,10.8,4.06,8.95,1,0,0,0,0,0,0,0,1,0
485.4,20.7,6.22,152.4,7.33,8.0,5.03,10.96,0,1,0,0,0,1,0,0,0,1
985.2,17.7,7.353999999999999,223.1,7.08,9.5,1.28,7.67,0,1,0,0,1,0,0,0,0,1
843.6,19.0,4.77,213.1,8.51,8.3,12.43,6.19,1,0,0,0,1,0,0,0,0,0
1274.8,28.7,6.64,286.7380000000001,4.42,6.0,4.52,8.17,0,0,0,1,0,0,0,0,0,1
679.3,23.7,5.87,153.2,7.92,7.3,2.88,11.21,1,0,0,0,0,1,0,0,0,1
701.5,16.7,7.47,139.9,4.54,11.0,2.5,10.14,0,0,0,1,0,1,0,0,0,0
1482.1,31.6,7.86,22.8,5.9,6.6,3.24,6.46,0,0,0,1,0,0,1,0,0,0
1013.7,21.1,6.4,69.2,4.86,7.2,6.66,7.21,1,0,0,0,1,0,0,0,0,0
788.5,16.3,7.27,140.4,4.3,6.9,5.51,11.01,1,0,0,0,0,1,0,0,0,1
864.7,27.4,7.57,140.6,1.02,9.5,3.45,10.7,0,0,0,1,0,1,0,0,0,0
866.9,23.8,6.62,156.8,9.16,9.4,1.9,7.97,0,0,0,0,0,0,0,1,0,0
551.1,27.4,8.42,61.8,2.28,7.2,28.908999999999867,5.2514,0,0,1,0,1,0,0,0,0,0
1115.8,18.6,5.64,113.9,0.0,7.1,3.89,8.72,1,0,0,0,0,0,0,0,1,1
900.0,23.86,7.23,162.5,7.28,6.7,4.06,9.78,0,0,0,1,0,0,1,0,0,1
818.0,29.1,7.44,173.3,2.97,5.4,3.5,7.86,1,0,0,0,0,0,0,0,0,1
882.3,25.2,6.55,141.8,3.82,7.5,0.93,8.37,0,1,0,0,0,0,0,0,0,1
724.02,23.9,7.1,123.7,5.4,8.1,4.69,8.84,0,1,0,0,0,0,0,0,0,1
928.6,25.2,7.2,175.8,1.89,7.7,1.21,9.38,0,0,0,0,0,0,1,0,0,1
1009.8,27.1,7.52,230.9,2.28,7.4,3.81,8.42,1,0,0,0,0,0,0,0,0,1
1027.0,28.8,6.42,236.3,1.7,7.1,4.45,7.9,0,1,0,0,0,0,1,0,0,0
964.4,16.8,7.65,148.7,5.24,5.2,4.22,7.34,0,0,1,0,0,0,0,0,1,0
673.7,21.8,6.92,104.3,2.87,6.8,1.63,7.4,0,0,1,0,0,0,1,0,0,0
1022.82,20.0,4.7,100.7,6.69,6.8,1.03,7.04,1,0,0,0,0,0,0,0,0,1
1172.8,26.6,7.5,160.6,4.93,7.9,1.1,9.11,0,0,0,1,0,0,1,0,0,1
1071.5,27.5,6.87,101.0,4.62,7.1,19.39,8.37,0,0,0,1,0,0,0,0,1,1
1157.2,28.9,7.31,202.8,7.62,9.8,4.44,8.44,0,0,0,1,0,0,0,0,0,1
1103.9,25.4,7.47,90.1,7.42,8.7,10.34,5.2514,0,0,0,0,1,0,0,0,0,0
840.3,25.5,7.3,210.5,1.25,10.8,8.49,9.01,0,0,0,0,0,0,1,0,0,1
1165.0,18.1,6.45,220.1,7.2,6.1,5.12,5.2514,0,0,1,0,1,0,0,0,0,0
791.5,24.7,7.12,107.4,2.92,6.5,7.21,7.89,0,0,1,0,0,0,0,1,0,1
740.1,16.4,7.7,206.1,2.0,8.0,0.98,6.25,0,1,0,0,1,0,0,0,0,1
556.1,22.7,6.75,65.4,3.51,5.2,3.07,8.3,0,1,0,0,0,0,1,0,0,0
1017.7,28.3,6.52,153.9,4.74,6.5,5.77,10.33,1,0,0,0,0,0,1,0,0,1
721.7,26.2,6.88,135.2,5.99,6.2,4.12,8.57,0,0,0,1,0,0,0,0,1,1
929.2,23.8,6.62,108.9,4.89,10.7,16.93,8.49,1,0,0,0,0,0,0,1,0,1
570.5,19.0,6.24,130.0,7.0,7.5,2.32,7.15,0,0,0,1,0,0,0,1,0,0
963.1,19.8,4.88,148.0,0.0,5.7,1.81,5.78,0,0,0,0,0,0,0,1,0,0
957.1,17.6,5.04,135.1,4.122,6.6,0.74,7.25,0,0,1,0,0,0,0,0,0,1
1117.8,22.0,6.92,182.1,6.628,8.8,1.54,8.4,0,1,0,0,0,0,0,0,0,0
514.2,29.1,6.32,116.0,5.23,5.4,3.1799999999999997,6.82,0,0,0,0,0,0,0,0,0,0
829.7,35.9,6.78,123.9,6.52,7.6,3.65,6.29,0,1,0,0,0,0,0,0,1,0
731.4,12.4,5.24,171.4,3.65,7.7,1.31,7.31,0,0,0,0,0,0,0,1,0,1
1060.7,22.4,4.84,76.0,4.33,9.1,0.85,6.6,0,0,1,0,0,0,0,0,0,0
861.2,21.6,6.4,210.9,4.36,6.1,1.76,7.15,0,0,1,0,0,0,0,0,0,1
942.2,23.8,6.55,182.1,2.66,7.6,2.97,8.76,0,0,0,1,0,0,1,0,0,0
879.5,17.2,7.58,259.7,7.78,6.9,1.53,10.79,0,0,1,0,0,1,0,0,0,1
870.2,18.1,6.917999999999999,7.624000000000001,5.7,6.5,1.35,6.25,0,0,1,0,0,0,0,1,0,0
708.7,19.5,5.08,132.1,2.93,8.0,3.78,7.89,0,0,0,0,0,0,0,0,0,1
962.7,25.4,6.41,190.5,4.96,8.4,6.06,11.578600000000005,0,0,1,0,0,1,0,0,0,1
984.0,24.8,7.27,170.0,4.36,8.3,2.37,6.89,0,0,1,0,0,0,0,0,1,0
877.7,26.5,5.83,247.8,1.61,6.6,1.89,7.35,0,0,0,1,0,0,0,0,0,0
1120.3,21.0,6.33,286.7380000000001,0.43,10.8,1.6,8.62,1,0,0,0,0,0,0,0,0,1
906.4,17.7,6.46,177.66,9.18,6.4,7.11,8.55,1,0,0,0,0,0,0,1,0,0
950.0,24.3,8.03,143.82,6.19,6.6,15.42,6.8,0,0,1,0,1,0,0,0,0,1
1010.2,30.1,6.53,65.7,1.4,8.6,1.85,8.55,0,0,1,0,0,1,0,0,0,0
1143.5,22.9,7.42,209.9,2.99,8.2,4.78,6.35,1,0,0,0,1,0,0,0,0,0
1051.2,24.3,5.36,37.8,5.58,7.5,2.32,7.45,0,0,0,0,0,0,0,0,1,0
658.1,21.6,8.2,200.3,3.9239999999999995,8.4,9.64,6.54,0,0,1,0,0,0,0,1,0,1
1220.0,25.8,6.03,234.2,6.3,8.3,4.43,7.87,0,1,0,0,0,0,0,0,0,1
589.0,23.8,5.01,193.2,1.65,8.0,4.183999999999999,7.01,0,0,0,0,1,0,0,0,0,1
712.2,23.8,5.81,78.0,5.96,5.5,7.51,8.75,1,0,0,0,0,0,0,0,0,0
639.6,27.9,7.31,103.5,4.81,9.0,5.72,7.52,0,0,0,0,0,0,0,1,0,1
1133.9,23.0,6.21,186.1,6.72,7.8,3.87,8.58,0,0,0,0,0,0,0,1,0,1
562.0,27.8,6.38,111.4,6.6,8.5,1.64,10.43,0,0,0,1,0,1,0,0,0,1
827.6,27.6,5.09,94.7,8.38,4.0,3.9,6.6,0,1,0,0,1,0,0,0,0,1
385.0,31.2,5.69,103.0,6.26,8.6,6.88,6.81,1,0,0,0,1,0,0,0,0,1
1014.9,32.1,6.61,153.1,8.5,6.8,4.19,8.11,0,0,0,0,0,0,0,0,1,1
612.8,18.7,7.24,101.6,8.31,6.1,0.46,8.44,0,0,0,1,0,0,1,0,0,0
657.3,23.3,6.99,198.3,4.5,9.2,5.72,8.53,0,0,0,1,0,0,1,0,0,0
1085.3,25.580000000000002,6.88,35.6,2.45,8.3,5.89,8.49,0,0,1,0,0,0,1,0,0,1
689.9,19.8,4.59,112.8,5.96,8.6,1.23,6.43,0,0,0,0,0,0,0,0,0,0
988.3,24.5,4.74,234.6,2.99,7.7,3.3,6.76,0,0,1,0,0,0,0,1,0,1
1093.2,24.1,6.59,18.4,4.05,9.2,1.14,8.71,0,0,1,0,0,0,1,0,0,1
1122.1,25.0,7.01,173.3,0.95,9.0,4.27,7.98,0,0,0,1,0,0,0,1,0,0
1015.1,23.9,6.38,209.4,1.28,5.4,3.86,11.578600000000005,0,0,0,1,0,1,0,0,0,1
629.2,22.1,6.09,211.2,2.04,6.8,7.82,7.52,0,1,0,0,0,0,0,1,0,0
1012.6,32.6,6.87,57.8,6.29,7.8,1.59,10.04,0,0,0,0,0,1,0,0,0,1
617.0,30.6,6.18,42.9,10.09,10.0,2.61,7.06,0,1,0,0,0,0,0,0,0,1
690.6,25.0,8.02,159.3,3.1,6.5,2.09,6.41,0,1,0,0,0,0,0,0,0,0
929.1,17.5,6.9719999999999995,175.9,5.35,7.7,8.67,8.74,0,0,0,0,0,0,1,0,0,0
1185.9,25.2,5.41,150.4,7.1,8.0,3.14,7.53,0,0,0,0,0,0,0,0,1,0
1045.2,33.3,6.55,152.3,3.12,4.5,1.79,6.63,0,0,1,0,0,0,0,1,0,1
1147.5,27.7,5.79,113.69999999999997,9.49,7.5,5.71,7.26,0,1,0,0,1,0,0,0,0,1
739.6,28.6,7.08,191.8,5.39,6.5,0.91,8.74,0,0,1,0,0,0,1,0,0,1
749.8,23.5,6.49,212.3,4.906000000000001,5.6,10.32,10.26,1,0,0,0,0,0,1,0,0,1
1338.6,24.5,6.19,180.7,6.1,7.0,3.81,10.24,0,0,1,0,0,1,0,0,0,0
907.8,22.96,6.29,236.6,4.47,6.5,4.9,9.36,0,0,0,1,0,0,1,0,0,1
710.0,20.5,5.78,107.8,1.45,8.0,5.68,7.31,0,0,0,0,0,0,0,0,0,0
858.6,22.3,5.53,9.2,4.52,7.4,2.45,6.98,0,0,0,0,0,0,0,0,1,0
530.1,29.7,6.56,157.5,6.15,8.1,1.24,9.69,0,0,0,0,0,1,0,0,0,0
1008.8,13.3,6.66,110.0,5.3,8.6,5.51,7.72,1,0,0,0,0,0,0,0,0,0
1099.2,19.3,7.11,185.4,7.82,6.0,3.12,10.84,1,0,0,0,0,1,0,0,0,0
833.7,26.0,6.08,16.0,5.67,8.7,2.25,8.51,0,0,0,0,0,0,1,0,0,1
1424.4,16.1,5.96,81.1,7.64,6.3,4.54,6.76,0,1,0,0,1,0,0,0,0,1
589.3,27.7,7.28,183.4,2.628,6.5,5.23,8.37,0,0,0,1,0,0,0,0,1,0
649.7,27.2,6.47,118.6,7.87,6.2,28.908999999999867,9.88,1,0,0,0,0,0,1,0,0,0
397.1,29.7,5.95,262.2,3.75,6.2,3.74,8.22,0,0,0,1,0,0,0,0,1,1
443.5,20.8,8.05,220.0,3.18,7.3,3.51,6.05,0,0,0,0,0,0,0,1,0,0
1039.2,17.8,6.29,139.6,5.53,6.5,6.88,7.71,0,0,0,0,0,0,0,0,1,0
834.76,24.2,6.55,131.6,1.3,6.6,3.16,9.37,0,0,0,1,0,0,1,0,0,0
920.6,24.4,7.62,213.5,0.29,10.5,28.908999999999867,7.22,0,0,0,1,0,0,0,1,0,0
758.2,24.5,8.11,155.6,1.14,6.5,4.3,8.31,0,0,0,0,0,0,1,0,0,0
812.1,12.6,7.27,150.8,3.6020000000000003,9.2,2.74,7.79,0,0,0,1,0,0,0,0,1,0
652.7,23.5,6.71,154.3,6.87,4.0,19.86,8.11,0,0,0,0,0,0,1,0,0,0
1028.4,22.0,6.74,139.3,0.85,7.9,6.95,7.51,0,0,0,0,0,0,0,1,0,0
750.0,31.1,5.88,111.1,3.83,8.9,4.73,7.54,0,0,0,1,0,0,0,0,0,0
355.4,23.9,7.01,157.2,4.4,6.0,1.82,6.99,0,0,0,0,0,0,0,0,0,1
1183.3,24.0,6.66,219.1,4.52,8.8,1.81,10.36,0,0,0,1,0,0,1,0,0,1
775.24,27.1,4.91,13.2,3.99,4.9,18.06,10.28,1,0,0,0,0,1,0,0,0,1
525.1,13.6,6.11,37.7,9.35,11.0,6.74,7.91,0,0,0,1,0,0,1,0,0,0
765.8,23.2,6.340000000000001,146.92000000000002,3.99,8.7,3.81,8.07,0,1,0,0,0,0,0,1,0,0
1081.3,22.0,6.21,186.6,3.43,8.2,0.42,6.69,0,0,0,0,1,0,0,0,0,0
446.5,27.0,5.17,76.1,5.91,6.9,9.87,6.91,0,0,0,0,0,0,0,1,0,0
983.9,26.979999999999997,5.44,195.9,10.21,4.0,2.58,5.2514,0,0,1,0,1,0,0,0,0,0
945.2,31.3,5.24,130.7,7.54,5.0,10.57,9.18,0,0,0,1,0,1,0,0,0,0
821.7,27.2,5.15,206.3,0.53,8.6,4.65,9.69,0,1,0,0,0,0,1,0,0,1
1037.6,24.2,6.98,170.96,6.88,6.1,0.57,8.12,0,0,0,0,0,0,1,0,0,0
999.0,29.1,7.24,163.6,4.56,9.9,0.46,9.87,1,0,0,0,0,0,1,0,0,1
885.0,25.1,6.44,95.9,6.91,4.8,2.58,9.1,0,0,0,1,0,0,1,0,0,0
411.7,24.7,6.27,166.7,1.84,7.2,15.91,7.69,0,0,0,1,0,0,0,1,0,0
981.3,28.6,6.97,204.6,2.61,8.000000000000002,3.124,8.35,0,0,0,1,0,0,0,0,1,0
1081.6,17.2,7.1,49.7,5.48,6.6,2.01,10.1,1,0,0,0,0,1,0,0,0,0
681.1,30.0,6.51,185.0,5.46,5.5,2.27,6.87,0,1,0,0,1,0,0,0,0,1
1318.7,21.340000000000003,5.85,118.1,3.83,7.7,1.26,6.59,0,0,1,0,0,0,0,1,0,1
782.5,31.8,5.42,188.7,2.97,4.8,7.95,10.22,0,0,0,0,0,1,0,0,0,1
1036.1,19.2,5.58,110.2,4.44,5.4,3.56,7.38,0,1,0,0,0,0,0,1,0,1
1024.06,22.2,6.75,148.2,0.0,6.0,2.77,10.15,0,0,0,0,0,1,0,0,0,0
864.7,19.1,7.1,130.4,3.188,9.5,5.586,8.01,0,0,1,0,0,0,0,0,0,1
548.4,17.7,5.37,161.7,5.02,8.2,2.98,10.3,0,0,1,0,0,1,0,0,0,1
1126.8,30.7,6.79,189.6,5.33,5.4,2.55,6.95,0,1,0,0,0,0,0,1,0,0
1026.4,21.2,7.5,138.3,5.57,6.8,0.69,6.58,0,0,1,0,0,0,0,1,0,0
846.7,26.5,6.98,149.5,5.7,6.4,7.94,7.86,0,0,0,0,0,0,0,1,0,1
1055.4,18.9,6.34,80.7,3.56,8.0,12.7,11.36,1,0,0,0,0,1,0,0,0,1
771.1,28.8,7.29,222.3,3.7340000000000004,10.0,2.502,9.14,0,0,0,0,0,0,1,0,0,1
1067.7,24.5,6.7,251.3,6.58,4.3,2.29,7.22,0,0,1,0,0,0,0,0,0,1
976.6,13.5,7.22,208.4,4.534,5.1,1.04,7.35,0,1,0,0,0,0,0,1,0,0
1148.2,17.9,6.7,157.35999999999999,3.23,5.7,1.85,9.52,1,0,0,0,0,0,1,0,0,1
895.3,23.8,6.954000000000001,178.7,7.68,6.7,8.57,6.19,0,0,1,0,1,0,0,0,0,0
1091.5,24.1,7.25,155.0,4.73,8.1,1.84,8.79,0,0,0,1,0,0,0,0,0,1
960.0,32.5,7.39,172.4,2.89,7.4,6.67,6.88,0,0,0,0,0,0,0,1,0,0
1025.2,26.6,5.77,143.6,4.07,5.3,7.83,9.43,0,1,0,0,0,0,1,0,0,1
1220.6,13.6,5.15,104.9,3.6,10.3,2.12,9.41,1,0,0,0,0,0,1,0,0,1
1064.5,24.7,6.95,151.5,4.13,7.5,1.66,10.72,0,0,1,0,0,1,0,0,0,1
856.6,30.5,7.12,83.1,2.1,8.1,5.01,6.82,0,0,0,0,1,0,0,0,0,1
1324.5,18.9,8.37,127.3,4.01,8.9,3.54,6.76,1,0,0,0,0,0,0,1,0,0
862.6,21.8,7.15,134.8,0.68,9.7,3.16,7.1,0,0,1,0,0,0,0,1,0,0
1151.3,14.7,5.78,44.7,10.07,6.1,7.16,9.78,0,0,0,0,0,1,0,0,0,1
629.8,28.7,7.21,106.31999999999998,2.78,8.7,14.16,7.81,0,1,0,0,0,0,0,0,0,1
857.04,27.4,7.09,148.3,5.12,10.4,3.1420000000000003,8.17,0,0,0,0,0,0,0,0,0,1
1178.4,26.6,6.83,170.2,0.31,6.7,4.45,8.17,0,0,0,0,0,0,0,1,0,1
1292.8,21.9,6.64,259.0,2.03,6.7,4.35,10.0,1,0,0,0,0,0,0,0,1,1
672.7,26.7,6.87,138.3,3.44,4.0,1.81,7.14,0,0,0,0,0,0,0,0,1,0
1349.0,20.5,7.26,134.3,4.05,8.0,3.84,7.86,0,1,0,0,0,0,0,0,1,0
960.2,19.9,6.15,216.7,5.06,6.3,9.4,7.67,0,0,0,0,0,0,0,0,0,0
949.6,25.7,8.06,100.4,1.39,6.9,7.42,8.06,0,0,0,1,0,0,0,0,1,1
781.72,22.1,7.6,174.04000000000002,7.77,7.4,1.34,5.2514,0,0,1,0,1,0,0,0,0,0
1265.2,19.1,6.66,183.4,9.9,6.0,2.508,8.73,0,0,0,1,0,0,0,0,0,1
687.3,16.2,5.51,139.8,6.34,8.8,4.93,9.96,0,0,0,0,0,1,0,0,0,1
1245.9,25.9,7.52,84.8,4.57,6.8,5.78,7.58,0,0,0,1,0,0,0,0,1,1
1030.0,30.4,6.84,148.3,5.73,9.2,3.71,10.81,0,0,0,1,0,1,0,0,0,0
822.3,20.5,6.68,72.6,4.93,5.1,0.85,8.23,1,0,0,0,0,0,0,0,1,1
1173.8,24.8,7.36,150.4,2.32,5.7,9.99,8.21,0,1,0,0,0,0,0,0,1,1
652.4,12.4,7.39,42.4,7.6,8.7,3.36,5.81,0,0,0,1,1,0,0,0,0,0
692.5,21.0,6.3,7.624000000000001,5.56,9.9,2.04,6.74,0,0,0,1,0,0,0,1,0,0
892.4,28.2,8.27,38.0,8.01,6.7,1.79,6.94,0,0,1,0,0,0,1,0,0,1
705.3,27.6,6.09,180.6,1.59,6.8,2.07,7.33,1,0,0,0,1,0,0,0,0,1
1381.6,32.9,7.36,283.2,6.21,7.7,6.44,6.67,0,0,1,0,0,0,0,0,1,0
597.9,28.5,5.44,111.8,10.857599999999984,8.8,1.8,6.72,0,0,1,0,0,0,0,0,1,0
1019.1000000000001,19.5,6.04,109.8,1.0,5.8,1.34,8.2,1,0,0,0,0,0,0,0,0,1
1141.4,23.1,6.67,107.2,6.58,7.7,1.85,7.74,0,1,0,0,0,0,0,1,0,1
1008.7,17.1,7.11,258.0,4.87,9.6,4.24,6.42,0,0,0,0,1,0,0,0,0,0
811.3,22.4,7.44,151.0,7.6,7.6,9.07,7.71,0,0,0,1,0,0,0,0,0,0
733.2,18.4,6.67,116.1,5.34,7.6,5.62,8.21,1,0,0,0,0,0,0,0,0,1
1070.7,20.7,7.52,54.4,8.57,4.8,6.31,8.29,0,0,1,0,0,1,0,0,0,0
872.7,34.4,5.14,67.0,5.37,7.24,5.87,5.83,0,1,0,0,1,0,0,0,0,1
1270.5,17.2,6.23,89.7,6.61,9.3,15.12,6.42,0,0,0,0,1,0,0,0,0,0
1184.9,20.1,6.51,144.9,6.92,7.6,1.74,7.29,1,0,0,0,0,0,0,1,0,0
928.8,14.5,6.08,156.0,7.28,6.9,3.44,11.578600000000005,1,0,0,0,0,1,0,0,0,1
890.7,17.3,8.42,177.1,2.51,6.5,1.17,5.2514,0,0,1,0,0,0,0,1,0,0
683.1,21.2,6.59,117.1,3.0,7.7,7.88,8.41,0,1,0,0,0,0,0,1,0,1
890.7,29.7,6.646000000000001,132.6,2.76,6.8,1.54,8.97,1,0,0,0,0,0,0,0,0,0
598.0,27.4,5.65,135.38000000000002,1.1,8.3,3.2,9.59,0,0,1,0,0,1,0,0,0,0
1298.4,19.7,6.05,168.86,5.12,6.8,11.02,8.42,0,0,0,0,0,0,0,0,1,1
922.4799999999999,25.2,6.07,182.3,2.21,10.8,18.24,8.36,0,0,0,1,0,0,0,1,0,1
589.3,32.2,6.68,82.8,4.23,6.720000000000001,1.04,10.52,1,0,0,0,0,1,0,0,0,0
1147.0,28.1,5.11,36.0,3.99,5.6,8.3,7.04,1,0,0,0,1,0,0,0,0,0
920.3,24.6,4.59,215.6,5.21,9.0,3.502,5.2514,0,0,0,0,1,0,0,0,0,0
675.8,17.2,6.53,184.3,6.26,8.1,3.34,9.07,0,0,0,0,0,0,1,0,0,1
923.7,23.8,5.4,182.7,6.66,7.6,7.82,8.06,0,0,1,0,0,0,0,0,0,0
712.8,15.0,7.03,246.4,3.96,5.3,7.79,5.93,0,0,0,0,1,0,0,0,0,0
766.3,27.2,6.56,173.7,5.62,6.8,4.67,9.42,1,0,0,0,0,0,0,0,0,0
1367.4,25.2,6.81,130.1,5.07,7.5,3.2,9.12,0,1,0,0,0,0,1,0,0,0
855.9,21.6,6.93,282.5,6.95,7.7,5.67,9.61,0,1,0,0,0,0,1,0,0,1
1054.9,29.3,7.35,60.9,8.13,7.5,7.7,7.78,0,0,1,0,0,0,1,0,0,0
890.1,15.6,7.42,119.1,7.28,9.2,0.89,7.43,0,0,0,0,0,0,0,0,1,0
1090.4,24.0,6.7459999999999996,237.8,0.36,8.7,3.36,10.53,0,0,0,0,0,1,0,0,0,0
991.7,25.48,7.07,77.4,0.63,7.2,4.14,8.45,0,1,0,0,0,0,0,0,1,1
1088.9,30.2,6.37,195.6,4.26,6.2,12.93,8.66,1,0,0,0,0,0,0,1,0,1
717.9,27.9,7.59,137.7,5.99,7.6,2.26,7.2,1,0,0,0,0,0,0,1,0,0
811.2,26.5,5.5,152.5,8.76,7.8,2.45,7.72,0,0,0,0,0,0,0,0,1,1
1488.4299999999998,25.3,6.8,71.9,4.61,4.6,5.44,6.95,1,0,0,0,0,0,0,1,0,0
1016.9,18.3,6.25,133.7,5.81,6.7,10.87,7.14,0,0,0,0,0,0,0,1,0,0
1118.7,30.4,7.17,231.2,3.49,7.9,2.37,9.88,1,0,0,0,0,0,1,0,0,0
400.9,25.9,5.18,266.7,2.6,7.5,9.5,9.68,0,0,0,1,0,1,0,0,0,0
1197.0,25.3,6.8,252.2,4.07,4.9,1.15,8.08,0,0,0,1,0,0,0,0,0,1
1081.5,18.8,6.53,286.7380000000001,5.3020000000000005,6.9,6.01,11.578600000000005,1,0,0,0,0,1,0,0,0,1
975.7,27.3,5.76,217.8,6.45,8.3,4.41,8.2,0,0,0,1,0,0,0,0,0,1
973.6,31.2,7.2,124.4,6.1,9.5,1.04,7.35,0,0,1,0,0,0,0,1,0,1
1006.8,22.8,6.79,130.0,5.15,6.2,15.14,6.69,0,0,1,0,0,0,0,1,0,0
997.9799999999999,31.3,6.58,185.4,0.43,6.0,1.78,7.01,0,0,0,1,0,0,0,1,0,0
1072.6,23.5,6.44,203.3,5.11,4.5,1.0,8.04,0,0,1,0,0,0,0,1,0,1
960.8,22.9,5.24,109.5,6.64,8.3,9.8,8.39,0,0,0,0,0,0,0,0,1,1
655.2,34.8,6.24,271.4,8.96,7.9,2.47,5.5,0,0,0,1,1,0,0,0,0,1
1260.7,21.7,6.21,203.2,4.688,5.3,3.92,8.0,0,0,1,0,0,0,0,0,0,1
1356.1,30.2,7.03,103.9,8.49,7.9,0.88,6.27,0,1,0,0,1,0,0,0,0,0
846.0,28.0,7.85,152.1,10.61,5.9,1.29,6.83,0,0,1,0,0,0,0,0,1,0
1064.0,26.9,6.01,205.7,4.16,7.6,3.82,9.04,0,0,0,0,0,0,1,0,0,0
633.7,24.1,7.35,173.6,4.13,7.9,1.85,8.15,0,0,1,0,0,0,0,1,0,1
951.9,28.6,5.81,166.7,2.93,6.9,3.04,6.41,0,0,1,0,1,0,0,0,0,0
1310.2,20.7,6.96,219.4,4.81,9.4,2.62,9.85,1,0,0,0,0,0,0,0,1,1
1346.5,19.5,7.27,160.4,5.59,4.1,7.02,7.73,0,0,0,0,0,0,0,0,1,1
512.2,21.7,6.23,181.6,1.61,10.0,7.46,7.63,0,0,0,1,1,0,0,0,0,1
1063.2,27.1,6.43,160.94,5.28,6.3,3.3839999999999995,7.2,0,1,0,0,0,0,0,0,0,0
544.9,29.3,5.88,189.8,2.32,5.8,3.46,7.87,0,0,0,0,0,0,0,0,1,1
1008.2,29.2,7.52,172.0,2.576,7.2,11.06,7.62,0,1,0,0,0,0,0,1,0,1
919.4,25.22,5.67,131.4,9.73,6.9,3.64,8.54,0,0,0,1,0,0,0,0,1,1
1251.0,23.28,6.53,174.7,6.34,4.9,7.2,5.76,0,0,1,0,1,0,0,0,0,0
1033.5,22.6,5.45,21.8,7.1,9.2,3.96,9.11,0,0,0,1,0,0,1,0,0,1
1089.0,27.8,6.91,82.7,4.58,8.2,10.22,11.578600000000005,1,0,0,0,0,1,0,0,0,1
638.6,28.5,7.74,187.3,5.15,9.1,2.03,7.02,0,0,0,0,0,0,0,1,0,1
985.9,19.3,5.52,176.2,8.03,6.1,3.51,9.56,0,0,1,0,0,1,0,0,0,0
1103.3,23.8,7.61,188.5,5.33,8.9,0.86,9.35,0,1,0,0,0,0,1,0,0,0
806.8,22.0,6.6,106.6,4.24,6.9,6.114000000000001,8.32,0,0,0,0,0,0,0,1,0,1
953.7,31.9,7.33,151.6,6.208,6.4,2.85,5.85,0,0,1,0,1,0,0,0,0,0
878.4,24.5,7.43,158.3,4.09,6.4,8.284,10.8,0,0,0,0,0,1,0,0,0,1
764.2,18.5,6.43,165.6,5.0,4.4,2.37,11.06,0,1,0,0,0,1,0,0,0,1
606.6,26.9,7.18,205.4,2.62,9.6,3.36,7.51,0,0,1,0,0,0,0,1,0,1
910.6200000000001,35.9,6.97,149.6,3.21,6.7,1.96,5.2514,0,0,1,0,0,0,0,0,0,0
817.6,14.1,6.85,54.0,9.84,11.0,2.1479999999999997,6.01,0,0,1,0,0,0,0,0,1,0
330.164,28.3,6.05,100.7,6.2,8.2,3.57,6.68,0,0,0,1,0,0,0,1,0,1
1023.6,24.4,6.74,99.7,6.82,6.6,11.01,6.06,0,0,1,0,1,0,0,0,0,0
841.5,16.8,5.73,91.0,0.54,7.1,2.87,7.09,1,0,0,0,1,0,0,0,0,1
652.6,19.4,7.52,110.0,2.35,7.5,3.17,7.63,0,0,0,0,0,0,0,0,0,0
580.2,17.0,6.0,177.4,6.49,5.9,10.5,9.26,0,0,0,0,0,0,1,0,0,1
480.2,22.2,8.08,200.4,3.63,6.8,1.78,6.59,0,0,1,0,0,0,0,0,1,0
1105.2,24.9,5.12,112.6,6.03,6.2,1.87,9.94,0,0,0,1,0,1,0,0,0,0
904.2,23.5,6.57,182.2,1.25,4.8,0.76,10.11,0,0,1,0,0,1,0,0,0,1
1079.4,25.7,6.77,129.9,4.18,6.8,5.35,8.61,0,1,0,0,0,0,0,1,0,1
1132.406,20.0,6.47,144.8,5.61,9.0,2.65,9.71,1,0,0,0,0,0,1,0,0,1
1256.4,18.5,6.34,209.2,0.0,10.3,1.96,7.35,0,1,0,0,1,0,0,0,0,1
669.4,24.0,7.17,48.4,8.94,8.4,7.37,6.15,0,0,0,1,1,0,0,0,0,0
1101.5,29.0,5.69,181.2,4.6160000000000005,8.7,6.65,10.89,0,0,0,1,0,1,0,0,0,1
708.7,23.3,4.59,234.5,2.79,6.4,5.14,8.73,0,0,0,1,0,0,1,0,0,1
1377.3,25.2,6.74,261.7,9.48,5.1,1.62,7.72,0,0,0,1,0,0,0,1,0,0
993.9,23.9,6.71,155.8,3.022,6.3,3.99,10.38,0,0,1,0,0,1,0,0,0,1
884.8,24.9,5.87,161.0,2.38,6.1,0.42,6.43,0,0,0,0,1,0,0,0,0,1
882.1,24.3,6.72,214.8,0.66,8.1,0.48,7.52,1,0,0,0,0,0,0,0,0,0
698.6,26.8,5.67,158.6,0.74,6.2,1.93,8.32,0,0,0,0,0,0,1,0,0,0
837.1,35.9,6.8,197.3,4.94,4.8,2.42,5.2514,0,0,1,0,1,0,0,0,0,0
1066.0,23.3,7.09,174.8,7.03,5.8,2.4,8.31,0,0,1,0,0,0,0,0,0,1
330.164,21.3,7.19,183.4,3.53,9.5,1.28,6.88,0,0,1,0,0,0,0,1,0,1
1271.2,22.0,7.24,176.0,6.48,5.5,12.94,7.91,0,0,0,0,0,0,0,1,0,1
891.9,23.6,5.96,202.8,4.76,6.3,3.87,6.91,0,0,0,1,1,0,0,0,0,1
997.6,21.9,6.52,73.8,6.43,7.2,7.58,9.13,0,0,1,0,0,0,1,0,0,0
1229.2,20.2,5.88,190.4,9.93,8.3,3.53,7.06,1,0,0,0,1,0,0,0,0,0
757.3,18.7,6.39,45.8,6.68,6.5,4.73,8.55,0,0,1,0,0,0,1,0,0,1
892.8,14.6,6.33,165.3,4.63,5.2,3.81,8.36,0,0,0,0,0,0,0,0,0,1
1113.2,31.3,6.9,112.3,0.48,8.9,5.51,6.34,0,0,1,0,0,0,0,1,0,0
1266.6,24.3,5.92,33.2,2.2,7.4,5.3759999999999994,5.96,0,0,1,0,1,0,0,0,0,0
1168.7,27.7,6.5,49.7,8.03,7.2,5.39,7.4,0,0,0,0,0,0,0,0,0,0
891.9,16.8,6.47,141.4,7.1,6.3,5.87,8.74,0,0,1,0,0,0,1,0,0,1
809.2,25.2,5.79,124.3,8.0,7.2,11.48,8.51,1,0,0,0,0,0,0,1,0,1
1172.1,23.4,5.9,220.4,6.95,8.2,2.97,9.22,0,0,0,0,0,0,0,0,1,1
1195.1,30.8,6.28,203.0,4.59,7.3,2.05,8.92,0,0,0,0,0,1,0,0,0,0
696.1,23.2,7.03,124.6,3.67,6.9,1.5,8.11,0,1,0,0,0,0,0,0,1,0
887.3,15.8,6.773999999999999,175.4,2.94,9.8,6.12,8.33,0,0,0,1,0,0,0,0,0,1
698.0,31.7,5.39,133.0,2.29,6.1,2.32,9.93,0,0,0,0,0,1,0,0,0,1
535.4,22.3,6.39,147.4,2.82,7.1,2.24,7.94,0,0,0,0,0,0,0,0,0,0
1061.5,33.1,6.837999999999999,190.6,5.01,7.7,2.572,7.62,0,0,0,0,0,0,0,0,0,1
724.5,26.8,4.97,135.5,6.54,9.6,5.72,8.67,0,0,0,0,0,0,1,0,0,0
901.3,14.5,7.55,147.6,6.49,4.4,7.33,8.05,0,0,0,0,0,0,0,0,1,1
912.1,23.5,6.85,161.2,5.99,8.1,3.58,8.23,0,1,0,0,0,0,0,0,1,1
1112.3,25.6,5.41,191.0,5.74,8.7,4.67,8.33,0,0,0,0,0,0,0,0,0,1
945.0,26.3,6.53,176.9,0.3,9.0,2.66,9.66,0,1,0,0,0,0,1,0,0,0
1398.2,33.9,5.8,55.9,8.09,10.3,5.46,6.2,0,0,0,1,0,0,0,1,0,0
691.1,23.5,6.81,286.7380000000001,6.37,10.8,8.24,7.09,0,0,0,1,0,0,0,1,0,0
882.5,19.3,6.64,205.4,5.11,7.9,3.87,8.22,0,0,1,0,0,0,0,0,1,1
1216.7,19.4,6.26,128.7,5.65,6.4,2.35,9.69,0,0,0,1,0,0,1,0,0,1
915.1,20.3,6.65,194.5,5.369999999999999,7.6,8.57,7.97,1,0,0,0,1,0,0,0,0,0
604.2,22.7,6.2,165.2,2.88,7.1,1.51,10.86,0,0,0,0,0,1,0,0,0,1
965.5200000000001,25.3,6.82,192.0,0.0,7.5,3.71,8.5,0,0,0,0,0,0,0,1,0,1
987.9,26.7,6.03,208.4,7.41,7.0,8.36,7.54,0,0,0,1,0,0,0,0,0,0
759.7,23.6,6.75,212.3,5.49,8.0,6.94,8.77,0,0,0,1,0,0,0,0,0,1
970.5,25.32,6.89,229.9,6.1,8.5,0.51,6.33,0,1,0,0,1,0,0,0,0,1
848.8,23.6,8.08,180.6,4.76,8.8,1.38,8.91,0,0,0,0,0,0,1,0,0,1
1001.8,28.0,6.89,194.5,4.37,8.5,2.56,8.21,0,0,0,1,0,0,0,0,1,1
960.2,20.7,5.07,36.0,6.4,6.9,1.53,6.94,0,0,1,0,0,0,0,1,0,1
946.4,18.8,6.6,147.6,3.06,8.3,0.92,8.85,1,0,0,0,0,0,0,1,0,0
687.8,24.5,7.093999999999999,172.8,6.73,7.0,2.81,5.85,0,0,1,0,0,0,0,0,0,0
1385.5,21.2,6.85,105.9,6.18,9.2,6.11,10.5,0,0,1,0,0,1,0,0,0,1
491.3,21.7,6.46,175.6,5.58,5.9,3.23,7.67,1,0,0,0,1,0,0,0,0,1
591.2,30.6,6.07,90.6,7.25,5.7,2.36,8.58,1,0,0,0,0,0,0,0,1,1
855.3,19.2,6.15,180.0,7.87,4.8,3.51,7.3,0,0,0,1,0,0,0,0,0,0
1015.0799999999999,29.6,6.8,134.42000000000002,6.13,6.3,1.71,7.83,1,0,0,0,1,0,0,0,0,1
1392.7,20.6,7.36,132.9,10.857599999999984,7.9,2.34,7.44,0,0,0,1,0,0,0,0,0,0
623.4,19.3,5.95,71.7,4.94,10.4,0.85,7.56,0,1,0,0,0,0,0,0,1,0
1028.3,29.0,6.69,114.8,2.84,10.3,4.58,7.41,0,0,0,0,0,0,0,0,0,0
958.8,25.0,6.09,188.9,3.28,4.9,13.5,6.43,0,0,0,1,1,0,0,0,0,0
1108.0,25.5,6.45,84.2,3.87,6.9,4.72,8.54,1,0,0,0,0,0,0,0,0,1
899.8,28.1,6.7,60.2,3.36,6.4,3.17,8.37,0,0,1,0,0,0,1,0,0,0
1015.4,31.0,6.86,169.9,5.18,8.8,2.59,8.35,1,0,0,0,0,0,0,0,1,0
961.2,25.9,4.71,256.8,10.6,8.8,8.56,5.2514,0,0,0,1,1,0,0,0,0,0
1010.5,30.5,5.76,85.6,3.51,6.1,28.908999999999867,10.72,0,0,0,1,0,1,0,0,0,1
796.1,28.4,7.13,99.7,9.21,7.1,25.42,11.23,1,0,0,0,0,1,0,0,0,1
1120.2,21.9,6.49,193.0,4.81,8.9,4.872000000000001,8.02,0,1,0,0,0,0,0,0,1,1
835.0,34.7,7.18,143.02,3.53,6.8,0.42,5.57,0,0,0,1,1,0,0,0,0,0
1256.4,22.9,6.16,144.0,2.24,9.5,3.17,9.23,0,0,0,0,0,0,0,1,0,1
1125.0,28.3,6.15,135.9,9.12,7.3,1.73,10.31,0,0,1,0,0,1,0,0,0,0
786.6,18.7,6.43,103.1,2.06,8.4,4.5,7.76,0,0,0,1,0,0,0,0,0,1
813.1,24.9,6.74,178.3,4.01,8.2,7.24,8.96,0,0,0,1,0,0,1,0,0,0
1166.9,21.3,6.06,89.3,4.91,6.4,12.74,8.2,1,0,0,0,0,0,0,0,0,0
1278.0,21.1,6.95,208.0,4.76,7.5,1.59,11.578600000000005,0,1,0,0,0,1,0,0,0,1
1438.6,27.9,6.47,197.8,2.03,5.9,3.07,9.5,1,0,0,0,0,0,1,0,0,1
1115.0,19.7,5.15,28.6,4.06,7.4,4.34,8.31,1,0,0,0,0,0,1,0,0,0
828.2,28.0,7.63,216.6,3.07,7.3,6.11,10.16,0,0,0,0,0,1,0,0,0,1
774.7,18.4,7.46,229.3,6.44,9.1,3.02,7.23,0,0,0,0,0,0,0,0,0,0
746.4,19.1,8.42,81.9,5.95,7.8,4.13,5.44,0,0,0,0,0,0,0,0,0,0
982.1,24.580000000000002,7.18,162.50760000000002,4.78,7.9,0.64,7.97,0,0,1,0,0,0,0,0,1,1
1015.5,18.7,6.5,204.3,4.25,7.0,15.86,9.29,0,0,0,0,0,1,0,0,0,0
1155.7,23.9,6.85,238.1,3.57,6.5,2.78,8.92,0,1,0,0,0,0,0,0,1,1
1354.0,26.3,4.81,207.8,2.96,8.1,7.26,11.04,0,0,0,1,0,1,0,0,0,1
994.2,28.5,7.61,178.8,1.91,7.3,4.72,8.89,0,0,0,0,0,0,1,0,0,1
894.4,30.3,7.8,160.8,3.4,8.0,0.7,9.36,0,1,0,0,0,1,0,0,0,0
1009.4,19.2,6.41,171.4,2.53,10.4,2.8,8.28,0,0,0,0,0,0,0,1,0,1
330.164,26.7,5.33,173.2,4.79,5.8,1.85,6.85,0,0,1,0,0,0,0,0,1,1
864.2,28.8,5.84,8.7,2.86,7.6,0.92,7.8,1,0,0,0,0,0,0,0,1,1
643.1,21.0,7.42,159.5,7.39,7.0,6.48,6.35,0,0,0,0,1,0,0,0,0,0
1193.7,20.7,7.2,91.7,1.8,8.2,6.11,7.61,0,1,0,0,0,0,0,1,0,0
1011.0,21.6,8.41,55.7,10.15,6.6,5.24,6.24,0,1,0,0,1,0,0,0,0,1
1064.3,27.1,6.7,134.6,5.7,5.3,4.12,9.8,0,0,0,1,0,0,1,0,0,1
1031.2,20.5,8.08,144.8,0.64,6.8,1.15,8.83,1,0,0,0,0,0,1,0,0,0
1107.2,28.6,5.76,140.4,7.4,6.4,3.5140000000000002,6.88,0,0,1,0,0,0,0,1,0,0
672.1,26.5,5.46,181.4,4.65,6.7,7.33,7.71,0,0,1,0,0,0,0,0,1,1
1067.7,14.6,6.66,135.4,8.27,10.5,9.08,10.88,0,0,1,0,0,1,0,0,0,1
936.9,21.6,8.08,60.5,2.29,7.38,9.84,7.17,0,0,0,1,0,0,0,0,1,0
750.3,30.7,7.51,117.4,5.18,7.9,1.2,9.77,0,0,0,1,0,0,1,0,0,1
1237.0,23.7,7.68,136.7,5.2,9.5,11.05,8.25,1,0,0,0,0,0,0,1,0,1
921.1199999999999,18.4,5.73,115.0,1.02,6.0,2.76,8.16,1,0,0,0,0,0,0,0,0,1
858.0,25.1,6.33,236.6,4.42,6.4,4.1,10.55,1,0,0,0,0,0,1,0,0,1
787.8,34.3,5.94,168.6,6.79,6.5,17.38,9.72,0,1,0,0,0,1,0,0,0,0
811.2,22.4,6.78,52.6,5.91,6.2,2.0,7.63,0,0,0,0,0,0,0,1,0,1
906.3,18.5,6.05,110.9,6.0,7.7,5.12,9.55,0,0,0,0,0,0,0,0,1,1
1105.7,26.2,6.96,165.3,8.23,7.3,2.6,7.76,0,0,1,0,0,0,0,0,0,1
1153.8,30.0,6.28,178.58,3.48,8.5,1.12,11.14,1,0,0,0,0,1,0,0,0,0
683.0,20.9,8.42,167.8,3.99,7.6,4.296,5.68,0,1,0,0,1,0,0,0,0,0
578.4,17.5,7.21,72.4,1.85,8.1,2.19,6.03,0,0,0,1,0,0,0,1,0,0
960.9,15.2,6.96,196.9,6.07,6.2,3.9,9.45,1,0,0,0,0,0,1,0,0,0
1196.7,25.6,7.66,134.8,3.45,8.2,1.52,11.578600000000005,0,0,0,1,0,1,0,0,0,1
848.0,25.5,5.98,67.4,6.82,8.3,5.99,6.5,0,0,1,0,0,0,0,1,0,0
1013.2,23.4,6.41,115.0,6.39,5.8,7.66,8.48,1,0,0,0,0,0,0,0,1,1
873.0,24.5,6.35,132.7,4.16,8.0,2.42,7.52,0,0,0,1,1,0,0,0,0,1
744.8,22.7,6.41,131.9,2.17,10.9,6.85,8.65,0,0,0,0,0,0,0,0,0,1
783.3,19.42,7.04,256.3,6.94,10.6,3.43,10.38,0,0,0,0,0,1,0,0,0,0
732.5,24.139999999999997,6.17,166.9,7.72,8.2,3.07,7.96,0,1,0,0,0,0,0,0,1,1
1164.1,23.4,6.08,257.6,0.26,4.9,3.58,11.1,0,0,1,0,0,1,0,0,0,1
813.5,32.2,6.93,174.8,3.85,5.4,3.08,7.58,0,0,0,1,0,0,0,1,0,1
697.7,19.2,6.43,136.9,7.02,6.9,1.52,7.35,0,0,0,1,0,0,0,1,0,1
1100.7,30.8,6.67,170.42000000000002,7.71,5.3,2.8,9.35,0,0,1,0,0,1,0,0,0,1
1103.0,21.6,5.51,214.5,3.31,8.9,4.96,10.87,1,0,0,0,0,1,0,0,0,0
1488.4299999999998,31.1,5.94,132.1,2.98,9.5,4.6,7.71,1,0,0,0,0,0,0,0,1,0
1246.8,26.9,6.39,240.6,5.65,8.3,2.22,9.1,0,0,1,0,0,0,1,0,0,0
791.6,13.8,6.59,271.1,7.05,8.2,0.9,6.35,1,0,0,0,1,0,0,0,0,0
755.4,24.1,7.13,224.5,4.66,9.7,8.82,10.56,0,0,0,0,0,1,0,0,0,0
700.9,17.4,7.1,147.5,6.28,7.3,1.6,8.81,0,0,0,0,0,0,1,0,0,1
907.5,21.5,7.02,252.7,7.74,9.4,7.78,7.41,1,0,0,0,0,0,0,1,0,1
966.9,21.8,6.6,134.1,6.17,9.7,7.76,7.49,0,1,0,0,1,0,0,0,0,0
888.1,22.5,7.54,148.0,3.85,5.1,1.9,8.54,0,0,0,0,0,0,0,0,1,1
1078.8,22.3,7.11,252.8,9.81,9.7,3.88,8.5,0,0,0,1,0,0,0,1,0,1
648.5,15.0,5.28,181.1,6.55,7.7,4.94,9.89,0,0,0,1,0,1,0,0,0,1
1009.7,20.6,7.11,107.3,2.78,5.7,3.618,6.31,0,0,1,0,1,0,0,0,0,0
664.4,20.8,5.9,231.6,5.0,9.3,1.34,7.43,0,0,1,0,0,0,0,0,1,0
977.3,32.6,5.02,149.2,3.37,8.5,3.75,8.4,0,0,0,0,0,0,1,0,0,1
893.4,22.8,5.27,198.7,3.25,6.2,0.45,5.5,0,0,1,0,1,0,0,0,0,0
896.3,21.0,5.88,159.6,3.76,5.1,1.1,10.9,1,0,0,0,0,1,0,0,0,0
730.0,27.7,8.42,183.2,5.33,8.4,3.05,6.23,1,0,0,0,1,0,0,0,0,0
1131.2,28.8,7.71,196.7,5.18,6.9,3.6779999999999995,7.2,0,0,0,0,0,0,0,1,0,0
1165.0,26.9,5.7,169.4,4.08,6.9,0.97,7.63,0,0,0,1,0,0,0,0,0,1
724.4,17.3,6.79,229.8,9.14,5.8,28.908999999999867,10.79,0,1,0,0,0,1,0,0,0,1
779.8,23.6,7.02,204.2,3.93,5.9,5.7,9.02,1,0,0,0,0,0,0,0,0,1
647.9,28.0,6.39,90.8,7.81,7.5,2.22,6.85,0,0,1,0,0,0,0,1,0,1
931.6,26.3,6.94,51.7,5.51,8.9,1.52,10.23,0,0,0,0,0,1,0,0,0,1
999.7,24.7,5.39,82.5,6.57,9.0,2.47,7.94,1,0,0,0,0,0,0,0,0,0
864.4,22.4,6.06,157.8,4.93,6.2,2.92,9.24,1,0,0,0,0,0,1,0,0,1
767.8,20.3,4.81,243.0,3.69,7.7,3.45,8.08,1,0,0,0,0,0,0,0,0,1
509.5,20.7,5.96,128.2,5.1,5.1,5.19,7.46,0,1,0,0,0,0,0,0,1,0
771.7,21.6,6.32,120.4,5.55,7.6,16.85,8.82,0,0,0,1,0,0,0,0,1,1
659.5,21.1,6.1,109.3,1.7,7.6,5.69,10.03,0,0,0,0,0,1,0,0,0,0
1422.6,24.6,5.33,170.8,5.01,8.4,2.14,6.19,0,0,0,1,0,0,0,1,0,0
1243.7,23.7,5.76,172.6,2.9360000000000004,9.6,6.75,8.58,0,0,0,0,0,0,1,0,0,0
1488.4299999999998,21.2,7.08,113.7,4.53,8.7,4.15,7.27,0,0,0,0,0,0,0,0,1,1
1021.4,28.4,7.02,128.9,4.75,6.5,8.77,8.63,1,0,0,0,0,0,0,1,0,1
1020.7,17.2,6.06,137.5,5.18,9.8,13.25,9.73,0,1,0,0,0,0,1,0,0,1
1178.8,19.5,6.09,224.6,7.7,6.5,2.66,8.39,0,0,0,1,0,0,1,0,0,0
960.3,23.9,6.64,85.8,2.76,7.7,0.97,6.66,0,0,1,0,1,0,0,0,0,0
636.7,19.7,5.65,215.6,5.08,9.6,5.56,7.88,0,0,1,0,0,0,0,0,0,1
362.4,24.4,6.11,65.9,2.95,7.0,9.15,9.21,1,0,0,0,0,0,1,0,0,0
931.7,23.3,7.92,133.6,2.89,8.9,2.6,10.36,0,0,0,1,0,1,0,0,0,1
792.1,27.6,6.73,213.2,3.12,8.8,2.27,7.75,0,0,1,0,0,0,0,0,1,1
653.5,34.7,6.85,278.0,5.68,9.5,2.57,5.2514,0,0,1,0,1,0,0,0,0,0
813.7,25.9,5.34,120.2,0.9,10.8,5.62,7.25,0,0,1,0,0,0,0,0,0,0
775.1,29.8,6.55,116.1,4.16,8.9,1.56,10.19,1,0,0,0,0,0,1,0,0,1
917.8,15.2,6.63,239.5,4.82,8.4,3.57,7.1,0,0,0,0,0,0,0,0,0,0
1063.9,19.9,6.4,139.78,8.71,7.6,1.45,7.8,0,1,0,0,0,0,0,0,0,0
1136.4,26.3,7.54,157.68,0.0,7.1,9.5,11.04,0,0,0,0,0,1,0,0,0,1
1347.5,27.6,6.19,25.6,6.8,6.5,3.46,7.42,0,0,0,0,0,0,1,0,0,1
798.1,16.6,5.58,201.3,9.41,6.9,1.9,10.84,0,1,0,0,0,1,0,0,0,1
703.9,20.4,6.85,204.2,4.22,7.5,8.744,9.93,0,0,1,0,0,1,0,0,0,0
568.2,24.5,5.52,116.5,0.96,8.6,0.63,8.44,1,0,0,0,0,0,0,0,0,1
1189.7,20.1,5.37,130.9,4.97,8.9,4.23,7.55,0,1,0,0,1,0,0,0,0,1
575.2,24.9,7.47,199.7,10.22,4.9,0.94,9.05,0,0,0,0,0,1,0,0,0,0
1150.8,25.7,6.85,158.4,0.81,6.3,0.85,8.85,0,0,0,1,0,0,0,0,1,1
834.1,19.7,6.04,135.9,6.62,5.4,1.12,7.4,0,0,0,0,0,0,0,0,1,0
998.4,21.2,7.02,150.3,7.66,6.1,2.43,8.37,0,1,0,0,0,0,0,0,1,0
878.5,23.1,5.52,122.2,2.97,8.9,2.35,6.67,0,0,0,1,1,0,0,0,0,0
968.7,25.3,5.39,59.3,4.04,8.3,1.85,8.75,0,0,1,0,0,0,1,0,0,1
1004.0,33.5,6.06,251.4,4.96,7.1,5.45,10.6,0,0,0,1,0,1,0,0,0,1
689.8,21.1,5.82,156.1,2.32,10.0,5.85,9.49,0,0,0,1,0,0,1,0,0,1
1053.7,23.1,5.39,147.5,4.15,6.6,1.43,7.24,0,0,1,0,0,0,0,0,0,0
1044.9,30.2,6.35,82.8,8.41,8.6,2.056,7.87,0,0,0,1,0,0,0,1,0,1
878.4,22.4,6.548,217.2,8.61,8.4,8.02,8.44,0,0,1,0,0,0,0,0,1,1
702.1,26.2,6.31,156.4,5.58,8.4,1.39,8.32,0,0,0,0,0,0,0,0,0,1
1314.6,20.5,5.44,251.0,3.4240000000000004,4.6,2.4,9.61,0,0,0,1,0,0,1,0,0,1
1120.3,26.5,6.19,68.8,3.82,8.7,3.93,8.44,0,0,0,1,0,0,1,0,0,0
506.1,29.9,6.88,151.0,4.6,5.9,19.06,9.83,0,1,0,0,0,1,0,0,0,1
809.9,20.1,5.47,85.7,1.27,11.0,26.96,7.3,0,0,1,0,0,0,0,0,0,0
1254.7,27.3,6.29,109.8,5.39,9.0,8.13,7.2,0,0,0,1,0,0,0,0,1,0
718.1,31.3,7.32,150.3,5.8740000000000006,6.4,1.8880000000000003,8.77,0,1,0,0,0,0,0,0,1,1
1286.7,18.3,6.59,124.5,7.93,11.0,1.07,5.58,0,0,1,0,1,0,0,0,0,0
527.8,25.0,6.44,246.6,7.03,6.1,7.3,9.21,0,1,0,0,0,0,1,0,0,1
856.7,25.7,7.64,227.3,3.48,11.0,1.57,9.26,0,0,0,0,0,0,1,0,0,1
523.8,22.0,5.83,61.8,6.76,8.5,1.22,8.38,1,0,0,0,0,0,0,0,0,1
1265.7,22.9,5.7,133.6,8.82,6.8,0.42,11.55,0,1,0,0,0,1,0,0,0,1
1137.2,31.0,6.96,67.6,4.56,8.0,2.85,7.02,1,0,0,0,1,0,0,0,0,1
1031.4,22.5,6.82,68.8,6.38,5.7,4.1,8.36,0,1,0,0,0,0,1,0,0,0
480.8,28.6,7.26,230.66000000000003,5.9,5.1,10.36,6.68,0,0,0,1,0,0,0,1,0,1
436.3,32.3,6.32,228.6,2.68,6.3,11.05,6.69,0,0,0,0,0,0,0,1,0,0
1131.1,26.4,6.564,181.9,5.67,5.6,2.63,11.22,0,0,0,1,0,1,0,0,0,0
955.8,19.4,6.18,107.8,6.95,8.6,1.31,9.3,0,0,0,1,0,0,0,0,1,1
743.1,27.9,5.4,86.1,4.41,8.8,6.64,6.43,0,1,0,0,0,0,0,0,1,0
1136.9,22.2,4.98,243.3,3.01,7.5,0.95,9.31,0,0,1,0,0,1,0,0,0,0
799.3,34.1,6.16,180.9,6.0,6.2,3.87,5.89,0,1,0,0,1,0,0,0,0,0
944.3,22.0,6.84,121.8,2.63,4.9,0.49,7.74,0,1,0,0,0,0,0,0,1,1
1085.6,27.3,5.41,274.0,7.34,9.2,6.98,6.76,1,0,0,0,0,0,0,1,0,0
739.1,31.6,6.33,156.5,6.56,7.8,7.65,10.83,1,0,0,0,0,1,0,0,0,1
891.6,30.9,5.85,147.0,7.54,8.0,1.67,6.17,0,1,0,0,1,0,0,0,0,1
572.6,28.2,6.24,7.624000000000001,2.02,6.7,3.0379999999999994,6.94,0,1,0,0,0,0,0,0,1,1
1330.4,24.8,6.77,70.5,1.27,7.0,4.08,8.55,0,0,0,1,0,0,1,0,0,1
578.3,30.2,6.64,158.9,4.24,9.3,9.21,7.13,0,0,0,1,0,0,0,1,0,0
934.9,21.2,6.69,85.5,0.0,8.0,7.46,8.5,0,0,1,0,0,0,0,1,0,1
789.6,30.6,7.87,129.7,5.53,8.9,2.1,7.9,0,0,0,0,0,0,0,0,0,1
801.0,21.82,6.0,212.4,2.12,7.460000000000001,5.93,8.29,1,0,0,0,0,0,0,1,0,1
824.3,15.9,6.0,195.9,3.56,5.5,13.31,6.6,0,0,0,0,1,0,0,0,0,1
1060.6,25.4,6.07,76.8,7.14,7.0,2.72,6.58,0,1,0,0,1,0,0,0,0,1
925.9800000000001,23.9,6.47,145.8,4.51,8.9,3.03,8.0,0,0,0,1,0,0,0,0,1,0
1065.6,26.7,5.67,92.2,0.82,8.3,3.28,11.08,0,1,0,0,0,1,0,0,0,1
1050.9,28.6,6.21,216.3,6.81,7.7,11.81,6.91,0,0,1,0,1,0,0,0,0,1
607.6,15.5,6.29,157.0,2.43,5.0,6.56,10.09,0,1,0,0,0,1,0,0,0,1
1329.3,18.5,6.11,133.5,5.11,9.1,2.68,6.43,0,0,0,0,0,0,0,1,0,0
856.1,24.0,6.68,220.8,5.93,8.1,1.55,8.42,0,0,0,0,1,0,0,0,0,1
1189.8,30.5,6.36,212.5,1.58,5.2,22.34,8.24,0,0,0,0,0,0,1,0,0,0
628.6,31.1,6.26,154.9,8.71,7.5,2.63,11.0,1,0,0,0,0,1,0,0,0,1
869.0,12.9,6.48,183.7,5.54,6.6,6.74,7.93,0,0,0,1,0,0,0,1,0,1
1231.2,34.5,7.54,188.1,4.41,8.9,4.45,9.82,1,0,0,0,0,1,0,0,0,0
973.5,20.7,6.11,189.9,3.48,4.3,2.08,9.39,0,0,1,0,0,1,0,0,0,0
891.8,26.6,5.99,92.2,8.14,8.9,5.01,8.6,0,0,1,0,0,0,1,0,0,0
1024.9,26.1,5.97,50.5,4.85,10.3,7.99,8.08,0,0,0,0,0,0,1,0,0,0
1102.6,25.2,7.68,154.9,4.31,7.0,1.4,9.03,0,0,0,0,0,0,1,0,0,1
1431.8,18.6,6.56,161.9,7.69,8.2,1.96,8.88,0,0,0,1,0,0,1,0,0,0
906.5,30.1,6.45,53.6,7.27,8.0,1.88,6.81,1,0,0,0,1,0,0,0,0,0
1054.0,33.6,6.581999999999999,140.2,3.69,8.3,2.93,5.58,0,0,1,0,0,0,0,1,0,0
856.0200000000001,13.4,6.24,216.0,5.54,11.0,1.55,11.578600000000005,1,0,0,0,0,1,0,0,0,1
969.6,21.7,6.38,184.06,3.53,6.2,5.58,7.3,0,0,0,1,0,0,0,1,0,0
1077.9,35.9,6.7,110.9,2.52,7.3,0.64,7.09,0,1,0,0,0,0,0,1,0,1
1104.2,19.7,5.18,110.3,6.18,10.4,1.05,6.17,0,0,0,0,0,0,0,1,0,0
989.6,19.2,7.31,108.14000000000001,6.18,9.8,11.73,8.99,1,0,0,0,0,0,0,1,0,1
934.4,24.7,7.57,173.8,3.69,7.0,3.49,11.09,0,0,1,0,0,1,0,0,0,1
1107.6,24.7,7.88,153.8,9.55,5.8,2.15,5.6,0,1,0,0,1,0,0,0,0,0
874.6,24.8,6.43,73.1,3.33,6.4,2.41,7.14,0,0,1,0,0,0,1,0,0,0
1196.5,19.9,7.32,163.9,5.98,11.0,1.42,8.04,0,1,0,0,0,0,0,0,0,0
1019.5,31.8,8.42,125.4,0.0,4.4,9.14,5.58,0,0,0,0,1,0,0,0,0,1
1040.1,15.6,5.25,152.5,9.29,7.5200000000000005,9.844,6.75,0,0,1,0,0,0,0,0,1,0
766.2,17.2,7.46,214.7,8.48,7.8,3.65,8.81,0,0,0,1,0,0,0,0,0,1
1213.4,25.4,6.76,139.6,4.65,8.5,2.34,11.578600000000005,0,1,0,0,0,1,0,0,0,1
917.9,32.9,7.31,54.5,6.96,7.1,6.73,5.2514,0,0,1,0,0,0,0,0,0,0
1072.8,14.0,5.73,153.9,2.58,5.8,2.02,10.43,0,0,1,0,0,1,0,0,0,1
921.7,25.0,6.11,67.5,6.82,6.0,4.68,7.27,0,0,0,1,1,0,0,0,0,1
659.0,26.2,7.42,65.1,3.91,9.4,2.44,6.15,0,0,0,1,0,0,0,1,0,0
1163.2,26.1,5.59,212.8,4.88,7.9,6.95,10.52,1,0,0,0,0,0,1,0,0,1
1033.5,23.3,5.63,35.3,6.72,6.8,7.1579999999999995,8.58,0,0,0,1,0,0,1,0,0,1
1230.3,26.1,6.21,121.2,1.32,10.4,3.4,7.59,0,0,1,0,0,0,0,0,1,0
1155.8,18.8,5.69,161.8,5.76,8.4,0.42,9.48,0,0,0,0,0,0,1,0,0,1
983.6,28.3,6.47,120.4,7.32,7.6,1.31,9.64,0,0,1,0,0,0,1,0,0,1
727.3,12.4,6.47,172.6,5.7,6.2,1.05,7.39,1,0,0,0,1,0,0,0,0,1
1321.6,28.6,6.07,121.5,5.97,5.9,7.61,8.26,0,1,0,0,0,0,0,0,0,1
1020.1,16.7,7.21,138.2,2.05,6.4,1.5,7.93,0,0,1,0,0,0,1,0,0,0
1074.7,19.2,5.87,174.7,0.82,8.6,2.71,9.53,1,0,0,0,0,0,1,0,0,0
1228.7,29.7,4.71,119.7,0.0,5.9,1.59,6.32,0,0,0,0,0,0,0,1,0,1
1177.7,33.2,6.52,220.9,4.66,7.4,1.09,7.43,0,0,0,1,1,0,0,0,0,1
1245.7,31.0,6.69,174.4,6.58,6.1,1.08,9.25,1,0,0,0,0,0,0,0,1,1
999.36,28.060000000000002,6.45,136.6,2.484,4.4,1.23,8.5,0,0,0,1,0,0,0,0,0,1
1080.7,16.5,7.2,160.3,2.19,9.0,5.78,8.61,1,0,0,0,0,0,0,1,0,1
979.4,21.8,7.0,172.2,4.28,6.1,3.12,7.92,0,1,0,0,0,0,0,1,0,0
981.2,22.0,6.13,7.624000000000001,7.74,7.1,2.018,6.54,0,0,1,0,0,0,0,0,0,1
1403.6,20.4,6.114000000000001,160.2,1.34,7.1,1.83,11.09,1,0,0,0,0,1,0,0,0,0
838.3,24.8,8.42,85.6,7.14,8.7,2.83,8.06,0,1,0,0,0,0,1,0,0,1
1207.4,20.4,7.99,103.3,3.38,9.2,2.18,8.9,0,0,0,1,0,0,0,0,0,1
989.9,29.0,6.6,124.6,8.05,7.5,2.46,6.04,0,0,1,0,1,0,0,0,0,1
1141.3,19.9,5.98,196.4,8.28,6.5,2.87,7.17,0,1,0,0,0,0,0,1,0,0
580.3,17.7,6.367999999999999,167.7,3.01,7.3,2.82,11.52,1,0,0,0,0,1,0,0,0,1
633.1,22.4,7.43,158.9,6.95,9.0,2.25,7.75,0,0,1,0,0,0,0,1,0,1
699.5,19.1,7.44,166.7,6.25,5.2,13.6,6.64,0,0,0,1,1,0,0,0,0,0
968.1,30.0,6.956,61.2,5.66,5.1,3.37,6.47,0,0,1,0,0,0,0,0,0,0
856.0,28.9,6.55,245.0,3.0,7.7,2.39,8.86,1,0,0,0,0,0,0,0,1,1
548.4,21.5,6.02,259.8,6.29,5.6,4.76,9.34,0,0,0,1,0,0,0,0,0,1
1158.1,25.7,6.24,77.4,6.43,5.8,1.37,6.44,0,0,1,0,1,0,0,0,0,1
454.6,27.5,5.83,148.0,5.54,6.8,2.4,5.58,0,0,1,0,1,0,0,0,0,0
813.7,18.4,6.87,209.8,5.92,5.7,2.15,6.85,0,0,0,0,0,0,0,1,0,0
934.0,20.9,6.634,175.5,4.01,9.1,0.69,8.24,0,0,0,0,0,0,0,1,0,1
1218.9,33.9,6.59,130.1,7.6,7.7,6.59,7.4,1,0,0,0,1,0,0,0,0,1
682.3,26.5,6.09,116.3,3.92,6.3,0.95,8.4,1,0,0,0,0,0,0,1,0,1
979.8,26.2,7.52,96.4,3.8659999999999997,8.5,0.88,7.09,0,0,0,0,0,0,0,0,0,0
796.7,29.9,5.35,165.5,6.54,8.0,1.94,5.65,0,0,1,0,1,0,0,0,0,0
1028.1,21.1,6.78,185.04000000000002,5.48,4.7,2.13,7.97,1,0,0,0,0,0,0,0,1,0
814.9,22.7,6.08,186.7,5.29,7.5,1.46,10.09,0,0,0,0,0,0,1,0,0,1
803.4,16.8,7.03,154.0,4.92,7.5,6.59,9.88,1,0,0,0,0,0,0,0,1,1
582.2,27.4,5.24,7.624000000000001,5.59,7.3,9.52,5.2514,0,0,1,0,0,0,0,0,0,0
1079.0,21.8,7.05,174.0,5.43,9.2,1.76,9.4,0,1,0,0,0,0,1,0,0,0
605.1,22.6,5.96,113.6,6.58,7.6,6.65,7.36,0,0,0,0,1,0,0,0,0,1
851.2,17.6,7.8,159.7,2.69,7.5,3.33,8.69,1,0,0,0,0,0,0,0,0,1
780.2,30.1,7.72,229.8,5.21,6.5,6.3,6.75,0,0,0,1,1,0,0,0,0,1
823.2,24.6,5.84,251.6,6.66,6.739999999999999,2.06,9.52,1,0,0,0,0,0,0,0,1,1
1236.4,32.8,5.06,181.0,6.31,5.4,17.97,9.83,0,0,1,0,0,1,0,0,0,1
1274.0,31.3,5.71,264.9,6.71,6.3,4.75,8.18,0,0,1,0,0,0,1,0,0,1
898.2,26.9,6.45,149.0,6.06,7.8,1.19,7.86,0,0,0,0,0,0,1,0,0,1
494.2,29.2,6.97,122.9,4.35,5.3,1.99,7.55,0,0,0,1,1,0,0,0,0,1
743.18,30.8,5.74,164.4,2.87,6.9,1.69,7.1,1,0,0,0,0,0,0,0,0,0
953.5,31.1,6.5,143.4,8.35,7.1,13.03,8.43,1,0,0,0,0,0,0,1,0,1
1132.7,24.2,6.08,148.1,7.45,10.6,4.76,7.88,0,0,1,0,0,0,0,0,1,0
1384.2,31.2,7.07,74.8,7.89,9.8,2.31,9.1,0,0,1,0,0,1,0,0,0,0
618.3,23.7,5.47,129.2,7.43,7.9,6.89,11.48,1,0,0,0,0,1,0,0,0,1
1405.0,21.6,6.27,13.0,7.61,5.1,10.31,7.21,0,1,0,0,0,0,0,0,0,1
788.4,19.5,7.22,163.5,5.98,8.1,8.64,7.32,0,0,1,0,0,0,0,0,1,0
631.4,29.9,6.95,210.0,0.29,10.3,1.74,6.81,1,0,0,0,0,0,0,1,0,0
1197.5,19.8,6.28,247.2,8.5,6.7,1.43,6.87,0,0,0,0,1,0,0,0,0,1
856.6,28.1,7.14,241.2,7.32,7.2,0.6,7.89,0,1,0,0,0,0,0,0,0,0
1113.0,17.8,6.33,218.3,3.08,8.6,0.72,7.61,1,0,0,0,1,0,0,0,0,0
1195.9,17.5,6.39,260.3,8.11,8.0,0.82,8.89,1,0,0,0,0,0,0,0,1,1
1048.9,24.9,6.72,76.1,2.43,11.0,1.39,8.43,0,1,0,0,0,0,0,0,0,1
1014.0,23.8,6.32,161.2,2.49,7.5,10.89,7.51,0,0,0,1,1,0,0,0,0,0
925.0,22.4,5.22,210.3,4.95,8.1,8.66,10.36,1,0,0,0,0,0,1,0,0,1
1097.6,20.5,6.72,153.3,8.91,6.1,2.04,9.44,0,0,0,1,0,0,1,0,0,1
1273.0,33.9,7.7,221.0,0.58,7.8199999999999985,12.99,9.17,0,0,1,0,0,1,0,0,0,0
1077.3,25.9,6.34,145.5,5.25,9.0,3.14,10.46,0,1,0,0,0,1,0,0,0,1
983.8,27.1,6.08,57.8,5.37,9.8,3.19,8.93,0,0,1,0,0,0,1,0,0,1
1067.5,28.5,6.29,91.4,2.78,7.0,14.14,7.85,0,0,0,0,0,0,0,0,0,0
876.9,23.7,5.83,133.5,4.23,7.7,5.95,6.79,0,0,1,0,0,0,0,0,0,0
1079.9,23.3,7.02,230.3,3.33,9.3,3.26,8.28,0,0,0,1,0,0,0,1,0,0
695.9,26.5,7.67,130.1,0.97,6.5,7.63,6.21,0,0,1,0,1,0,0,0,0,1
1004.8,28.4,5.32,282.0,7.81,6.1,3.98,7.06,0,0,0,1,0,0,0,0,0,0
385.9,16.8,6.74,160.0,2.44,7.4,2.78,7.42,0,0,0,1,0,0,0,1,0,0
722.2,24.7,6.47,155.2,4.99,9.7,1.17,8.62,1,0,0,0,0,0,0,0,0,1
1091.5,16.8,7.4,88.3,4.2219999999999995,6.9,4.05,7.28,0,0,1,0,0,0,0,0,0,1
1071.7,17.1,7.19,95.0,1.71,7.5,3.83,10.69,0,0,0,0,0,1,0,0,0,1
1475.7,28.5,7.49,127.6,6.51,10.8,5.94,8.21,1,0,0,0,0,0,0,1,0,1
753.8,18.5,6.7,195.3,0.47,5.4,0.8,9.32,0,0,1,0,0,1,0,0,0,0
740.1,19.7,4.59,203.4,6.5,8.9,1.2,6.7,1,0,0,0,0,0,0,1,0,0
734.8,17.7,6.72,152.3,4.07,6.9,1.5,8.49,0,0,1,0,0,0,0,0,1,1
965.0,23.4,5.88,169.4,4.45,6.6,4.05,8.27,0,0,0,1,0,0,0,0,0,1
579.4,35.9,7.09,177.4,9.09,7.1,19.63,7.8,0,0,1,0,0,0,1,0,0,1
934.2,26.379999999999995,5.7,155.3,3.914,6.5,3.39,8.97,0,0,1,0,0,0,1,0,0,1
473.1,28.0,6.645999999999999,160.0,8.22,6.2,3.76,7.28,0,0,0,1,0,0,0,0,0,0
1085.5,17.8,6.83,124.1,7.17,9.4,4.93,7.61,0,0,0,1,0,0,0,1,0,1
812.9,17.0,6.470000000000001,137.6,8.02,6.1,2.47,6.39,0,0,1,0,1,0,0,0,0,1
899.2400000000001,19.9,7.38,16.5,6.82,9.8,8.95,7.68,0,1,0,0,0,0,0,1,0,1
881.7,22.5,6.42,172.2,4.17,8.7,2.56,9.51,1,0,0,0,0,0,0,0,1,1
865.8,16.4,6.42,75.5,7.39,10.5,8.41,6.76,0,0,0,0,1,0,0,0,0,1
859.1,28.2,7.97,153.9,6.83,6.8,5.38,8.52,1,0,0,0,0,0,0,0,1,1
779.2,18.1,7.73,124.4,8.61,7.1,4.92,7.7,1,0,0,0,0,0,0,0,0,0
803.7,23.2,6.51,81.5,5.77,7.3,1.54,7.76,0,0,0,1,0,0,0,0,0,0
757.0,30.2,6.26,162.9,3.85,4.8,8.71,10.41,0,0,0,1,0,1,0,0,0,1
1078.3,20.8,7.31,117.1,7.83,7.0,1.78,7.91,1,0,0,0,0,0,0,0,1,0
691.2,32.2,6.36,123.0,3.7,4.0,1.4,9.81,0,0,0,0,0,1,0,0,0,1
915.7599999999999,34.3,6.58,205.4,8.8,5.6,5.78,5.58,0,1,0,0,0,0,0,1,0,0
898.4,24.8,6.02,159.04000000000002,3.77,8.2,9.63,10.04,0,0,0,1,0,0,1,0,0,1
909.1,24.5,5.45,153.3,2.67,8.4,5.56,6.64,0,1,0,0,1,0,0,0,0,0
593.0,28.5,6.36,114.9,5.27,7.0,5.85,8.04,1,0,0,0,0,0,0,0,1,0
725.7,24.7,6.4,149.0,6.32,7.4,10.56,9.4,1,0,0,0,0,0,0,0,1,1
1093.4,24.3,6.61,143.5,4.18,6.6,6.214,5.85,0,0,1,0,1,0,0,0,0,0
796.4,21.0,4.59,226.2,5.54,6.7,28.908999999999867,10.74,0,0,0,0,0,1,0,0,0,1
1029.2,20.3,6.4,176.8,8.01,6.1,1.17,6.98,0,0,1,0,0,0,0,1,0,0
565.8,23.5,4.97,124.1,5.51,7.9,0.62,10.11,0,0,0,1,0,1,0,0,0,1
733.5,14.7,5.2,179.6,8.07,6.2,1.78,8.22,0,0,0,1,0,0,0,0,1,1
725.4,17.0,7.17,165.6,3.02,8.6,4.66,8.22,0,1,0,0,0,0,0,0,0,0
574.3,19.8,5.66,164.2,5.28,9.1,2.97,8.99,0,0,0,0,0,0,0,0,1,1
885.3,18.5,7.5,112.4,6.22,7.1,1.46,8.72,0,1,0,0,0,0,0,0,1,1
372.9,23.0,5.5,230.3,4.784,8.8,0.64,7.92,1,0,0,0,1,0,0,0,0,1
1163.7,21.2,6.83,136.9,4.92,6.7,1.25,10.18,0,0,0,0,0,1,0,0,0,0
1488.4299999999998,24.4,6.25,106.3,6.27,7.0,2.37,5.94,0,1,0,0,1,0,0,0,0,0
1431.4,26.3,6.33,192.1,3.45,4.9,1.12,7.02,0,0,1,0,0,0,0,1,0,1
1058.6,28.9,5.73,191.3,7.93,8.5,3.25,7.44,0,0,1,0,0,0,0,1,0,1
830.8,18.8,7.68,143.1,7.42,8.6,1.36,6.97,0,0,1,0,0,0,0,0,0,0
749.4,27.1,7.14,149.9,9.29,5.5,3.19,5.71,0,1,0,0,0,0,0,1,0,0
511.0,30.1,7.82,141.3,7.96,7.8,3.35,9.82,0,0,0,0,0,1,0,0,0,1
907.3,21.9,6.89,97.7,5.28,4.9,9.72,7.26,0,0,1,0,0,0,0,1,0,1
1307.8,12.6,7.3,123.6,0.91,8.1,7.41,7.52,0,0,0,1,0,0,0,0,0,1
1137.2,29.0,5.1,169.1,3.4,6.9,12.03,6.68,0,0,0,0,0,0,0,0,1,0
1031.8,21.2,5.79,190.0,1.32,5.6,7.61,6.97,0,0,0,0,1,0,0,0,0,0
884.8,32.3,5.24,261.8,2.56,6.1,1.55,5.48,0,0,1,0,0,0,0,1,0,0
568.4,33.2,6.99,7.624000000000001,5.632,7.8,3.47,5.88,0,1,0,0,0,0,0,0,1,1
716.1,30.7,7.67,39.4,10.857599999999984,9.0,0.75,5.2514,0,0,0,0,0,0,0,1,0,1
1187.6,22.5,6.28,82.6,5.87,7.3,5.13,7.75,0,1,0,0,0,0,0,1,0,0
885.5,23.54,6.77,132.26,0.9,6.5,1.48,5.86,0,0,1,0,0,0,0,1,0,1
808.0,28.2,6.4,237.9,3.52,4.8,1.09,7.0,0,0,1,0,1,0,0,0,0,1
991.1,26.1,7.01,199.3,2.59,7.5,1.58,8.0,0,0,1,0,0,0,0,0,0,1
826.1,27.9,6.75,140.9,10.857599999999984,6.3,4.53,9.67,0,0,1,0,0,0,1,0,0,1
850.3,24.3,6.96,97.0,4.25,4.6,0.89,7.99,1,0,0,0,0,0,0,0,0,1
1106.1,19.2,7.07,128.1,2.76,9.4,4.88,8.08,0,0,1,0,0,0,0,0,1,1
903.0,24.7,5.16,56.1,4.48,7.6,0.54,6.96,0,0,0,0,0,0,0,0,0,1
686.4,19.4,6.13,151.14000000000001,5.65,5.0,2.76,10.59,0,1,0,0,0,1,0,0,0,0
1009.8,21.5,7.12,169.3,4.67,7.7,2.45,7.43,0,0,0,1,1,0,0,0,0,1
927.4,21.4,7.21,69.9,5.4,7.6,0.45,7.0,0,1,0,0,1,0,0,0,0,0
817.5,28.8,5.8,257.5,5.18,8.7,6.06,8.31,0,0,0,1,0,0,0,0,1,1
1207.2,31.7,6.85,183.4,10.857599999999984,8.9,3.37,9.24,1,0,0,0,0,0,1,0,0,0
456.6,25.8,6.4,166.1,3.24,7.1,1.09,8.36,0,0,0,0,0,0,0,1,0,1
1182.9,22.7,5.54,172.66,6.62,6.4,24.24,6.2,0,0,1,0,0,0,0,1,0,0
1076.7,23.1,5.76,7.624000000000001,4.14,6.5,2.91,9.18,0,0,1,0,0,1,0,0,0,0
849.7,27.4,8.42,154.8,6.41,6.0,2.12,5.98,0,0,0,0,0,0,0,0,1,0
1030.2,20.6,6.67,71.2,8.97,7.9,5.6,7.15,0,1,0,0,1,0,0,0,0,1
918.8,18.7,6.65,145.14000000000001,5.5,7.7,15.0,8.67,0,0,0,0,0,0,0,0,1,0
1315.5,27.0,5.87,170.0,5.14,6.2,4.64,10.14,0,1,0,0,0,0,1,0,0,1
903.3,23.6,7.16,206.1,4.82,7.2,0.76,10.92,1,0,0,0,0,1,0,0,0,0
1234.9,23.6,6.57,119.3,4.976,6.9,1.95,5.97,0,0,0,0,1,0,0,0,0,0
1127.0,24.0,6.51,196.8,3.81,8.8,0.45,10.99,1,0,0,0,0,1,0,0,0,1
853.3,22.2,6.1,154.9,7.93,7.1,1.6,8.16,0,0,1,0,0,0,1,0,0,0
814.0,26.8,4.97,110.1,6.54,6.2,2.78,8.77,0,0,1,0,0,0,1,0,0,1
822.0,22.5,5.09,216.9,7.55,8.0,18.05,9.18,0,0,1,0,0,0,1,0,0,1
715.2,24.6,5.52,154.0,5.11,6.9,3.16,8.35,0,0,0,0,0,0,0,0,0,1
431.6,17.4,5.82,112.2,2.134,6.8,1.88,7.42,0,0,0,1,0,0,0,0,1,0
793.0999999999999,27.9,5.48,203.6,10.857599999999984,5.8,0.75,6.62,0,1,0,0,0,0,0,1,0,0
1001.3,20.7,4.98,182.3,9.55,7.4,1.46,8.03,0,0,0,0,0,0,0,0,1,1
892.7,21.1,6.37,182.5,4.68,8.9,3.88,9.93,1,0,0,0,0,0,1,0,0,0
925.8,24.939999999999998,5.22,273.8,7.32,5.5,6.28,9.23,0,1,0,0,0,0,1,0,0,1
1108.3,23.3,5.52,120.5,4.16,7.0,1.6,8.1,0,1,0,0,0,0,0,0,0,1
805.6,25.939999999999998,5.38,263.2,4.75,7.6,1.78,6.29,0,0,0,0,0,0,0,0,1,0
1025.5,19.7,7.42,194.5,5.12,8.9,1.5,9.03,1,0,0,0,0,0,0,0,0,0
780.1,29.1,6.35,143.1,6.81,5.2,2.09,8.59,0,1,0,0,0,0,0,0,1,1
1094.8,22.7,5.7,61.1,4.7,7.2,2.55,10.44,0,0,0,1,0,1,0,0,0,0
1446.5,21.9,7.85,41.8,2.21,8.7,28.908999999999867,10.87,1,0,0,0,0,1,0,0,0,1
1126.5,25.7,5.17,149.2,1.98,10.6,3.768,9.27,1,0,0,0,0,0,0,0,1,1
617.3,24.9,7.51,194.1,4.67,7.1,8.91,8.68,0,0,0,1,0,0,0,0,0,1
864.0,22.2,6.34,159.6,0.0,6.9,1.11,6.44,0,0,0,1,1,0,0,0,0,0
808.4,25.5,7.02,94.5,5.95,8.6,3.03,6.6,0,0,0,1,1,0,0,0,0,0
809.3,26.0,8.05,104.7,7.61,9.6,6.1,9.63,1,0,0,0,0,0,1,0,0,1
369.6,25.9,5.45,174.7,0.0,7.5,6.51,6.52,1,0,0,0,1,0,0,0,0,0
901.8,24.2,7.05,199.5,7.25,10.2,2.86,9.11,0,0,0,1,0,0,1,0,0,0
1015.4,29.7,6.35,124.3,3.94,9.3,3.19,7.1,1,0,0,0,0,0,0,1,0,0
736.8,27.1,6.93,139.4,7.19,9.5,5.29,8.61,0,0,0,1,0,0,0,0,1,1
692.2,29.0,5.99,208.3,5.81,7.4,10.25,9.21,0,0,0,1,0,0,0,0,1,1
910.9,22.9,6.4,141.9,3.8,6.1,5.022,11.1,0,0,0,0,0,1,0,0,0,1
1071.4,18.0,6.6259999999999994,126.5,6.33,6.6,0.42,10.25,0,0,1,0,0,1,0,0,0,1
705.0,23.8,6.19,161.0,6.1,7.9,2.15,8.36,0,0,0,1,0,0,0,0,0,1
809.9,21.2,7.11,19.5,5.43,10.8,2.28,10.39,1,0,0,0,0,1,0,0,0,0
668.8,28.0,6.45,89.4,5.0200000000000005,9.6,5.78,9.32,0,0,0,0,0,0,1,0,0,1
1141.1,21.4,6.35,173.2,3.43,7.7,3.78,11.578600000000005,1,0,0,0,0,1,0,0,0,1
998.5,31.6,5.76,135.1,5.79,7.4,3.29,8.75,0,0,1,0,0,0,1,0,0,1
1226.7,30.3,6.8,122.2,5.67,11.0,4.62,7.37,0,0,1,0,1,0,0,0,0,1
1054.0,27.7,6.43,155.1,4.3,6.9,2.28,9.24,0,0,1,0,0,1,0,0,0,0
925.1,27.8,6.6,181.1,6.74,6.2,0.76,7.71,0,0,0,0,0,0,0,1,0,1
570.9,33.6,7.36,193.7,3.38,6.3,5.25,7.81,0,0,0,0,0,0,1,0,0,0
698.5,28.3,6.18,160.54000000000002,6.46,8.3,1.66,9.33,1,0,0,0,0,0,0,0,0,1
644.7,20.3,6.63,78.6,6.8,7.0,3.35,8.65,1,0,0,0,0,0,0,1,0,1
753.3,23.7,6.13,175.3,7.47,7.8,3.71,6.94,0,0,1,0,0,0,0,1,0,1
669.5,24.2,5.58,191.97999999999996,10.43,8.0,5.92,9.45,0,0,0,1,0,0,1,0,0,1
1189.6,26.0,6.26,146.7,6.81,7.4,0.54,8.25,0,0,1,0,0,0,0,0,1,0
1005.3,23.6,4.71,244.8,3.94,8.3,2.03,10.03,0,0,0,0,0,1,0,0,0,0
898.6,32.7,6.17,211.3,6.99,7.6,1.4,7.97,0,0,0,0,0,0,0,0,1,1
1248.9,17.2,6.43,189.5,8.46,8.9,7.68,8.56,0,1,0,0,0,0,0,1,0,1
732.5,27.1,5.24,164.1,4.16,5.4,4.92,6.58,0,0,0,0,0,0,0,0,1,0
709.5,35.9,6.72,154.8,5.84,9.7,1.79,7.1,0,0,0,0,0,0,0,1,0,1
1023.0,16.3,6.87,121.7,0.0,8.7,2.49,8.48,0,0,0,1,0,0,1,0,0,0
732.4,12.9,6.4,168.8,6.76,5.2,4.74,8.09,0,1,0,0,0,0,0,0,1,1
1203.3,29.4,5.62,51.0,6.22,8.1,10.04,9.98,0,0,0,0,0,1,0,0,0,0
885.8,32.5,6.58,223.6,4.34,6.0,1.98,6.58,0,0,1,0,1,0,0,0,0,1
606.8,26.2,5.58,74.2,3.23,6.3,9.67,9.79,0,0,1,0,0,1,0,0,0,1
905.2,17.4,5.52,70.4,6.18,6.8,7.76,7.73,0,1,0,0,0,0,0,0,1,1
606.1,20.5,5.76,109.7,6.89,9.1,3.11,9.72,0,1,0,0,0,1,0,0,0,0
974.1,19.6,5.86,100.9,8.08,6.4,4.66,7.71,0,1,0,0,0,0,0,0,1,0
330.164,25.0,7.41,194.7,0.9720000000000001,6.4,6.01,6.77,1,0,0,0,1,0,0,0,0,0
1217.4,24.9,5.44,174.6,4.0,8.0,2.07,8.27,0,1,0,0,0,0,0,1,0,1
1182.1,26.6,5.85,165.0,5.28,8.8,15.39,9.46,1,0,0,0,0,0,0,0,0,1
738.2,25.7,6.85,149.8,2.54,9.9,6.55,7.01,1,0,0,0,1,0,0,0,0,0
330.164,13.3,5.84,142.4,6.09,8.9,14.48,7.19,0,0,0,1,1,0,0,0,0,1
786.8,14.9,6.71,213.5,3.88,8.5,3.87,7.61,0,1,0,0,0,0,0,0,0,0
649.6,17.5,7.13,137.0,3.52,8.6,6.53,9.42,1,0,0,0,0,0,0,1,0,1
1003.2,21.6,7.01,130.1,10.68,8.52,2.822,6.25,0,1,0,0,0,0,0,1,0,0
1107.7,25.880000000000003,4.71,94.1,6.12,4.0,0.66,5.8,1,0,0,0,1,0,0,0,0,1
740.9,14.7,5.51,241.1,8.14,7.6,3.77,7.75,0,1,0,0,0,0,1,0,0,0
1011.3,23.8,6.37,78.4,4.680000000000001,10.1,1.77,8.04,1,0,0,0,1,0,0,0,0,0
1255.4,23.4,6.35,110.8,8.37,7.0,7.41,6.09,0,1,0,0,1,0,0,0,0,0
1300.3,19.8,5.02,112.3,4.26,6.6,4.86,7.72,0,1,0,0,0,0,1,0,0,1
914.1,29.2,7.09,170.2,7.1,8.0,3.28,7.63,0,1,0,0,0,0,0,0,1,0
680.1,27.5,7.41,214.5,10.857599999999984,7.4,0.42,7.25,0,0,1,0,0,0,0,0,0,0
1004.8,28.3,7.35,101.7,1.21,8.2,5.61,6.21,0,0,0,0,0,0,0,1,0,0
713.6,28.7,6.1,210.0,4.96,5.2,2.32,6.67,0,0,0,0,1,0,0,0,0,0
1348.9,12.8,7.69,82.4,0.0,8.4,7.88,7.49,1,0,0,0,0,0,0,0,1,0
1257.9,26.5,7.59,121.3,4.36,6.5,4.25,7.19,0,0,1,0,0,0,1,0,0,0
1051.1,26.2,6.71,189.2,1.26,8.9,4.33,7.27,0,0,0,0,1,0,0,0,0,1
772.4,27.7,7.57,130.64000000000001,6.86,9.6,0.57,6.9,0,1,0,0,0,0,0,1,0,1
580.9,17.9,7.66,153.6,4.79,6.2,2.89,8.29,0,1,0,0,0,0,0,0,1,1
930.8,24.6,6.12,164.1,3.4,10.2,8.95,9.58,0,0,0,0,0,0,1,0,0,1
979.7,23.3,6.39,181.2,2.71,7.3,7.1,7.91,0,1,0,0,0,0,0,1,0,0
634.1,19.3,6.32,217.4,6.42,7.8,3.19,8.3,0,1,0,0,0,0,0,0,1,0
1314.7,26.9,6.33,134.7,8.23,5.4,4.33,6.79,0,0,1,0,0,0,0,0,0,1
676.0,25.7,5.96,88.5,8.69,8.2,4.03,11.44,1,0,0,0,0,1,0,0,0,1
1181.4,26.0,5.45,101.7,5.67,8.2,1.23,9.66,0,0,1,0,0,0,1,0,0,1
509.9,27.0,5.83,215.8,0.74,7.7,5.57,7.83,0,0,0,0,0,0,0,1,0,1
1045.1,26.6,5.71,207.8,6.89,10.6,2.67,8.43,1,0,0,0,0,0,0,0,1,0
827.7,33.7,7.9,142.3,6.34,7.8,11.61,7.41,0,0,0,1,0,0,0,0,0,1
900.26,30.7,6.72,134.8,3.3,7.3,10.98,7.94,1,0,0,0,0,0,0,0,1,0
884.1,33.6,5.14,7.8,4.97,7.4,16.72,6.67,0,0,0,1,0,0,0,1,0,1
837.4,20.8,5.26,184.4,5.07,10.9,1.27,7.56,0,0,0,1,0,0,0,0,1,1
952.3,25.2,5.77,162.26,3.37,7.1,3.37,11.53,0,0,0,1,0,1,0,0,0,1
536.5,26.1,5.93,85.9,3.73,7.2,1.86,7.2,0,0,1,0,0,0,0,0,1,0
533.2,26.6,7.16,124.2,8.22,8.1,0.45,8.09,0,0,0,1,0,0,1,0,0,0
827.1,21.8,5.52,216.4,7.51,7.3,3.47,10.7,0,0,0,0,0,1,0,0,0,1
1137.4,23.1,6.58,164.2,3.94,9.8,18.25,9.83,0,0,1,0,0,1,0,0,0,0
569.7,20.4,6.88,227.6,6.38,8.0,12.35,7.49,1,0,0,0,1,0,0,0,0,1
1255.5,28.8,6.758,192.5,6.04,6.04,2.76,5.61,0,0,1,0,1,0,0,0,0,0
1018.4,12.4,7.18,184.3,5.2,5.3,2.29,5.72,0,0,1,0,1,0,0,0,0,1
890.5,22.7,6.78,26.0,4.1,7.1,13.36,5.9,0,0,0,0,1,0,0,0,0,0
651.1,21.0,6.58,257.6,6.09,6.2,4.85,10.19,0,0,0,0,0,1,0,0,0,0
1244.8,24.5,6.89,45.5,7.38,5.5,1.37,8.16,0,0,1,0,0,0,1,0,0,0
762.1,26.8,5.52,100.1,3.61,5.9,0.78,6.27,0,0,1,0,0,0,0,0,0,1
741.2,28.5,8.12,107.8,4.6,4.5,19.67,6.62,0,0,1,0,0,0,0,0,1,1
968.0,18.3,5.67,115.5,5.99,8.6,4.29,9.28,0,1,0,0,0,0,1,0,0,1
1022.9,28.7,6.5,228.3,3.12,7.6,2.74,8.9,0,0,1,0,0,0,1,0,0,1
1130.6,22.1,7.2,140.1,5.64,7.8,1.22,10.83,0,1,0,0,0,1,0,0,0,0
918.3,17.4,6.29,163.2,0.0,7.1,14.8,8.89,0,0,0,0,0,0,0,0,1,1
1065.4,27.7,6.33,173.6,6.88,7.0,2.114,8.54,0,0,1,0,0,0,0,0,1,1
1121.0,22.9,5.06,174.1,8.43,4.7,6.03,6.31,0,0,0,0,0,0,0,0,0,0
842.7,21.4,7.29,82.8,4.72,6.2,3.38,6.44,0,0,0,0,0,0,0,0,0,0
793.82,24.3,5.44,211.1,0.95,7.5,1.75,8.12,0,0,1,0,0,0,0,0,1,1
954.0,30.1,8.26,204.2,5.72,8.7,1.05,5.62,0,0,0,0,0,0,0,1,0,0
1339.7,22.7,6.27,167.7,4.08,8.6,1.53,6.74,0,0,1,0,1,0,0,0,0,1
773.5,31.7,6.15,124.1,4.98,11.0,7.418000000000001,8.7,0,0,1,0,0,0,1,0,0,1
1097.6,20.5,6.005999999999999,7.624000000000001,2.03,8.1,0.8,7.34,1,0,0,0,0,0,0,0,1,1
1181.7,29.4,5.77,230.9,7.72,6.6,1.43,6.77,0,0,1,0,0,0,0,0,1,0
1298.1,27.5,5.22,140.4,6.79,7.5,6.73,6.46,0,0,1,0,0,0,0,0,0,0
688.4,26.8,6.95,186.5,8.34,5.8,0.42,9.66,1,0,0,0,0,0,1,0,0,1
1082.8,26.3,7.67,207.0,5.64,7.2,5.5,7.25,1,0,0,0,0,0,0,1,0,0
1032.94,32.7,6.1,105.3,8.55,8.2,3.44,6.62,0,1,0,0,1,0,0,0,0,1
485.2,23.3,7.62,139.9,1.67,4.0,14.05,8.66,1,0,0,0,0,0,0,0,1,1
745.4,18.1,7.03,146.8,6.78,6.8,1.75,9.23,1,0,0,0,0,0,0,0,1,0
1264.6,23.4,4.76,138.06,4.41,6.24,5.48,10.58,0,1,0,0,0,1,0,0,0,1
865.2,18.3,6.03,205.7,4.3,5.0,3.59,6.72,0,0,1,0,0,0,0,0,0,0
926.6,22.3,6.27,116.3,6.22,6.8,1.56,7.61,0,0,1,0,0,0,0,1,0,1
1423.9,28.3,6.467999999999999,55.9,8.08,7.3,8.54,8.22,0,1,0,0,0,0,0,0,1,1
754.4,29.5,5.6,132.1,4.76,6.8,3.87,6.88,0,1,0,0,0,0,0,0,0,1
364.8,28.2,6.24,7.624000000000001,3.89,6.6,1.8,6.26,1,0,0,0,0,0,0,1,0,1
1166.4,16.8,6.27,160.6,3.716,6.8,4.96,7.85,0,0,0,0,0,0,0,1,0,0
1082.0,25.0,5.5,155.0,7.41,6.9,2.86,7.94,0,0,1,0,0,0,0,1,0,1
728.5,28.0,6.37,146.7,2.11,5.5,2.51,8.97,1,0,0,0,0,0,1,0,0,0
593.2,20.9,6.89,94.4,5.37,5.7,1.88,7.81,0,0,0,0,0,0,1,0,0,0
1064.3,33.5,6.26,98.3,8.05,8.4,11.18,10.35,0,0,0,1,0,1,0,0,0,1
895.5400000000002,25.8,5.67,172.9,9.4,10.0,0.42,8.33,0,0,0,0,0,0,0,0,1,1
330.164,16.4,6.68,157.1,6.78,8.4,1.97,6.88,0,1,0,0,0,0,0,0,1,0
846.5,22.8,6.07,113.2,6.34,4.9,28.908999999999867,7.61,1,0,0,0,1,0,0,0,0,1
1109.4,22.2,7.12,203.0,4.48,5.9,3.54,6.29,0,0,1,0,0,0,0,0,0,0
685.0,23.5,6.138000000000001,211.5,6.05,7.5,3.44,11.578600000000005,0,0,0,1,0,1,0,0,0,1
857.9,30.5,6.04,126.1,6.01,7.7,3.18,7.51,0,0,0,0,0,0,1,0,0,0
1019.5,22.3,7.44,59.8,2.94,5.8,0.71,9.65,0,0,0,0,0,1,0,0,0,0
863.3399999999999,18.1,6.8,175.1,5.98,7.9,5.84,7.04,0,0,1,0,0,0,0,0,0,0
811.4,25.3,7.01,143.5,1.67,8.5,2.03,10.01,0,1,0,0,0,0,0,0,1,1
686.9,13.5,6.28,36.3,2.55,6.7,2.84,6.05,0,0,0,0,0,0,0,1,0,0
972.8,24.2,6.45,201.3,5.13,6.0,22.42,6.66,1,0,0,0,1,0,0,0,0,0
894.6,21.1,7.52,134.62,9.06,6.8,2.554,8.5,0,0,0,0,0,0,1,0,0,0
972.9,13.8,7.14,286.7380000000001,3.0,7.6,15.83,7.15,0,0,0,0,0,0,0,1,0,1
540.3,23.4,6.976000000000001,155.2,0.35,9.2,4.61,7.98,0,0,0,1,0,0,0,0,0,0
1088.0,27.3,6.23,75.0,7.29,7.1,12.24,6.84,0,0,1,0,1,0,0,0,0,1
857.8,30.8,7.87,187.3,2.43,7.4,2.222,6.65,0,0,1,0,0,0,0,1,0,0
967.9,23.780000000000005,8.22,151.46,4.66,8.359999999999998,6.14,8.49,0,1,0,0,0,0,0,0,0,1
1165.6,19.4,6.58,198.9,8.16,9.1,0.6,7.72,0,1,0,0,1,0,0,0,0,1
1120.8,18.6,5.12,118.2,5.22,7.4,0.42,7.36,0,0,0,1,0,0,0,0,1,0
860.6,26.1,5.78,174.8,3.71,9.5,8.4,7.37,0,0,0,1,0,0,0,0,0,1
1213.6,12.9,6.57,114.9,5.45,7.6,2.3,7.89,0,0,1,0,0,0,0,0,1,1
893.5,23.8,6.68,145.0,5.59,9.3,0.83,8.42,0,1,0,0,0,0,0,0,0,1
952.1,25.4,7.4,264.2,0.63,7.4,2.28,6.79,0,0,1,0,1,0,0,0,0,1
1009.8,23.3,6.55,176.9,4.3,8.1,3.06,8.52,1,0,0,0,0,0,0,1,0,0
435.4,16.8,6.07,133.0,0.3,7.1,6.81,7.7,0,0,0,0,0,0,0,1,0,1
346.8,15.2,6.34,228.9,6.9,7.3,1.47,9.41,0,1,0,0,0,1,0,0,0,0
972.9,17.3,6.58,115.1,6.75,7.0,7.43,11.0,0,1,0,0,0,1,0,0,0,1
669.4,20.7,5.24,81.2,5.87,7.1,4.408,7.61,0,0,0,0,0,0,0,0,0,1
734.3,25.1,6.22,153.5,4.86,8.8,4.05,8.49,0,0,1,0,0,0,0,0,1,1
767.7,14.8,6.33,217.9,4.24,5.5,5.33,7.68,0,1,0,0,0,0,0,0,0,1
693.1,35.9,7.01,200.6,6.46,7.6,3.29,9.0,0,0,1,0,0,1,0,0,0,1
760.2,20.2,5.91,207.2,8.58,8.3,1.76,8.32,0,0,0,0,0,0,0,1,0,1
682.7,22.0,6.16,165.2,6.11,9.4,5.484,7.77,1,0,0,0,1,0,0,0,0,0
755.6200000000001,25.4,5.78,121.3,0.984,8.7,5.63,7.16,0,0,1,0,0,0,0,1,0,0
970.3,14.4,6.71,7.624000000000001,5.01,9.3,4.82,7.55,0,0,0,0,0,0,1,0,0,0
1334.7,29.9,6.81,141.98,6.55,7.0,3.35,6.76,0,0,0,1,0,0,0,0,0,0
1106.4,29.5,6.96,154.9,7.39,6.9,3.88,6.79,0,0,1,0,0,0,0,0,1,0
983.3,32.8,4.97,98.1,6.72,8.9,5.85,5.78,0,0,0,0,0,0,0,0,0,0
793.8,25.6,6.38,169.6,1.44,6.6,2.79,6.55,0,0,0,0,0,0,0,0,0,0
875.7,23.5,5.83,144.5,2.84,8.1,1.28,11.578600000000005,1,0,0,0,0,1,0,0,0,1
886.6,35.9,5.91,160.5,6.57,11.0,2.016,8.28,0,0,0,1,0,0,1,0,0,1
1259.3,25.7,6.09,73.9,8.62,7.0,0.75,6.47,1,0,0,0,0,0,0,0,0,0
1209.2,29.1,7.43,12.0,3.97,7.4,1.53,5.2514,0,1,0,0,1,0,0,0,0,0
736.7,35.9,6.58,109.9,2.72,8.1,7.79,7.07,1,0,0,0,1,0,0,0,0,1
485.7,27.4,5.22,107.6,6.05,7.5,0.94,6.83,1,0,0,0,1,0,0,0,0,1
330.164,21.1,6.71,111.6,3.53,7.4,19.17,6.13,0,0,1,0,0,0,0,1,0,0
680.4,19.0,5.78,129.8,9.79,6.3,5.93,7.7,0,0,0,1,0,0,0,1,0,0
922.9,24.7,7.54,198.0,2.15,8.1,3.16,8.31,1,0,0,0,1,0,0,0,0,1
788.1,28.5,5.49,191.84760000000003,6.73,7.2,6.02,7.2,0,0,0,1,0,0,0,1,0,0
1160.2,23.8,7.4,235.8,3.3019999999999996,7.8,3.32,8.97,1,0,0,0,0,0,0,0,1,0
774.1,26.3,6.51,132.24,0.0,7.8,4.9,7.16,0,0,1,0,0,0,0,0,0,1
867.3,27.4,6.19,103.0,4.0,9.3,1.48,11.02,1,0,0,0,0,1,0,0,0,1
937.9,29.4,7.53,237.7,5.32,6.6,3.95,5.77,0,0,1,0,1,0,0,0,0,0
1138.0,22.8,6.61,72.6,5.43,5.7,2.4539999999999997,6.61,1,0,0,0,1,0,0,0,0,0
851.2,21.7,5.93,142.4,6.64,9.9,1.47,8.66,0,0,0,0,0,0,0,0,1,1
574.4,24.5,6.59,151.5,4.12,7.6,2.41,7.79,0,0,1,0,0,0,0,0,1,1
1147.4,28.1,7.21,221.5,6.7,7.359999999999999,3.1399999999999997,9.08,1,0,0,0,0,0,0,1,0,1
463.3,28.6,6.43,153.45999999999998,5.45,7.9,4.76,7.99,0,0,0,1,0,0,1,0,0,0
1042.3,23.5,7.5,191.28760000000003,4.23,4.6,11.61,10.13,1,0,0,0,0,1,0,0,0,0
1107.9,23.2,7.11,92.7,0.73,7.4,0.42,7.9,1,0,0,0,1,0,0,0,0,1
833.7,27.8,7.19,175.2,2.6,7.8,1.72,8.77,0,0,0,1,0,0,0,0,1,1
1377.0,27.0,5.37,117.4,4.37,11.0,1.85,7.54,0,0,1,0,0,0,0,0,1,1
700.3,15.0,5.63,109.5,5.11,7.5,8.33,7.65,0,0,0,1,0,0,0,0,0,0
474.7,21.8,6.35,175.9,5.95,7.3,1.29,10.74,0,0,0,1,0,1,0,0,0,1
668.4,26.7,6.21,162.7,9.54,6.88,9.89,6.96,0,0,1,0,0,0,0,0,0,0
581.9,16.2,6.52,148.8,4.42,5.4,2.26,6.74,0,0,1,0,1,0,0,0,0,1
678.3,26.7,6.9,269.5,5.7,5.2,4.992,7.58,0,0,1,0,0,0,0,0,1,1
1324.8,27.8,5.66,141.1,5.497999999999999,5.5,0.43,9.26,0,0,0,1,0,0,1,0,0,0
937.0,21.6,6.78,89.7,7.0,8.440000000000001,14.56,8.56,0,1,0,0,0,0,0,0,0,1
1196.6,19.6,7.37,207.5,3.16,7.0,0.92,7.78,0,0,0,1,0,0,0,0,0,1
711.9,30.2,6.36,80.3,5.11,7.8,2.19,7.79,1,0,0,0,1,0,0,0,0,1
619.7,26.1,8.42,251.4,4.35,9.1,7.87,7.5,0,1,0,0,0,0,1,0,0,0
880.1,32.2,6.35,286.7380000000001,1.44,9.0,6.74,7.37,1,0,0,0,1,0,0,0,0,1
1078.4,17.1,6.51,227.5,5.01,6.9,7.57,7.95,0,1,0,0,0,0,0,0,0,1
823.6,35.9,5.64,65.4,6.66,4.0,3.09,8.74,0,0,0,0,0,1,0,0,0,1
359.0,23.3,6.3,169.8,5.3,7.5,2.652,8.93,1,0,0,0,0,0,0,1,0,1
929.3,30.6,4.83,118.1,4.58,8.9,2.53,8.68,1,0,0,0,0,0,0,0,1,1
1423.1,29.6,4.97,207.9,5.54,6.2,4.25,7.78,0,1,0,0,0,0,0,1,0,1
674.1,30.8,6.71,185.5,0.81,8.5,3.44,9.48,1,0,0,0,0,0,0,1,0,1
867.7,21.7,6.21,104.5,4.31,6.7,1.3,8.54,0,0,0,0,0,0,0,0,0,1
926.3,25.9,5.58,47.2,3.71,5.8,3.6060000000000003,7.52,0,0,0,0,0,0,0,0,0,1
1298.5,25.5,6.959999999999999,88.3,0.08,8.4,3.11,9.37,0,0,0,1,0,1,0,0,0,1
394.3,25.28,6.99,188.3,0.0,6.7,5.81,10.03,0,0,0,1,0,1,0,0,0,0
1125.5,25.9,7.26,170.0,3.51,7.9,6.99,8.67,1,0,0,0,0,0,1,0,0,0
955.8,28.9,5.44,193.7,1.36,5.1,9.77,9.78,0,0,0,0,0,1,0,0,0,0
670.8,26.8,6.64,197.8,4.87,5.4,2.56,7.56,0,0,1,0,0,0,0,1,0,1
1341.8,13.9,5.72,96.3,3.81,6.5,6.46,7.85,1,0,0,0,1,0,0,0,0,1
668.9,23.9,6.96,109.2,1.79,7.8,6.55,7.63,0,0,0,0,0,0,0,0,0,0
435.9,20.96,5.85,201.0,6.67,6.1,7.12,6.03,0,0,0,0,0,0,0,1,0,0
1231.9,23.0,7.19,180.9,8.65,7.2,4.66,8.51,0,0,1,0,0,0,0,0,1,1
913.1859999999999,19.9,5.73,158.2,6.72,7.3,1.43,10.54,0,0,1,0,0,1,0,0,0,1
842.1,13.4,6.96,154.8,0.08,6.4,0.62,7.47,0,0,0,0,0,0,0,0,0,1
1050.7,33.1,5.21,190.6,8.76,9.1,3.39,5.94,0,0,1,0,0,0,0,1,0,1
857.3,21.3,8.21,195.0,0.85,7.6,1.98,7.73,0,0,1,0,0,0,1,0,0,0
729.5,32.1,6.82,170.6,4.56,6.3,3.89,6.86,0,0,0,0,1,0,0,0,0,1
1382.7,28.5,6.15,185.94,6.39,7.2,2.15,8.38,0,1,0,0,0,0,1,0,0,1
469.6,24.1,7.38,152.36,3.06,7.7,3.48,9.41,1,0,0,0,0,0,1,0,0,0
794.9,20.5,5.99,151.6,8.74,7.0,1.51,8.28,0,0,1,0,0,0,1,0,0,0
801.3,34.5,6.39,206.7,4.99,6.6,3.59,10.18,0,0,0,0,0,1,0,0,0,1
730.6,19.3,7.25,286.7380000000001,9.55,5.9,3.28,7.72,0,0,0,1,0,0,0,0,1,0
568.3,30.8,6.62,239.8,1.2,7.2,0.47,6.27,0,0,0,0,1,0,0,0,0,1
690.6,24.1,7.01,116.3,1.09,9.3,5.02,8.51,0,1,0,0,0,0,0,0,1,1
535.8,18.3,6.45,93.6,10.857599999999984,5.4,2.67,7.27,0,0,0,0,0,0,0,0,1,0
999.7,30.3,7.81,92.5,0.04,7.8,9.93,5.81,0,0,0,0,1,0,0,0,0,1
447.1,35.3,6.33,104.6,10.81,10.0,7.079799999999975,5.2514,0,0,1,0,1,0,0,0,0,0
968.0,12.4,7.53,105.2,6.69,6.1,2.27,7.21,0,1,0,0,0,0,0,0,0,1
636.4,14.1,6.35,59.0,7.1,6.3,2.51,7.55,1,0,0,0,0,0,0,0,0,0
378.3,21.1,5.92,80.4,7.14,4.0,1.83,5.39,0,0,0,1,1,0,0,0,0,0
877.1,26.4,7.21,163.0,0.95,9.3,6.11,9.59,1,0,0,0,0,0,1,0,0,0
671.2,35.9,6.510000000000001,177.9,5.54,7.5,5.48,7.72,0,0,0,1,0,0,1,0,0,0
652.6,18.6,8.07,106.3,0.76,5.0,3.54,7.18,0,0,0,1,0,0,0,1,0,1
1106.6,26.8,6.86,281.8,2.34,5.9,3.15,8.08,0,0,0,1,1,0,0,0,0,1
1048.8,21.0,6.6,145.0,7.22,6.74,2.7920000000000003,6.36,0,0,1,0,0,0,0,1,0,0
1092.9,18.7,4.91,120.38,7.08,8.3,4.1,5.76,0,0,0,0,1,0,0,0,0,0
1325.4,33.0,6.19,165.1,4.69,9.1,1.25,8.09,0,0,1,0,0,0,1,0,0,0
1175.1,19.6,5.78,126.9,9.49,8.4,4.51,11.0,0,1,0,0,0,1,0,0,0,0
1297.7,30.5,7.4,152.7,3.19,5.1,0.71,7.34,0,0,1,0,0,0,0,0,1,1
702.8,26.4,6.23,70.7,5.03,8.3,3.85,10.63,0,0,1,0,0,1,0,0,0,1
1059.9,31.4,6.91,112.1,7.45,5.5,1.76,7.66,0,0,0,0,0,0,0,0,1,1
910.1,27.6,7.324,40.5,2.97,7.859999999999999,2.53,9.86,0,0,1,0,0,1,0,0,0,1
956.6,29.4,4.69,150.0,6.45,8.3,4.273999999999999,6.03,0,0,1,0,0,0,0,0,0,0
358.9,26.2,6.45,153.6,0.0,10.9,3.15,8.29,0,0,0,0,0,0,0,0,0,1
831.4200000000001,21.5,6.26,199.1,6.06,8.3,0.85,9.73,1,0,0,0,0,0,0,1,0,1
1019.2,25.5,6.96,167.5,3.18,6.4,3.9,9.44,0,0,0,0,0,0,1,0,0,1
665.9,34.7,6.63,168.5,2.62,6.9,1.12,7.59,0,0,0,0,0,0,1,0,0,1
1095.8,17.8,6.48,137.8,6.5,6.4,4.044,8.53,0,0,0,1,0,0,0,1,0,1
1027.5,16.3,7.03,137.6,5.34,4.1,6.91,8.43,0,0,0,1,0,0,1,0,0,0
777.2,25.4,7.37,45.9,2.78,8.9,4.04,7.51,1,0,0,0,0,0,0,1,0,0
935.2,19.1,6.72,68.8,6.33,8.7,21.06,6.78,0,1,0,0,1,0,0,0,0,1
1273.3,18.6,7.64,152.7,10.857599999999984,5.8,4.162,9.25,0,1,0,0,0,0,1,0,0,1
670.7,25.1,6.94,133.6,8.5,11.0,3.07,8.01,0,0,0,1,0,0,0,0,0,1
799.2,22.5,4.84,98.2,3.22,7.6,1.01,7.93,0,0,0,1,0,0,1,0,0,0
450.1,26.6,6.57,146.6,4.95,5.3,2.89,7.6,0,0,1,0,0,0,0,0,0,1
1241.2,23.8,5.8,181.3,1.43,7.6,4.73,7.2,0,1,0,0,1,0,0,0,0,1
855.1,29.3,6.15,221.7,1.39,9.6,3.18,6.66,0,1,0,0,0,0,0,0,0,0
419.9,24.7,5.61,232.8,3.85,8.6,2.1,7.23,1,0,0,0,1,0,0,0,0,1
714.0,18.8,6.93,119.2,8.02,8.8,2.73,8.1,0,0,0,1,0,0,0,1,0,0
694.8,17.4,5.87,128.0,7.27,10.0,2.81,6.73,0,0,1,0,0,0,0,1,0,0
1236.1,23.4,7.13,133.8,8.3,7.7,2.17,11.578600000000005,0,0,0,1,0,1,0,0,0,1
779.4,34.9,7.38,166.07999999999998,4.804,5.5,2.5160000000000005,5.37,0,0,1,0,0,0,0,0,0,0
1128.3,25.1,7.38,223.6,5.69,7.2,1.06,11.03,1,0,0,0,0,1,0,0,0,0
801.2,18.1,6.52,190.5,7.03,10.4,7.46,9.34,1,0,0,0,0,0,0,0,1,1
735.2,26.6,6.05,189.6,2.05,9.7,28.908999999999867,7.76,0,1,0,0,0,0,0,1,0,1
804.9,18.5,7.0,161.6,6.01,4.8,4.19,7.77,0,1,0,0,1,0,0,0,0,1
624.3,22.0,6.49,43.9,5.71,8.6,5.26,7.75,1,0,0,0,0,0,0,0,0,0
898.5,28.8,7.33,150.6,5.8,5.9,2.06,8.01,0,0,0,0,0,0,0,0,0,1
796.2,25.9,6.65,77.1,4.83,10.7,3.3,8.66,0,1,0,0,0,0,1,0,0,0
1285.7,26.1,5.85,195.0,1.16,6.8,2.04,9.15,0,0,0,0,0,0,0,0,1,1
1108.9,23.4,5.93,28.0,5.53,7.2,0.79,8.06,1,0,0,0,0,0,0,0,1,0
330.164,23.8,5.98,176.9,3.82,11.0,8.59,8.56,0,0,1,0,0,0,0,0,1,1
989.4,21.7,6.36,39.5,7.07,6.9,4.84,11.06,1,0,0,0,0,1,0,0,0,1
539.4,35.9,6.81,67.3,7.16,7.0,3.43,6.19,0,0,1,0,0,0,0,0,0,1
849.0,22.4,6.32,125.3,5.85,6.5,1.86,8.12,0,0,1,0,0,0,1,0,0,0
1211.1,23.1,6.9079999999999995,59.3,8.93,6.5,1.51,7.45,0,0,0,1,0,0,0,1,0,1
606.8,25.3,5.11,102.9,0.26,6.0,3.98,9.85,0,0,0,0,0,1,0,0,0,1
1454.0,29.1,5.94,286.7380000000001,6.8,7.4,1.54,7.23,0,0,0,1,1,0,0,0,0,1
948.9,33.0,7.58,118.3,3.08,6.9,1.37,7.45,0,1,0,0,0,0,0,0,1,0
1335.0,24.1,5.22,162.59999999999997,4.04,7.0,1.63,6.19,0,1,0,0,1,0,0,0,0,0
620.2,29.4,5.82,253.4,3.61,6.5,1.25,8.44,0,1,0,0,0,0,0,0,1,1
727.0,16.8,7.64,166.26,0.1,7.3,1.58,7.84,0,1,0,0,0,0,0,0,1,1
814.1,32.6,5.73,98.9,4.85,6.7,2.16,6.57,1,0,0,0,0,0,0,0,1,0
713.2,26.9,6.65,141.0,5.46,9.6,1.36,8.42,0,0,1,0,0,0,0,0,1,1
979.1,26.5,7.68,208.1,5.34,7.7,16.67,7.87,0,0,0,0,1,0,0,0,0,1
921.8,22.0,6.83,115.2,1.61,7.7,5.19,7.65,0,0,1,0,0,0,0,0,1,0
701.7,24.2,6.79,157.3,2.36,6.6,6.85,9.65,1,0,0,0,0,0,0,1,0,1
894.3,24.8,5.92,151.3,4.65,7.4,6.93,8.65,0,0,0,0,0,0,1,0,0,0
684.4,22.9,7.79,74.5,1.62,8.8,2.72,8.13,0,1,0,0,0,0,1,0,0,1
535.7,23.7,5.85,152.7,7.09,7.9,5.46,11.07,1,0,0,0,0,1,0,0,0,0
855.2,25.8,6.78,139.5,8.0,7.3199999999999985,1.64,10.38,0,0,0,0,0,1,0,0,0,1
767.3,31.6,6.19,165.2,7.64,6.2,5.59,8.51,0,0,0,0,0,0,0,0,1,1
905.0,19.8,7.75,181.8,3.9,5.6,8.01,7.04,0,0,0,1,1,0,0,0,0,1
651.6,18.3,7.47,11.6,9.18,7.3,3.42,9.23,0,0,1,0,0,1,0,0,0,1
936.76,13.0,8.42,7.624000000000001,6.09,7.3,4.78,5.2514,0,0,0,1,0,0,0,1,0,0
417.2,33.4,7.39,152.8,4.8100000000000005,7.6,0.58,9.82,1,0,0,0,0,1,0,0,0,0
849.1,29.6,5.05,152.7,4.81,6.7,1.57,10.38,0,1,0,0,0,1,0,0,0,1
622.2,19.5,6.0,197.5,4.29,6.5,1.43,7.23,0,1,0,0,1,0,0,0,0,1
1013.0,20.7,7.43,141.5,4.63,6.2,9.37,9.01,0,1,0,0,0,0,0,0,1,1
784.8,20.3,5.8,219.6,5.3,8.5,0.56,7.85,0,0,0,1,0,0,0,0,1,0
845.3,27.4,5.71,32.0,8.98,6.9,1.11,7.82,0,0,0,1,0,0,1,0,0,0
793.4,28.5,5.99,77.2,3.17,8.3,15.3,6.77,0,0,0,0,0,0,0,0,0,0
850.7,15.6,6.29,73.6,6.27,5.5,0.54,8.0,0,0,0,0,0,0,0,0,1,1
516.2,32.2,7.13,224.6,1.95,8.4,4.04,6.57,0,0,0,0,1,0,0,0,0,1
967.3,23.9,5.1,105.1,3.41,5.2,6.21,8.32,0,0,0,1,0,0,0,0,0,1
898.1,16.0,5.38,168.7,5.02,6.7,2.15,6.72,0,0,1,0,1,0,0,0,0,1
835.7,25.2,6.46,109.3,7.2,6.9,0.66,6.71,1,0,0,0,0,0,0,1,0,0
1271.7,16.7,6.54,123.5,6.89,6.4,2.12,7.71,1,0,0,0,1,0,0,0,0,1
974.8,29.3,7.53,147.8,3.72,9.8,1.06,7.8,0,0,0,0,0,0,0,0,0,1
1117.3,25.8,5.45,119.4,7.69,6.1,6.84,9.67,0,0,0,1,0,1,0,0,0,0
1335.2,24.5,6.82,173.1,5.1,7.3,6.7,7.51,1,0,0,0,1,0,0,0,0,1
875.5,15.7,6.45,126.4,3.98,5.9,0.88,7.65,0,0,0,0,0,0,0,1,0,1
1232.7,29.6,5.28,168.9,3.57,6.5,1.46,9.74,0,0,1,0,0,1,0,0,0,1
1172.2,30.4,6.26,112.0,7.83,5.6,3.09,8.41,0,0,0,0,0,0,0,1,0,1
1106.0,21.5,6.57,139.38,0.69,7.1,2.18,6.56,0,0,0,0,0,0,0,0,1,0
968.3,20.8,7.28,168.3,10.857599999999984,4.1,3.52,8.87,1,0,0,0,0,0,0,1,0,1
979.2,24.6,6.97,83.7,1.78,6.5,0.88,9.77,0,0,0,1,0,0,1,0,0,1
1025.6,29.7,7.13,208.9,2.7,7.4,23.89,9.57,0,1,0,0,0,0,1,0,0,1
966.2,20.2,8.04,159.2,10.63,6.9,4.21,7.26,0,1,0,0,0,0,0,1,0,1
1063.7,22.2,6.79,157.54,4.1,5.4,7.15,8.26,0,0,0,0,0,0,0,1,0,1
1124.4,31.5,6.81,65.4,1.56,8.4,0.51,6.98,0,1,0,0,0,0,0,0,1,0
520.5,29.3,6.97,78.9,3.09,9.0,1.15,7.09,1,0,0,0,0,0,0,1,0,0
645.2,29.5,6.0,200.7,7.72,6.4,3.99,5.92,0,0,0,1,1,0,0,0,0,0
1072.8,23.0,5.88,122.5,5.055999999999999,7.5,6.16,8.75,1,0,0,0,0,0,0,1,0,1
957.9,18.1,6.99,212.0,8.62,8.5,2.65,8.92,1,0,0,0,0,0,0,0,0,1
1180.9,33.6,6.47,228.2,4.901999999999999,8.4,0.73,5.86,0,0,1,0,0,0,0,1,0,0
1106.5,21.7,6.33,57.0,8.09,8.6,3.25,5.55,0,0,0,0,1,0,0,0,0,0
621.0,28.7,6.5,169.9,3.4239999999999995,7.1,1.28,9.39,0,0,0,1,0,0,1,0,0,1
742.7,24.9,5.72,133.6,6.42,7.7,3.35,8.8,1,0,0,0,0,0,0,0,1,0
557.2,26.8,7.59,278.5,0.0,8.1,2.87,6.35,1,0,0,0,1,0,0,0,0,0
1112.1,28.0,6.76,172.0,5.24,6.1,2.06,7.06,0,0,0,1,1,0,0,0,0,1
1064.4,22.5,6.5,195.6,2.93,7.7,5.4,9.69,0,1,0,0,0,0,1,0,0,1
476.1,26.1,5.09,204.4,5.61,7.1,0.5,9.69,0,0,0,1,0,1,0,0,0,0
1067.7,18.9,6.8,139.4,8.6,6.8,15.34,8.02,0,0,0,1,0,0,0,1,0,0
1050.1,29.5,7.03,124.1,0.0,5.9,1.65,7.22,0,1,0,0,1,0,0,0,0,1
1247.4,28.8,6.15,89.8,6.28,8.6,7.28,7.16,0,0,0,0,0,0,0,0,1,0
1402.2,20.6,5.88,96.3,6.29,6.7,4.27,9.43,0,0,0,0,0,1,0,0,0,0
901.7,24.2,6.42,16.3,4.86,4.0,10.25,9.67,0,0,1,0,0,1,0,0,0,1
1105.4,25.3,7.03,269.4,5.34,7.1,3.86,7.37,0,0,0,0,0,0,0,1,0,0
960.6,19.9,6.36,107.5,5.62,10.1,3.97,7.76,0,1,0,0,1,0,0,0,0,1
751.7,24.0,7.35,80.2,6.98,6.94,1.42,8.41,0,0,0,1,0,0,0,0,0,1
643.2,21.5,6.76,173.6,10.82,9.7,3.81,7.61,1,0,0,0,1,0,0,0,0,1
1020.1,22.5,6.84,89.47999999999999,2.3,6.0,1.39,8.53,1,0,0,0,0,0,0,0,1,0
966.2,26.6,7.62,146.5,1.49,7.1,0.75,8.63,0,0,0,0,0,0,1,0,0,1
1221.9,26.8,7.28,210.2,8.55,7.2,7.546000000000001,11.48,0,0,0,0,0,1,0,0,0,1
822.1,27.5,5.55,178.5,3.51,8.1,0.88,8.97,0,0,0,0,0,1,0,0,0,0
1184.0,28.3,6.29,156.5,1.75,5.0,3.23,9.67,0,0,0,1,0,0,1,0,0,1
959.4,19.5,5.94,185.5,5.53,8.0,0.91,7.87,0,1,0,0,0,0,0,0,0,1
330.164,29.4,5.78,286.7380000000001,4.828000000000001,6.6,2.89,6.42,0,0,0,1,1,0,0,0,0,1
413.3,18.6,5.73,172.4,6.67,7.9,4.28,8.36,0,0,0,0,0,0,0,0,1,1
668.7,27.5,7.32,172.2,4.87,6.4,0.98,10.74,0,0,0,0,0,1,0,0,0,1
1183.0,20.0,5.64,139.6,0.0,7.4,4.38,7.09,0,0,0,0,0,0,0,0,0,0
960.8,20.3,6.63,84.9,7.79,7.9,6.1,7.83,0,0,0,1,0,0,0,0,0,0
1000.7,29.3,6.69,217.2,5.98,6.5,3.99,11.578600000000005,0,0,0,1,0,1,0,0,0,1
857.1,18.5,4.59,153.8,5.78,9.7,1.52,9.47,0,0,0,0,0,1,0,0,0,1
1046.1,27.1,5.64,74.9,8.07,6.1,14.42,6.99,0,0,0,0,0,0,0,1,0,1
1244.3,22.2,5.58,26.6,0.0,9.0,17.9,10.51,0,0,0,1,0,1,0,0,0,1
811.2,35.2,7.72,215.4,10.13,8.1,2.22,5.71,0,1,0,0,1,0,0,0,0,0
643.1,26.1,6.02,96.7,4.41,9.2,3.68,7.78,0,1,0,0,1,0,0,0,0,1
454.5,19.0,6.45,191.0,3.38,8.9,2.23,8.93,0,0,0,0,0,0,1,0,0,1
859.3,16.3,6.84,126.0,5.23,6.6,1.12,7.04,1,0,0,0,0,0,0,1,0,0
547.7,34.8,6.970000000000001,94.1,2.19,6.0,1.41,5.79,0,0,1,0,0,0,0,0,1,0
951.1600000000001,26.8,5.97,37.3,6.43,7.5,2.49,7.14,0,1,0,0,0,0,0,1,0,1
470.9,26.3,7.04,145.1,5.57,7.2,13.04,10.0,0,0,1,0,0,1,0,0,0,0
738.2,24.8,6.48,131.1,6.82,6.8,5.54,7.88,0,0,1,0,0,0,1,0,0,0
726.7,20.1,7.31,169.9,3.63,8.6,1.97,8.68,1,0,0,0,0,0,0,1,0,1
1106.0,25.7,6.83,186.1,5.87,7.4,0.94,6.68,0,0,1,0,1,0,0,0,0,1
1211.3,31.6,8.24,227.1,4.14,7.1,12.17,6.85,0,0,0,1,0,0,0,0,1,0
970.1,20.6,7.85,166.7,3.81,9.8,4.53,8.78,0,0,0,1,1,0,0,0,0,1
1173.3,26.2,6.01,103.8,9.05,4.2,2.91,8.07,0,0,1,0,0,0,0,0,0,1
679.1199999999999,28.8,6.74,265.1,4.63,6.1,7.36,7.71,0,1,0,0,0,0,0,1,0,1
521.1,25.7,6.48,176.3,9.18,6.1,8.93,7.01,0,0,0,1,1,0,0,0,0,1
962.4,26.8,7.77,260.0,5.85,9.1,1.37,6.47,0,0,1,0,1,0,0,0,0,0
940.9,28.5,5.91,132.1,0.0,8.0,5.21,7.08,0,0,0,0,1,0,0,0,0,0
1078.0,30.1,5.49,182.6,6.85,9.1,1.01,11.57,0,0,1,0,0,1,0,0,0,1
986.5,30.0,8.17,174.8,4.86,5.9,0.94,7.31,0,0,1,0,0,0,1,0,0,0
956.8,31.4,6.21,65.6,5.97,8.1,2.4,10.04,0,0,0,0,0,1,0,0,0,1
983.5,16.8,7.69,114.2,2.62,7.3,1.38,8.9,1,0,0,0,0,0,0,0,0,1
957.3,18.9,7.45,232.1,4.8,5.4,2.85,7.0,0,0,0,0,0,0,0,0,0,0
419.9,32.5,7.78,61.4,5.94,10.3,11.33,7.2,1,0,0,0,0,0,0,1,0,1
921.1,28.8,6.82,66.6,3.88,8.4,2.05,10.67,1,0,0,0,0,1,0,0,0,1
936.7,28.8,6.98,30.7,4.89,7.7,1.2,8.0,0,0,0,1,0,0,1,0,0,0
749.1,25.3,7.87,145.6,5.28,7.2,1.67,8.67,0,1,0,0,0,0,1,0,0,1
1121.4,21.7,6.57,108.6,3.89,7.2,2.06,8.3,0,0,0,0,0,0,0,1,0,1
680.6,21.6,6.91,158.0,7.26,8.1,3.01,10.01,0,0,0,0,0,0,1,0,0,1
793.8,23.1,6.77,134.4,8.93,11.0,4.14,10.71,0,0,0,1,0,1,0,0,0,0
839.4,27.4,6.51,154.6,2.89,9.6,6.15,7.94,0,0,0,1,0,0,0,1,0,1
978.3,27.4,5.28,76.3,4.28,6.2,1.14,6.05,0,1,0,0,1,0,0,0,0,1
1310.0,30.2,5.98,51.7,6.32,7.0,0.84,5.66,0,0,1,0,0,0,0,0,0,0
674.1,28.8,6.31,46.1,2.6,6.8,5.82,7.21,1,0,0,0,0,0,0,1,0,0
1014.5,24.2,6.85,222.5,4.32,6.3,9.2,7.05,0,1,0,0,1,0,0,0,0,1
330.164,34.9,6.85,142.2,3.7,9.8,3.11,6.77,0,1,0,0,0,0,0,0,1,1
975.7,20.2,5.69,151.6,3.86,8.5,5.05,10.47,0,0,0,1,0,0,1,0,0,1
1286.3,29.3,6.78,174.3,7.48,8.5,0.42,7.92,0,0,1,0,0,0,1,0,0,0
1154.5,24.4,6.33,155.38,5.68,8.3,2.3,10.38,0,0,1,0,0,1,0,0,0,1
1035.4,14.8,6.04,129.8,4.99,5.0,3.02,7.8,0,0,0,1,0,0,0,0,1,0
882.4,18.8,6.12,83.8,6.84,5.8,6.71,7.99,0,0,1,0,0,0,0,1,0,1
978.9,27.6,6.08,159.6,5.94,7.8,0.77,6.56,0,0,1,0,1,0,0,0,0,1
1144.5,30.3,6.03,99.2,6.0,8.4,1.52,6.19,0,1,0,0,0,0,0,0,1,0
1078.8,22.3,5.91,244.2,10.857599999999984,6.0,2.79,8.08,0,0,0,1,0,0,0,0,1,0
642.2,23.9,8.42,174.4,4.3,6.7,1.99,6.06,0,0,0,1,0,0,0,1,0,0
557.0,21.5,5.47,104.5,4.39,7.18,13.7,7.28,1,0,0,0,0,0,0,1,0,0
1054.2,12.4,6.22,122.8,7.72,5.5,3.75,7.2,1,0,0,0,1,0,0,0,0,1
805.7,20.4,7.19,148.02,6.04,5.9,2.63,6.04,0,0,1,0,1,0,0,0,0,1
884.9,29.0,6.062,162.5,3.03,5.5,6.3,8.31,0,0,0,1,0,0,0,0,1,0
1213.8,27.7,6.83,109.9,5.29,8.7,5.68,10.18,0,0,0,1,0,1,0,0,0,0
1048.9,26.8,5.91,110.1,3.754,6.3,1.58,8.08,0,0,0,0,0,0,0,0,1,1
834.3,19.9,6.62,241.5,8.0,8.9,1.57,8.49,0,1,0,0,0,0,0,0,0,0
1200.6,21.2,7.39,207.6,8.01,8.4,24.07,9.97,0,1,0,0,0,1,0,0,0,0
935.7,21.2,5.88,204.7,9.49,7.92,10.16,7.68,0,0,0,0,0,0,0,1,0,1
1362.2,25.059999999999995,5.53,246.4,7.41,7.1,11.94,10.75,0,0,1,0,0,1,0,0,0,1
934.6,24.8,5.99,96.0,4.94,4.9,3.8920000000000003,7.6,0,0,0,1,0,0,0,1,0,0
826.9,22.0,6.21,204.1,8.58,9.1,1.04,10.92,0,0,1,0,0,1,0,0,0,1
1113.1,27.8,6.55,199.0,5.14,6.0,1.14,9.57,0,0,0,0,0,0,1,0,0,1
939.4,18.8,7.52,221.5,6.46,6.9,6.95,10.75,0,0,0,0,0,1,0,0,0,1
849.5,24.4,7.16,123.2,0.0,6.1,4.7,9.41,0,0,1,0,0,1,0,0,0,1
1332.3,13.3,6.574000000000001,109.3,5.5,6.7,0.54,9.19,1,0,0,0,0,0,0,0,1,1
841.6,26.1,8.12,156.7,8.13,6.4,1.9619999999999997,5.97,0,0,0,1,0,0,0,1,0,0
515.0,17.6,6.91,44.9,5.7,7.2,3.47,7.28,0,0,0,1,0,0,0,0,0,0
668.9,28.8,6.14,21.5,6.21,8.3,6.6,8.52,0,0,0,0,0,0,0,0,1,1
693.9,25.5,6.55,118.7,1.19,8.319999999999999,0.99,10.4,0,1,0,0,0,1,0,0,0,1
1001.4,21.5,6.075999999999999,164.3,1.98,8.080000000000002,8.57,6.8,0,0,1,0,0,0,0,0,1,0
1247.9,16.0,6.03,116.7,8.29,6.0,2.6,7.88,0,0,0,0,0,0,0,0,0,1
1311.9,30.0,7.45,148.68760000000003,4.81,11.0,2.82,6.32,0,0,1,0,1,0,0,0,0,1
651.6,28.2,6.97,49.1,6.2,9.2,8.64,7.71,0,0,0,1,0,0,0,0,0,0
1352.6,24.1,7.68,69.9,0.99,7.6,1.89,7.86,0,1,0,0,0,0,0,0,0,1
625.9,31.6,6.05,91.1,7.26,5.0,15.4,7.02,0,0,0,1,0,0,0,1,0,0
727.6,19.0,5.77,127.0,4.75,5.5,2.85,9.71,0,0,0,1,0,0,1,0,0,1
823.6,29.2,6.05,151.78,3.94,7.9,3.47,7.54,0,1,0,0,0,0,0,0,0,0
1035.8,25.3,5.94,91.3,9.32,9.8,3.27,7.29,0,0,0,0,1,0,0,0,0,1
947.0,24.1,6.57,186.9,7.2,8.6,16.53,9.83,1,0,0,0,0,0,0,0,1,0
536.6,27.3,6.07,94.9,2.11,6.2,2.14,7.48,0,0,0,0,0,0,0,0,1,1
1016.6,24.9,6.45,105.4,4.26,6.7,15.24,11.39,0,0,0,1,0,1,0,0,0,1
638.8,19.8,6.43,152.5,10.857599999999984,6.0,1.27,11.29,1,0,0,0,0,1,0,0,0,1
1357.3,26.7,5.16,246.0,4.17,6.2,1.88,6.82,0,0,0,0,0,0,0,0,1,1
826.4,21.0,7.1,226.2,6.75,8.1,3.54,8.96,0,0,0,1,0,0,0,1,0,1
1394.7,23.6,6.93,286.7380000000001,6.82,5.9,2.2,6.05,0,0,0,0,0,0,0,1,0,0
1280.6,28.5,6.58,201.3,8.1,8.5,7.11,10.39,0,0,0,1,0,0,1,0,0,1
392.2,26.0,6.76,143.5,2.43,7.3,2.416,7.07,1,0,0,0,0,0,0,1,0,0
840.0,23.4,4.95,218.0,4.57,8.5,4.12,9.29,0,0,1,0,0,1,0,0,0,0
1034.8,23.5,4.91,237.6,4.92,9.6,6.34,6.05,0,0,0,0,1,0,0,0,0,0
964.6,31.3,7.51,49.3,5.16,7.4,1.932,6.58,0,0,0,1,0,0,0,0,0,0
954.7,22.7,4.85,138.6,9.76,6.2,1.27,9.31,0,0,0,1,0,0,1,0,0,1
1334.6,30.5,6.96,60.2,5.83,4.6,5.55,5.67,0,0,1,0,1,0,0,0,0,1
789.2,19.4,5.11,252.1,7.07,6.2,1.12,6.65,0,1,0,0,1,0,0,0,0,1
898.5,23.4,7.22,164.3,3.2,9.1,5.89,8.37,0,0,1,0,0,0,1,0,0,0
403.9,25.839999999999996,4.95,275.0,7.72,7.8,5.95,6.07,0,0,0,1,1,0,0,0,0,1
466.1,28.5,5.87,178.6,5.35,7.4,3.464,7.52,0,0,1,0,0,0,0,0,0,1
833.04,25.7,6.01,207.3,6.45,8.2,2.73,8.8,1,0,0,0,0,0,0,0,0,1
1120.1,22.0,5.6,97.3,4.6739999999999995,6.3,1.87,8.19,0,0,0,0,0,0,1,0,0,0
584.7,12.4,6.46,133.2,4.11,7.9,0.61,9.16,1,0,0,0,0,0,1,0,0,1
753.8,25.0,7.11,189.5,5.83,9.7,2.75,9.73,0,0,0,1,0,0,1,0,0,1
997.2,26.5,6.18,168.3,6.01,8.3,10.02,9.13,0,0,0,0,0,0,0,0,1,1
1179.7,20.7,8.22,81.6,4.18,8.2,5.09,6.24,1,0,0,0,1,0,0,0,0,0
858.2,22.2,7.16,156.9,3.53,9.9,2.04,11.22,0,0,1,0,0,1,0,0,0,1
1025.06,12.4,5.81,107.8,5.664,9.1,2.83,10.99,1,0,0,0,0,1,0,0,0,1
739.6,25.4,6.24,213.8,6.55,7.1,3.09,10.6,0,0,0,0,0,1,0,0,0,1
873.1,25.1,6.61,178.3,4.29,7.6,4.19,9.64,0,0,1,0,0,1,0,0,0,0
913.9,26.7,7.95,176.7,4.6,7.4,1.12,7.72,1,0,0,0,1,0,0,0,0,1
668.8,23.5,7.28,228.2,2.46,7.5,3.082,7.92,0,0,0,1,0,0,0,1,0,1
1115.9,22.5,6.7,91.6,5.83,5.5,2.23,7.25,0,0,0,0,0,0,0,1,0,1
1000.5,22.2,7.06,112.7,8.68,7.2,1.18,8.19,0,1,0,0,0,0,1,0,0,0
615.4,25.8,7.18,103.3,6.27,6.4,2.15,7.27,0,0,0,1,1,0,0,0,0,1
1138.9,23.5,7.68,73.7,4.38,7.4,4.91,6.43,0,1,0,0,1,0,0,0,0,1
1225.5,23.6,6.67,11.2,5.38,5.3,4.74,7.78,0,0,1,0,0,0,1,0,0,1
1034.2,25.4,6.34,239.0,4.84,8.7,1.43,10.71,0,0,0,1,0,1,0,0,0,0
1173.9,27.7,7.06,155.0,4.6,7.6,5.51,7.96,0,1,0,0,0,0,0,0,0,1
1113.6,20.4,7.3,170.5,3.28,8.2,6.18,8.01,0,0,0,1,0,0,0,0,0,0
864.2,26.5,6.89,38.6,8.86,8.1,7.53,7.07,0,0,0,0,0,0,0,1,0,1
668.4,28.6,8.01,232.8,5.09,7.7,0.42,7.17,0,0,0,0,0,0,1,0,0,0
1231.7,32.9,5.52,113.5,4.39,8.8,6.04,7.28,0,0,0,1,0,0,0,0,0,1
1071.7,25.5,6.39,191.6,2.37,8.48,28.908999999999867,10.38,1,0,0,0,0,0,1,0,0,1
1112.5,27.9,7.41,168.1,4.04,9.1,10.6,6.32,0,0,0,0,1,0,0,0,0,1
692.1,28.7,6.43,95.1,1.75,5.9,8.11,7.17,0,0,0,0,0,0,0,0,1,0
842.4,20.6,6.09,225.4,8.3,4.3,7.982000000000001,10.96,1,0,0,0,0,0,1,0,0,1
624.7,23.9,6.47,211.0,3.2,8.6,0.58,8.02,0,0,1,0,0,0,1,0,0,0
887.7,19.46,7.36,176.6,3.65,7.7,2.91,10.04,0,0,0,0,0,1,0,0,0,1
1099.5,20.7,6.11,130.3,3.63,8.0,6.24,8.68,0,0,0,1,0,0,1,0,0,0
1112.74,20.9,6.63,257.7,4.66,9.3,2.07,9.22,1,0,0,0,0,0,0,0,0,1
1060.9,25.7,7.94,137.84,6.31,8.7,5.94,8.31,0,0,1,0,0,0,0,0,0,1
1034.4,25.5,7.67,176.1,8.81,9.6,1.83,6.62,0,0,0,0,1,0,0,0,0,0
955.5,21.8,5.85,191.4,1.71,8.6,3.72,10.67,0,0,0,1,0,1,0,0,0,0
1336.2,20.4,6.17,182.5,7.84,7.9,1.77,8.07,0,0,1,0,0,0,0,0,1,1
536.4,19.5,7.47,7.624000000000001,5.53,6.0,11.25,5.58,0,1,0,0,1,0,0,0,0,1
775.6,23.2,7.65,234.8,4.36,7.4,6.59,10.92,0,0,1,0,0,1,0,0,0,1
703.7,32.0,6.62,215.9,7.33,6.4,6.69,8.61,0,0,0,0,0,0,1,0,0,1
419.0,23.0,6.11,179.6,3.47,6.9,9.07,6.81,0,0,0,0,1,0,0,0,0,1
643.5,26.1,6.26,62.4,3.09,9.6,3.03,6.68,0,0,0,1,1,0,0,0,0,1
970.4,21.7,6.92,187.8,7.22,6.7,7.54,10.88,0,0,0,0,0,1,0,0,0,1
670.8,31.2,6.49,199.1,4.81,8.0,10.62,9.72,1,0,0,0,0,0,1,0,0,1
1027.8,29.9,7.68,188.0,8.64,7.1,1.78,7.0,0,0,1,0,0,0,1,0,0,0
786.58,25.9,8.07,147.66,1.83,10.1,3.34,8.4,0,0,1,0,0,0,1,0,0,1
1263.0,27.1,5.2,163.9,4.76,6.0,4.04,6.96,0,0,0,0,0,0,0,1,0,0
937.6,21.2,6.28,152.0,10.857599999999984,6.9,6.85,8.45,0,1,0,0,0,0,0,0,1,1
815.6,17.5,7.28,131.0,5.59,10.3,0.97,6.94,0,0,1,0,0,0,0,0,1,0
1254.2,21.8,6.39,154.5,8.62,5.5,4.64,8.61,0,0,0,0,0,0,0,0,1,1
1215.9,23.2,6.26,60.4,4.27,7.3,3.66,6.82,1,0,0,0,1,0,0,0,0,0
1114.8,24.4,7.48,181.6,0.7,5.8,2.9,8.18,0,0,0,1,0,0,0,0,1,1
791.6,28.1,6.24,155.6,2.72,6.6,21.64,8.66,0,1,0,0,0,0,1,0,0,1
1115.7,14.5,5.17,77.8,4.03,4.9,7.4,6.92,0,0,1,0,0,0,0,1,0,1
330.164,22.0,6.8279999999999985,134.7,5.54,6.9,2.34,6.71,0,1,0,0,0,0,0,0,1,1
988.5,19.3,6.27,142.4,5.4,7.9,1.23,8.14,0,1,0,0,0,0,0,0,1,0
1175.8,28.2,6.42,165.4,2.572,7.8,2.47,7.23,0,0,0,1,0,0,0,0,1,0
686.7,20.2,7.0840000000000005,126.7,10.857599999999984,8.3,1.37,8.78,1,0,0,0,0,0,0,1,0,1
1071.3,27.9,5.66,214.3,7.35,7.5,3.13,7.99,0,0,0,1,1,0,0,0,0,1
1126.7,20.5,7.3,199.3,3.6,5.9,0.89,6.99,0,0,1,0,0,0,0,0,0,0
828.0,24.8,4.59,218.2,4.88,6.6,3.28,8.16,0,0,1,0,0,0,1,0,0,1
973.9,29.5,7.0,131.0,7.11,7.4,5.59,7.95,0,0,1,0,0,0,1,0,0,0
949.0,35.9,7.4,152.3,2.05,9.5,3.2,7.34,0,1,0,0,0,0,1,0,0,0
576.0,31.5,6.39,115.8,3.39,7.7,2.22,6.32,0,0,1,0,0,0,0,0,1,0
1001.8,24.3,4.9,169.7,3.49,7.1,0.71,8.61,0,0,0,0,0,0,1,0,0,1
1004.6,19.6,7.81,178.1,9.53,9.7,6.05,6.24,0,0,0,1,1,0,0,0,0,0
775.6,16.6,6.25,88.5,1.62,7.6,6.99,6.9,0,0,0,0,1,0,0,0,0,1
832.0,19.6,5.25,7.624000000000001,6.42,9.4,1.21,9.41,0,0,0,1,0,1,0,0,0,1
927.3,22.4,6.8,73.7,5.79,7.3,4.82,7.24,0,0,0,0,1,0,0,0,0,1
898.4,20.3,5.66,141.28000000000003,5.51,8.6,3.9760000000000004,11.11,0,0,1,0,0,1,0,0,0,1
1167.7,26.6,7.65,146.0,4.4,9.7,0.71,7.32,0,1,0,0,0,0,0,1,0,0
849.4,17.3,6.67,211.7,3.0,8.4,5.89,7.98,0,0,0,0,0,0,0,1,0,1
890.9,20.8,6.3,90.3,5.54,10.6,1.02,6.91,0,1,0,0,0,0,0,1,0,0
585.4,27.7,6.21,28.5,5.01,5.0,20.12,6.1,0,0,0,0,0,0,0,0,0,0
887.5,21.7,7.45,106.6,2.24,6.6,8.72,7.99,0,1,0,0,0,0,0,0,1,1
1287.9,27.1,6.4,181.1,7.44,6.2,0.42,7.9,0,1,0,0,0,0,1,0,0,0
986.6,23.5,6.37,166.8,6.22,7.2,3.06,10.9,0,0,0,1,0,1,0,0,0,0
724.7,18.6,7.71,108.4,8.26,7.6,0.42,7.07,0,0,0,0,0,0,0,1,0,1
694.7,27.0,5.75,100.8,5.3,6.3,1.94,10.01,0,0,0,1,0,0,1,0,0,1
953.4,17.7,8.42,147.2,6.62,5.4,6.75,6.93,1,0,0,0,0,0,0,1,0,0
593.8,23.1,6.06,148.2,4.02,8.0,3.04,8.81,0,0,0,1,0,0,0,0,0,1
1058.4,19.9,6.43,119.9,7.42,9.5,1.25,8.09,1,0,0,0,0,0,0,0,1,0
800.8199999999999,28.7,6.94,74.2,2.14,7.3,1.8,7.68,0,0,0,1,0,0,0,0,1,0
868.8,30.1,5.79,164.1,6.97,7.5,4.74,8.29,0,1,0,0,0,0,0,0,1,1
619.3,29.7,7.23,219.4,6.9,4.0,5.22,7.54,0,0,1,0,0,0,0,1,0,1
820.8,24.5,6.21,101.7,3.86,5.5,12.81,8.28,0,0,1,0,0,0,0,0,0,1
822.6,19.5,6.59,22.3,1.3,8.7,1.88,6.04,0,0,1,0,0,0,0,1,0,1
979.3,19.8,6.75,139.3,4.98,11.0,0.96,6.58,0,0,1,0,1,0,0,0,0,1
1095.6,20.3,6.99,95.9,2.85,7.4,2.82,10.84,0,0,1,0,0,1,0,0,0,1
660.4,20.9,7.13,108.6,4.1899999999999995,8.1,3.81,7.98,0,1,0,0,0,0,0,0,0,0
769.8199999999999,23.8,6.76,90.2,4.49,9.1,2.81,7.47,0,0,0,0,0,0,0,0,0,1
890.2,20.4,6.58,177.9,7.27,7.6,5.73,9.21,0,0,0,0,0,0,0,0,1,1
1082.0,24.6,6.94,167.6,7.69,7.58,1.51,7.11,0,0,1,0,1,0,0,0,0,1
464.9,25.2,6.17,116.8,2.34,4.8,3.87,7.83,0,0,0,1,0,0,0,0,0,1
330.164,26.9,6.23,106.5,3.68,8.9,8.31,6.81,0,0,0,0,0,0,0,0,0,1
975.5,24.259999999999998,5.76,185.9,4.94,5.0,3.72,7.64,0,0,0,1,0,0,0,0,0,0
1029.9,24.7,6.79,171.2,4.65,9.6,2.07,6.65,0,0,1,0,0,0,0,1,0,0
885.8,28.3,6.65,134.5,5.86,6.4,1.69,8.27,0,0,0,0,0,0,1,0,0,0
697.7,16.2,7.51,125.1,4.59,9.2,6.744,8.02,0,0,1,0,0,0,0,0,0,1
793.6,26.3,8.29,159.1,1.92,9.4,0.42,7.57,0,0,0,0,0,0,0,0,1,1
796.7,25.0,5.22,216.8,3.31,6.6,6.55,7.93,0,0,1,0,0,0,1,0,0,0
1244.7,29.5,6.88,39.7,2.89,6.5,2.17,7.92,0,0,0,1,0,0,1,0,0,0
1047.4,23.3,4.59,104.5,10.857599999999984,10.3,1.68,7.46,0,0,0,0,0,0,0,1,0,1
828.2,25.9,7.19,100.2,6.93,8.4,7.63,6.71,0,0,0,0,0,0,0,1,0,0
1321.5,24.6,6.946000000000001,275.5,6.22,7.6,0.55,8.68,0,0,0,0,0,0,1,0,0,0
857.4,28.5,7.8,121.2,2.98,5.5,1.16,7.0,0,0,1,0,0,0,0,0,1,1
973.0,29.3,6.442,119.9,6.68,6.6,3.05,7.3,0,0,0,1,0,0,0,0,0,0
1123.7,26.8,7.58,183.0,0.0,7.5,1.56,8.29,0,0,0,1,0,0,0,0,1,1
1267.4,25.0,7.34,142.8,9.99,10.3,0.76,8.31,0,1,0,0,0,0,0,0,1,1
1146.9,30.9,7.09,167.5,4.79,6.2,0.42,6.4,0,1,0,0,0,0,0,1,0,0
627.6,18.9,6.61,221.2,5.93,7.0,1.24,7.76,0,0,1,0,1,0,0,0,0,1
1166.0,33.2,6.28,163.9,2.06,6.3,2.84,6.77,0,1,0,0,0,0,0,1,0,0
1109.8,32.3,7.58,148.3,4.38,6.5,3.9,9.25,0,0,0,0,0,1,0,0,0,0
943.3,22.8,6.88,143.0,7.17,7.56,4.99,7.45,0,1,0,0,1,0,0,0,0,1
492.3,15.8,6.4,77.0,8.66,8.2,1.03,9.91,0,0,0,1,0,1,0,0,0,0
1034.2,27.2,5.67,153.9,2.7079999999999997,7.0,3.31,8.52,0,0,0,0,0,0,0,0,1,1
804.0,23.9,7.75,123.0,0.33,11.0,1.32,7.59,0,1,0,0,0,0,0,1,0,1
1443.1,21.6,6.56,73.9,4.62,4.8,3.48,8.21,0,1,0,0,0,0,0,0,1,1
1102.3,28.8,6.94,245.4,3.66,8.5,1.29,7.86,0,1,0,0,0,0,0,1,0,1
1029.9,20.6,6.57,172.9,3.472,8.8,2.48,8.36,0,0,0,1,0,0,0,1,0,1
710.8,28.4,6.75,186.1,1.56,4.1,3.26,8.59,0,0,0,1,0,0,0,0,0,1
878.4,24.26,6.68,152.2,1.48,5.9,0.64,6.8,0,0,0,0,0,0,0,1,0,0
912.4399999999999,22.7,6.08,151.6,4.25,5.8,16.15,6.61,0,0,1,0,0,0,0,1,0,1
761.5,16.3,7.06,46.5,3.84,7.12,2.04,9.19,0,0,1,0,0,1,0,0,0,0
1129.0,21.6,6.18,128.7,5.29,9.0,8.12,8.79,1,0,0,0,0,0,0,0,0,0
1259.4,21.3,6.76,94.2,4.28,6.2,3.07,8.53,1,0,0,0,0,0,0,0,0,1
854.9,26.7,6.64,69.2,10.857599999999984,6.3,13.29,8.24,1,0,0,0,0,0,0,0,1,1
1022.0,25.6,5.37,131.3,5.01,7.1,11.28,9.64,0,0,0,1,0,0,1,0,0,1
798.0,21.3,5.85,60.6,8.29,7.0,26.88,5.2514,0,0,1,0,1,0,0,0,0,0
1346.0,26.7,6.96,59.3,9.88,4.8,15.14,7.6,0,0,1,0,0,0,0,0,0,1
1222.2,15.1,6.56,64.8,3.42,4.4,0.7,6.74,0,0,0,1,0,0,0,0,0,0
1048.2,17.9,6.84,41.6,8.39,9.0,13.77,9.81,0,1,0,0,0,1,0,0,0,0
1022.3,22.14,6.38,111.9,3.41,6.9,6.16,7.04,0,0,1,0,1,0,0,0,0,1
1048.1,22.4,5.75,111.6,1.47,8.6,1.55,7.0,0,0,0,1,0,0,0,1,0,0
1380.3,12.4,6.35,188.0,3.69,7.7,3.84,6.07,0,0,0,0,0,0,0,0,1,0
846.4599999999998,29.4,6.56,199.5,5.51,9.6,1.11,10.0,0,1,0,0,0,1,0,0,0,1
837.4800000000001,21.7,6.51,204.5,7.163519999999997,7.3,1.38,9.85,0,0,0,0,0,1,0,0,0,0
861.5,19.9,4.76,146.1,7.78,7.7,3.97,6.42,0,0,0,0,1,0,0,0,0,0
1059.1,28.7,7.49,207.6,5.73,8.2,8.06,10.03,0,0,0,1,0,0,1,0,0,1
847.0200000000001,30.0,6.13,188.8,4.46,8.2,4.56,6.45,0,0,1,0,1,0,0,0,0,1
406.2,25.6,7.29,197.5,7.0,8.0,7.17,8.7,0,0,0,0,0,0,1,0,0,0
1019.6,29.8,6.49,109.5,3.04,10.4,9.43,7.29,0,0,0,0,0,0,0,0,0,0
596.4,22.4,5.64,97.6,5.33,7.4,1.61,7.98,0,0,0,0,0,0,0,0,1,0
946.1,20.5,6.08,54.1,4.71,8.7,0.48,6.67,0,0,0,1,1,0,0,0,0,0
745.6,26.7,7.47,111.8,4.16,7.9,0.79,8.24,1,0,0,0,0,0,0,0,0,0
898.5,30.8,6.97,189.3,7.98,9.2,13.12,7.26,0,0,1,0,0,0,0,1,0,1
848.3,24.7,6.72,191.0,2.13,10.3,4.44,8.06,0,0,0,1,1,0,0,0,0,1
956.4,27.1,5.85,125.3,5.31,5.7,1.26,6.35,0,0,1,0,0,0,0,1,0,1
1074.1,20.4,6.64,132.5,6.54,7.7,3.23,10.1,0,0,0,0,0,1,0,0,0,0
1108.1,27.6,6.26,39.7,10.83,7.5,0.63,6.43,0,0,0,1,0,0,0,1,0,0
626.3,24.5,6.28,201.7,3.14,8.1,5.6080000000000005,8.15,0,0,1,0,0,0,1,0,0,0
803.1,27.5,5.65,126.5,0.0,9.2,18.19,10.94,0,0,0,1,0,1,0,0,0,1
330.164,30.9,6.21,71.5,1.08,7.9,9.96,5.59,0,0,1,0,0,0,0,0,1,0
959.1,18.7,8.06,30.1,4.62,6.6,6.9,6.38,0,0,1,0,0,0,0,0,0,1
881.3,21.3,4.97,145.24,2.56,6.1,3.12,8.73,1,0,0,0,0,0,1,0,0,0
1063.4,24.9,6.22,142.0,3.44,8.2,2.15,9.61,0,0,0,1,0,0,0,1,0,1
915.8,27.4,6.7299999999999995,115.8,4.7,9.8,3.57,7.28,0,0,0,1,1,0,0,0,0,1
742.8,26.2,6.92,155.3,6.85,8.2,4.374,7.37,0,0,0,1,0,0,0,1,0,1
1164.1,33.8,7.23,102.7,0.79,5.2,8.25,8.29,0,0,0,1,0,0,0,0,0,1
1488.4299999999998,21.0,6.67,161.33999999999997,4.86,8.0,6.2,10.46,0,0,0,0,0,1,0,0,0,1
738.0,24.6,6.31,133.36,3.09,6.1,3.8660000000000005,7.97,0,0,0,1,0,0,0,1,0,1
790.5800000000002,27.2,6.26,192.4,4.49,7.2,4.86,9.1,0,0,0,0,0,0,1,0,0,0
1076.6,31.6,6.54,219.6,5.651999999999999,7.2,2.592,9.63,0,0,0,0,0,1,0,0,0,0
639.3,19.1,6.44,21.1,8.06,6.6,11.36,5.7,0,0,0,1,1,0,0,0,0,0
868.5,24.68,5.51,102.9,0.71,9.3,1.14,6.49,0,0,1,0,0,0,0,0,1,1
811.5,30.7,6.04,154.8,7.1,8.2,7.79,7.4,0,0,0,1,1,0,0,0,0,1
729.4,22.6,6.84,104.3,5.11,6.6,2.97,7.91,0,1,0,0,1,0,0,0,0,1
887.6,20.8,6.51,182.5,7.41,9.1,0.64,8.04,0,0,1,0,0,0,0,0,0,1
920.22,34.8,6.66,137.0,3.57,6.6,2.52,5.77,0,1,0,0,1,0,0,0,0,1
1291.3,29.1,7.02,18.5,10.03,9.5,5.5,9.32,0,0,0,1,0,1,0,0,0,0
766.4,24.8,5.57,118.5,3.068,5.7,1.63,11.11,0,0,0,0,0,1,0,0,0,1
911.2,24.5,6.89,225.7,0.39,4.7,1.9,7.24,0,0,0,0,0,0,0,0,1,0
743.9,28.6,6.52,90.6,2.79,6.8,2.76,9.08,1,0,0,0,0,0,1,0,0,0
330.164,15.9,7.43,208.4,4.0,10.5,3.7060000000000004,8.44,0,0,0,0,0,0,1,0,0,1
500.4,20.0,6.41,48.7,5.21,5.7,6.35,7.3,0,1,0,0,0,0,0,1,0,1
816.0,18.1,6.01,104.5,7.34,7.1,2.37,8.93,1,0,0,0,0,0,0,0,1,0
1224.5,23.5,5.66,131.9,5.18,7.7,3.98,7.0,0,1,0,0,0,0,0,1,0,1
630.6,23.2,6.51,209.4,2.85,9.0,2.32,5.81,0,0,1,0,1,0,0,0,0,0
1011.2,21.7,5.51,219.4,4.99,7.3,3.85,8.3,1,0,0,0,0,0,0,0,1,0
555.6,17.9,6.44,162.8,4.33,7.58,1.87,11.578600000000005,1,0,0,0,0,1,0,0,0,1
1144.2,25.2,5.7,160.0,5.17,7.3,1.94,11.578600000000005,1,0,0,0,0,1,0,0,0,1
554.1,29.3,7.09,237.2,4.91,4.6,4.16,6.85,0,0,0,0,0,0,0,1,0,1
854.2,24.7,6.07,190.3,4.254,5.0,2.49,6.71,0,0,1,0,0,0,0,1,0,0
816.7,27.1,5.51,286.7380000000001,4.53,9.5,28.908999999999867,8.99,0,1,0,0,0,0,0,0,1,1
886.0,19.5,6.38,27.4,5.17,8.2,2.96,10.81,1,0,0,0,0,1,0,0,0,1
756.2,18.5,5.77,160.0,5.614,5.9,3.49,7.79,0,0,1,0,0,0,0,0,1,1
992.1,13.8,6.48,182.6,7.21,9.0,0.72,7.49,0,0,1,0,0,0,0,0,0,1
1181.3,30.9,6.0,170.1,8.48,8.9,5.188000000000001,7.9,0,0,1,0,0,0,1,0,0,0
902.7,23.4,5.9,186.6,4.1739999999999995,8.2,7.44,8.47,1,0,0,0,0,0,0,0,1,0
870.9,27.2,6.556,175.1,3.37,11.0,4.67,8.34,0,1,0,0,0,0,0,0,0,0
1074.3,21.5,6.71,173.1,4.06,7.4799999999999995,0.83,8.48,0,0,0,1,0,0,0,0,0,1
951.8,15.6,6.68,170.9,6.45,5.8,3.28,8.79,0,0,0,1,0,0,0,0,1,0
926.2,14.7,6.69,162.0,7.99,5.3,9.14,8.15,1,0,0,0,0,0,0,0,1,0
1048.6,24.6,6.5,242.6,7.21,6.6,0.74,11.03,1,0,0,0,0,1,0,0,0,0
1193.9,14.9,4.59,180.5,7.42,8.8,2.61,7.54,0,1,0,0,0,0,1,0,0,0
769.0,25.4,6.08,154.8,5.66,8.9,0.47,7.45,1,0,0,0,1,0,0,0,0,0
418.3,20.7,7.03,121.1,5.37,10.7,1.89,6.39,1,0,0,0,1,0,0,0,0,0
904.9,19.3,6.4959999999999996,162.9,7.48,7.7,8.38,7.87,0,0,0,1,0,0,0,0,1,0
994.1,26.3,7.75,127.9,2.44,6.6,1.36,7.52,0,0,0,0,1,0,0,0,0,1
1353.7,15.6,5.61,162.9,7.14,6.2,3.476,7.8,0,0,0,1,0,0,0,0,0,1
1414.1,35.9,6.43,28.4,7.8,7.7,2.1,6.29,0,1,0,0,0,0,0,0,0,1
1194.4,29.9,6.85,124.1,4.41,7.2,3.52,7.75,1,0,0,0,1,0,0,0,0,1
685.0,17.1,6.18,76.7,7.11,9.7,4.22,11.55,1,0,0,0,0,1,0,0,0,0
967.4,25.7,7.05,162.1,6.42,9.0,6.65,7.02,0,0,1,0,0,0,0,0,1,0
800.1,30.9,6.4,118.2,5.38,9.7,3.27,6.46,0,0,0,0,1,0,0,0,0,1
728.1,28.3,5.41,211.2676,7.95,6.5,15.31,6.34,0,0,0,0,1,0,0,0,0,0
941.8,25.2,7.55,88.6,5.74,9.6,1.24,10.57,1,0,0,0,0,1,0,0,0,0
1142.9,13.7,6.45,71.3,6.12,7.6,4.25,8.46,0,0,0,0,0,0,0,0,1,1
613.0,17.2,7.16,118.4,5.52,7.4,6.822,9.86,0,0,1,0,0,1,0,0,0,0
330.164,20.7,6.91,107.8,4.96,8.1,9.15,8.21,0,0,0,0,0,0,0,0,1,1
1176.6,27.3,7.85,157.2,6.01,9.9,1.08,9.17,0,1,0,0,0,0,1,0,0,1
684.5,19.9,6.52,25.8,5.18,8.0,6.4159999999999995,7.9,1,0,0,0,0,0,0,1,0,1
1194.8,26.4,7.99,158.2,4.162000000000001,6.8,28.908999999999867,10.94,0,0,0,0,0,1,0,0,0,1
663.9,15.6,6.29,130.2,7.66,11.0,9.5,6.33,0,0,0,1,1,0,0,0,0,0
785.24,31.2,5.98,119.8,4.99,8.2,9.53,6.16,0,0,1,0,1,0,0,0,0,1
735.6,32.8,6.06,152.0,5.16,4.7,8.27,8.97,1,0,0,0,0,0,1,0,0,1
666.6,19.9,5.7,154.3,9.14,5.8,0.88,9.68,0,0,0,1,0,0,1,0,0,1
652.7,12.4,6.63,139.85999999999999,8.56,6.7,2.27,6.62,0,0,1,0,0,0,0,0,0,0
811.9,21.3,7.05,120.3,0.23,6.5,1.17,10.1,0,0,0,0,0,0,1,0,0,1
583.0,23.3,6.52,177.4,10.17,5.5,13.75,7.47,0,0,1,0,0,0,1,0,0,0
720.1,25.2,5.95,224.1,5.69,6.5,5.63,9.72,0,1,0,0,0,0,1,0,0,1
1027.3,21.2,7.37,241.6,2.13,6.2,7.58,6.36,0,0,1,0,0,0,0,0,0,0
1213.7,20.5,5.92,55.8,2.85,8.8,3.01,7.98,1,0,0,0,1,0,0,0,0,1
1041.4,18.5,7.42,108.1,2.16,8.4,2.78,6.96,0,0,1,0,0,0,0,0,0,0
984.14,30.0,7.22,158.1,8.54,4.8,1.03,6.85,0,1,0,0,0,0,0,0,1,0
687.8,29.1,6.28,153.14000000000001,1.55,6.8,4.75,7.96,0,0,1,0,0,0,0,0,0,1
851.4,21.9,5.82,192.2,1.85,4.3,1.87,6.98,0,0,0,1,1,0,0,0,0,1
1022.0,14.5,6.15,157.7,10.15,9.1,11.28,9.84,0,1,0,0,0,1,0,0,0,0
762.54,31.9,5.89,154.7,3.04,6.0,3.08,7.96,0,0,0,0,0,0,0,1,0,1
838.8,22.2,6.75,158.6,3.57,7.5,7.08,9.73,1,0,0,0,0,0,1,0,0,0
1216.7,21.9,7.25,54.4,3.99,5.3,0.58,7.59,0,0,0,0,0,0,0,0,0,1
690.4,19.4,6.42,140.4,4.87,8.9,1.17,8.2,0,0,1,0,0,0,0,0,0,1
809.9,26.3,7.0,115.64000000000001,6.72,6.3,2.48,7.93,0,0,0,1,0,0,0,0,0,0
1036.8,20.9,6.59,177.1,6.26,8.6,8.32,8.41,0,1,0,0,0,0,0,1,0,0
511.0,17.9,6.104,140.1,5.85,9.4,5.638000000000001,9.72,0,1,0,0,0,0,1,0,0,1
661.1,27.7,5.01,268.8,1.74,8.6,3.8,7.89,1,0,0,0,0,0,0,1,0,1
340.6,21.8,6.56,113.4,1.89,4.4,4.61,7.2,0,0,0,1,0,0,0,0,0,1
1202.9,34.3,4.73,111.1,3.36,8.0,12.19,5.91,0,0,0,0,0,0,0,0,0,0
996.8,25.6,5.8,83.0,4.52,7.0,3.08,8.11,0,0,0,1,0,0,0,0,1,0
613.8,32.2,5.59,155.0,2.55,6.8,1.98,6.25,0,0,0,0,0,0,0,1,0,1
891.1,28.4,6.63,118.0,4.32,7.4,1.31,7.63,0,1,0,0,0,0,0,0,0,1
450.0,15.7,6.51,117.7,2.07,8.3,3.99,7.33,0,0,0,1,0,0,0,1,0,0
724.2,27.4,6.64,152.0,0.66,7.0,3.0,7.95,1,0,0,0,0,0,0,0,0,0
673.9,26.7,7.03,181.4,8.25,6.3,2.46,9.21,0,0,0,0,0,0,1,0,0,1
948.8,23.8,7.71,222.3,5.04,7.8,27.81,10.63,0,0,0,0,0,1,0,0,0,0
1069.8,21.8,6.05,242.2,0.0,8.3,10.39,8.81,0,0,0,0,0,0,1,0,0,0
807.9,30.9,5.34,182.2,7.87,6.4,8.07,7.3,0,0,0,0,0,0,0,0,1,1
1029.5,12.7,6.13,139.2,5.23,7.5,18.26,10.84,0,1,0,0,0,1,0,0,0,1
632.7,27.3,6.858,155.4,3.37,5.1,17.93,6.32,0,0,0,1,0,0,0,1,0,0
873.1,18.4,6.02,33.0,1.78,7.9,4.02,9.44,0,1,0,0,0,1,0,0,0,0
935.7,29.5,6.75,208.0,2.26,8.2,6.97,10.51,0,0,1,0,0,1,0,0,0,1
1118.6,19.5,5.69,179.3,6.72,7.9,1.85,7.68,0,0,0,0,0,0,0,0,1,0
692.9,17.1,6.773999999999999,230.7,5.8,6.6,1.59,6.49,0,0,0,0,0,0,0,1,0,0
390.6,17.4,7.65,211.8,4.94,9.3,5.69,6.55,0,1,0,0,1,0,0,0,0,1
1043.5,28.2,6.63,166.4,1.69,6.4,2.53,7.89,0,1,0,0,0,0,0,0,0,0
858.3,35.9,5.62,119.8,6.634,8.7,2.29,5.37,0,0,1,0,1,0,0,0,0,1
602.5,24.6,5.44,198.9,0.03,7.4,8.72,7.14,0,0,0,0,0,0,0,0,0,1
1095.7,16.9,6.79,181.6,4.47,6.5,1.06,8.93,0,0,0,1,0,0,0,0,1,1
914.4,25.8,6.837999999999999,267.7,4.62,7.0,4.17,9.15,0,1,0,0,0,0,0,1,0,1
1118.1,23.0,6.1,207.7,6.74,4.9,2.46,8.84,0,1,0,0,0,0,0,1,0,1
1158.2,30.2,6.7,192.7,0.61,5.1,1.65,10.86,0,0,0,0,0,1,0,0,0,1
1021.2,22.439999999999998,6.58,129.0,6.14,6.3,4.45,8.37,0,1,0,0,0,0,0,0,1,1
753.6,24.0,6.79,67.3,8.46,6.0,2.21,6.71,0,1,0,0,0,0,0,0,1,0
1488.4299999999998,18.8,7.92,118.8,1.24,8.5,2.41,7.1,0,0,1,0,0,0,0,0,0,1
846.4,21.9,6.73,286.7380000000001,9.08,7.4,1.09,8.89,0,0,1,0,0,1,0,0,0,0
1018.6,17.6,6.04,175.9,4.24,8.7,3.072,9.17,1,0,0,0,0,0,0,0,0,1
923.4,30.8,6.36,70.2,6.83,6.1,1.8,5.2514,0,0,1,0,1,0,0,0,0,0
998.5,24.2,5.22,170.8,4.49,8.5,7.36,8.36,0,0,0,0,0,0,0,0,0,1
827.5,24.7,6.01,129.3,7.59,7.1,1.88,7.81,0,0,1,0,0,0,0,0,0,0
931.8,21.3,7.55,73.0,4.49,9.6,3.5759999999999996,8.38,1,0,0,0,0,0,0,0,0,1
767.9,17.4,6.83,262.1,1.32,9.2,4.43,6.56,1,0,0,0,1,0,0,0,0,0
761.5,23.9,6.84,164.4,6.45,7.5,3.65,8.92,0,1,0,0,0,0,0,0,1,1
952.2,27.7,6.2780000000000005,114.2,2.44,7.0,2.3519999999999994,6.8,0,0,1,0,1,0,0,0,0,0
360.2,17.4,6.1,199.1,6.08,6.7,1.39,11.18,1,0,0,0,0,1,0,0,0,1
1045.1,33.2,7.04,11.6,5.63,5.4,4.3,5.64,0,0,0,0,1,0,0,0,0,1
522.9,16.3,6.37,157.76,4.1240000000000006,6.6,1.4,6.94,0,0,0,1,1,0,0,0,0,1
650.1,28.3,6.42,137.3,4.86,4.4,1.53,7.6,1,0,0,0,0,0,0,0,0,0
785.7,18.1,5.5,170.2,4.86,5.8,2.79,8.8,1,0,0,0,0,0,0,0,0,1
987.9,28.3,6.24,208.3,6.38,4.2,2.04,9.79,0,1,0,0,0,0,1,0,0,1
796.5,16.7,6.87,277.8,5.29,8.4,7.46,9.72,0,0,0,0,0,0,1,0,0,1
806.5,20.4,4.89,158.4,1.92,9.2,0.79,8.94,0,0,0,1,0,0,1,0,0,0
1163.9,18.9,6.38,162.8,2.57,10.0,2.8,11.36,0,0,0,1,0,1,0,0,0,1
723.8,22.2,6.1,169.64,10.73,8.1,1.81,9.2,0,0,1,0,0,1,0,0,0,0
1182.9,20.4,7.58,85.9,4.15,7.1,2.53,7.55,1,0,0,0,0,0,0,1,0,0
894.6,29.0,6.67,145.9,7.16,7.6,2.32,6.12,0,0,1,0,1,0,0,0,0,0
787.3,16.1,6.63,171.6,5.17,7.2,13.41,8.79,0,0,0,0,0,0,1,0,0,0
1349.6,15.5,7.44,217.1,5.7540000000000004,6.9,5.55,5.42,0,1,0,0,1,0,0,0,0,0
1091.3,25.0,4.61,120.1,3.54,7.8,3.09,5.66,0,0,0,0,1,0,0,0,0,0
1061.9,18.9,8.36,141.7,4.19,6.2,3.34,6.52,0,0,1,0,0,0,0,1,0,1
1076.9,29.6,6.7,113.3,1.46,4.0,1.29,6.52,0,0,1,0,0,0,0,0,0,0
534.0,18.9,6.62,77.6,5.88,4.4,23.51,8.56,0,0,1,0,0,0,0,0,1,1
1076.8,18.5,5.71,71.5,2.43,8.9,6.47,6.31,0,0,1,0,0,0,0,1,0,0
1000.4,25.3,5.56,170.9,6.79,8.9,1.52,8.15,1,0,0,0,0,0,0,1,0,0
782.5,23.2,6.08,170.5,7.75,7.8,1.02,10.92,0,0,1,0,0,1,0,0,0,1
1064.1,31.0,5.96,259.9,4.05,4.0,10.38,7.06,1,0,0,0,0,0,0,1,0,0
627.2,25.2,5.35,89.7,5.71,8.4,4.29,7.05,0,1,0,0,0,0,0,0,0,1
1114.7,28.6,7.78,98.5,5.21,8.2,2.2,9.17,0,1,0,0,0,0,1,0,0,1
936.0,12.4,6.68,205.1,5.77,8.1,0.96,9.64,0,0,1,0,0,1,0,0,0,0
1359.1,24.96,7.73,286.7380000000001,1.19,5.2,1.93,5.95,0,0,1,0,1,0,0,0,0,1
810.1,23.4,7.35,133.7,9.44,6.6,1.79,8.28,1,0,0,0,1,0,0,0,0,1
543.8,22.2,6.33,147.5,3.28,8.0,5.84,6.53,0,0,1,0,1,0,0,0,0,1
691.9,20.8,6.95,87.6,3.27,7.4,2.26,8.49,1,0,0,0,1,0,0,0,0,1
916.8,21.9,7.14,228.0,10.857599999999984,6.6,1.28,7.83,0,0,0,0,0,0,0,1,0,0
1022.2,30.7,5.1,173.3,7.73,6.5,2.66,7.69,0,0,0,1,0,0,1,0,0,0
643.6,28.6,6.35,210.5,4.73,8.4,1.21,9.15,0,0,0,0,0,0,1,0,0,1
748.6,26.6,7.09,189.6,5.99,10.6,8.63,8.45,0,1,0,0,0,0,0,1,0,1
1265.3,23.2,5.09,136.3,2.21,9.2,9.56,7.93,1,0,0,0,0,0,0,1,0,0
1026.7,31.3,6.434,180.6,7.75,9.6,7.06,9.01,0,0,0,1,0,0,1,0,0,1
1249.3,25.3,5.7,137.4,3.7,5.3,8.74,6.54,0,0,0,0,1,0,0,0,0,0
958.2,25.3,7.17,123.1,4.28,7.6,8.08,9.07,0,0,1,0,0,0,1,0,0,1
640.3,21.2,5.77,136.5,3.31,8.7,0.73,7.79,0,0,1,0,0,0,0,0,0,0
970.2,25.5,7.92,172.66,6.63,6.2,2.91,7.13,0,1,0,0,0,0,0,1,0,1
472.4,17.3,6.03,231.4,5.92,8.9,0.5,11.28,1,0,0,0,0,1,0,0,0,0
1047.8,21.8,5.936,210.4,2.92,8.2,1.94,8.41,0,0,0,0,0,0,1,0,0,0
1040.6,27.4,6.88,258.1,10.38,7.3,0.94,10.21,0,0,0,0,0,1,0,0,0,0
786.3,21.4,6.9,111.7,0.0,8.7,2.9,8.43,0,0,0,0,0,0,0,1,0,1
728.4,21.2,6.87,122.2,7.09,8.0,6.07,8.16,1,0,0,0,0,0,0,0,1,0
954.3,24.6,7.19,110.1,2.2,4.8,1.82,7.56,0,1,0,0,0,0,0,0,0,0
937.8,30.4,7.27,161.3,2.104,8.4,3.7359999999999998,6.77,0,0,0,1,1,0,0,0,0,0
657.3,26.4,7.6,162.99999999999997,5.99,10.2,1.94,8.74,0,0,0,0,0,0,1,0,0,1
564.1,34.6,7.167999999999999,112.8,1.51,7.7,2.01,7.32,0,1,0,0,0,0,0,0,0,1
817.3,25.880000000000003,6.89,240.1,5.25,8.120000000000001,1.54,7.18,0,0,0,0,0,0,0,1,0,0
1138.7,25.5,7.85,165.3,2.33,6.8,4.26,7.23,1,0,0,0,0,0,0,1,0,0
1303.2,22.4,6.18,132.6,9.36,8.3,3.66,8.57,1,0,0,0,1,0,0,0,0,1
860.5,24.8,6.91,168.5,3.98,5.6,1.14,9.6,0,1,0,0,0,0,1,0,0,1
679.8,28.2,8.1,129.9,8.56,11.0,1.39,6.86,1,0,0,0,0,0,0,0,0,0
815.6,20.5,6.63,144.9,8.22,10.2,1.99,7.45,0,0,1,0,0,0,0,1,0,0
971.4,27.0,7.36,139.12,0.26,9.7,1.07,7.57,0,1,0,0,0,0,0,1,0,0
673.6,24.6,7.23,220.0,3.88,11.0,3.5,10.29,0,0,1,0,0,1,0,0,0,0
1124.0,14.4,5.4,151.6,6.34,8.6,7.7,8.34,0,0,0,1,0,0,0,0,0,1
1001.0,16.1,6.09,73.3,10.74,9.4,2.02,11.2,0,1,0,0,0,1,0,0,0,1
524.5,20.8,7.24,137.94,2.74,5.6,15.69,8.39,1,0,0,0,0,0,1,0,0,0
868.4,26.7,8.22,156.6,6.25,11.0,1.68,5.2514,0,0,0,0,1,0,0,0,0,0
548.8,23.2,6.2,172.4,6.7,5.8,1.27,9.28,1,0,0,0,0,0,1,0,0,0
993.1,17.7,7.06,138.4,3.45,9.5,2.17,7.33,0,0,0,1,1,0,0,0,0,1
1000.5,15.8,7.36,74.4,4.05,8.3,1.92,8.01,0,0,1,0,0,0,0,0,0,0
806.9,21.940000000000005,6.71,201.9,5.47,9.9,0.58,7.44,0,0,0,1,0,0,0,0,1,0
697.9,24.6,6.5,154.7,2.64,4.7,2.14,9.38,1,0,0,0,0,0,1,0,0,0
968.2,22.4,7.18,55.5,2.88,4.0,5.67,7.16,1,0,0,0,1,0,0,0,0,1
875.0,23.6,6.12,175.3,3.62,4.0,4.84,7.21,0,0,1,0,0,0,0,0,0,1
765.7,25.9,7.26,10.5,1.0,8.7,4.43,7.78,1,0,0,0,0,0,0,1,0,1
833.4,28.8,6.53,137.7,5.93,9.6,1.3,7.18,0,1,0,0,1,0,0,0,0,1
843.6,29.5,5.83,165.7,4.01,6.8,2.8,9.46,1,0,0,0,0,0,0,0,0,1
1253.7,22.6,5.1,186.7,6.89,6.4,3.19,9.05,1,0,0,0,0,0,0,0,1,1
1100.1,18.7,7.29,102.3,3.94,8.7,28.908999999999867,11.42,0,0,0,0,0,1,0,0,0,1
1042.6,33.6,6.72,240.0,7.96,8.5,1.67,9.47,0,1,0,0,0,1,0,0,0,0
924.7,28.8,5.87,129.6,4.79,4.7,14.23,9.18,0,0,0,1,0,0,1,0,0,1
905.4,26.1,5.59,191.9,3.33,6.4,1.82,7.05,0,0,1,0,1,0,0,0,0,1
766.6,16.8,6.89,164.1,7.34,9.2,1.42,9.23,1,0,0,0,0,0,1,0,0,0
660.9,35.7,6.23,135.1,6.79,8.8,2.23,7.08,0,0,1,0,0,0,0,0,1,1
609.5,27.3,5.94,112.9,5.458,7.6,1.43,10.86,0,0,0,1,0,1,0,0,0,1
876.9,22.2,6.45,208.9,3.71,8.2,4.72,9.46,0,0,0,0,0,0,0,0,1,1
717.1,28.4,4.59,221.3,3.02,7.5,6.09,10.09,1,0,0,0,0,1,0,0,0,1
892.8,15.2,6.7,99.2,6.61,7.7,2.62,7.73,0,0,0,0,1,0,0,0,0,1
975.7,23.1,6.87,124.5,3.69,9.0,3.27,9.73,0,0,0,1,0,0,1,0,0,1
1243.3,32.4,8.06,22.5,6.14,6.5,1.45,5.2514,0,0,0,0,1,0,0,0,0,1
872.6,33.5,5.79,77.4,4.54,8.5,3.64,8.87,1,0,0,0,0,0,1,0,0,0
1281.0,24.7,6.66,161.3,4.73,10.1,3.0,6.36,0,0,0,1,1,0,0,0,0,0
1092.7,20.7,5.45,147.1,6.61,6.6,8.86,8.48,0,0,0,0,0,0,0,0,1,1
750.2,34.4,6.04,53.1,4.46,6.5,1.8,10.04,1,0,0,0,0,1,0,0,0,0
1225.5,24.2,6.204000000000001,104.6,4.74,7.9,2.19,7.51,0,1,0,0,0,0,0,1,0,0
913.8199999999999,26.6,5.4,150.8,7.4,9.4,7.1,9.75,1,0,0,0,0,0,1,0,0,1
794.1,24.9,5.42,106.8,6.32,7.4,0.81,6.13,0,1,0,0,1,0,0,0,0,1
1011.9,26.2,6.98,93.3,9.0,7.3,2.32,8.33,1,0,0,0,0,0,0,0,0,1
1391.5,23.4,5.54,279.6,4.83,7.6,1.24,7.09,0,0,1,0,0,0,0,0,0,0
750.8,21.6,7.17,91.4,4.65,8.6,20.09,9.3,0,0,1,0,0,0,1,0,0,0
721.1,21.6,6.79,83.9,1.44,7.5,3.72,6.12,0,0,1,0,1,0,0,0,0,1
541.1,25.1,7.216000000000001,180.9,0.66,9.5,28.908999999999867,7.86,0,0,1,0,0,0,1,0,0,0
709.6,12.7,5.87,124.1,2.65,11.0,3.0,10.07,0,0,1,0,0,1,0,0,0,1
559.0,18.0,6.96,141.2,7.22,4.9,0.42,7.53,0,1,0,0,0,0,0,0,1,1
1088.4,23.5,6.58,236.4,4.87,5.6,6.27,7.57,0,1,0,0,0,0,0,0,1,0
966.6,35.9,7.26,81.3,0.31,6.8,4.36,9.59,1,0,0,0,0,1,0,0,0,1
1097.1,27.1,4.59,107.9,4.56,9.1,0.64,9.65,0,1,0,0,0,1,0,0,0,1
801.58,23.8,5.77,149.5,0.45,6.2,1.77,9.97,1,0,0,0,0,0,1,0,0,1
1032.0,26.5,7.07,265.4,10.857599999999984,9.1,13.05,8.07,0,0,0,1,0,0,0,0,1,0
814.7,21.2,5.48,171.06,4.81,7.7,1.84,9.75,0,0,0,1,0,1,0,0,0,0
918.3,23.6,7.75,274.1,4.57,7.2,6.59,7.63,0,0,1,0,1,0,0,0,0,1
1422.3,24.1,6.19,123.3,5.32,9.5,1.07,9.66,0,0,0,1,0,0,1,0,0,1
1338.2,22.619999999999997,6.16,202.5,7.57,8.8,1.22,8.5,0,0,0,1,0,0,0,0,0,1
652.3,21.3,7.37,93.6,5.95,7.5,2.26,7.7,0,1,0,0,0,0,0,0,1,0
602.9,24.7,6.72,286.7380000000001,7.33,6.5,1.64,7.87,0,1,0,0,0,0,0,0,0,1
1249.4,29.5,5.97,42.8,7.17,7.9,3.86,8.28,1,0,0,0,0,0,0,1,0,1
471.7,19.3,7.06,110.9,0.62,7.1,3.03,6.38,1,0,0,0,1,0,0,0,0,0
920.6,27.8,6.88,50.3,4.2,5.7,13.33,7.49,0,0,0,1,0,0,0,0,1,1
783.6,25.3,7.13,106.0,6.0,6.6800000000000015,3.16,9.0,0,1,0,0,0,0,1,0,0,1
1215.3,29.2,5.62,221.2,2.03,6.1,3.49,10.1,0,1,0,0,0,1,0,0,0,1
507.3,17.2,6.6,129.1,5.63,8.4,1.47,9.36,0,0,0,1,0,0,1,0,0,0
813.4,24.4,6.56,100.1,5.16,5.9,25.68,10.75,0,0,0,0,0,1,0,0,0,1
909.5,33.6,6.44,107.7,3.38,9.3,2.22,6.82,0,0,0,0,0,0,0,0,1,0
964.5,34.7,6.75,196.0,3.38,4.9,2.08,6.38,0,0,0,1,0,0,0,0,1,0
845.3,25.6,5.87,90.6,7.68,7.2,1.45,9.44,0,1,0,0,0,0,1,0,0,0
901.3,20.6,7.29,99.5,1.86,10.3,4.22,9.25,1,0,0,0,0,0,0,0,0,1
866.0,32.8,6.44,143.1,7.99,7.6,0.48,9.56,0,1,0,0,0,0,1,0,0,1
766.0,17.4,6.66,143.0,4.351999999999999,8.059999999999999,7.095999999999999,8.9,0,1,0,0,0,0,1,0,0,0
1216.0,17.4,6.07,220.6,0.83,8.0,9.01,7.38,0,0,0,0,1,0,0,0,0,1
1202.3,35.3,6.24,51.1,2.49,5.7,1.31,9.09,0,0,0,1,0,1,0,0,0,1
904.1,24.1,7.6,84.4,7.7,8.0,4.47,7.67,0,0,0,0,0,0,0,0,1,0
744.1,16.8,7.21,162.1,5.87,9.0,9.78,8.22,0,0,1,0,0,0,0,1,0,1
969.1400000000001,23.3,6.72,149.3,5.03,8.0,16.77,7.8,0,0,0,1,0,0,0,0,0,0
972.32,18.8,6.39,146.8,5.68,6.2,1.41,7.1,0,0,1,0,0,0,0,0,0,0
1147.7,16.1,5.49,94.5,3.17,8.1,1.81,8.65,1,0,0,0,0,0,0,0,0,1
665.5,24.5,6.19,192.0,0.84,9.4,7.03,8.85,0,0,0,1,0,0,0,0,1,1
900.8,23.0,6.61,150.6,5.57,7.8,2.73,8.28,0,0,0,1,0,0,0,0,0,1
682.4,23.38,6.03,172.4,6.06,9.0,2.0,9.8,0,1,0,0,0,1,0,0,0,0
1083.2,17.1,7.14,220.1,0.0,7.040000000000001,4.83,9.35,0,0,0,0,0,0,0,1,0,1
330.164,22.2,6.51,152.7,8.78,7.1,0.88,9.47,0,0,0,0,0,1,0,0,0,0
1090.5,31.5,6.04,286.7380000000001,4.44,6.7,12.58,9.44,1,0,0,0,0,0,1,0,0,1
948.3,18.8,7.53,83.5,6.19,7.2,1.39,9.46,1,0,0,0,0,0,1,0,0,0
1145.3,22.1,5.77,129.92000000000002,3.65,9.3,6.502,10.8,0,0,1,0,0,1,0,0,0,1
929.4,21.6,6.71,185.6,8.3,4.0,2.77,8.52,1,0,0,0,0,0,0,0,1,0
1395.9,24.2,6.0,160.8,4.57,7.9,11.51,6.05,0,0,1,0,1,0,0,0,0,0
1226.1,33.2,6.48,97.9,5.05,8.6,10.1,9.45,0,1,0,0,0,0,1,0,0,1
866.6,21.7,6.59,209.3,5.93,8.5,10.13,11.27,0,1,0,0,0,1,0,0,0,1
822.0,25.6,7.24,74.8,2.94,6.6,2.63,10.01,0,0,0,1,0,1,0,0,0,0
1267.7,29.6,7.43,180.5,5.15,7.2,4.4399999999999995,10.46,1,0,0,0,0,0,1,0,0,1
1196.1,16.7,7.88,212.9,8.8,7.2,6.7,7.78,0,0,0,0,0,0,0,1,0,1
547.5,20.8,6.81,231.5,7.59,8.9,5.31,8.67,0,0,0,0,0,0,0,0,0,1
1068.7,28.8,7.12,159.8,5.37,9.0,3.5,8.32,0,1,0,0,0,0,0,0,1,1
1145.0,33.4,6.04,125.2,5.91,7.0,4.94,7.28,0,0,0,0,0,0,0,1,0,1
722.4,29.8,5.86,56.4,0.5,9.2,5.16,6.52,1,0,0,0,1,0,0,0,0,0
876.1,24.1,6.352,212.4,3.35,8.4,4.67,10.36,1,0,0,0,0,1,0,0,0,1
909.5,27.74,6.03,111.3,7.4,7.0,2.23,7.53,0,0,1,0,0,0,0,1,0,1
1025.8,25.6,7.41,81.9,7.37,5.5,2.33,10.21,0,1,0,0,0,1,0,0,0,1
586.6,12.4,6.786,251.7,5.2,8.1,3.91,7.77,0,1,0,0,0,0,1,0,0,1
868.0,31.1,5.64,27.5,4.82,5.9,0.52,5.86,0,0,0,1,1,0,0,0,0,0
1128.3,26.1,5.47,153.0,10.5,4.8,5.45,6.94,0,1,0,0,0,0,0,0,1,0
985.6,25.0,6.5,177.0,2.87,9.4,8.34,7.83,1,0,0,0,1,0,0,0,0,0
1125.2,15.9,6.94,174.9,3.72,5.9,2.47,10.23,0,0,1,0,0,1,0,0,0,1
979.3,25.4,7.2,122.3,9.66,7.0,12.0,6.75,0,0,0,0,1,0,0,0,0,0
563.1,20.5,6.44,134.4,6.63,6.7,0.87,8.67,1,0,0,0,0,0,0,1,0,1
870.5,27.5,7.08,36.0,7.19,7.2,1.94,9.11,0,1,0,0,0,0,1,0,0,0
1444.5,21.0,6.14,127.5,3.75,5.5,8.03,5.82,0,0,1,0,0,0,0,1,0,0
882.9,23.1,7.39,132.8,0.89,7.5,3.31,5.85,0,0,1,0,0,0,0,1,0,0
493.9,23.8,7.21,144.5,4.05,6.5,4.7,7.48,0,0,1,0,0,0,0,1,0,1
571.6,18.7,7.56,211.1,1.29,8.8,6.54,7.14,0,1,0,0,0,0,0,0,1,0
1277.4,31.4,6.822,136.6,8.1,7.3,2.27,9.04,0,0,0,1,0,0,1,0,0,1
487.0,20.5,6.07,153.8,3.85,7.0,3.6,9.3,0,1,0,0,0,0,1,0,0,1
330.164,24.6,7.31,270.4,4.46,8.3,5.7,6.73,0,0,0,1,0,0,0,1,0,1
958.0,17.7,7.65,109.6,4.07,5.8,0.93,7.93,0,0,0,0,0,0,0,1,0,1
893.1,21.7,6.948,137.1,4.81,5.4,5.9,9.9,0,1,0,0,0,1,0,0,0,0
660.6,16.7,6.78,151.1,6.46,6.2,2.73,7.6,0,0,0,1,0,0,0,1,0,1
954.8,24.0,6.08,147.54000000000002,4.61,10.0,10.17,10.45,0,0,1,0,0,1,0,0,0,1
1232.9,28.1,6.65,216.5,7.35,7.3,6.78,7.18,0,0,1,0,1,0,0,0,0,0
1278.8,24.0,6.46,128.8,6.32,7.7,2.16,7.87,0,0,1,0,1,0,0,0,0,1
505.2,29.9,7.19,115.8,4.52,4.0,2.51,7.39,0,0,0,1,0,0,1,0,0,0
1006.3799999999999,22.0,4.85,203.3,7.39,5.6,3.38,8.23,0,0,1,0,0,0,1,0,0,1
911.2,16.7,7.34,104.9,2.02,8.0,10.81,8.87,0,1,0,0,0,0,1,0,0,0
424.7,20.7,7.08,88.8,2.22,5.5,6.38,6.29,1,0,0,0,1,0,0,0,0,0
1121.3,26.5,7.25,166.9,2.25,8.2,1.77,8.76,0,0,1,0,0,0,1,0,0,0
625.5,20.4,5.97,163.5,5.82,8.8,11.71,8.0,0,0,0,1,0,0,0,1,0,0
794.2,35.9,7.06,119.6,5.89,5.9,5.43,7.94,1,0,0,0,0,0,0,0,1,1
995.3,18.6,5.95,161.0,5.49,6.4,1.07,9.13,0,0,0,1,0,0,0,0,1,1
961.7,22.1,7.41,234.5,6.15,10.0,4.81,9.31,0,0,0,1,0,0,0,0,0,1
965.6,17.2,7.2,136.92000000000002,2.09,5.1,2.16,10.48,0,0,0,0,0,1,0,0,0,0
1417.3,24.5,7.38,197.9,6.2,7.4,6.76,10.16,0,0,0,1,0,1,0,0,0,0
789.7,25.3,7.15,161.8,5.4,6.6,0.42,9.21,0,0,0,0,0,0,1,0,0,0
969.2,25.5,6.18,179.5,5.96,10.3,0.88,10.09,0,0,0,0,0,0,1,0,0,1
683.7,13.4,6.69,135.9,4.52,8.2,5.76,10.48,0,0,0,1,0,1,0,0,0,0
813.1,13.2,6.46,234.1,4.808,5.7,2.15,6.77,0,0,0,0,0,0,0,0,1,0
789.0,23.9,6.53,53.9,10.38,8.3,2.09,7.77,0,0,0,1,0,0,0,0,1,0
743.6,19.0,8.42,241.5,8.47,7.5,1.17,6.55,0,1,0,0,1,0,0,0,0,1
1458.5,16.2,7.72,87.4,7.54,5.9,2.93,9.82,0,1,0,0,0,1,0,0,0,1
788.5,16.2,5.06,116.3,1.95,4.9,14.55,6.34,0,0,0,0,0,0,0,0,0,0
933.4,25.0,5.64,204.2,8.41,9.0,2.354,6.71,0,0,1,0,1,0,0,0,0,1
601.5,20.4,7.77,187.8,5.06,4.0,0.84,7.76,0,0,0,1,0,0,0,1,0,1
417.7,32.8,5.88,139.26000000000002,4.68,8.2,7.71,9.95,0,0,1,0,0,1,0,0,0,1
877.3,25.9,6.68,184.2,2.42,9.8,9.42,7.2,0,0,1,0,0,0,0,0,0,0
840.5799999999999,26.9,6.5,161.9,9.62,8.5,9.75,6.43,0,0,0,1,1,0,0,0,0,0
1113.2,26.2,6.3,265.2,7.08,8.1,1.95,7.96,0,0,0,0,0,0,0,0,0,0
1273.1,28.9,6.66,120.1,0.71,8.6,4.61,10.93,0,1,0,0,0,1,0,0,0,1
784.6,19.3,6.85,161.1,8.83,6.1,6.9,11.56,1,0,0,0,0,1,0,0,0,0
432.4,22.3,6.3,90.6,5.31,7.0,4.32,8.43,0,0,1,0,0,0,1,0,0,1
747.6,18.5,5.76,106.7,4.71,7.1,1.26,7.5,0,0,0,1,0,0,0,1,0,0
1181.1,21.4,6.53,210.3,6.59,8.7,6.78,9.83,1,0,0,0,0,0,1,0,0,0
907.4,25.0,7.02,165.5,6.63,6.9,1.91,9.02,0,0,0,0,0,0,1,0,0,0
1407.8,23.3,5.85,182.3,0.0,10.2,9.45,8.03,0,0,1,0,0,0,0,0,0,1
1276.2,22.5,6.89,153.1,1.86,8.5,0.42,10.07,0,0,0,0,0,0,1,0,0,1
1239.8,19.3,5.67,99.9,8.79,8.6,4.03,8.83,1,0,0,0,0,0,1,0,0,0
1488.4299999999998,18.7,5.74,190.5,5.38,8.3,4.936,8.26,0,0,0,0,0,0,1,0,0,0
718.9,23.6,6.434,249.9,3.71,8.3,3.43,6.97,0,0,1,0,0,0,0,1,0,0
818.3,25.5,5.54,180.84,6.15,9.0,1.19,9.16,0,0,0,1,0,0,1,0,0,0
987.4,17.2,7.72,170.7,5.23,8.9,3.3,8.22,0,0,1,0,0,0,0,1,0,1
1358.6,24.6,5.54,112.0,6.02,8.3,4.14,8.0,0,1,0,0,0,0,0,1,0,1
834.7,26.1,5.52,255.2,5.95,8.3,4.96,8.97,0,0,0,0,0,0,1,0,0,1
1017.6,26.8,8.22,114.3,4.18,7.6,9.01,8.03,0,1,0,0,0,0,1,0,0,1
1136.1,17.7,7.13,133.35999999999999,5.6,7.0,14.32,8.89,0,0,0,1,0,0,0,0,1,1
1102.3799999999999,20.6,7.45,135.1,7.51,7.1,2.03,7.98,0,0,1,0,0,0,1,0,0,0
820.3,24.7,8.42,139.39999999999998,2.34,7.9,7.59,7.23,1,0,0,0,0,0,0,0,0,0
811.5400000000001,23.0,7.3,242.5,5.48,8.2,2.88,7.88,1,0,0,0,0,0,0,0,1,0
837.6,24.3,6.09,203.1,7.62,9.3,5.86,9.24,0,0,1,0,0,0,1,0,0,0
566.1,19.2,6.83,199.9,2.68,7.3,5.055999999999999,6.51,0,1,0,0,0,0,0,0,0,0
1380.1,18.0,5.43,98.4,7.41,9.9,1.3,7.84,1,0,0,0,0,0,0,0,1,0
693.5,20.6,6.73,108.7,3.42,8.6,7.69,7.15,0,1,0,0,0,0,0,1,0,0
981.2,20.7,6.69,113.9,7.23,6.5,1.01,8.09,1,0,0,0,0,0,0,0,0,0
930.5,25.5,7.01,18.1,3.33,9.2,0.58,6.77,0,0,1,0,0,0,1,0,0,0
759.4,21.9,6.77,133.2,2.844,7.6,10.91,7.74,0,0,0,0,0,0,0,1,0,1
516.8,29.1,6.05,126.6,5.68,5.4,28.908999999999867,7.4,0,0,1,0,0,0,0,0,1,0
701.7,30.1,6.63,101.9,6.3,5.1,6.66,8.55,1,0,0,0,0,0,0,0,0,1
944.2,18.6,6.66,174.1,8.81,7.1,11.24,9.95,0,0,0,1,0,0,1,0,0,0
1347.1,24.9,6.1,143.8,3.97,7.1,1.62,9.56,1,0,0,0,0,0,1,0,0,1
1108.7,21.5,6.46,241.6,3.95,4.9,12.31,6.51,0,0,0,0,1,0,0,0,0,1
1007.7,32.2,7.01,163.1,5.15,4.6,10.58,5.2514,0,0,1,0,0,0,0,0,1,0
1144.4,23.580000000000002,6.43,131.95999999999998,2.71,4.3,2.03,6.98,1,0,0,0,0,0,0,0,1,0
1236.7,17.0,6.71,219.7,6.25,11.0,13.38,10.48,0,1,0,0,0,0,1,0,0,1
902.1,25.5,6.89,101.4,5.35,8.1,1.14,7.64,0,0,0,0,0,0,0,0,0,0
957.8,29.4,5.08,226.5,5.86,7.5,1.61,9.51,0,0,0,1,0,1,0,0,0,0
915.0,28.5,5.43,116.0,0.57,7.0,0.75,6.61,0,0,1,0,0,0,0,1,0,1
980.4,35.9,6.12,180.5,2.6,8.5,7.09,7.71,1,0,0,0,0,0,0,1,0,1
1037.9,12.4,7.08,166.0,5.0,9.2,3.32,6.91,1,0,0,0,0,0,0,1,0,0
788.2,15.4,5.93,122.21999999999998,4.21,9.8,10.46,10.62,0,0,1,0,0,1,0,0,0,1
1162.2,16.9,6.79,161.22,2.52,7.3,3.09,6.41,0,0,1,0,1,0,0,0,0,0
873.1,27.9,7.43,127.6,2.54,8.5,3.98,9.99,0,0,1,0,0,1,0,0,0,0
974.1,32.1,7.03,225.6,7.36,9.1,6.91,7.92,0,0,0,1,0,0,0,0,0,0
952.1,22.9,5.87,199.0,3.7,8.0,6.01,7.21,0,1,0,0,1,0,0,0,0,1
1215.9,25.2,6.22,172.5,6.84,8.2,1.76,7.91,0,1,0,0,0,0,0,0,1,1
1022.0,23.1,6.08,171.5,6.41,7.3,3.64,8.23,0,0,0,1,0,0,0,1,0,0
1220.5,14.5,6.81,182.5,3.214,8.4,2.58,7.01,0,0,0,0,1,0,0,0,0,1
965.2,35.9,6.16,254.9,7.63,8.2,2.49,6.24,0,0,0,0,0,0,1,0,0,0
744.7,24.2,6.02,190.2,3.66,7.8,4.49,8.72,0,0,0,0,0,0,0,0,1,1
746.0,27.8,5.99,50.0,4.84,7.9,4.08,9.04,0,0,1,0,0,0,1,0,0,1
821.7,27.3,4.86,57.5,8.04,8.6,5.65,8.5,0,1,0,0,0,0,1,0,0,0
1251.3,25.540000000000003,7.41,83.8,4.7,7.7,3.21,8.31,0,0,1,0,0,0,0,0,0,1
860.6,16.1,6.28,116.0,8.83,6.3,3.13,7.39,0,0,1,0,0,0,0,1,0,0
1126.9,24.8,6.88,27.9,4.3,4.3,5.25,9.2,0,0,0,0,0,1,0,0,0,0
1113.0,25.7,7.8,60.9,1.86,6.9,3.25,6.6,0,0,1,0,0,0,0,1,0,1
1441.0,28.1,6.481999999999999,161.9,4.99,8.9,4.56,8.23,0,0,1,0,0,0,0,0,1,1
931.7800000000001,20.2,6.68,181.5,6.33,4.8,2.34,6.1,0,0,0,0,1,0,0,0,0,0
707.7,18.0,6.08,128.5,5.39,6.3,2.46,6.34,0,0,0,0,1,0,0,0,0,0
857.2,19.9,8.03,206.0,3.08,6.2,2.3,10.32,0,0,1,0,0,1,0,0,0,1
1033.3,24.1,8.35,201.0,5.49,7.7,6.93,7.82,0,0,0,0,0,0,0,0,0,0
977.0,26.5,7.03,63.5,4.4,7.5,1.89,6.6,0,0,0,1,0,0,0,1,0,0
1155.5,29.0,5.93,215.3,4.58,8.3,0.9,9.18,1,0,0,0,0,0,1,0,0,0
1038.4,35.9,6.794,137.5,7.83,8.6,1.85,8.23,1,0,0,0,0,0,1,0,0,1
741.5,25.7,7.53,129.8,3.1,6.5,2.53,9.2,0,0,0,0,0,0,1,0,0,0
827.6,24.6,8.39,125.3,8.59,8.6,5.87,6.08,0,1,0,0,1,0,0,0,0,0
745.6,27.0,6.0,92.5,5.33,10.0,19.49,10.67,0,0,0,0,0,1,0,0,0,1
933.0,22.300000000000004,6.086,128.2,4.4,8.7,9.46,10.23,1,0,0,0,0,0,1,0,0,1
1167.1,27.8,6.74,169.88,7.27,8.6,8.14,7.19,0,1,0,0,0,0,0,1,0,0
988.6,25.360000000000003,5.75,118.1,0.0,7.9,9.34,6.53,0,1,0,0,0,0,0,1,0,0
989.4,23.7,7.29,157.3,1.93,7.8,1.19,7.68,0,0,0,1,0,0,0,0,1,0
1001.5,16.6,6.1,119.3,1.36,9.6,1.62,8.69,0,0,0,1,0,0,0,0,1,1
743.8,17.3,7.21,82.1,3.93,7.6,12.97,8.13,0,1,0,0,0,0,0,1,0,1
784.0,28.6,5.42,101.8,4.87,7.0,2.08,8.22,1,0,0,0,0,0,0,0,0,1
988.9,29.8,6.91,157.8,6.022,5.6,5.98,7.42,1,0,0,0,1,0,0,0,0,1
909.7,23.839999999999996,7.53,157.2,1.65,9.2,2.17,10.03,0,0,1,0,0,1,0,0,0,0
743.5,23.9,7.05,162.6,6.59,4.6,3.0,7.17,1,0,0,0,0,0,0,1,0,0
587.8,18.2,7.13,273.6,8.69,6.5,3.97,9.25,0,0,0,0,0,1,0,0,0,0
1078.5,18.4,6.9,55.5,8.19,4.8,10.9,9.12,0,1,0,0,0,0,1,0,0,1
1340.7,28.4,6.49,71.8,5.22,10.0,2.7,6.59,0,0,1,0,0,0,0,1,0,1
705.4,27.6,6.33,179.5,4.17,4.6,9.52,11.578600000000005,0,0,0,0,0,1,0,0,0,1
1096.9,20.2,6.46,130.02,3.32,5.9,6.07,6.35,0,0,1,0,0,0,0,1,0,0
1119.5,24.0,6.41,178.0,7.97,9.3,2.46,9.76,0,0,1,0,0,1,0,0,0,0
1488.4299999999998,24.6,6.11,165.1,6.72,5.2,7.5,8.27,0,1,0,0,0,0,0,0,1,1
699.3,30.5,5.85,137.8,2.32,7.6,2.34,6.64,0,1,0,0,0,0,0,0,0,0
1139.0,24.3,5.82,142.7,6.26,4.0,1.8,7.23,0,0,1,0,1,0,0,0,0,1
1030.0,28.0,6.05,135.6,3.39,6.7,2.0,9.99,1,0,0,0,0,1,0,0,0,0
1074.8,20.4,5.87,187.3,5.09,7.0,0.42,7.65,0,1,0,0,0,0,0,0,0,1
1103.2,30.4,8.42,148.5,5.46,5.8,14.67,6.75,0,0,0,0,0,0,0,1,0,1
942.4,20.6,6.4,113.1,6.27,5.0,4.1,7.79,0,0,1,0,0,0,0,0,0,1
987.2,27.8,7.06,209.7,7.97,11.0,4.08,11.578600000000005,0,0,0,1,0,1,0,0,0,1
1326.8,27.3,6.898000000000001,57.2,4.19,8.1,1.57,7.92,0,0,0,0,0,0,1,0,0,1
1243.9,23.1,6.36,185.0,5.78,11.0,11.67,11.27,1,0,0,0,0,1,0,0,0,0
1292.2,20.8,6.52,114.88,7.840000000000001,7.9,1.82,8.15,0,1,0,0,0,0,0,0,0,1
954.3,23.9,6.52,211.7,4.02,9.3,19.17,8.12,0,0,0,0,0,0,0,1,0,1
1082.6,15.5,4.59,63.8,4.17,7.9,1.61,5.92,0,0,1,0,0,0,0,0,1,0
907.7,25.0,7.35,218.7,1.21,9.6,7.58,7.17,0,0,0,0,0,0,0,0,0,0
977.1,17.2,8.06,163.9,5.04,5.3,4.52,8.36,1,0,0,0,0,0,0,0,0,1
349.4,25.0,6.05,127.6,4.21,5.7,2.22,8.08,0,0,0,0,0,0,1,0,0,1
879.0,21.8,6.44,153.0,7.68,4.5,3.16,8.99,1,0,0,0,0,0,0,0,1,1
650.5,24.4,6.64,142.1,1.5,8.0,0.92,8.39,0,0,0,1,0,0,1,0,0,0
1170.4,22.78,6.56,190.0,2.7,8.8,9.44,7.5,0,0,0,0,0,0,0,0,0,0
644.1,22.7,5.72,95.2,8.76,8.5,6.87,8.04,0,0,0,1,0,0,0,0,0,1
1032.5,23.9,6.49,242.0,3.07,7.4,13.93,7.41,0,0,1,0,0,0,0,1,0,1
402.8,20.8,6.76,84.5,6.21,6.8,9.27,7.95,1,0,0,0,0,0,0,1,0,0
826.8,19.2,6.6899999999999995,54.3,3.14,10.8,28.908999999999867,9.32,1,0,0,0,0,0,1,0,0,0
970.4,28.7,6.36,110.5,3.9,8.2,2.8,6.14,0,0,0,1,1,0,0,0,0,0
753.6,26.4,7.04,203.2076,3.61,5.5,4.39,7.76,0,0,1,0,0,0,0,0,0,1
810.4,32.1,5.93,145.9,6.58,6.5,1.62,7.72,1,0,0,0,0,0,0,0,1,0
1025.3,21.2,5.79,129.3,3.83,8.9,3.62,6.03,0,0,0,0,1,0,0,0,0,0
670.4,25.1,6.73,140.7,6.67,6.5,9.46,11.578600000000005,0,1,0,0,0,1,0,0,0,1
1309.6,24.5,7.67,196.2,4.83,9.3,3.15,11.54,1,0,0,0,0,1,0,0,0,1
944.4,29.0,5.68,247.1,4.23,8.6,3.1979999999999995,8.18,1,0,0,0,0,0,1,0,0,0
1116.7,19.4,6.07,257.9,3.9,7.0,2.29,11.37,0,0,0,1,0,1,0,0,0,1
782.6,30.3,7.54,120.3,10.857599999999984,7.6,2.71,5.26,0,0,1,0,0,0,0,0,0,0
595.2,29.6,7.56,130.0,1.0,6.0,5.24,5.2514,0,0,1,0,1,0,0,0,0,0
562.0,24.0,6.13,96.0,4.1,6.5,7.89,7.02,0,0,1,0,0,0,0,0,0,0
1443.7,28.1,7.28,63.8,4.53,8.7,0.56,8.38,0,0,1,0,0,0,1,0,0,1
1151.8,14.6,6.82,173.2,7.85,7.3,4.66,8.47,1,0,0,0,0,0,1,0,0,0
1050.1,14.8,6.055999999999999,24.9,5.02,10.4,6.31,9.45,0,0,1,0,0,1,0,0,0,1
900.6600000000001,26.0,6.03,214.7,3.69,7.7,10.12,10.54,0,0,0,1,0,1,0,0,0,0
737.2,32.4,5.87,105.6,5.98,8.4,2.04,9.47,0,0,0,0,0,1,0,0,0,1
1268.8,18.3,7.22,191.3,3.7,7.4,3.37,8.32,0,0,1,0,0,0,1,0,0,0
1063.1,27.5,5.6,151.7,3.62,5.6,1.42,7.07,0,0,0,0,0,0,0,0,1,0
1140.9,24.9,6.81,125.8,4.98,8.9,1.99,7.93,0,0,1,0,0,0,1,0,0,1
804.1,13.1,5.04,224.4,5.8,6.7,5.91,10.89,1,0,0,0,0,1,0,0,0,0
1214.9,24.040000000000003,7.07,42.9,2.68,6.4,1.01,7.6,0,0,1,0,0,0,0,0,0,1
884.3,21.4,6.25,198.35999999999999,9.7,10.4,0.56,9.96,0,0,0,0,0,0,1,0,0,1
953.8800000000001,23.8,6.21,241.7,3.89,9.6,0.58,9.52,1,0,0,0,0,0,0,0,0,1
1170.7,21.5,6.21,133.8,3.92,8.7,1.03,8.52,0,1,0,0,0,0,1,0,0,0
957.6,26.639999999999997,6.22,160.7,6.24,5.3,4.73,10.0,0,0,0,0,0,1,0,0,0,0
1196.1,26.3,6.81,201.7,7.4,9.6,1.26,8.3,1,0,0,0,0,0,0,1,0,1
415.9,22.1,6.89,170.0,1.2,8.7,0.54,6.99,0,0,0,1,0,0,0,1,0,0
839.2,27.8,7.21,161.5,5.93,5.0,4.54,11.31,0,0,0,1,0,1,0,0,0,1
1055.3,20.0,7.59,127.5,3.78,8.8,2.11,10.8,0,0,0,1,0,1,0,0,0,0
1314.8,23.7,6.62,186.1,6.14,6.1,2.19,10.77,0,0,0,0,0,1,0,0,0,1
760.6,26.5,5.62,161.6,2.66,7.5,16.85,9.98,0,1,0,0,0,0,1,0,0,1
1029.0,24.0,7.31,135.3,1.24,8.2,7.71,10.85,0,1,0,0,0,1,0,0,0,1
892.3,31.5,6.35,92.6,3.94,6.5,5.04,7.66,0,0,0,1,0,0,0,0,0,1
583.2,22.8,6.5840000000000005,233.8,1.29,8.5,2.62,10.04,1,0,0,0,0,0,0,0,1,1
896.8,23.9,6.47,146.0,2.78,6.3,2.52,7.03,0,0,0,1,0,0,0,1,0,0
815.6328,19.7,6.66,145.2,4.11,7.5,10.45,8.93,1,0,0,0,0,0,0,1,0,1
754.3,23.3,7.18,190.9,4.93,9.0,2.17,7.49,0,0,0,0,0,0,0,1,0,0
933.4,17.4,6.17,126.9,5.54,6.9,4.91,8.27,1,0,0,0,0,0,0,0,0,1
1030.8,15.7,7.17,203.7,2.6,4.1,4.58,6.27,0,0,1,0,1,0,0,0,0,1
1017.8,26.2,5.08,147.8,0.9,7.5,8.01,8.13,0,0,0,0,0,0,0,0,0,0
895.4,24.7,5.78,140.5,1.26,8.0,4.45,11.578600000000005,1,0,0,0,0,1,0,0,0,1
563.1,24.34,8.04,167.5,4.11,6.4,6.34,6.89,0,0,1,0,0,0,1,0,0,0
782.8,30.6,7.83,144.7,6.91,8.0,2.83,6.28,0,1,0,0,0,0,0,0,0,0
875.4,27.8,4.68,111.1,5.84,9.3,10.18,7.34,1,0,0,0,0,0,0,0,1,0
622.5,22.6,6.68,193.3,6.54,5.4,3.86,7.04,0,0,1,0,0,0,0,0,0,0
980.7,24.0,5.43,260.5,1.65,8.7,0.73,7.52,0,0,0,0,0,0,0,1,0,1
504.1,25.0,5.77,89.6,6.19,5.8,2.18,7.61,0,0,0,0,0,0,0,0,0,1
663.3,26.8,6.92,130.4,8.54,8.6,6.17,6.7,0,0,1,0,1,0,0,0,0,1
955.0,23.58,6.84,176.5,5.02,5.0,17.85,8.7,0,0,0,1,0,0,0,0,0,1
1267.3,23.5,5.55,146.3,3.06,8.9,3.35,7.94,0,1,0,0,1,0,0,0,0,1
755.3,22.2,6.36,179.3,8.5,9.7,2.82,7.96,0,1,0,0,0,0,0,1,0,1
884.7,19.1,6.29,128.9,5.55,7.9,2.07,11.578600000000005,0,0,0,0,0,1,0,0,0,1
931.5,25.3,7.92,224.4,5.16,5.1,3.47,7.23,0,1,0,0,1,0,0,0,0,1
757.5,23.7,7.24,223.6,7.03,11.0,5.71,9.15,0,0,0,1,0,0,0,0,0,1
1024.6,15.6,7.04,148.4,1.21,8.0,3.4480000000000004,10.16,0,0,0,0,0,1,0,0,0,1
716.7,25.5,6.64,92.7,4.15,6.0,3.12,9.05,1,0,0,0,0,0,1,0,0,1
1271.9,30.7,6.35,190.8,2.7,4.9,0.42,7.3,0,1,0,0,0,0,0,0,0,1
776.8,35.9,5.99,227.6,7.64,4.6,3.0,5.54,1,0,0,0,1,0,0,0,0,1
330.164,26.0,7.65,243.7,5.77,6.1,0.67,7.82,0,1,0,0,0,0,0,1,0,1
604.5,14.0,6.34,185.6,7.83,5.8,6.74,7.99,0,0,0,1,1,0,0,0,0,1
923.1,20.1,6.7,136.0,4.66,8.7,1.52,11.46,0,0,1,0,0,1,0,0,0,1
778.2,28.3,7.83,225.6,4.94,7.2,1.31,10.47,0,0,1,0,0,1,0,0,0,1
1227.5,31.8,7.27,147.9,5.52,5.2,7.65,6.76,0,0,1,0,0,0,0,1,0,1
1266.8,14.3,6.99,96.0648,5.78,9.1,4.77,7.11,0,0,1,0,0,0,0,1,0,1
677.2,14.2,6.65,117.0,4.726,7.8,8.37,9.23,0,0,1,0,0,0,1,0,0,1
906.0,27.8,4.59,149.7,2.38,8.8,3.56,8.57,0,0,0,0,0,1,0,0,0,0
712.0,29.1,6.5,111.5,3.98,6.9,5.13,6.84,0,0,1,0,0,0,0,0,1,0
991.7,23.0,6.65,134.7,5.62,6.4,2.03,8.66,0,0,0,0,0,0,0,0,1,1
695.3,18.4,5.94,74.5,4.42,7.9,1.75,7.41,0,0,0,0,0,0,0,1,0,1
1223.8,21.2,7.17,105.8,2.92,7.0600000000000005,4.38,7.0,0,0,0,0,0,0,0,1,0,0
1070.3,20.4,5.99,24.5,5.66,8.4,5.51,7.57,0,0,0,1,1,0,0,0,0,1
988.2,17.8,6.02,71.2,2.89,5.7,23.54,6.54,0,0,0,0,1,0,0,0,0,1
1056.7,15.6,6.63,100.2,3.72,6.2,8.23,10.62,0,0,0,0,0,1,0,0,0,1
1171.4,25.1,5.73,82.4,4.45,8.3,2.88,7.24,0,0,0,0,1,0,0,0,0,1
503.7,23.6,6.64,191.1,8.52,7.9,6.909999999999999,10.81,1,0,0,0,0,1,0,0,0,0
976.28,25.3,5.74,190.4,2.8,8.1,2.27,7.44,0,0,1,0,1,0,0,0,0,1
785.6,27.6,5.55,131.8,1.97,7.0,14.03,11.33,1,0,0,0,0,1,0,0,0,1
960.8,20.4,7.13,161.6,3.31,7.9,1.87,7.55,0,0,0,1,1,0,0,0,0,1
1038.9,21.2,7.07,170.3,8.54,7.0,4.01,6.46,0,0,0,0,1,0,0,0,0,0
722.5,28.1,6.57,76.2,8.16,6.8,10.73,9.78,1,0,0,0,0,0,1,0,0,1
693.2,22.8,7.62,156.4,3.15,10.3,1.33,6.12,0,1,0,0,1,0,0,0,0,0
809.3,23.4,5.9,241.8,3.92,7.8,2.23,8.39,0,1,0,0,1,0,0,0,0,1
716.8,16.2,6.36,264.4,1.0,7.8,1.27,7.34,0,0,0,0,0,0,0,0,0,0
1052.4,22.0,6.43,201.3,5.093999999999999,7.6,3.07,7.11,0,0,1,0,0,0,0,0,1,0
876.0,26.3,8.27,127.3,9.35,6.7,4.55,5.58,0,1,0,0,0,0,0,0,0,0
885.4200000000001,24.0,6.33,226.4,6.98,9.2,4.34,9.34,0,0,0,0,0,0,1,0,0,0
1125.7,25.8,5.24,118.1,4.78,5.0,2.08,8.87,0,0,0,1,0,0,1,0,0,1
958.74,33.8,6.87,193.7,5.84,6.2,4.1,7.16,1,0,0,0,1,0,0,0,0,1
703.4,29.1,7.51,102.8,3.25,8.4,2.43,7.62,0,1,0,0,0,0,0,0,0,1
422.4,23.6,6.17,92.4,7.15,7.4,10.75,7.73,0,0,1,0,0,0,1,0,0,1
913.1,12.4,7.27,138.3,1.67,4.6,0.76,6.4,0,0,0,1,0,0,0,0,0,0
1141.5,24.3,6.24,75.0,6.49,9.4,7.38,10.13,0,0,1,0,0,1,0,0,0,1
859.8,23.2,7.34,158.22,5.39,6.2,2.57,8.22,0,0,0,1,0,0,1,0,0,0
406.1,24.7,4.85,156.73999999999998,3.04,9.0,1.4,8.07,1,0,0,0,0,0,1,0,0,0
1222.9,23.6,7.23,230.6,2.15,8.2,3.32,7.49,0,1,0,0,1,0,0,0,0,0
1005.6,20.0,4.96,275.1,6.32,8.2,6.84,5.84,0,1,0,0,1,0,0,0,0,0
1067.6,24.9,6.28,108.0,4.98,9.0,3.88,7.39,0,0,1,0,1,0,0,0,0,1
1104.4,17.9,6.52,225.7,4.86,8.4,11.11,7.76,0,0,0,0,0,0,0,0,0,1
330.164,23.4,6.88,112.6,6.29,8.2,7.21,7.5,1,0,0,0,0,0,0,0,1,0
956.1,28.0,6.23,259.3,6.28,7.7,1.9,8.32,0,0,1,0,0,0,0,1,0,1
948.5,26.7,6.18,62.7,3.286,5.1,5.76,7.78,0,0,0,0,0,0,0,1,0,1
1131.8,19.4,4.9,263.8,5.91,7.6,6.29,6.51,1,0,0,0,1,0,0,0,0,0
1182.3,19.0,4.59,177.2,9.08,6.1,12.55,8.09,0,0,0,0,0,0,1,0,0,1
792.6,24.3,6.6,138.2,3.38,9.9,24.35,8.11,0,0,0,1,0,0,0,0,1,0
601.0,21.1,5.62,150.3,4.71,6.3,2.26,11.2,1,0,0,0,0,1,0,0,0,1
670.5,23.0,6.24,86.3,6.88,6.0,3.25,7.08,1,0,0,0,1,0,0,0,0,1
1008.7,12.9,5.16,178.4,6.98,8.1,10.15,8.33,0,1,0,0,0,0,1,0,0,0
529.9,26.8,6.81,82.1,9.04,6.3,0.61,10.34,1,0,0,0,0,1,0,0,0,1
1247.4,21.5,7.32,146.3,9.4,9.1,3.9,7.48,0,0,1,0,0,0,0,0,1,0
799.9,23.859999999999996,6.95,107.4,8.19,6.2,10.71,9.45,0,0,0,0,0,0,1,0,0,1
636.5,22.4,6.58,137.8,4.952,7.3,1.86,10.18,0,0,0,0,0,0,1,0,0,1
1258.7,22.9,5.99,103.8,4.2,10.4,16.3,8.08,0,0,1,0,0,0,0,0,1,1
1093.9,32.2,6.64,145.6,6.68,8.4,3.39,7.53,0,0,0,1,0,0,0,0,1,0
1049.4,26.2,5.34,87.1,2.7359999999999998,8.3,5.69,7.52,1,0,0,0,0,0,0,1,0,0
1427.3,21.4,6.49,200.8,3.83,9.5,6.34,8.47,0,1,0,0,0,0,0,0,0,1
1133.6,24.5,7.32,220.5,5.97,6.5,1.15,10.52,0,1,0,0,0,1,0,0,0,1
552.7,22.8,6.44,198.0,7.65,6.6,2.58,6.09,0,0,0,0,1,0,0,0,0,0
1066.8,25.2,6.82,76.1,3.02,9.3,3.97,10.49,0,1,0,0,0,1,0,0,0,0
1008.0,30.6,5.73,114.28,0.0,8.9,1.75,7.51,0,0,0,1,0,0,0,1,0,0
567.2,26.1,5.53,126.2,6.91,8.5,4.7,7.44,0,1,0,0,0,0,0,0,1,0
925.8,29.9,6.34,189.4,5.225999999999999,6.9,4.34,10.05,0,0,0,0,0,1,0,0,0,1
947.8,28.9,6.88,226.0,7.44,7.5,0.79,8.77,0,0,0,0,0,0,0,0,1,1
1039.9,19.3,5.67,228.0,8.17,6.2,2.02,9.31,0,0,1,0,0,0,1,0,0,1
1016.3,28.9,5.83,188.9,3.7,7.7,1.57,11.13,1,0,0,0,0,1,0,0,0,0
893.0,16.5,6.9,163.8,1.45,9.6,5.16,9.08,0,0,0,0,0,0,0,0,0,1
355.8,25.380000000000003,5.18,141.1,5.39,5.7,4.3,7.2,0,0,0,1,0,0,0,1,0,1
1448.3,34.2,5.6,76.1,4.06,6.3,5.27,9.01,0,0,1,0,0,1,0,0,0,1
656.5,26.3,6.27,193.5,7.04,8.5,1.33,9.93,0,0,0,0,0,1,0,0,0,1
653.7,19.4,7.13,96.4,1.23,9.6,2.122,8.69,0,1,0,0,0,0,0,0,0,1
898.7,12.9,6.79,202.9,6.75,6.7,1.46,7.06,0,0,1,0,0,0,0,0,1,0
766.3,29.3,6.08,84.6,5.22,4.0,2.74,7.28,0,0,0,0,0,0,0,1,0,1
822.0,33.7,5.18,151.6,3.36,6.2,2.33,7.78,0,0,0,0,0,0,0,0,0,1
330.164,27.2,7.34,66.1,6.11,9.3,2.83,5.94,0,0,0,0,1,0,0,0,0,1
1300.4,21.059999999999995,5.67,136.9,5.29,8.9,2.31,8.13,0,0,0,1,0,0,1,0,0,0
647.0,24.1,7.63,191.9,2.46,8.4,3.56,7.09,0,0,1,0,1,0,0,0,0,1
971.0,15.9,8.0,141.9,5.99,8.4,5.606,6.11,0,0,0,0,0,0,0,1,0,0
448.1,25.2,6.54,160.2,5.62,7.0,9.9,8.35,1,0,0,0,0,0,0,1,0,1
1425.9,12.6,5.64,155.76,3.65,6.3,1.71,7.15,0,0,0,1,0,0,0,1,0,1
723.9,25.6,6.65,198.1,6.43,8.6,1.56,7.39,0,0,1,0,1,0,0,0,0,1
1337.7,12.4,7.51,239.3,3.336,5.3,2.41,7.62,0,1,0,0,0,0,0,1,0,1
1318.6,23.7,6.65,145.9,3.96,6.6,28.908999999999867,9.96,0,0,1,0,0,1,0,0,0,0
780.9,25.9,7.02,261.2,1.95,8.4,1.63,7.7,0,0,1,0,0,0,0,0,1,0
940.7,31.3,7.37,160.4,2.96,8.7,8.08,6.98,0,0,1,0,0,0,0,0,1,0
1019.1,28.1,8.42,125.7,4.61,7.6,1.75,7.24,0,0,0,1,0,0,1,0,0,0
670.8,24.7,5.78,187.6,6.29,8.9,2.7940000000000005,8.49,0,0,0,1,0,0,0,0,1,1
1067.42,21.0,6.98,210.7,6.16,7.1,4.4,7.46,0,0,0,0,0,0,0,0,0,1
1062.3,25.6,5.28,207.8,8.55,5.0,1.52,6.74,0,0,0,1,0,0,0,1,0,0
1030.4,21.72,6.18,130.66,0.72,4.9,1.18,7.8,0,1,0,0,0,0,0,1,0,1
388.2,22.8,5.23,167.6,2.17,8.9,3.26,9.96,1,0,0,0,0,0,1,0,0,1
1340.6,26.2,6.28,158.6,8.34,8.3,2.19,10.38,1,0,0,0,0,1,0,0,0,0
637.5,31.0,6.848000000000001,155.14000000000001,4.67,9.7,1.8,7.85,0,0,1,0,0,0,0,0,0,1
1098.306,18.0,6.36,199.4,0.86,4.0,5.73,6.65,0,0,0,0,1,0,0,0,0,0
771.78,30.4,8.02,70.8,2.97,5.9,2.99,8.12,1,0,0,0,0,0,1,0,0,0
879.7,33.8,6.58,76.5,6.14,6.2,5.8,10.58,0,0,1,0,0,1,0,0,0,1
403.1,26.619999999999997,6.23,149.6,9.12,7.5,4.67,8.83,1,0,0,0,0,0,0,0,1,1
1192.3,21.1,6.603999999999999,223.2,3.18,5.7,6.28,7.64,0,1,0,0,0,0,0,0,1,1
834.4,27.6,6.81,183.3,2.71,7.5,4.02,8.62,0,0,0,1,0,0,1,0,0,0
872.9,21.5,7.47,123.1,3.73,7.1,5.27,10.84,1,0,0,0,0,0,1,0,0,1
844.82,25.4,7.55,244.1,0.0,7.3,2.65,6.54,0,1,0,0,0,0,0,0,0,0
945.4,29.2,6.04,191.95999999999998,4.55,8.4,5.39,8.93,0,0,0,0,0,0,1,0,0,0
527.0,17.8,6.34,62.8,3.09,7.3,1.07,8.29,0,0,0,0,0,0,1,0,0,1
856.7,24.3,7.03,92.7,5.79,8.8,2.34,7.11,0,0,0,0,1,0,0,0,0,1
1244.8,26.6,6.85,127.7,7.17,7.5,1.34,9.46,0,0,0,0,0,0,1,0,0,1
1253.1,14.5,5.79,75.8,5.98,7.5,3.3,9.41,0,0,0,0,0,0,1,0,0,1
1120.6,32.7,5.63,115.9,3.75,7.4,2.37,8.18,1,0,0,0,0,0,1,0,0,0
419.2,19.1,7.78,112.2,7.26,5.7,9.12,6.6,0,0,0,0,0,0,0,0,0,1
969.8,33.9,6.64,196.5,1.38,6.2,3.717999999999999,9.87,0,0,0,0,0,1,0,0,0,1
1061.9,18.7,6.06,156.8,6.67,7.9,17.39,8.38,1,0,0,0,0,0,0,0,0,0
609.3,17.5,6.41,155.4,8.34,8.0,1.26,10.04,1,0,0,0,0,1,0,0,0,0
702.2,24.919999999999998,6.95,156.1,8.0,7.2,2.19,7.49,1,0,0,0,0,0,0,1,0,1
959.4599999999998,24.8,7.61,110.5,3.59,8.3,11.16,9.82,0,0,0,1,0,1,0,0,0,0
859.72,28.4,6.39,133.0,3.02,8.2,3.22,7.43,0,0,0,0,0,0,0,1,0,0
874.4,25.5,6.03,113.7,5.46,5.4,2.94,6.73,0,1,0,0,0,0,0,0,0,1
1104.6,24.7,6.14,101.9,7.64,6.7,1.73,7.88,1,0,0,0,0,0,0,0,0,0
685.0,30.1,5.19,185.2,6.81,11.0,5.39,9.5,0,0,1,0,0,0,1,0,0,1
595.9,26.2,5.32,165.6,6.69,5.1,1.04,7.91,0,0,1,0,0,0,0,0,1,1
1296.2,26.5,6.4,211.2,1.86,7.6,0.58,6.55,1,0,0,0,1,0,0,0,0,0
1244.2,27.7,5.82,195.9,2.06,6.5,5.73,7.57,0,0,1,0,0,0,1,0,0,0
798.9,25.2,5.89,159.6,5.21,8.0,2.56,7.72,0,0,0,1,0,0,0,0,0,0
452.5,24.6,6.95,194.3,6.71,9.8,6.49,7.91,1,0,0,0,0,0,0,0,0,0
330.164,26.4,7.5,73.8,7.14,7.6,3.87,8.23,0,0,0,1,0,0,1,0,0,0
741.2,20.3,6.61,79.4,3.72,6.9,4.13,9.27,0,1,0,0,0,0,0,0,0,1
1002.5,26.0,5.53,161.9,2.48,7.5,1.0,8.47,0,1,0,0,1,0,0,0,0,1
1021.3,27.3,8.1,190.5,3.91,6.1,1.94,8.81,0,0,0,0,0,1,0,0,0,1
1067.9,23.4,6.46,64.7,5.89,8.2,7.85,10.65,0,0,0,1,0,1,0,0,0,1
538.7,25.4,6.32,100.6,6.39,8.7,4.9,11.07,1,0,0,0,0,1,0,0,0,1
867.5,22.6,7.66,157.24,8.35,7.5,0.65,8.4,0,0,0,0,0,0,1,0,0,0
1058.4,25.2,7.85,144.8,7.17,7.0,12.25,6.53,0,0,0,0,1,0,0,0,0,0
1256.7,25.2,5.94,15.0,0.87,11.0,2.23,10.4,0,0,0,1,0,1,0,0,0,1
959.9,25.7,6.7,63.8,5.46,10.4,2.96,6.66,0,0,0,0,1,0,0,0,0,0
890.0,19.4,6.04,161.4,7.01,8.7,3.74,8.15,1,0,0,0,1,0,0,0,0,1
731.0,35.9,5.46,61.1,10.66,7.1,1.19,6.33,0,0,0,1,0,0,0,0,0,1
1031.0,18.2,4.98,160.7,6.59,7.4,4.96,7.12,0,1,0,0,1,0,0,0,0,0
653.1,23.1,7.22,48.4,0.0,4.8,2.46,9.58,0,0,0,1,0,1,0,0,0,1
680.4,24.9,5.6,187.2,10.29,7.7,2.19,9.57,0,1,0,0,0,1,0,0,0,0
891.8,24.1,5.91,114.8,1.9,6.0,1.7,5.81,0,0,0,0,1,0,0,0,0,1
1051.7,15.9,6.88,102.8,3.45,5.8,5.48,6.85,0,0,0,0,1,0,0,0,0,1
849.1,26.8,5.89,225.3,3.91,8.0,2.54,8.43,0,0,0,0,0,0,1,0,0,0
813.8799999999999,27.0,5.6,50.7,10.68,7.9,1.2,6.27,0,1,0,0,0,0,0,0,0,0
957.4,17.3,6.1,88.9,3.64,8.3,4.33,11.36,0,0,0,0,0,1,0,0,0,1
1108.6,23.1,6.78,159.3,4.32,7.2,8.826,9.86,1,0,0,0,0,0,1,0,0,1
1088.3,27.9,6.86,219.9,0.7,7.6,7.21,8.46,0,0,0,0,0,0,0,0,0,1
873.1,25.5,5.91,275.6,3.05,6.0,2.44,7.21,0,0,0,0,1,0,0,0,0,1
905.3,18.5,7.66,202.4,7.96,7.4,0.96,7.72,0,0,0,1,0,0,0,0,1,0
880.2,28.7,6.46,32.1,9.36,6.9,9.91,7.86,0,0,0,1,0,0,1,0,0,0
1488.4299999999998,20.3,7.51,102.0,3.364,6.4,3.46,7.88,1,0,0,0,0,0,0,0,0,1
871.78,29.5,7.27,164.6,9.34,5.5,9.52,8.39,1,0,0,0,0,0,0,0,0,1
958.8,24.8,7.53,103.7,6.29,6.6,21.65,8.04,0,0,0,0,0,0,0,0,0,1
1271.6,25.0,6.19,126.0,6.78,6.0,0.79,5.6,0,1,0,0,1,0,0,0,0,0
1089.5,23.8,6.66,128.3,3.41,7.8,2.99,9.86,0,0,1,0,0,1,0,0,0,0
1152.0,28.0,7.82,176.8,10.857599999999984,8.7,2.46,10.1,0,0,1,0,0,1,0,0,0,1
728.8,30.4,6.56,88.9,0.96,8.3,16.35,7.51,1,0,0,0,1,0,0,0,0,1
952.1,31.9,6.96,206.2,3.03,5.1,2.23,7.59,0,0,0,0,0,0,0,0,1,0
584.1,15.4,7.15,159.79999999999998,3.9,6.3,2.51,8.92,0,0,1,0,0,0,1,0,0,1
914.6,21.0,5.79,146.8,3.51,10.2,2.78,7.71,0,1,0,0,0,0,0,1,0,1
741.0,16.2,6.25,132.6,6.11,6.0,2.4,9.27,0,0,0,0,0,0,1,0,0,1
1016.6,31.7,6.96,48.2,4.63,7.6,5.01,6.25,0,0,1,0,0,0,0,1,0,0
674.0,31.9,7.33,100.1,1.74,9.1,2.12,10.09,1,0,0,0,0,1,0,0,0,1
911.5,19.5,6.76,239.6,4.74,5.5,1.86,6.7,0,0,1,0,1,0,0,0,0,0
917.3,31.7,6.42,121.8,5.86,7.7,20.04,8.51,1,0,0,0,0,0,0,0,1,0
911.8,20.9,6.2,197.3,4.86,4.0,2.98,8.13,0,1,0,0,0,0,0,0,0,1
776.4,28.8,5.78,181.3,3.52,6.4,0.42,10.05,0,0,0,1,0,1,0,0,0,0
1118.8,20.2,6.17,170.5,7.77,9.9,0.48,7.12,0,0,1,0,1,0,0,0,0,1
1177.68,30.4,7.22,77.0,6.98,8.4,3.78,6.97,1,0,0,0,1,0,0,0,0,1
900.8,22.0,6.47,147.1,5.13,6.7,0.5,10.87,0,0,1,0,0,1,0,0,0,1
782.0,23.9,6.05,137.8,7.08,6.6,16.32,9.93,0,0,0,1,0,0,1,0,0,1
521.6,27.6,7.16,184.0,3.65,7.0,2.76,8.7,0,0,0,1,0,0,0,1,0,1
1032.8,14.1,6.86,122.3,4.02,7.9,3.92,7.37,0,0,0,1,0,0,0,1,0,1
937.2,20.8,6.78,178.3,3.02,4.5,5.03,9.99,0,1,0,0,0,1,0,0,0,0
930.6,17.6,6.51,169.4,10.39,6.7,6.88,7.49,0,0,0,1,0,0,0,0,0,0
1191.2,20.0,7.37,122.8,3.46,8.1,2.61,6.89,0,1,0,0,0,0,0,0,1,0
828.68,21.7,5.31,128.3,3.58,7.8,4.12,9.56,0,0,0,1,0,0,1,0,0,1
1187.8,18.5,6.52,140.9,2.59,6.6,1.42,7.15,0,0,0,1,0,0,0,0,1,0
930.5,20.6,6.58,159.52,5.01,4.8,5.47,10.49,0,0,0,1,0,1,0,0,0,1
604.2,30.7,5.81,140.9,4.59,9.4,2.77,7.17,0,0,0,1,0,0,0,0,0,0
802.5,27.160000000000004,4.66,105.4,6.74,6.6,6.06,5.66,0,0,1,0,1,0,0,0,0,1
1098.2,22.2,7.95,165.8,6.05,5.6,5.41,8.27,0,0,0,0,0,0,1,0,0,0
939.8,15.4,5.14,69.3,4.67,10.7,2.12,6.75,1,0,0,0,1,0,0,0,0,0
632.8,24.5,6.52,180.3,7.18,9.8,1.26,8.89,0,0,0,1,0,0,1,0,0,0
945.5,28.4,7.46,147.14,7.4,8.1,1.78,7.28,0,1,0,0,1,0,0,0,0,1
713.7,27.6,5.57,215.2,4.08,6.6,1.82,7.86,0,1,0,0,0,0,0,0,0,0
354.3,23.2,5.83,58.9,0.73,7.4,5.15,7.13,0,0,0,1,0,0,0,0,0,1
895.9,16.8,6.14,7.624000000000001,8.16,6.4,2.18,8.59,0,0,1,0,0,1,0,0,0,0
1075.5,20.1,6.05,94.5,6.89,5.2,4.88,9.25,0,0,0,0,0,0,1,0,0,1
821.2,32.2,7.54,198.9,6.36,7.1,1.06,7.73,0,0,0,1,0,0,0,0,0,1
902.8,25.1,6.56,142.4,6.74,8.7,1.14,11.578600000000005,0,0,0,1,0,1,0,0,0,1
415.1,16.7,5.74,156.9,4.24,7.8,3.39,9.59,0,0,0,1,0,0,1,0,0,1
924.2,22.7,5.65,141.8,2.18,7.0,3.9379999999999997,10.54,0,0,0,0,0,1,0,0,0,1
517.3,23.6,6.59,199.1,4.65,6.4,6.88,8.5,0,1,0,0,0,0,0,0,0,0
1488.4299999999998,25.5,7.22,197.2,10.84,5.2,3.57,7.78,0,1,0,0,0,0,0,1,0,1
653.3,26.9,6.478,123.7,5.8,8.0,2.36,9.07,1,0,0,0,0,0,0,1,0,1
900.4,32.5,8.42,69.0,5.16,7.5,7.77,5.2514,0,0,1,0,0,0,0,1,0,0
1222.2,15.1,7.67,194.6,3.45,7.3,5.51,7.86,0,0,0,0,0,0,0,0,0,1
847.1,20.0,5.19,44.5,4.36,6.7,2.08,6.09,0,0,0,0,0,0,0,1,0,1
1118.0,20.4,7.0,93.8,2.78,6.3,3.94,6.97,0,0,0,1,1,0,0,0,0,0
983.9,30.8,5.97,137.2,10.31,8.6,2.71,9.88,0,0,0,1,0,1,0,0,0,0
844.0,20.0,5.11,135.3,6.1,8.5,0.78,6.5,0,1,0,0,0,0,0,1,0,0
939.0,21.1,6.897999999999999,286.7380000000001,8.72,7.6,5.26,8.32,0,1,0,0,0,0,1,0,0,0
1209.9,30.4,5.93,161.44,6.0200000000000005,7.7,6.55,7.09,0,1,0,0,0,0,0,0,0,0
875.4,28.7,6.1,134.0,4.16,9.9,12.79,10.02,0,0,1,0,0,1,0,0,0,0
664.8,26.7,5.84,161.4,4.95,7.8,11.36,7.58,0,0,0,0,0,0,0,1,0,1
527.7,26.919999999999998,7.52,143.4,7.15,7.3,2.03,8.27,0,1,0,0,0,0,0,0,0,1
1070.3,27.3,6.35,198.2,2.5,7.4,4.91,6.62,0,0,0,0,1,0,0,0,0,1
948.2,27.98,6.53,125.9,2.93,8.7,13.35,7.55,0,1,0,0,0,0,0,0,1,0
438.5,18.0,6.09,208.2,4.81,8.6,3.76,7.49,0,0,0,0,0,0,0,0,1,1
812.3,27.4,7.21,113.4,3.71,4.3,2.04,9.35,0,0,0,1,0,0,1,0,0,1
757.1,20.4,6.52,132.9,3.76,4.6,4.89,7.02,0,0,0,0,1,0,0,0,0,1
994.6,27.0,7.45,208.1,1.76,7.6,4.81,9.19,0,0,0,0,0,0,1,0,0,1
481.0,21.9,7.55,180.9,3.13,6.0,3.25,5.74,0,0,1,0,0,0,0,0,0,0
990.3,28.5,5.52,122.3,3.19,8.720000000000002,5.77,8.31,0,1,0,0,0,0,0,1,0,1
1271.1,22.6,6.58,182.8,3.06,9.3,4.7,8.45,0,0,0,1,1,0,0,0,0,1
874.4,14.9,4.8,216.5,5.94,7.3,3.89,9.28,1,0,0,0,0,0,1,0,0,1
798.7,28.2,6.44,67.5,2.11,5.1,1.82,10.94,0,1,0,0,0,1,0,0,0,1
1488.4299999999998,29.8,5.71,145.1,2.41,5.7,16.93,9.59,0,0,1,0,0,1,0,0,0,1
845.8,18.1,7.07,36.0,6.88,6.7,2.28,10.78,0,0,0,0,0,1,0,0,0,1
598.7,28.0,7.63,111.3,3.09,10.5,1.84,11.19,0,0,0,0,0,1,0,0,0,1
947.1,21.6,6.82,150.0,2.47,7.8,2.18,11.08,0,0,1,0,0,1,0,0,0,1
821.7,31.3,6.16,93.5,7.33,9.1,3.9,5.41,0,0,1,0,1,0,0,0,0,0
483.2,20.4,6.44,193.9,1.81,6.0,5.58,10.07,0,0,1,0,0,1,0,0,0,0
891.4,26.74,6.27,173.22000000000003,8.69,7.0,2.46,8.89,0,0,0,1,0,0,0,0,1,1
1230.6,28.2,6.33,224.6,2.96,7.9,21.42,10.62,0,0,0,1,0,0,1,0,0,1
1430.4,19.0,6.25,124.6,8.05,6.2,2.51,5.96,0,0,1,0,1,0,0,0,0,0
934.5,20.4,7.18,146.8,5.98,7.5,3.9,8.11,0,0,0,0,0,0,0,1,0,1
1162.5,24.0,6.58,137.9,5.51,7.4,1.1,8.12,0,0,0,0,0,0,0,0,1,1
901.8,20.3,6.38,185.0,6.45,8.1,11.2,7.46,0,0,1,0,0,0,0,0,0,0
1015.3,25.1,7.0,157.6,2.16,7.1,2.01,8.42,0,0,0,1,0,0,0,0,0,0
949.2,27.4,6.55,124.0,5.83,10.4,2.41,8.07,0,0,1,0,0,0,0,0,1,0
925.9,17.9,6.8,129.5,2.77,7.08,4.04,7.47,0,0,0,0,1,0,0,0,0,1
1095.5,18.7,6.35,105.1,4.96,5.5,1.17,6.54,0,1,0,0,0,0,0,0,0,0
1267.2,17.7,6.43,136.9,3.59,6.3,13.53,8.01,0,0,1,0,0,0,0,1,0,1
1063.9,26.0,6.34,177.0,4.91,6.4,3.57,7.43,0,0,0,0,1,0,0,0,0,1
1488.4299999999998,27.4,5.88,74.7,6.58,6.8,2.99,8.68,1,0,0,0,0,0,1,0,0,0
937.7,31.1,5.37,189.1,7.22,11.0,4.95,9.07,0,0,0,0,0,0,0,0,1,1
1076.3,20.4,7.04,108.1,4.88,7.5,1.6,11.16,0,1,0,0,0,1,0,0,0,1
683.6,25.0,6.94,149.0,0.0,7.4,3.1719999999999997,7.69,0,1,0,0,1,0,0,0,0,1
1072.6,24.3,6.53,112.0,4.58,9.9,6.3,8.99,0,0,0,0,0,0,0,0,1,1
692.6,30.3,6.5,170.1,4.98,7.4,7.73,8.04,1,0,0,0,0,0,0,1,0,0
712.1,13.7,7.29,129.4,2.82,4.3,1.27,5.2514,0,0,1,0,1,0,0,0,0,0
845.0,23.8,6.33,158.3,1.74,8.3,3.27,6.55,0,0,0,0,1,0,0,0,0,0
975.7,25.6,6.07,91.8,7.45,8.6,5.66,8.58,0,1,0,0,0,0,0,0,0,1
823.7,26.8,5.54,118.5,3.06,9.9,9.39,7.02,0,0,1,0,0,0,0,1,0,0
1060.7,17.1,7.26,227.9,3.26,10.1,12.15,8.81,0,0,1,0,0,0,0,0,1,1
1315.9,16.9,6.31,105.1,3.28,5.0,5.53,10.68,1,0,0,0,0,1,0,0,0,1
1086.5,18.8,5.7,136.9,4.85,6.9,7.63,7.77,1,0,0,0,0,0,0,0,1,0
1376.4,27.1,6.31,201.7,4.24,8.8,1.29,7.28,0,0,0,1,1,0,0,0,0,1
877.1,26.0,6.94,155.5,0.0,8.5,9.6,8.29,0,1,0,0,0,0,0,1,0,1
872.54,21.8,5.684,134.6,7.6,5.0,2.72,9.13,1,0,0,0,0,0,1,0,0,0
1488.4299999999998,32.5,5.79,93.4,6.04,6.3,3.35,8.91,0,0,1,0,0,1,0,0,0,0
688.7,27.7,6.63,179.5,8.43,4.4,6.31,6.99,0,1,0,0,1,0,0,0,0,1
936.2,17.9,6.19,134.52,8.48,8.4,4.112,11.05,0,1,0,0,0,0,1,0,0,1
645.6,33.2,6.831999999999999,155.00760000000002,4.92,10.5,1.37,7.62,0,0,1,0,0,0,1,0,0,0
1306.0,26.5,5.44,208.2,5.87,7.5,9.07,5.81,0,1,0,0,1,0,0,0,0,0
1013.6,27.4,6.12,168.3,0.0,7.0,0.85,8.33,0,0,0,1,0,0,1,0,0,0
794.4,33.6,7.16,177.3,4.9,5.0,0.8,7.95,0,0,0,0,0,0,1,0,0,1
1287.4,12.4,7.16,123.4,7.35,6.9,5.33,7.17,1,0,0,0,0,0,0,0,0,0
918.8,15.7,6.2,152.9,4.95,5.8,1.67,10.23,0,0,0,0,0,1,0,0,0,0
1185.6,28.5,6.44,125.88,4.62,5.2,1.84,8.73,0,0,0,1,0,0,1,0,0,0
1311.1,26.3,6.28,74.9,5.22,7.9,26.22,7.8,0,0,0,0,0,0,0,0,1,1
1132.4,22.4,7.36,180.14,6.29,7.2,3.26,7.58,0,1,0,0,0,0,0,0,1,1
716.4,16.5,5.95,111.9,2.134,8.4,0.94,8.07,1,0,0,0,0,0,0,0,0,0
1010.9,26.7,5.85,95.9,7.44,9.4,2.5,6.95,0,0,0,1,0,0,0,1,0,0
1083.4,26.0,6.2940000000000005,168.8,4.22,6.3,6.01,9.13,0,0,0,1,0,0,1,0,0,0
713.1,21.9,6.37,135.1,4.56,6.6,2.55,10.73,0,0,0,0,0,1,0,0,0,1
957.5,35.9,6.0,117.2,4.2,7.4,1.21,6.98,0,0,0,1,0,0,0,0,0,0
1177.3,29.1,5.09,137.8,1.94,6.7,8.370000000000001,7.95,0,0,0,0,0,0,0,0,0,1
1454.7,20.5,7.09,137.1,4.79,6.8,21.17,8.55,0,0,0,1,0,0,0,0,0,1
951.0,23.4,5.9,143.6,7.55,9.3,12.58,11.01,0,0,0,1,0,1,0,0,0,0
847.5,25.5,6.69,143.8,9.03,8.1,8.38,7.54,0,0,0,0,1,0,0,0,0,1
885.4,35.0,6.35,142.7,2.72,11.0,9.06,11.48,1,0,0,0,0,1,0,0,0,1
1122.6,17.2,6.35,121.3,5.715999999999999,8.2,5.13,9.48,1,0,0,0,0,0,0,0,0,1
1140.7,16.2,6.691999999999998,120.1,4.21,6.9,1.01,8.07,0,0,1,0,0,0,0,0,1,1
889.9,23.7,5.56,70.8,7.21,11.0,4.19,8.73,0,0,1,0,0,0,1,0,0,1
1150.2,16.1,7.1,107.4,10.79,8.9,5.2,9.8,0,0,0,0,0,1,0,0,0,0
1025.5,25.3,4.7,136.3,1.12,7.1,3.06,9.94,0,0,0,0,0,1,0,0,0,1
867.1,25.7,6.77,217.0,1.34,7.0,5.1,9.48,0,0,0,0,0,0,1,0,0,1
1261.7,20.3,4.86,133.9,8.47,8.5,2.94,10.95,1,0,0,0,0,1,0,0,0,1
1110.9,22.5,5.81,131.0,3.36,8.5,1.81,8.61,1,0,0,0,0,0,0,0,0,1
490.3,15.4,6.97,157.0,5.78,4.8,7.12,9.07,0,0,0,0,0,1,0,0,0,0
787.4,23.9,6.35,146.8,0.03,8.4,0.52,10.37,0,1,0,0,0,0,1,0,0,1
1488.4299999999998,23.3,5.87,143.4,5.99,8.7,11.55,8.14,0,0,0,0,0,0,0,0,0,1
1246.2,16.3,6.96,19.7,4.32,5.9,3.44,6.35,0,0,0,1,0,0,0,0,1,0
1300.0,22.9,6.49,33.5,4.48,6.3,8.13,7.44,0,0,0,0,0,0,0,0,1,1
758.2,26.3,6.18,146.0,7.12,6.0,12.66,6.51,0,0,0,0,0,0,0,1,0,0
923.0,30.4,7.75,91.9,3.87,7.5200000000000005,4.63,6.73,0,0,0,0,0,0,0,0,0,0
1080.6,26.7,7.99,132.7,3.8595199999999963,6.8,1.17,7.0,0,1,0,0,0,0,0,0,0,0
734.0,21.9,6.03,85.3,1.95,9.3,2.58,8.36,0,0,0,1,0,0,0,1,0,1
911.3,20.1,7.78,140.1,4.25,7.1,1.5,7.07,0,0,1,0,0,0,0,0,1,0
773.6,13.7,6.69,188.3,7.32,8.1,7.0,7.59,0,0,0,0,0,0,0,0,0,0
701.7,23.9,7.0,138.3,3.38,5.8,7.02,8.49,0,1,0,0,0,0,0,0,1,1
773.7,29.1,7.67,181.5,2.35,7.040000000000001,7.48,6.67,0,0,0,0,0,0,0,0,0,0
1337.6,20.9,6.95,207.5,5.7,7.9,2.04,7.75,0,0,0,0,0,0,0,1,0,1
739.8,33.8,6.59,30.8,4.0,6.6800000000000015,0.89,6.79,0,0,0,0,0,0,0,0,0,1
949.3,26.8,5.8,142.2,2.97,8.0,7.25,8.98,1,0,0,0,0,0,0,0,1,1
626.3,22.0,5.74,197.6,0.49,7.0,5.84,8.26,1,0,0,0,0,0,0,0,0,1
919.4,18.3,6.1,186.1,2.66,6.4,6.34,8.06,0,0,0,0,0,0,0,1,0,1
733.5,22.3,7.0,205.3,3.77,5.2,1.05,10.78,0,0,1,0,0,1,0,0,0,1
1101.4,15.8,6.16,286.7380000000001,4.03,7.9,1.45,8.73,0,0,1,0,0,0,1,0,0,0
1042.8,18.4,6.98,139.1,5.18,5.0,4.78,7.06,0,0,1,0,0,0,0,1,0,1
606.3,27.5,4.68,214.0,4.252000000000001,11.0,11.78,7.84,1,0,0,0,0,0,0,0,1,0
1311.0,20.6,7.17,140.47999999999996,1.09,7.3,2.47,6.07,0,0,0,0,1,0,0,0,0,1
840.7,12.4,4.59,173.7,2.89,6.6,1.34,5.45,0,0,1,0,0,0,0,0,1,0
330.164,19.0,6.26,145.3,4.59,10.7,3.48,6.84,0,0,0,0,1,0,0,0,0,1
1043.0,15.9,5.64,196.9,6.87,7.1,5.77,8.9,0,0,0,0,0,0,0,0,0,1
899.4,25.5,5.74,194.0,10.857599999999984,7.4,3.06,8.25,1,0,0,0,0,0,0,0,1,0
897.2,21.4,6.41,165.48,4.508,7.9,5.06,11.578600000000005,0,0,0,1,0,1,0,0,0,1
847.2,26.4,7.76,154.6,4.89,5.5,6.21,7.0,0,0,0,1,0,0,0,0,1,0
358.2,22.5,7.01,212.5,5.023999999999999,7.4,1.2,7.79,0,0,1,0,0,0,1,0,0,0
660.9,19.8,7.5,147.5,6.16,9.1,4.858,8.28,0,0,1,0,0,0,1,0,0,0
1012.04,32.4,5.49,116.8,9.3,8.7,1.47,6.03,0,0,1,0,0,0,0,0,1,0
955.2,22.8,6.34,159.6,7.19,9.9,2.11,7.8,1,0,0,0,1,0,0,0,0,0
873.2,20.6,5.41,120.7,5.38,4.7,2.08,8.17,1,0,0,0,0,0,0,0,1,0
789.1000000000001,26.6,6.77,95.6,5.77,8.7,5.36,9.6,0,0,0,1,0,0,0,0,1,1
739.3,21.9,7.2,151.7,6.45,7.2,9.62,9.32,0,0,0,0,0,0,1,0,0,1
1028.4,27.8,6.71,90.7,5.39,7.2,4.31,8.16,0,1,0,0,0,0,0,0,1,1
1118.8,28.5,5.11,168.5,5.18,10.5,4.21,5.74,0,0,1,0,1,0,0,0,0,0
885.5,21.5,5.11,55.3,3.14,8.4,13.2,7.02,0,0,1,0,0,0,0,1,0,1
668.8,24.4,7.05,167.2,5.37,5.8,0.55,7.76,0,0,0,1,0,0,0,0,1,0
818.8,20.3,7.45,161.1,6.575999999999999,8.6,3.99,8.19,0,0,0,1,0,0,0,0,0,0
1488.4299999999998,35.9,5.24,122.5,5.08,6.959999999999999,4.69,7.49,0,0,0,0,0,0,1,0,0,0
1269.9,22.4,6.73,76.6,6.17,9.7,9.24,8.19,0,0,1,0,0,0,0,0,0,1
979.6,25.3,7.43,100.4,5.0,6.7,3.27,9.24,0,0,1,0,0,0,1,0,0,1
944.5,16.9,6.67,66.3,4.186,8.6,0.9,8.11,0,1,0,0,0,0,0,0,1,1
975.8,21.7,5.69,189.5,0.17,7.0,8.68,8.26,1,0,0,0,0,0,0,0,1,0
805.9,29.5,6.48,182.2,5.09,4.9,2.11,7.8,0,0,0,1,0,0,0,1,0,1
1120.0,26.9,6.05,148.9,5.72,10.0,3.97,8.28,1,0,0,0,0,0,0,0,0,0
734.9,20.3,6.83,179.4,4.28,8.5,3.33,7.54,0,0,0,0,0,0,0,0,0,0
755.6,22.5,6.22,7.624000000000001,0.05,9.7,6.91,7.73,0,1,0,0,0,0,0,0,1,1
862.1600000000001,28.9,5.89,128.8,7.57,9.2,5.71,7.6,0,0,1,0,0,0,0,0,0,1
1248.3,26.8,6.14,170.18,4.52,8.6,0.63,7.77,0,0,0,1,0,0,0,1,0,0
909.5,28.0,6.3,138.4,6.39,8.4,1.69,7.22,0,0,1,0,0,0,0,0,0,0
837.3,26.0,7.36,113.5,7.63,7.4,7.34,6.3,0,0,0,1,1,0,0,0,0,0
1029.88,18.0,6.72,213.6,3.8,8.5,2.41,8.0,0,0,0,0,0,0,0,0,1,0
1268.2,26.7,7.08,131.67999999999998,8.16,7.6,5.19,7.61,0,0,0,1,0,0,0,1,0,0
789.1,30.6,7.19,104.5,6.37,6.2,2.69,8.03,0,0,1,0,0,0,1,0,0,1
824.5,24.48,5.11,256.3,3.91,9.5,6.23,6.8,0,0,0,1,1,0,0,0,0,0
798.3,24.8,6.29,97.5,2.02,6.3,13.73,8.1,0,0,0,1,0,0,0,0,1,0
760.2,22.4,6.39,152.3,8.96,7.860000000000001,6.13,10.32,0,1,0,0,0,0,1,0,0,1
779.7,30.2,4.99,96.7,5.67,8.34,3.0140000000000002,6.66,0,1,0,0,1,0,0,0,0,1
631.9,25.1,7.68,178.3,2.68,5.9,5.01,7.25,0,1,0,0,0,0,0,1,0,1
784.9,23.2,5.03,156.4,5.98,8.8,6.892,9.36,0,0,0,0,0,0,1,0,0,1
1005.1,22.0,6.05,139.5,5.8,7.7,4.4,11.578600000000005,1,0,0,0,0,1,0,0,0,1
1082.1,22.5,4.59,185.4,2.88,8.2,9.09,6.54,0,0,0,0,0,0,0,1,0,0
996.7,30.6,6.62,123.2,1.46,4.8,1.94,7.78,0,0,0,0,0,0,0,0,1,1
767.1,15.6,6.09,206.9,3.5260000000000007,5.9,5.77,8.11,0,1,0,0,0,0,0,0,0,1
849.6,20.0,6.83,278.1,0.0,6.7,2.72,10.41,1,0,0,0,0,1,0,0,0,0
1233.2,27.5,6.44,208.3,5.51,8.9,2.62,8.04,0,0,0,0,0,0,0,0,1,0
789.6,21.5,6.53,251.4,7.24,8.8,3.33,8.56,0,0,0,0,0,0,1,0,0,1
841.7,30.1,6.99,177.6,0.0,9.5,3.14,7.91,0,0,0,0,0,0,0,0,1,0
1001.9,30.4,6.15,113.0,4.84,6.1,7.02,9.52,1,0,0,0,0,0,0,0,1,1
572.6,31.8,7.07,223.4,2.35,6.6,2.33,7.1,0,0,0,1,0,0,0,1,0,1
944.8,27.5,5.68,261.2,7.99,8.3,9.74,7.4,1,0,0,0,0,0,0,0,0,0
966.3,23.5,7.14,132.59999999999997,5.26,5.7,2.25,10.32,0,0,0,1,0,1,0,0,0,1
863.2,26.2,7.32,265.9,7.59,6.5,1.79,5.8,0,0,1,0,1,0,0,0,0,0
828.8,24.1,5.8,80.2,6.84,7.2,2.24,7.26,0,1,0,0,1,0,0,0,0,1
1096.7,30.9,6.61,175.9,7.2,8.5,1.55,7.91,0,1,0,0,0,0,0,0,1,0
594.9,18.4,7.74,149.0,3.6,6.2,2.79,10.8,1,0,0,0,0,1,0,0,0,0
969.0,25.6,6.49,55.7,6.82,7.419999999999999,5.7,10.44,0,0,0,1,0,1,0,0,0,1
351.9,23.4,7.71,144.4,5.55,7.4,2.744,7.38,0,0,0,0,0,0,0,1,0,1
1095.4,28.2,5.61,116.56000000000002,3.81,6.4,18.33,5.2514,0,0,0,0,1,0,0,0,0,0
694.9,25.2,7.47,200.3,9.64,7.9,5.476,8.71,0,0,0,0,0,0,0,0,0,1
1218.7,23.0,6.63,128.8,3.78,6.9,3.27,10.55,0,1,0,0,0,1,0,0,0,0
566.9,14.9,6.71,216.5,7.97,5.0,2.7,7.73,1,0,0,0,0,0,0,0,1,1
624.3,22.3,8.42,143.8,3.87,10.3,7.98,5.45,0,0,1,0,1,0,0,0,0,1
914.1,18.9,7.27,148.0,0.74,8.9,1.03,7.73,0,1,0,0,0,0,0,0,0,0
604.5,18.8,7.45,117.4,6.33,6.24,4.36,6.23,0,1,0,0,1,0,0,0,0,1
1155.0,30.5,6.1,180.1,4.84,8.6,5.11,7.69,0,0,0,1,0,0,0,0,1,0
553.2,31.5,5.9,165.8,7.0,11.0,2.11,7.28,0,0,0,0,0,0,0,1,0,1
497.9,21.3,5.27,152.4,3.83,8.6,2.34,9.22,0,0,0,0,0,0,1,0,0,1
948.0,22.5,6.04,124.6,4.67,5.6,4.08,8.07,0,0,0,1,0,0,0,1,0,1
870.7,19.6,5.71,120.7,6.21,6.7,0.71,8.35,0,1,0,0,0,0,0,0,1,0
1488.4299999999998,25.4,6.24,112.4,3.21,8.0,1.26,10.04,0,0,0,1,0,1,0,0,0,0
873.2,22.8,6.41,188.4,6.28,7.7,2.16,10.29,1,0,0,0,0,0,1,0,0,1
775.0,22.4,6.279999999999999,98.0,7.61,5.5,8.69,6.92,0,0,0,1,0,0,0,1,0,0
567.0,26.2,7.1,106.8,4.81,6.1,12.53,7.22,0,0,0,0,0,0,0,1,0,1
817.4,22.6,6.79,199.9,4.28,7.8,7.19,7.56,0,1,0,0,0,0,0,0,1,0
707.8,21.3,5.78,205.3,9.84,8.6,0.51,7.18,0,0,0,0,0,0,0,0,0,0
1163.6,17.0,7.65,145.9,4.5200000000000005,5.7,2.12,5.3,0,0,1,0,1,0,0,0,0,0
1276.2,23.4,7.17,286.7380000000001,3.86,7.5,0.96,7.38,0,1,0,0,0,0,0,0,0,0
1236.8,23.7,5.81,124.9,4.96,7.2,5.87,9.9,0,1,0,0,0,0,1,0,0,1
1199.4,19.4,5.13,116.6,7.2,4.2,11.4,5.3,0,0,1,0,1,0,0,0,0,0
844.4,28.5,6.28,171.1,3.76,6.88,1.41,8.19,0,0,0,1,0,0,0,0,0,1
1015.6,25.8,6.85,117.4,0.0,6.9,5.23,11.05,0,0,0,0,0,1,0,0,0,0
919.8,15.9,6.21,238.2,3.156,6.4,0.84,7.05,0,0,0,0,0,0,0,0,0,0
958.3,24.6,6.82,138.3,6.49,7.8,1.07,7.32,0,0,0,0,0,0,0,0,0,1
951.4,14.9,5.98,134.7,2.58,6.9,7.24,8.02,0,0,1,0,0,0,1,0,0,0
922.9,28.2,5.65,233.5,4.7,9.3,3.08,9.12,0,0,0,0,0,0,1,0,0,0
600.0,35.9,4.64,197.3,5.842,6.7,1.38,8.54,0,0,0,0,0,1,0,0,0,1
913.5,34.2,6.14,128.2,2.07,6.3,5.32,8.0,0,0,0,0,0,0,1,0,0,0
928.7,26.4,7.53,101.3,0.77,7.7,7.38,10.08,0,0,0,0,0,1,0,0,0,0
1065.0,24.6,6.42,81.3,4.34,6.5,1.9,8.19,1,0,0,0,0,0,0,1,0,1
915.0,30.6,6.4,168.18,7.82,9.0,0.8,10.17,0,0,0,0,0,1,0,0,0,1
480.0,25.0,6.72,96.6,5.82,6.7,4.21,7.21,0,1,0,0,1,0,0,0,0,1
819.1,20.2,6.89,168.4,3.7,6.3,3.5,10.7,1,0,0,0,0,0,1,0,0,1
903.0,28.6,6.83,82.4,7.34,4.9,0.66,6.49,0,0,1,0,0,0,0,0,0,0
1036.8,30.6,6.87,113.6,7.53,7.9,3.0,6.58,1,0,0,0,1,0,0,0,0,0
813.2,19.8,7.29,116.4,3.84,9.4,2.93,6.97,0,0,1,0,0,0,0,0,0,0
877.0,23.0,6.47,7.624000000000001,2.1,6.2,2.65,8.3,0,0,1,0,0,1,0,0,0,0
858.9,24.1,5.75,126.7,6.8,7.4,7.24,7.31,0,1,0,0,0,0,0,1,0,0
1115.7,26.6,5.99,98.2,3.232,7.3,2.03,7.86,0,0,1,0,0,0,1,0,0,0
616.0,21.8,6.47,222.0,5.74,9.4,3.46,7.91,0,1,0,0,0,0,0,1,0,1
1178.1,23.4,7.04,184.6,5.16,6.0,5.89,7.15,0,1,0,0,1,0,0,0,0,1
1153.7,23.6,6.67,131.2,6.45,7.7,1.03,8.76,0,0,0,1,0,0,0,0,1,0
657.0,28.2,7.62,136.9,5.13,6.7,2.06,7.03,1,0,0,0,1,0,0,0,0,0
1090.6,20.2,6.95,237.0,0.0,10.1,4.01,7.61,0,0,0,1,1,0,0,0,0,1
1026.7,24.1,6.47,158.1,5.37,4.2,4.46,11.578600000000005,1,0,0,0,0,1,0,0,0,1
869.7,25.6,6.6,29.8,1.31,6.6,4.11,7.08,0,0,0,1,0,0,0,0,1,0
859.6,27.7,6.7,211.2,7.09,10.2,2.08,8.14,0,0,0,1,0,0,0,0,0,0
732.9,34.4,6.35,166.0,4.44,6.2,0.65,7.06,0,0,0,1,0,0,0,0,1,1
413.4,30.5,6.73,286.7380000000001,2.57,8.5,8.46,5.41,0,1,0,0,1,0,0,0,0,0
1163.2,28.8,6.644,104.2,5.07,8.8,0.68,10.02,0,0,0,0,0,1,0,0,0,1
749.9399999999999,24.64,5.55,74.0,2.49,9.0,6.485999999999999,8.51,0,0,0,0,0,0,0,1,0,1
574.4,19.1,6.18,129.1,3.46,6.4,3.93,8.08,0,0,0,0,0,0,0,0,0,1
897.2,23.5,5.07,229.5,1.05,10.7,3.36,7.48,0,0,0,1,0,0,0,0,0,0
865.2,34.0,4.93,175.2,9.93,9.0,2.89,5.75,0,0,0,0,1,0,0,0,0,0
873.8,24.7,7.0,154.1,3.18,6.6,10.13,7.12,0,0,1,0,0,0,0,1,0,1
1200.9,23.8,6.5,211.4,6.24,6.4,3.7,9.09,0,0,0,1,0,0,1,0,0,0
1108.9,19.1,5.43,195.3,0.0,9.2,3.85,11.04,0,1,0,0,0,1,0,0,0,1
868.3399999999999,31.6,6.64,105.8,8.93,7.480000000000001,28.908999999999867,5.99,0,0,0,0,1,0,0,0,0,1
642.5,21.4,6.81,100.6,4.66,7.5,1.23,7.22,0,0,1,0,0,0,0,0,1,0
1081.1,25.6,7.01,150.2,6.02,8.0,3.56,8.87,0,0,0,0,0,0,1,0,0,1
767.22,28.8,5.31,110.3,5.38,6.6,8.31,10.51,0,0,0,1,0,1,0,0,0,1
1111.6,25.3,5.94,186.5,5.66,6.8,1.02,10.85,0,0,0,0,0,1,0,0,0,0
1221.1,22.4,7.69,180.4,4.81,8.3,1.5,6.6,0,0,1,0,0,0,0,1,0,0
728.5,22.3,7.07,254.5,9.4,4.0,4.85,8.01,0,1,0,0,0,0,1,0,0,0
963.1,23.7,6.02,176.3,7.17,9.5,0.5,6.74,0,0,1,0,1,0,0,0,0,1
1285.2,28.7,6.53,147.9,1.41,11.0,1.43,6.69,0,0,0,0,0,0,0,0,0,0
370.1,19.1,7.106,175.5,8.02,7.4,1.67,7.33,0,0,0,0,0,0,0,0,1,1
602.7,29.5,6.28,200.1,6.81,7.3,21.97,8.56,0,0,0,1,0,0,1,0,0,0
824.1,23.2,7.29,93.8,8.12,9.7,14.51,7.57,0,0,0,0,0,0,0,0,1,1
968.8,16.3,5.12,109.0,9.25,8.6,3.95,11.26,1,0,0,0,0,1,0,0,0,1
915.6,21.5,7.63,177.8,5.86,7.4,22.38,9.83,0,0,0,0,0,0,1,0,0,1
974.8,21.7,6.79,226.5,2.15,4.8,2.65,7.91,1,0,0,0,0,0,0,0,1,0
1166.1,28.6,5.5,286.7380000000001,8.67,9.4,2.53,9.56,0,0,0,0,0,0,1,0,0,1
902.0,27.1,6.91,110.5,4.25,8.4,1.32,8.28,1,0,0,0,0,0,0,1,0,1
1115.2,19.7,6.2,73.7,4.48,9.6,19.57,7.84,0,0,0,0,0,0,0,0,0,1
946.7,27.54,6.37,156.2,6.27,8.9,6.13,8.67,1,0,0,0,0,0,0,1,0,1
842.8,16.8,5.76,187.8,0.99,6.2,1.79,9.3,0,0,0,1,0,0,1,0,0,1
926.6,23.9,5.71,112.4,3.61,10.5,2.5,9.96,1,0,0,0,0,0,1,0,0,0
882.3,27.7,5.62,137.1,10.857599999999984,8.0,2.77,7.12,0,0,1,0,0,0,0,0,0,0
399.5,13.6,7.04,239.5,2.2,6.0,18.75,8.97,0,0,0,0,0,1,0,0,0,1
910.8,31.7,7.23,232.6,10.857599999999984,6.6,2.44,6.98,0,0,0,0,1,0,0,0,0,1
779.4,28.1,7.73,127.3,6.94,8.5,2.39,9.14,0,0,0,1,0,0,1,0,0,1
1254.5,17.1,7.0,191.7,6.556,6.8,16.23,7.84,0,0,0,1,0,0,0,0,0,0
1054.2,29.5,5.36,240.1,1.6,9.4,5.38,7.22,0,1,0,0,0,0,0,1,0,0
1036.3,28.6,6.62,116.6,0.31,7.8,2.75,8.49,0,0,0,1,0,0,0,0,0,1
1011.2,13.9,7.32,42.9,3.67,6.8,3.73,7.31,0,0,0,0,0,0,0,0,1,1
1139.3,24.5,5.71,164.9,4.34,7.7,2.94,6.2,0,0,0,0,1,0,0,0,0,0
750.2,24.7,6.56,266.6,10.857599999999984,8.1,6.08,9.57,0,0,0,1,0,0,1,0,0,1
754.1,31.8,6.68,81.7,5.09,6.2,3.39,9.32,0,1,0,0,0,0,1,0,0,1
1057.7,24.4,7.08,80.1,0.0,6.3,1.85,6.34,0,0,1,0,0,0,0,1,0,0
653.6,23.6,6.77,286.7380000000001,2.55,5.2,5.87,10.34,0,0,1,0,0,1,0,0,0,1
819.9,25.8,7.27,210.7,6.4,8.1,2.72,7.34,0,0,0,0,1,0,0,0,0,1
875.9,29.3,6.6,155.4,8.82,7.279999999999999,11.08,10.05,0,0,1,0,0,0,1,0,0,1
432.4,24.6,6.989999999999999,153.82,7.33,7.5,5.78,8.83,0,0,0,1,0,1,0,0,0,1
1016.4,23.0,6.35,84.4,5.88,9.4,6.05,8.24,0,1,0,0,0,0,0,1,0,1
1345.8,27.0,6.88,166.2,3.7,6.1,8.6,7.74,1,0,0,0,0,0,0,0,0,0
679.0,31.4,7.02,135.5,7.47,7.8,6.55,5.48,0,0,0,0,1,0,0,0,0,1
1283.6,27.2,6.23,144.6,1.04,7.4,1.76,6.93,1,0,0,0,0,0,0,1,0,0
964.9,21.7,6.69,162.2,9.02,6.7,4.918,8.92,0,0,0,1,0,0,0,0,1,0
1015.5,17.9,7.63,112.6,1.58,6.1,3.56,10.33,0,0,0,0,0,1,0,0,0,0
1032.3,26.9,7.14,170.0,6.51,10.1,2.79,8.81,0,0,1,0,0,0,1,0,0,0
980.04,20.9,7.81,164.0,6.63,5.5,1.89,8.37,0,1,0,0,0,0,1,0,0,0
942.9,22.4,6.08,126.3,4.83,11.0,1.82,7.47,0,0,0,0,1,0,0,0,0,1
1100.6,26.7,5.56,235.2,1.87,5.7,2.57,5.79,0,0,0,0,1,0,0,0,0,0
950.1,27.9,6.54,55.3,0.0,6.4,28.82,6.19,0,0,0,0,1,0,0,0,0,0
922.9,21.9,6.33,258.8,1.33,9.4,1.21,7.56,0,0,0,0,0,0,0,0,1,0
1383.7,23.6,6.43,68.1,10.66,8.8,0.58,9.35,0,0,0,1,0,0,1,0,0,0
1302.7,12.4,7.64,122.3,8.22,6.2,5.55,10.18,0,0,1,0,0,1,0,0,0,1
795.2,18.7,5.97,130.5,3.31,7.74,19.43,7.32,0,0,0,0,0,0,0,0,0,0
679.8,21.3,6.31,155.7,3.28,8.2,1.23,7.79,0,0,0,1,0,0,0,0,1,0
617.6,20.3,6.94,66.0,4.59,8.0,7.96,7.02,0,0,0,0,1,0,0,0,0,1
960.3,18.0,6.0,193.8,6.56,7.9,2.7,11.04,0,1,0,0,0,1,0,0,0,1
1062.5,29.3,6.06,174.1,5.23,6.6,2.29,7.93,0,0,0,1,0,0,0,0,1,0
734.9,22.139999999999997,7.49,136.1,7.6,8.7,3.92,6.69,0,0,1,0,0,0,0,0,1,0
1142.7,24.0,6.91,138.5,1.88,4.0,1.28,10.06,0,0,0,1,0,0,1,0,0,1
1140.3,26.7,6.0,168.7,4.46,5.3,1.25,7.19,0,0,1,0,0,0,0,0,1,0
752.7,25.2,4.91,212.5,2.3739999999999997,7.4,2.13,8.14,0,0,1,0,0,0,1,0,0,1
727.5,23.8,6.94,182.3,4.25,7.5,4.65,7.54,0,1,0,0,0,0,0,0,1,0
1488.4299999999998,29.1,6.390000000000001,249.5,4.54,7.1,8.11,8.83,0,0,0,0,0,1,0,0,0,1
847.9,19.9,5.83,190.5,0.73,7.6,10.49,7.71,0,0,0,0,0,0,0,1,0,1
811.2,24.9,8.42,89.8,3.25,8.4,1.42,7.76,0,1,0,0,0,0,1,0,0,1
941.6,19.3,4.95,278.1,5.98,5.8,12.38,7.09,0,0,1,0,0,0,0,0,1,1
1067.4,25.1,7.67,193.6,10.01,7.4,2.64,9.14,0,0,0,1,0,0,0,0,1,1
1011.5,28.2,7.28,222.8,5.07,4.9,2.96,7.99,0,0,0,1,0,0,0,0,1,0
927.2,19.6,6.56,126.9,2.92,7.6,1.16,10.55,0,0,0,1,0,1,0,0,0,1
870.6,29.1,6.21,228.0,6.31,8.9,2.96,9.23,1,0,0,0,0,0,0,0,0,1
1002.6,23.580000000000002,6.741999999999999,141.26,8.2,8.9,4.04,7.9,0,1,0,0,0,0,0,0,1,0
836.9,28.8,6.82,194.7,5.337999999999999,9.6,3.75,10.33,0,0,0,0,0,1,0,0,0,1
1197.8,32.2,5.9,63.3,3.06,9.9,1.12,8.28,0,0,1,0,0,0,1,0,0,1
755.0,18.4,6.0,38.0,3.9879999999999995,10.7,7.8,8.12,1,0,0,0,0,0,0,0,0,1
871.68,19.5,7.44,187.2,4.51,9.5,4.338,6.48,0,0,1,0,1,0,0,0,0,1
721.3,22.0,6.68,153.2,4.38,7.6,8.0,8.02,0,1,0,0,0,0,0,0,0,1
926.2,22.8,6.62,145.5,7.18,7.2,6.082,9.13,0,0,0,1,0,1,0,0,0,0
330.164,19.0,6.37,187.4,5.17,8.8,8.18,9.26,0,1,0,0,0,1,0,0,0,0
643.5,23.4,6.81,209.3,5.98,8.7,3.81,7.58,0,0,0,1,0,0,0,0,0,0
812.0,26.0,6.0,162.5,4.54,4.7,1.61,6.58,0,0,0,1,1,0,0,0,0,0
964.1,35.9,6.46,141.6,7.83,8.3,1.19,7.53,1,0,0,0,0,0,0,0,0,0
803.0,27.8,6.64,169.4,3.25,6.9,6.82,10.09,1,0,0,0,0,0,1,0,0,1
615.2,25.1,5.66,77.7,9.34,8.9,0.7,6.73,0,0,1,0,0,0,0,0,1,0
903.4,22.0,6.39,286.7380000000001,5.33,6.0,28.908999999999867,7.29,0,0,0,1,0,0,0,0,1,0
969.5,15.8,6.88,90.4,1.91,9.0,1.13,8.34,0,1,0,0,0,0,1,0,0,1
1488.4299999999998,31.6,6.24,86.3,2.67,8.7,3.68,6.47,0,1,0,0,0,0,0,1,0,1
1161.7,26.9,6.43,136.9,5.6,7.8,1.74,6.61,0,0,1,0,0,0,0,1,0,0
727.0,21.8,8.41,120.5,3.37,9.5,2.7,8.82,1,0,0,0,0,0,1,0,0,0
893.7,28.0,6.08,243.7,5.05,7.4799999999999995,2.46,6.63,0,0,0,1,1,0,0,0,0,0
872.8,31.4,7.05,79.2,5.35,5.8,2.008,6.78,0,0,1,0,0,0,0,1,0,1
346.6,27.479999999999997,7.2,84.1,4.2780000000000005,6.8,2.79,7.54,1,0,0,0,0,0,0,0,1,0
885.9799999999999,17.1,4.97,167.1,4.71,7.4,5.35,9.05,0,0,0,1,0,0,1,0,0,1
1488.4299999999998,26.119999999999997,6.53,286.7380000000001,6.24,8.0,1.33,10.53,1,0,0,0,0,1,0,0,0,0
908.4,25.8,7.18,112.0,6.95,10.5,2.23,7.75,0,0,0,0,0,0,0,0,0,0
330.164,24.119999999999997,6.81,286.7380000000001,9.46,7.7,3.02,6.63,0,0,0,1,0,0,0,1,0,0
1007.4,20.5,5.59,109.3,6.79,9.1,3.37,8.82,1,0,0,0,0,0,0,1,0,0
330.164,29.3,6.41,184.9,10.2,7.9,3.95,5.2514,0,0,1,0,0,0,0,1,0,0
1109.9,31.2,6.55,7.624000000000001,3.9,8.7,2.52,6.28,0,1,0,0,0,0,0,0,0,1
731.0128000000001,21.7,6.0,185.0,3.14,9.6,8.53,9.35,0,0,0,1,0,0,1,0,0,1
752.9,24.7,6.45,203.1,2.198,9.4,3.45,7.53,0,0,1,0,0,0,0,0,1,0
690.1,16.9,5.89,156.8,1.95,8.7,2.51,6.05,0,0,0,0,1,0,0,0,0,0
1016.6,28.3,6.74,158.2,4.51,11.0,4.37,8.66,0,0,0,0,0,0,0,0,1,1
1036.3,25.6,5.38,223.1,5.85,6.6,1.37,7.5,0,0,0,1,0,0,0,1,0,0
719.5,21.8,6.43,173.7,7.72,6.6,9.78,9.02,1,0,0,0,0,0,0,1,0,1
877.7400000000001,25.5,6.93,260.6,3.29,5.2,2.91,10.35,0,0,0,0,0,1,0,0,0,1
956.8,22.3,6.55,148.14000000000001,4.96,6.1,0.48,5.75,0,0,1,0,0,0,0,1,0,0
501.8,15.4,7.17,245.6,3.86,7.2,5.3,9.09,0,0,0,1,0,0,1,0,0,1
785.2,24.1,6.56,183.95999999999998,5.61,6.5,2.13,7.46,0,1,0,0,1,0,0,0,0,1
930.2,12.4,5.22,119.5,2.56,6.9,0.73,9.53,0,0,1,0,0,1,0,0,0,1
1100.7,29.1,8.28,243.1,7.75,7.8,1.49,10.09,0,0,0,0,0,1,0,0,0,1
1072.4,27.8,6.43,96.5,4.61,7.5,2.05,7.61,0,0,1,0,0,0,0,0,1,0
807.3,25.6,6.44,43.3,4.79,8.6,4.36,5.7,0,0,1,0,1,0,0,0,0,0
827.2,24.96,6.26,114.8,8.15,6.9,1.61,10.47,0,0,0,0,0,1,0,0,0,1
1107.9,23.1,6.19,130.1,3.75,8.1,2.34,7.16,0,0,0,0,0,0,0,0,1,0
665.6,29.7,6.608,112.5,2.9,6.5,2.17,7.37,1,0,0,0,0,0,0,1,0,1
885.5,16.5,7.12,58.2,5.45,7.1,18.33,7.36,1,0,0,0,0,0,0,1,0,0
582.1,20.0,5.67,229.8,4.6,9.1,2.4,7.48,0,0,0,0,0,0,0,0,1,0
733.2,19.5,6.08,93.3,3.55,7.9,7.08,8.67,0,0,1,0,0,0,1,0,0,0
1211.6,28.4,6.35,205.0,0.0,8.9,3.41,7.82,0,0,1,0,0,0,0,0,1,1
755.5,21.9,6.61,189.0,3.43,7.6,6.05,10.99,0,1,0,0,0,1,0,0,0,1
960.7,25.5,6.734,206.8,1.79,8.7,28.908999999999867,11.578600000000005,1,0,0,0,0,1,0,0,0,1
819.6,25.4,7.32,163.4,5.02,8.7,3.03,8.58,0,1,0,0,0,0,0,0,0,1
859.0,27.7,6.91,162.4,6.95,7.2,0.72,10.84,0,0,1,0,0,1,0,0,0,1
1033.0,24.2,7.87,117.0,5.95,6.7,6.04,8.52,1,0,0,0,0,0,0,0,1,1
942.6,22.3,7.81,173.92000000000002,5.81,8.1,4.6,7.2,0,1,0,0,0,0,0,0,0,0
851.8,18.0,6.66,205.3,4.3,6.6,0.65,10.79,0,0,0,1,0,1,0,0,0,1
1032.0,32.8,6.02,118.0,2.19,5.9,3.27,9.75,0,0,0,0,0,1,0,0,0,1
1085.5,20.9,7.79,160.9,5.99,5.8,2.22,8.5,1,0,0,0,0,0,0,1,0,1
1149.1,22.34,6.41,198.7,3.15,8.3,8.95,8.43,1,0,0,0,1,0,0,0,0,0
1137.9,20.8,6.63,71.4,7.31,8.4,3.22,6.59,0,0,0,0,0,0,0,1,0,0
1042.5,25.580000000000002,6.26,235.0,2.03,5.8,1.67,7.82,0,1,0,0,0,0,0,0,0,1
742.6,32.2,5.11,190.7,5.54,7.0,6.32,6.83,0,0,0,1,0,0,0,0,1,0
814.8,20.6,7.09,210.5,5.81,9.0,8.52,10.38,0,0,0,1,0,0,1,0,0,0
712.1,22.6,6.16,109.4,3.14,6.2,4.14,9.48,0,0,0,0,0,1,0,0,0,0
958.2,26.0,5.54,61.1,2.77,8.2,14.96,7.06,0,1,0,0,0,0,0,0,1,0
461.6,29.1,7.92,81.0,7.16,8.3,2.754,7.58,0,1,0,0,0,0,0,0,1,1
853.3,22.6,8.21,246.5,6.84,7.9,4.02,7.41,0,0,1,0,0,0,0,0,0,1
1321.9,22.5,5.93,119.2,2.22,6.0,5.75,10.59,0,0,0,1,0,1,0,0,0,1
552.3,18.1,6.79,177.8,3.92,4.6,1.22,8.49,0,0,0,0,0,0,0,0,0,1
1109.3,25.9,7.28,201.3,7.85,8.1,3.1,7.61,0,0,0,1,1,0,0,0,0,0
665.2,15.9,5.66,164.2,6.78,6.8,0.83,9.01,1,0,0,0,0,0,1,0,0,0
812.3,26.2,6.53,164.5,1.38,8.7,2.99,8.82,0,0,1,0,0,0,0,0,0,1
1125.9,33.1,6.828,230.9,4.53,5.9,4.52,5.57,0,0,0,0,1,0,0,0,0,0
934.2,22.3,7.59,153.16,6.09,5.4,2.02,6.46,0,1,0,0,0,0,0,0,1,0
924.4,27.080000000000002,7.17,196.0,2.96,7.1,0.68,10.47,1,0,0,0,0,1,0,0,0,0
862.4,28.7,4.84,146.4,0.96,8.8,2.59,6.8,0,0,0,0,1,0,0,0,0,1
1074.0,26.4,7.48,258.2,4.05,9.0,3.554,9.5,0,0,1,0,0,1,0,0,0,0
1023.7,21.5,7.2,116.6,6.53,8.8,5.44,8.43,0,1,0,0,0,0,0,0,0,1
1155.5,27.0,5.15,225.1,6.43,7.5,4.03,8.31,0,1,0,0,0,0,1,0,0,0
719.3,23.14,6.96,211.1,3.57,10.3,0.58,7.9,0,0,1,0,1,0,0,0,0,1
1100.06,19.5,7.036,146.9,5.96,6.4,4.03,6.85,0,0,0,0,0,0,0,0,0,0
967.0,19.5,5.86,51.9,5.069519999999996,9.0,10.25,7.76,0,1,0,0,0,0,0,1,0,0
741.1,20.3,6.332,188.3,1.94,9.0,2.05,9.47,0,0,0,0,0,1,0,0,0,1
1007.5,26.2,5.07,108.3,4.13,10.4,2.35,9.39,1,0,0,0,0,0,0,0,0,1
792.6,21.4,8.13,219.2,5.25,7.9,10.91,8.19,0,1,0,0,0,0,0,0,1,0
718.7,31.6,7.19,191.8,5.3,6.8,7.45,7.64,1,0,0,0,1,0,0,0,0,1
891.0,18.6,5.8,98.0,3.23,7.5,9.73,7.96,0,1,0,0,0,0,0,0,1,0
937.4,27.1,6.3,213.7,5.37,8.2,2.34,11.01,0,1,0,0,0,1,0,0,0,1
848.3,28.4,6.95,169.1,3.78,8.3,3.77,8.35,0,0,1,0,0,0,0,0,1,1
1084.7,27.2,5.7,195.0,3.4,9.4,0.42,11.48,0,1,0,0,0,1,0,0,0,1
952.3,24.6,5.68,176.3,7.64,10.0,6.18,9.73,0,0,0,1,0,0,1,0,0,1
1025.5,16.7,6.48,137.4,0.65,7.5,2.12,8.37,1,0,0,0,0,0,0,1,0,0
1299.0,32.1,6.93,234.2,6.12,7.3,5.67,10.63,0,0,0,1,0,1,0,0,0,1
1256.5,22.8,6.89,126.0,4.74,8.8,1.34,10.68,1,0,0,0,0,0,1,0,0,0
957.4,26.9,6.22,259.1,6.03,8.9,3.69,7.68,0,1,0,0,0,0,0,0,0,0
1057.5,19.6,6.82,222.9,5.48,7.0,0.58,8.3,1,0,0,0,1,0,0,0,0,1
458.0,27.4,7.7,203.4,2.7359999999999998,8.7,3.37,8.11,1,0,0,0,0,0,0,0,1,1
917.3,20.4,7.85,175.8,6.21,7.4,6.53,7.82,0,0,0,0,1,0,0,0,0,1
1196.4,30.8,6.8,222.9,1.95,7.7,1.43,6.34,0,0,1,0,0,0,0,1,0,0
851.5,28.0,6.27,216.1,4.44,8.2,4.72,8.44,0,0,1,0,0,0,1,0,0,0
1488.4299999999998,18.3,8.07,161.4,1.92,8.2,5.64,8.69,0,0,0,1,0,1,0,0,0,0
900.4,28.6,4.59,77.7,5.95,7.8,1.12,5.46,0,0,0,1,1,0,0,0,0,0
911.3,18.7,7.47,184.1,4.08,7.3,0.75,7.33,0,1,0,0,0,0,0,1,0,1
1248.3,26.6,6.3,170.5,6.2,6.3,1.23,9.26,1,0,0,0,0,0,0,0,0,1
470.1,30.4,6.34,147.9,6.77,9.4,16.53,8.3,0,0,0,0,0,0,0,0,1,1
1067.0,21.0,5.18,168.2,3.3,7.44,18.57,8.95,0,1,0,0,0,0,1,0,0,0
1111.3,29.0,6.03,119.8,0.53,9.0,2.556,11.0,1,0,0,0,0,1,0,0,0,0
950.1,16.9,6.47,205.2,5.29,5.9,6.8,7.45,1,0,0,0,0,0,0,0,0,0
1015.3,20.9,6.52,74.2,1.71,6.5,0.95,8.59,1,0,0,0,0,0,0,0,1,1
982.9,23.6,4.59,202.3,5.82,9.3,1.9759999999999998,7.85,1,0,0,0,0,0,1,0,0,0
815.9,19.5,6.42,91.8,3.16,6.4,9.58,6.61,0,0,1,0,0,0,0,0,1,0
1182.3,30.3,6.98,282.8,0.22,8.3,2.38,10.13,0,0,1,0,0,1,0,0,0,1
635.9,18.0,7.64,196.4,6.27,8.5,12.511799999999974,6.44,0,0,0,1,1,0,0,0,0,0
747.0,32.0,5.75,182.0,1.16,6.5,1.13,5.2514,0,0,0,0,1,0,0,0,0,0
1121.1,22.119999999999997,5.93,177.8,3.41,5.6,4.58,7.69,0,1,0,0,0,0,0,0,0,0
1192.4,12.4,6.57,227.1,6.96,7.6,2.54,7.08,0,0,0,1,0,0,0,1,0,1
1355.6,24.6,7.38,129.0,6.17,4.5,2.366,6.5,0,0,1,0,0,0,0,0,0,0
986.3,19.2,6.82,105.2,2.39,7.6,1.8,10.8,0,0,0,1,0,1,0,0,0,0
873.6,27.1,6.81,165.1,5.67,4.5,14.43,9.69,0,1,0,0,0,1,0,0,0,0
660.9,27.619999999999997,6.61,72.3,3.57,7.1,2.39,9.37,0,0,0,0,0,1,0,0,0,0
1240.8,17.0,6.27,158.4,9.74,9.2,4.21,10.36,1,0,0,0,0,0,0,0,1,1
961.1,22.4,6.99,128.3,10.857599999999984,4.0,1.44,8.39,0,0,0,0,0,0,0,0,1,1
912.5,20.7,7.64,102.1,2.36,7.1,5.66,9.7,1,0,0,0,0,0,1,0,0,1
804.8,26.1,7.55,112.6,2.96,6.6,15.58,7.49,0,0,0,1,0,0,0,1,0,0
1041.9,26.3,7.02,197.6476,2.29,6.1,11.62,7.83,0,0,0,1,0,0,0,0,0,1
902.2,15.9,6.28,52.6,8.6,7.2,2.67,6.5,0,0,1,0,0,0,0,1,0,1
671.7,18.6,5.49,178.8,2.74,6.0,5.73,11.36,0,1,0,0,0,1,0,0,0,1
1034.8,25.660000000000004,6.67,133.3,9.54,8.3,0.49,8.93,0,1,0,0,0,0,0,0,0,1
402.8,21.1,5.76,240.3,4.56,8.2,1.4,11.31,0,0,1,0,0,1,0,0,0,1
910.9,24.3,5.21,195.5,6.85,8.3,5.08,6.79,0,0,1,0,0,0,0,1,0,0
920.8,33.0,7.03,170.5,0.0,9.9,4.59,7.19,0,0,0,1,0,0,0,1,0,1
859.1,22.3,7.01,191.5,0.02,8.7,5.93,11.03,1,0,0,0,0,1,0,0,0,0
679.9,28.6,6.5,80.7,2.19,7.2,2.1499999999999995,7.21,1,0,0,0,0,0,0,0,0,0
987.6,32.3,6.65,225.4,2.28,8.7,7.0,10.76,0,0,0,1,0,1,0,0,0,1
915.2,18.7,6.28,110.7,7.77,6.6,4.12,8.35,0,1,0,0,0,0,0,0,0,1
1038.2,28.9,5.34,106.3,5.74,10.3,7.02,9.34,0,0,0,1,0,0,1,0,0,0
684.9,21.32,6.23,142.0,3.76,10.1,12.66,7.73,0,1,0,0,0,0,0,0,0,0
421.4,27.6,6.54,104.1,3.75,11.0,4.272,9.08,1,0,0,0,0,0,0,0,1,1
1031.0,26.5,7.05,106.9,6.04,6.9,5.54,6.23,0,0,0,0,0,0,0,1,0,0
886.4,31.6,7.21,164.4,5.012,7.4,0.65,5.91,0,0,1,0,0,0,0,1,0,0
918.1,18.9,6.45,83.3,6.11,7.8,1.76,8.85,1,0,0,0,0,0,0,0,0,1
587.7,19.2,6.2780000000000005,135.3,2.51,7.6,0.54,7.69,0,1,0,0,0,0,0,0,1,0
500.7,18.9,7.34,133.9,6.06,4.8,0.5,8.53,1,0,0,0,0,0,0,0,1,1
955.5,25.8,7.78,70.6,5.1,6.8,6.767999999999999,9.59,0,0,1,0,0,1,0,0,0,1
648.0,22.8,5.932,175.9,4.89,7.3,2.93,8.39,0,0,0,1,0,0,0,0,1,1
1092.6,26.3,5.85,155.9,4.53,5.6,5.64,11.12,0,1,0,0,0,1,0,0,0,1
410.9,27.3,6.94,135.66,5.96,9.1,4.12,8.36,1,0,0,0,0,0,0,0,1,0
747.7199999999999,33.3,6.44,163.3,2.18,6.0,7.69,9.74,0,0,0,1,0,0,1,0,0,1
979.3,23.3,5.78,198.2,3.74,9.3,3.94,11.578600000000005,1,0,0,0,0,1,0,0,0,0
1063.3,21.9,6.78,286.7380000000001,6.37,6.7,2.53,7.95,0,0,0,0,0,0,0,0,0,1
855.2,18.5,6.2,148.0,5.086,8.9,3.66,8.54,1,0,0,0,0,0,0,0,0,1
831.7,27.360000000000003,5.51,100.4,4.41,6.6,2.93,6.74,0,0,0,0,0,0,0,0,0,0
573.4,22.5,7.18,210.8,1.89,7.7,3.05,8.99,0,0,0,1,0,0,1,0,0,0
370.0,23.4,6.68,152.0,4.13,8.4,0.72,8.4,0,1,0,0,0,0,0,0,1,1
834.9,17.8,6.02,165.24,7.95,6.5,1.34,8.71,0,1,0,0,0,0,0,1,0,1
875.4,22.78,4.66,196.56,6.54,7.1,11.9,6.85,0,0,0,0,0,0,0,0,1,0
468.8,22.8,6.97,219.7,10.79,7.8,4.85,8.21,0,0,1,0,0,0,0,0,1,1
1056.7,27.1,6.661999999999999,241.7,7.73,9.2,2.15,11.09,0,0,0,0,0,1,0,0,0,1
334.0,28.1,6.14,194.9,7.82,5.8,2.76,5.88,0,0,1,0,1,0,0,0,0,0
626.6,21.1,7.0,105.6,4.45,7.7,0.44,7.94,0,0,1,0,0,0,0,1,0,1
870.9,21.8,6.62,91.9,4.17,6.7,2.15,9.67,1,0,0,0,0,0,0,0,1,1
606.0,27.6,6.44,286.7,5.45,5.8,1.71,7.12,0,0,1,0,0,0,0,0,0,1
865.72,21.7,6.09,150.7,5.75,6.8,2.6,8.63,0,0,1,0,0,0,0,0,0,1
842.3,15.2,5.76,142.58,3.56,8.7,0.66,8.93,0,0,0,1,0,0,0,0,1,1
955.2,23.3,6.21,164.0,7.81,8.2,6.94,8.72,0,0,0,0,0,0,0,1,0,1
846.5,31.4,8.06,182.2,2.21,6.5,13.7,7.32,0,0,0,1,0,0,0,0,1,0
841.3,26.9,7.22,166.2,6.39,6.1,8.19,8.49,1,0,0,0,0,0,0,0,0,0
913.4599999999998,19.5,6.95,68.5,5.94,7.1,14.25,9.24,0,1,0,0,0,1,0,0,0,0
617.5,27.3,6.14,128.9,5.72,7.7,1.18,6.66,0,1,0,0,0,0,0,0,1,1
842.1,33.1,5.75,64.4,1.5,9.5,2.21,6.61,0,1,0,0,1,0,0,0,0,1
688.8,25.4,6.98,152.9,7.28,7.6,5.1259999999999994,9.09,1,0,0,0,0,0,0,0,0,1
1104.7,18.6,7.01,147.8,5.59,6.6,0.42,7.48,1,0,0,0,0,0,0,1,0,0
1108.2,19.1,6.542,230.5,1.62,8.1,1.69,6.67,0,0,1,0,0,0,0,1,0,0
515.2,25.0,5.54,101.9,10.78,7.659999999999999,1.55,5.92,0,0,0,0,0,0,0,1,0,0
843.1,30.4,7.43,166.2,2.9,6.62,1.69,6.95,0,0,0,1,1,0,0,0,0,0
871.3,20.1,6.3,220.1,7.58,7.6,0.76,8.27,0,0,0,0,0,0,0,0,1,1
1022.8,26.8,6.9,146.0,2.65,6.4,1.67,8.46,0,0,0,0,0,0,1,0,0,0
982.3,21.9,7.29,110.4,5.94,5.9,7.42,7.82,1,0,0,0,0,0,0,0,1,0
799.4,20.9,5.95,107.8,3.46,8.5,21.65,9.11,0,0,0,0,0,0,0,0,1,1
1040.6,27.1,7.11,198.5,9.38,5.8,4.05,9.2,0,1,0,0,0,0,1,0,0,0
768.4,18.4,6.43,179.1,4.92,8.9,1.41,9.2,0,0,1,0,0,0,1,0,0,1
818.8,21.6,6.71,192.4,4.52,6.9,5.25,8.78,0,0,1,0,0,0,0,0,1,1
1167.6,32.7,6.67,151.2,4.46,9.2,0.72,7.72,1,0,0,0,0,0,0,0,1,0
740.4,30.9,7.08,169.9,2.87,8.2,5.94,7.58,0,0,0,0,0,0,0,0,0,0
694.6,32.5,6.03,211.2,8.04,6.9,1.86,6.77,0,0,0,1,0,0,0,1,0,0
1044.9,24.7,7.45,271.7,4.7,6.1,0.97,7.07,0,0,1,0,0,0,0,0,0,1
651.1,24.1,6.95,271.7,5.963519999999997,8.1,14.09,7.85,1,0,0,0,0,0,0,1,0,0
587.4,27.8,5.52,122.7,7.74,7.9,2.84,7.56,0,0,0,0,0,0,0,1,0,1
1259.6,26.3,5.5,140.5,4.77,10.3,8.37,7.83,0,0,1,0,0,0,0,1,0,1
1027.4,12.5,4.59,173.8,8.78,5.5,1.94,6.82,0,1,0,0,0,0,1,0,0,0
1038.9,18.0,5.97,140.0,4.78,9.5,0.82,10.9,0,0,1,0,0,1,0,0,0,1
935.04,24.2,6.5,80.9,3.91,5.3,5.03,8.08,0,0,0,1,0,0,0,0,0,1
499.3,25.0,5.53,106.9,3.7600000000000002,7.9,7.5,8.32,0,0,0,1,0,0,0,0,0,1
925.5,30.6,5.92,100.0,5.68,9.6,6.28,7.53,0,1,0,0,0,0,0,0,0,1
643.5,25.1,7.0,46.7,10.6,8.0,0.75,7.59,0,0,0,1,0,0,0,1,0,0
595.7,23.7,6.38,58.6,4.23,10.1,3.89,10.75,1,0,0,0,0,1,0,0,0,0
1199.8,24.0,6.3,163.3,7.29,7.7,0.6,7.83,0,0,0,0,1,0,0,0,0,1
794.1,29.1,6.64,142.2,2.47,6.9,2.25,6.02,0,0,0,0,0,0,0,1,0,0
1191.0,26.7,7.54,187.1,3.656,7.9,10.25,7.7,0,1,0,0,0,0,0,1,0,1
774.3,22.639999999999997,5.37,182.10000000000002,6.453999999999999,7.4,11.58,6.64,0,0,0,0,1,0,0,0,0,0
1206.7,27.5,6.76,198.0,6.5,5.1,1.31,8.81,0,0,0,1,0,0,1,0,0,0
966.9,18.5,7.68,153.4,2.4,6.1,5.26,7.78,1,0,0,0,0,0,0,0,0,0
1401.1,24.0,6.08,137.9,0.58,4.9,7.04,6.5,0,0,1,0,0,0,0,0,0,0
610.1,19.0,6.46,228.0,8.8,9.5,2.15,10.77,0,0,0,0,0,1,0,0,0,1
556.4,25.2,6.57,231.9,4.83,7.6,1.72,6.92,0,0,0,0,1,0,0,0,0,1
330.164,30.1,5.84,271.6,4.68,7.1,2.08,6.09,0,0,0,1,0,0,0,0,0,0
662.5,28.1,6.72,209.9,10.58,5.3,4.22,11.44,1,0,0,0,0,1,0,0,0,1
1226.2,21.0,6.99,174.6,2.39,8.3,3.17,10.38,0,0,0,0,0,1,0,0,0,1
867.5,21.3,7.21,185.8,2.25,9.0,6.53,7.55,1,0,0,0,0,0,0,1,0,0
1099.8,16.0,6.32,131.3,5.02,6.5,3.38,8.54,0,0,0,0,0,0,0,1,0,1
606.4,32.7,5.65,158.7,5.09,9.0,4.12,8.84,0,0,0,0,0,1,0,0,0,0
630.0,21.6,7.49,188.7,5.361999999999999,8.2,2.09,6.41,0,0,0,0,0,0,0,0,1,0
1182.1,24.8,7.09,187.02,5.65,8.1,1.57,8.92,0,1,0,0,0,0,1,0,0,0
631.3,21.6,5.47,258.3,7.39,6.3,1.75,8.61,1,0,0,0,0,0,0,0,1,1
889.1,22.3,6.88,160.38,4.43,4.1,2.4,10.27,1,0,0,0,0,1,0,0,0,0
1297.1,17.5,6.63,117.8,4.14,7.7,25.58,7.89,0,0,1,0,0,0,0,0,0,1
1141.3,16.8,5.51,286.7380000000001,2.734,5.0,4.22,6.67,1,0,0,0,0,0,0,1,0,0
656.1,22.5,6.3,98.3,5.83,5.6,0.65,6.06,0,1,0,0,0,0,0,1,0,0
986.7199999999999,26.1,7.28,170.5,5.98,5.9,1.68,7.75,1,0,0,0,0,0,0,1,0,0
1187.1,25.2,6.07,178.3,5.04,9.5,6.89,11.46,0,0,0,1,0,1,0,0,0,1
780.3,20.0,7.02,150.94,6.88,9.2,2.95,7.68,0,0,0,1,1,0,0,0,0,1
880.6,33.3,5.52,217.0,5.71,8.0,3.3579999999999997,7.24,0,0,0,0,0,0,0,1,0,1
738.8,21.9,5.54,171.5,3.4979999999999998,7.6,28.908999999999867,7.92,0,0,0,1,0,0,0,1,0,0
1141.0,34.2,7.25,185.5,3.81,4.7,2.82,7.1,0,0,1,0,0,0,0,1,0,1
627.3,28.3,6.95,53.1,10.6,8.3,2.09,6.3,0,0,1,0,0,0,0,0,1,0
1340.6,26.0,7.75,94.0,2.112,8.3,1.97,5.2514,0,0,0,0,1,0,0,0,0,0
871.6,26.9,7.35,142.5,8.48,8.5,7.49,9.69,0,0,0,1,0,0,1,0,0,1
936.7,24.9,8.08,147.8,4.69,7.6,8.74,8.82,0,1,0,0,0,0,1,0,0,1
737.7,28.6,6.87,197.4,9.82,8.1,3.26,9.77,1,0,0,0,0,0,1,0,0,0
831.3,29.7,7.256,130.4,9.0,5.9,1.54,6.93,0,0,0,1,0,0,0,1,0,0
781.2,29.7,6.06,36.1,8.54,5.0,1.24,7.63,0,0,0,1,0,0,0,0,0,1
840.3,19.1,4.66,131.7,7.37,8.0,3.6,7.8,0,1,0,0,0,0,0,0,0,1
692.8,26.2,5.93,247.9,8.67,7.7,1.58,8.6,1,0,0,0,0,0,0,1,0,1
968.1,21.3,6.3,133.3,3.0,7.6,2.03,11.11,0,1,0,0,0,1,0,0,0,1
1176.1,33.4,6.95,224.1,5.57,9.2,3.01,8.11,0,0,1,0,0,0,0,0,1,1
849.4,26.8,7.54,129.5,2.43,9.5,14.66,8.04,0,1,0,0,0,0,0,1,0,1
1014.3,34.3,6.22,179.9,6.29,8.0,2.2,7.8,0,0,0,1,0,0,0,0,0,0
509.0,20.1,6.75,241.3,4.36,6.1,5.29,8.09,0,1,0,0,0,0,0,1,0,0
1165.3,24.1,6.99,200.7,4.5,8.7,1.57,5.47,0,0,0,0,1,0,0,0,0,0
1034.4,28.9,7.14,186.7,5.11,7.7,2.55,6.52,0,1,0,0,1,0,0,0,0,0
767.4,22.419999999999998,6.06,56.4,6.72,5.7,11.12,6.08,0,0,0,0,1,0,0,0,0,0
762.4,23.4,6.12,136.9,3.4,7.1,4.835999999999999,10.78,0,1,0,0,0,1,0,0,0,0
1408.5,22.7,5.28,188.5,6.15,8.3,4.14,7.61,0,0,1,0,0,0,1,0,0,0
716.2,33.7,5.33,237.2,6.79,7.7,1.35,7.25,0,0,0,0,0,0,1,0,0,0
1048.42,24.5,6.42,98.3,8.66,7.9,1.61,8.09,0,1,0,0,0,0,0,0,1,1
1121.5,33.9,6.564,120.9,0.0,7.2,1.56,6.17,0,0,1,0,0,0,0,0,0,1
543.1,22.4,7.1,170.9,4.728,6.4,3.564,7.16,0,0,1,0,0,0,0,1,0,1
500.9,12.4,6.49,152.62,4.62,10.5,2.77,5.75,0,0,0,0,1,0,0,0,0,0
872.7,28.8,7.57,192.8,5.52,10.3,2.6,7.93,0,0,0,1,0,0,0,0,0,0
547.9,26.340000000000003,6.298,121.4,2.36,8.5,1.89,8.52,0,0,0,1,0,0,1,0,0,1
1046.06,33.9,6.47,137.4,8.32,8.0,1.2,10.53,0,1,0,0,0,1,0,0,0,1
751.4,30.3,6.85,185.0,5.86,5.7,0.89,10.55,0,1,0,0,0,1,0,0,0,1
704.2,23.0,5.96,254.1,6.31,7.3,1.1,6.73,1,0,0,0,1,0,0,0,0,0
1448.2,21.2,7.16,245.9,5.02,6.8,2.08,8.31,0,1,0,0,0,0,1,0,0,0
458.6,26.4,6.07,184.1,9.08,8.6,0.81,11.1,0,0,0,1,0,1,0,0,0,1
1012.4,30.3,6.12,110.8,4.57,6.9,6.610000000000001,8.19,0,1,0,0,0,0,1,0,0,1
670.1,24.28,5.58,235.0,3.02,9.1,0.51,7.61,0,1,0,0,0,0,0,0,1,0
836.0,35.9,6.04,74.5,4.462,9.3,22.74,9.25,0,0,0,0,0,1,0,0,0,1
1053.2,18.0,6.65,86.1,3.59,6.0,0.91,6.89,0,0,1,0,0,0,0,0,1,0
1488.4299999999998,23.6,7.53,230.4,3.14,9.0,1.22,7.8,0,0,0,1,0,0,0,1,0,1
721.8,20.7,5.26,86.7,2.56,10.3,5.79,9.18,0,0,1,0,0,1,0,0,0,0
986.3,15.8,5.22,161.2,0.0,7.4,6.66,7.63,0,0,0,1,0,0,0,0,0,1
787.8,19.6,6.53,130.5,1.57,4.9,2.9,7.26,0,0,1,0,1,0,0,0,0,1
888.8,25.9,5.76,131.4,9.08,6.1,1.67,9.79,0,0,0,0,0,1,0,0,0,0
919.76,13.6,5.58,137.4,5.96,5.3,3.09,6.92,0,0,0,0,0,0,0,1,0,1
932.5,25.7,6.42,187.4,0.0,8.6,3.406,6.9,0,0,0,1,0,0,0,1,0,0
1151.7,29.1,6.33,118.3,3.57,6.5,2.56,7.91,0,0,0,1,0,0,0,1,0,1
1001.6,26.919999999999998,6.9,121.3,4.16,7.2,1.51,7.74,0,0,0,0,0,0,0,0,0,0
615.0,19.1,8.17,140.9,5.45,8.8,6.23,9.46,0,1,0,0,0,0,1,0,0,1
817.8328,35.9,6.69,133.0,4.38,9.5,4.55,5.2514,0,0,1,0,0,0,0,1,0,1
507.4,24.0,7.1,149.0,9.04,9.6,1.48,6.91,0,0,0,0,1,0,0,0,0,1
1011.1,22.0,5.47,200.3,7.78,7.8,4.56,7.33,0,1,0,0,0,0,0,0,0,0
1241.1,26.7,7.42,108.9,4.0,7.4,6.31,7.57,0,0,0,0,0,0,0,0,1,0
777.6,27.6,7.07,150.3,1.31,8.6,1.49,9.78,0,0,0,1,0,0,1,0,0,1
946.0,34.2,5.55,282.4,8.65,5.3,3.16,7.36,1,0,0,0,1,0,0,0,0,1
893.5,28.5,7.24,170.32,6.47,10.8,2.05,7.65,0,0,0,1,1,0,0,0,0,1
1167.9,21.6,6.42,156.9,5.6,7.7,3.62,8.62,1,0,0,0,1,0,0,0,0,1
850.0,32.5,6.3,121.22,7.1,11.0,2.19,8.67,1,0,0,0,0,0,1,0,0,0
863.3599999999999,21.7,6.09,263.1,4.442,7.3,4.48,6.05,0,0,0,0,1,0,0,0,0,0
1162.5,25.0,5.14,194.4,8.27,9.4,11.24,8.59,1,0,0,0,0,0,0,1,0,1
554.2,28.5,7.01,266.7,2.16,7.4,0.76,8.22,0,0,1,0,0,0,1,0,0,1
970.1,28.8,7.05,185.7,4.49,8.1,10.71,7.79,0,0,0,1,0,0,0,1,0,1
455.4,29.6,7.44,119.0,6.32,9.0,7.14,8.29,0,1,0,0,0,0,1,0,0,0
706.2,15.3,6.5840000000000005,93.7,1.44,7.4,2.29,6.94,0,0,0,0,0,0,0,0,0,0
1262.2,24.1,7.05,194.2,0.07,4.3,6.88,8.08,0,0,0,1,0,0,0,1,0,1
1262.0,28.1,5.68,180.7,3.29,8.6,4.18,7.88,0,1,0,0,0,0,0,0,0,1
1202.6,21.5,7.06,14.5,8.21,5.0,2.32,9.86,1,0,0,0,0,0,1,0,0,1
945.2,22.1,6.24,80.1,5.22,9.2,3.64,11.0,0,0,0,0,0,1,0,0,0,1
397.9,29.4,5.4,81.4,3.91,8.8,3.35,9.0,0,0,0,0,0,1,0,0,0,1
875.5,35.3,6.66,171.5,3.87,9.1,1.86,9.4,0,0,0,1,0,0,1,0,0,1
497.3,21.4,6.97,223.5,4.01,6.9,4.53,6.64,0,1,0,0,0,0,0,1,0,0
1139.6,26.6,5.34,134.6,9.43,8.9,0.94,6.5,0,0,0,1,0,0,0,1,0,0
972.2,25.8,7.25,103.3,4.85,6.3,12.43,7.95,0,0,0,1,0,0,0,0,1,1
888.0,26.0,5.763999999999999,218.1,6.5,8.4,6.75,7.81,0,0,0,1,0,0,1,0,0,0
938.9,33.7,6.89,100.7,3.84,6.0,3.37,7.95,0,0,0,0,0,0,1,0,0,1
904.3399999999999,24.9,6.18,185.5,5.67,7.7,3.47,8.16,0,0,0,0,0,0,0,0,1,0
997.4,23.4,8.03,125.6,6.33,6.2,1.59,9.76,0,0,0,0,0,0,1,0,0,1
1250.1,23.8,5.24,184.0,4.59,4.9,1.63,8.8,0,0,1,0,0,0,1,0,0,0
863.7,24.0,6.89,83.3,7.03,8.5,2.56,9.03,0,0,0,0,0,0,1,0,0,1
1160.7,28.0,7.23,198.4,2.62,4.3,7.54,7.09,0,0,0,0,1,0,0,0,0,1
1067.7,20.1,7.54,218.5,0.9,7.8,7.83,9.7,1,0,0,0,0,0,1,0,0,0
794.2,26.120000000000005,7.4,164.3,10.71,7.8,3.74,6.2,0,1,0,0,1,0,0,0,0,0
1151.2,21.8,6.54,257.1,8.03,9.3,6.746,11.28,0,0,0,0,0,1,0,0,0,0
1324.2,22.4,5.58,108.6,3.11,4.9,3.45,7.03,0,1,0,0,0,0,0,0,0,0
912.8,28.0,7.72,10.1,5.06,9.8,9.04,6.37,0,0,0,0,1,0,0,0,0,1
805.8,24.2,4.59,234.5,4.23,7.5,15.29,7.05,0,1,0,0,0,0,0,0,1,0
610.3,32.5,8.11,73.9,4.96,8.2,3.62,6.14,0,0,0,1,0,0,0,1,0,0
986.3,27.4,6.93,154.12,5.92,10.2,0.91,8.4,1,0,0,0,0,0,0,1,0,1
803.0,29.5,6.63,135.8,3.34,7.7,0.76,7.57,0,0,0,1,0,0,0,0,0,0
905.9,25.0,6.79,161.5,4.35,8.5,1.93,7.65,0,0,0,0,0,0,0,0,1,0
1083.1,26.0,6.86,173.5,6.4,6.6,4.54,9.69,0,0,1,0,0,0,1,0,0,1
834.3,28.4,5.52,194.2,8.44,8.8,5.4,8.13,0,0,1,0,0,0,0,1,0,1
775.1,21.0,6.74,42.6,8.96,6.3,2.82,7.18,0,1,0,0,0,0,0,1,0,1
967.3,22.4,7.11,154.9,5.06,8.0,6.58,7.12,0,1,0,0,1,0,0,0,0,1
1315.7,29.8,6.65,52.1,8.19,7.2,3.24,6.13,0,0,0,0,0,0,0,0,0,0
1488.4299999999998,35.9,6.76,123.6,4.44,7.3,1.34,5.78,0,1,0,0,1,0,0,0,0,1
872.0,25.3,6.34,132.3,5.1,5.9,4.83,8.26,0,0,0,0,0,0,0,0,1,0
1073.7,20.0,6.24,135.6,1.65,5.2,2.95,6.37,0,0,0,0,1,0,0,0,0,1
872.1,25.6,7.2,95.4,4.61,7.6,2.0,9.35,0,0,0,0,0,1,0,0,0,0
1086.2,20.0,5.86,142.7,3.27,7.4,1.4,7.53,0,0,1,0,0,0,0,1,0,1
479.1,27.7,6.96,110.8,7.0,7.2,1.59,9.47,1,0,0,0,0,0,1,0,0,1
854.6,22.4,6.73,170.0,3.69,9.9,6.42,9.17,0,0,1,0,0,0,1,0,0,1
824.0,33.9,6.31,44.6,3.89,6.58,1.14,10.01,0,0,1,0,0,1,0,0,0,1
1428.4,21.18,6.4,202.6,7.12,8.5,4.33,7.75,0,0,0,1,0,0,0,1,0,1
743.4,17.3,5.54,204.7,6.45,8.1,2.526,6.37,0,0,0,0,1,0,0,0,0,1
330.164,22.7,7.39,118.4,7.7,4.0,7.28,6.74,0,0,0,0,1,0,0,0,0,1
686.6,26.7,7.1,226.6,4.22,7.8,8.33,7.94,1,0,0,0,0,0,0,1,0,0
752.8,22.2,7.11,202.2,2.03,7.6,0.52,10.06,0,0,1,0,0,1,0,0,0,1
650.4,18.0,6.11,254.1,3.01,9.0,15.13,7.69,0,0,1,0,0,0,0,0,1,0
888.3,17.7,6.8,166.5,8.81,11.0,2.98,6.86,0,0,1,0,0,0,0,0,0,0
818.1,28.6,5.75,117.0,5.186,8.580000000000002,8.17,7.68,0,1,0,0,0,0,0,0,1,0
891.4,15.0,6.44,81.2,5.9,6.880000000000001,1.49,7.32,0,1,0,0,0,0,0,0,0,1
457.8,25.1,7.53,163.2,3.06,6.7,3.28,6.98,1,0,0,0,1,0,0,0,0,0
1405.2,31.9,6.06,191.8,7.47,4.9,3.74,8.59,1,0,0,0,0,0,0,0,1,1
963.3,18.9,6.72,147.6,4.41,6.3,2.27,7.35,0,1,0,0,1,0,0,0,0,0
501.9,27.459999999999997,7.27,99.7,5.82,7.4,1.57,8.17,0,0,0,0,0,0,0,0,1,1
909.0,23.9,7.5,233.1,7.41,6.959999999999999,6.01,8.02,0,0,0,1,0,0,0,0,0,1
563.2,25.9,5.01,104.0,4.47,8.3,3.25,7.35,0,0,0,1,1,0,0,0,0,1
699.0,28.9,7.39,231.7,6.86,7.8,1.64,7.24,0,1,0,0,0,0,0,0,0,0
830.1,22.5,6.08,220.0,5.794,8.0,2.16,6.57,0,1,0,0,1,0,0,0,0,0
896.6,35.1,6.28,100.3,5.4959999999999996,5.1,1.06,6.48,0,0,1,0,0,0,0,0,0,1
794.7,24.2,6.36,228.6,1.35,6.5,6.52,8.54,1,0,0,0,0,0,0,1,0,1
1128.4,29.4,6.4,103.1,3.5700000000000003,6.9,1.22,7.41,0,0,1,0,0,0,0,0,0,1
1152.4,31.6,6.314,157.1,4.3,6.3,12.04,10.69,1,0,0,0,0,0,1,0,0,1
1204.6,23.7,6.31,121.4,6.1,7.7,0.96,7.84,0,0,0,0,0,0,0,0,1,0
828.7,23.7,8.04,79.1,5.48,7.3,1.66,9.61,0,1,0,0,0,1,0,0,0,1
986.7,21.1,7.44,207.6,7.74,7.7,12.46,8.22,0,0,0,1,1,0,0,0,0,1
514.6,27.4,7.8,204.1,4.28,4.8,1.17,6.27,0,0,1,0,0,0,0,1,0,1
1250.3,27.9,5.04,54.5,3.12,7.0,0.95,5.35,0,0,0,0,1,0,0,0,0,1
1390.3,22.6,5.84,15.0,6.13,7.2,2.76,7.29,0,1,0,0,0,0,0,0,1,1
330.164,22.8,6.223999999999999,119.5,1.22,4.1,7.409999999999999,8.53,0,0,0,0,0,0,1,0,0,0
1219.8,24.1,7.31,147.3,0.0,9.3,3.05,8.99,0,1,0,0,0,0,0,0,0,1
805.7,33.0,7.32,148.4,4.442,6.8,7.18,8.02,0,0,1,0,0,0,0,0,0,1
426.0,12.7,6.67,202.5,6.7,5.5,4.33,5.2514,0,0,1,0,1,0,0,0,0,0
1063.8,28.1,5.56,126.6,8.67,4.8,0.48,7.64,1,0,0,0,0,0,0,0,0,1
828.3,31.8,6.3,186.8,8.47,5.8,1.07,9.9,0,0,0,1,0,1,0,0,0,0
709.8,28.5,6.05,131.1,3.83,7.5,1.75,8.88,0,0,1,0,0,0,1,0,0,1
565.7,29.0,4.6,150.4,4.45,9.9,3.84,7.67,0,0,0,1,0,0,0,0,0,1
1248.2,24.6,5.986,151.2,6.16,7.5,6.22,7.77,1,0,0,0,0,0,0,1,0,0
1061.1,20.8,6.07,169.9,5.73,4.0,6.48,8.68,0,0,1,0,0,0,1,0,0,1
953.6,31.2,7.01,88.2,3.75,7.4,3.97,6.96,0,0,0,1,0,0,0,1,0,0
636.4,12.4,7.25,201.9,1.99,5.6,4.98,9.8,1,0,0,0,0,1,0,0,0,1
1389.5,14.9,6.95,136.12,2.832,9.2,2.46,5.27,0,0,0,0,1,0,0,0,0,0
658.9,25.7,7.17,250.5,5.38,7.9,6.41,9.35,0,1,0,0,0,0,1,0,0,1
1108.8,29.3,6.74,223.6,7.47,7.8,0.77,8.42,0,0,0,1,0,0,0,0,0,1
992.8,32.1,6.26,126.1,5.9,6.6,2.29,8.25,0,0,0,1,0,0,0,1,0,1
1220.3,23.1,7.12,144.7,4.66,5.2,1.48,8.77,0,0,0,1,0,0,1,0,0,0
851.86,19.7,4.96,157.7,5.83,5.4,28.908999999999867,8.09,0,0,0,1,0,0,0,0,0,1
984.6,24.5,6.06,119.0,9.73,4.8,2.79,6.98,0,0,0,0,0,0,0,1,0,0
847.2,27.8,5.97,206.4,3.83,8.6,3.22,7.72,0,0,1,0,0,0,0,0,1,1
822.4,17.2,5.75,228.3,6.2,8.1,13.61,7.82,0,0,1,0,0,0,0,0,0,0
932.0,15.6,7.37,122.55999999999999,4.92,9.3,5.17,8.31,1,0,0,0,1,0,0,0,0,1
880.3,19.1,7.8,172.8,3.5740000000000003,7.7,1.72,9.15,1,0,0,0,0,0,0,0,0,1
672.5,23.0,7.32,163.0,8.28,8.2,3.54,8.91,1,0,0,0,0,0,0,1,0,1
591.7,24.2,8.13,157.4,6.79,9.7,0.59,8.0,1,0,0,0,0,0,0,1,0,0
732.1,16.4,5.44,139.7,8.31,8.8,1.4,8.23,0,0,0,0,0,0,0,0,0,1
1128.9,22.7,6.97,155.7,10.67,8.5,2.15,7.46,0,1,0,0,0,0,0,0,0,0
1097.7,28.4,6.26,174.0,1.68,7.1,3.17,6.16,0,1,0,0,1,0,0,0,0,0
743.7,28.6,7.57,158.5,8.0,6.2,12.07,6.17,0,0,1,0,1,0,0,0,0,0
356.3,30.0,5.31,191.2,6.45,6.5,0.42,7.17,0,1,0,0,0,0,0,0,0,1
1095.7,19.6,6.87,122.6,3.8,4.0,7.93,6.82,0,0,1,0,0,0,0,0,1,0
769.4,23.0,6.69,189.8,0.65,6.9,3.45,9.42,1,0,0,0,0,0,0,1,0,1
1062.5,21.4,6.053999999999999,220.2,5.6,6.659999999999999,4.26,7.21,0,0,1,0,0,0,0,1,0,1
814.7,22.5,7.0,181.0,4.48,5.9,0.98,7.05,0,1,0,0,1,0,0,0,0,1
1015.8,30.7,5.54,234.1,4.7,6.1,0.55,8.83,1,0,0,0,0,0,0,1,0,1
567.9,25.0,6.79,171.9,5.64,8.4,1.98,7.5,0,0,0,1,0,0,0,1,0,0
642.9,23.4,8.37,118.1,8.45,6.2,1.64,8.25,0,1,0,0,0,0,1,0,0,1
796.0,25.0,7.86,155.4,2.82,5.4,8.66,6.3,0,1,0,0,1,0,0,0,0,0
1210.3,22.4,6.57,84.6,3.75,8.5,15.35,7.54,0,0,0,0,0,0,0,0,0,0
653.4,29.0,7.43,244.0,3.78,7.7,6.19,7.56,0,1,0,0,0,0,0,0,0,0
713.8,31.7,6.02,286.7380000000001,4.16,8.6,1.3,9.49,0,0,1,0,0,1,0,0,0,1
1135.8,22.72,7.41,184.3,6.82,9.4,14.9,8.44,0,0,0,0,0,0,0,0,0,1
980.2,26.1,5.44,136.1,10.14,8.9,2.2,8.1,0,0,1,0,0,0,0,0,0,1
1169.6,19.6,5.98,201.7,5.9879999999999995,6.6,4.71,11.39,1,0,0,0,0,1,0,0,0,1
743.8,21.0,5.69,143.6,1.77,7.0,2.83,10.55,0,0,1,0,0,1,0,0,0,1
366.0,18.2,7.75,182.5,3.24,4.2,4.7,6.62,0,0,0,0,0,0,1,0,0,0
791.7,26.2,5.16,126.3,4.42,7.8,4.25,7.87,1,0,0,0,0,0,0,1,0,0
917.0,28.3,7.19,178.9,6.81,6.3,5.91,8.01,0,1,0,0,0,0,0,1,0,1
806.3,12.4,5.19,111.2,8.31,7.540000000000001,2.93,9.62,0,1,0,0,0,1,0,0,0,1
841.4,28.2,5.56,127.8,5.95,8.1,5.29,9.06,0,0,0,0,0,0,1,0,0,0
1017.6,27.5,5.72,129.4,2.934,7.9,12.75,7.1,0,0,0,1,1,0,0,0,0,0
661.3,24.3,7.48,106.5,3.06,8.4,2.54,6.91,0,0,0,0,0,0,0,0,0,1
734.2,27.3,5.86,106.0,1.82,7.6,0.78,9.57,0,0,0,0,0,1,0,0,0,1
1136.7,23.1,6.73,132.94,0.0,8.4,28.83,8.03,1,0,0,0,0,0,0,1,0,0
1181.0,17.2,7.35,164.6,5.75,7.9,0.77,9.19,0,0,0,0,0,0,0,0,1,1
957.4,24.4,6.27,278.6,8.47,7.8,2.66,8.21,0,0,0,1,0,0,0,0,1,0
1197.6,31.5,6.55,135.9,7.4,8.7,9.87,7.46,0,1,0,0,0,0,0,1,0,1
709.0,25.9,6.27,157.3,4.2,9.0,5.06,10.95,0,1,0,0,0,1,0,0,0,1
1361.8,17.6,5.79,93.8,4.093999999999999,7.1,19.79,8.68,0,0,1,0,0,0,0,0,0,1
1302.5,19.2,7.65,120.16,0.28,5.4,2.51,6.97,1,0,0,0,1,0,0,0,0,0
1186.4,28.3,5.67,276.7,5.43,8.2,4.15,11.02,0,1,0,0,0,1,0,0,0,1
1488.4299999999998,24.0,6.84,190.8,8.2,8.6,9.89,9.42,1,0,0,0,0,0,0,1,0,1
846.3,25.3,7.33,132.3,4.31,6.0,2.39,7.18,0,0,0,1,1,0,0,0,0,0
985.2,26.3,6.46,151.6,5.01,7.1,28.908999999999867,7.56,0,0,0,0,0,0,0,1,0,0
514.5,28.3,6.34,179.8,2.99,9.0,3.71,9.71,0,1,0,0,0,0,1,0,0,1
948.4,23.7,6.511999999999999,99.3,8.56,8.1,5.06,7.27,0,0,0,0,0,0,0,0,1,0
1310.0,21.2,5.99,286.7380000000001,7.46,7.5,3.81,8.12,0,0,0,0,0,0,0,0,0,1
1049.4,35.9,5.94,164.4,7.84,6.5,2.4,6.24,0,0,0,1,0,0,1,0,0,0
834.8,16.9,6.65,153.42,0.0,5.6,2.04,11.02,0,0,0,1,0,1,0,0,0,0
1202.9,23.6,6.48,50.0,3.45,8.3,19.94,8.52,0,0,0,1,0,0,0,0,0,1
622.0,23.76,5.67,152.6,6.2,7.5,3.22,8.79,0,0,1,0,0,0,1,0,0,1
867.5,27.8,6.11,140.0,2.28,5.2,3.61,8.18,0,1,0,0,0,0,0,1,0,1
865.3,16.1,6.37,114.8,8.45,7.7,0.42,10.31,0,0,1,0,0,1,0,0,0,0
746.7,27.2,5.83,177.0,2.49,5.8,2.46,9.65,1,0,0,0,0,0,1,0,0,1
1099.5,34.0,6.394,171.3,5.97,6.4,1.09,7.39,0,0,0,1,0,0,0,1,0,1
1387.7,16.2,5.57,179.4,1.75,8.4,3.31,10.05,1,0,0,0,0,1,0,0,0,0
574.0,30.4,4.59,134.1,6.88,9.9,1.05,7.23,1,0,0,0,0,0,0,0,0,1
462.9,33.9,6.15,183.9,4.27,8.7,11.45,8.49,0,0,1,0,0,0,1,0,0,1
523.9,19.9,6.08,154.5,5.1339999999999995,8.6,2.95,9.37,0,1,0,0,0,0,0,1,0,1
1313.6,26.9,5.75,65.4,8.67,8.4,6.38,10.1,0,1,0,0,0,1,0,0,0,1
576.2,23.8,6.55,186.1,6.46,10.0,3.6,7.18,0,1,0,0,0,0,0,1,0,0
1031.0,21.7,5.41,125.2,5.61,4.0,2.71,6.6,0,0,1,0,0,0,0,1,0,0
479.4,16.5,7.74,157.7,2.62,7.4,0.9,8.98,0,0,1,0,0,1,0,0,0,0
941.4,22.5,6.13,110.5,7.2,6.8,6.55,8.45,0,1,0,0,0,0,1,0,0,0
927.2,27.5,7.24,206.7,5.94,6.5,1.94,8.51,0,1,0,0,0,0,0,0,1,1
818.5199999999999,31.7,6.26,171.4,5.07,7.1,3.87,8.39,0,0,1,0,0,0,1,0,0,1
1202.4,31.7,6.28,141.0,2.1,8.8,2.52,9.36,1,0,0,0,0,0,0,0,1,1
1488.4299999999998,20.4,6.55,149.3,8.62,6.5,28.908999999999867,8.11,0,0,1,0,0,0,0,1,0,1
1181.6,18.3,5.83,197.0,4.55,10.4,2.68,11.578600000000005,1,0,0,0,0,1,0,0,0,0
632.9,19.5,5.06,185.48,10.62,8.6,2.25,10.68,0,0,0,0,0,1,0,0,0,1
907.9,23.9,7.53,231.7,3.25,9.6,19.83,9.32,0,0,0,0,0,0,1,0,0,1
870.8,29.3,5.52,241.4,7.21,8.9,8.16,8.22,0,0,1,0,0,0,0,0,0,1
1017.1,16.1,6.0,140.1,6.49,8.4,2.91,9.08,0,0,0,0,0,0,0,0,1,1
896.4,17.4,6.18,114.3,0.81,8.4,1.6,9.65,0,1,0,0,0,0,1,0,0,1
1076.9,24.1,6.83,98.4,2.69,9.3,4.99,10.54,0,0,0,0,0,1,0,0,0,1
644.6,22.6,7.5,203.1,3.18,6.9,8.57,8.92,0,0,0,0,0,0,1,0,0,1
894.0,30.7,6.56,200.4,4.28,7.3,1.22,8.35,0,0,0,1,0,0,0,0,0,1
799.3,26.2,6.19,237.4,4.5,7.9,1.53,7.82,0,1,0,0,1,0,0,0,0,1
1208.4,21.0,6.55,140.6,3.02,6.4,7.1,6.91,0,0,1,0,0,0,0,0,0,0
635.1,24.2,6.41,236.8,4.21,6.3,6.79,8.18,0,0,0,1,0,0,0,0,0,1
1260.3,13.1,7.35,121.8,0.55,7.4,14.15,6.91,0,0,0,0,0,0,0,0,1,0
978.3,14.8,6.65,49.5,8.32,7.3,0.94,7.4,0,1,0,0,0,0,0,0,0,1
499.2,12.4,5.36,148.6,7.0,8.6,0.94,9.57,0,0,0,0,0,1,0,0,0,1
1241.1,19.4,7.31,263.6,2.44,6.720000000000001,1.89,7.93,1,0,0,0,0,0,0,1,0,0
872.8,25.0,7.07,182.9,4.63,6.8,9.49,9.07,0,0,0,1,0,0,0,0,0,1
1115.3,24.5,5.12,110.1,8.02,8.0,21.41,8.28,1,0,0,0,0,0,0,0,1,0
993.9,29.6,7.26,55.4,7.02,8.3,6.99,10.33,0,0,1,0,0,1,0,0,0,1
1336.2,29.2,6.82,104.1,6.25,6.0,1.64,7.27,0,0,0,1,0,0,0,0,1,1
1092.4,25.9,7.65,174.3,3.93,9.6,5.09,8.2,0,0,1,0,0,0,0,0,0,1
563.5,23.7,7.47,123.8,10.857599999999984,7.4,1.95,7.46,0,1,0,0,0,0,0,1,0,1
1009.7,24.0,6.572,202.7,3.65,6.6,1.89,7.15,0,1,0,0,0,0,0,0,0,0
1131.5,26.6,5.69,162.2,3.66,7.6,1.18,10.09,0,0,0,0,0,0,1,0,0,1
592.0,24.5,7.23,181.3,3.87,7.5,0.48,8.41,1,0,0,0,0,0,0,1,0,1
1210.8,23.9,6.35,30.1,1.69,8.1,3.28,6.12,0,0,0,1,1,0,0,0,0,0
1232.8,22.4,7.73,117.7,3.83,5.8,10.14,10.47,0,0,0,0,0,1,0,0,0,1
720.4,35.9,6.88,235.2,7.18,5.6,1.59,7.07,0,0,1,0,0,0,0,0,0,1
851.78,31.8,6.38,164.5,7.41,5.5,7.49,5.38,0,0,1,0,0,0,0,1,0,0
993.0,12.4,7.72,160.8,9.99,6.4,3.0,6.91,0,1,0,0,0,0,0,0,1,1
995.3,18.5,5.94,212.2,3.554,6.9,1.03,7.14,0,0,0,1,0,0,0,1,0,0
1231.6,28.0,7.1,250.5,3.36,8.1,1.4,7.82,0,0,0,0,1,0,0,0,0,1
1185.0,22.8,5.08,72.6,1.66,8.5,24.78,7.92,0,1,0,0,0,0,0,1,0,1
732.5,32.8,4.94,152.5,4.1579999999999995,7.3,2.4,7.27,0,1,0,0,0,0,0,1,0,1
1285.4,17.2,5.83,249.8,4.73,7.7,2.53,8.58,0,0,0,1,0,0,1,0,0,0
1127.7,26.0,5.95,265.3,1.87,8.580000000000002,2.74,9.31,0,0,0,0,0,1,0,0,0,0
785.26,20.8,8.42,240.2,3.94,11.0,1.44,7.03,0,0,1,0,0,0,1,0,0,1
730.0,32.9,6.07,103.7,10.31,6.6,4.0,7.26,0,1,0,0,0,0,0,1,0,1
1336.4,31.1,6.5,160.6,4.82,5.4,1.27,6.62,0,0,0,0,0,0,0,0,0,0
985.4,22.5,5.62,7.624000000000001,3.68,6.9,1.58,6.5,0,0,1,0,0,0,0,0,1,0
1078.0,27.6,7.24,162.4,0.0,7.7,3.16,6.82,0,0,0,0,1,0,0,0,0,1
981.8399999999999,23.9,6.04,153.5248,0.42,10.5,9.68,6.93,1,0,0,0,1,0,0,0,0,0
1130.2,19.5,6.36,248.7,7.19,4.2,1.76,8.24,0,1,0,0,0,0,0,0,1,1
468.3,20.1,5.94,172.9,4.12,7.4,8.5,7.57,0,1,0,0,0,0,1,0,0,0
929.9,26.9,5.84,136.2,4.91,5.6,1.8980000000000001,10.19,0,0,0,1,0,0,1,0,0,1
1058.8,22.2,6.25,156.2,4.886,7.1,1.93,10.3,0,0,1,0,0,1,0,0,0,1
909.4,25.1,7.19,163.0,2.94,8.3,1.7,5.74,0,0,1,0,0,0,0,1,0,0
788.2,20.6,6.73,102.8,3.57,6.9,1.36,8.43,0,0,0,0,1,0,0,0,0,1
816.9,29.2,5.76,218.8,4.1,6.4,0.65,7.3,0,0,0,1,1,0,0,0,0,1
982.9,30.4,5.25,243.4,6.31,4.6,1.78,6.26,0,0,0,0,1,0,0,0,0,1
733.3,20.1,6.212,151.6,2.62,9.2,1.47,8.65,1,0,0,0,0,0,0,0,0,1
1345.5,16.3,6.72,177.8,5.26,7.6,2.94,7.71,0,0,1,0,0,0,1,0,0,0
995.0,21.8,6.54,148.1,2.81,6.3,12.57,8.37,1,0,0,0,0,0,0,0,1,1
822.5,27.5,7.15,282.7,4.1,5.9,15.64,10.52,0,1,0,0,0,1,0,0,0,1
962.1,29.9,5.74,147.7,6.02,5.8,4.0,7.16,0,0,1,0,1,0,0,0,0,1
726.5,29.7,5.51,260.2,5.47,6.1,24.46,7.85,0,0,0,0,0,0,0,0,0,1
928.9,23.4,6.43,23.7,7.88,6.0,4.75,9.46,0,0,1,0,0,1,0,0,0,1
1385.7,21.6,6.27,113.7,4.98,7.7,0.52,11.578600000000005,1,0,0,0,0,1,0,0,0,1
1349.5,29.8,6.95,211.5,3.87,7.3,2.77,6.43,0,0,0,1,1,0,0,0,0,1
1196.5,28.9,7.78,180.38,5.65,6.8,1.02,7.98,0,0,0,0,0,0,1,0,0,1
1047.1,23.7,6.93,115.08,6.27,8.9,5.16,7.41,0,0,0,1,1,0,0,0,0,1
640.0,27.2,5.66,82.0,5.01,6.3,2.92,6.15,0,1,0,0,1,0,0,0,0,0
502.6,22.0,5.49,157.9,6.62,8.1,1.53,8.11,0,0,0,1,0,0,0,1,0,1
624.7,22.5,6.06,100.6,6.73,6.6,3.09,7.95,0,1,0,0,0,0,0,0,1,1
742.5,21.5,4.79,101.5,6.78,6.7,6.66,9.23,0,1,0,0,0,1,0,0,0,0
1231.2,26.3,8.42,108.2,5.63,7.9,2.8,7.48,1,0,0,0,0,0,0,0,0,0
1237.0,33.0,6.46,201.5,5.122,7.4,2.068,7.97,0,1,0,0,0,0,0,0,0,1
1099.0,21.22,6.74,148.1,6.32,7.4,5.54,7.17,0,0,0,0,0,0,0,1,0,0
1009.7,23.2,6.06,162.5,7.43,6.7,5.236,7.97,0,1,0,0,0,0,0,0,1,0
696.7,22.9,6.46,12.9,5.33,8.0,2.18,9.19,1,0,0,0,0,0,1,0,0,1
1183.7,17.5,5.96,177.5,5.973999999999999,5.5,9.47,6.58,0,0,1,0,0,0,0,0,0,0
736.9,19.9,5.57,83.7,3.2,8.4,4.594,10.67,0,0,0,1,0,1,0,0,0,1
505.0,29.7,7.18,159.8,6.25,5.9,0.99,8.78,0,1,0,0,0,0,1,0,0,1
656.4,23.2,6.35,212.6,4.12,7.6,1.52,7.84,0,1,0,0,0,0,0,1,0,1
1162.6,25.3,6.55,47.8,2.9,7.4,1.74,7.56,0,1,0,0,0,0,0,0,1,1
487.8,17.1,6.58,137.3,4.25,9.2,1.32,9.69,0,1,0,0,0,1,0,0,0,0
1325.0,24.4,5.08,202.9,6.84,11.0,1.96,11.53,1,0,0,0,0,1,0,0,0,1
924.4,12.4,5.98,158.2,7.78,5.2,22.36,8.13,0,0,0,1,0,0,0,0,1,1
851.1,16.3,6.09,194.01999999999998,4.58,7.9,6.17,7.87,0,0,0,0,1,0,0,0,0,1
1179.5,29.9,6.99,167.7,4.77,9.6,11.59,9.55,0,0,0,1,0,0,0,0,1,1
1031.3,20.2,6.16,218.8,7.8,7.8,1.9,9.35,0,0,0,0,0,0,0,0,1,1
954.4,25.9,6.94,126.4,3.33,9.5,2.93,7.1,0,0,0,1,1,0,0,0,0,0
800.7,21.8,7.75,43.1,5.45,8.8,3.02,6.14,1,0,0,0,1,0,0,0,0,0
638.3,20.5,5.64,76.5,8.0,7.1,4.25,6.94,0,0,1,0,0,0,0,0,0,1
725.0,28.6,5.46,164.08,5.11,7.3,3.38,7.55,0,0,0,1,0,0,0,0,1,0
1134.1,28.1,6.33,121.9,3.95,10.0,5.28,7.92,0,0,1,0,0,0,0,0,0,1
696.5,35.0,6.5200000000000005,176.2,6.19,6.2,5.4,8.23,0,1,0,0,0,0,1,0,0,1
746.8,32.0,6.11,147.5,2.65,4.0,1.98,8.55,0,0,1,0,0,0,1,0,0,1
755.1,12.4,6.93,85.5,3.59,10.1,4.72,10.46,0,0,0,0,0,1,0,0,0,0
1160.8,24.7,7.23,221.3,6.24,8.2,4.76,7.74,0,0,1,0,0,0,0,0,0,1
961.8,26.6,6.36,165.87999999999997,9.84,9.0,7.07,7.28,0,0,1,0,0,0,0,0,1,0
965.6,21.8,5.63,181.6,7.43,8.6,0.42,9.82,0,0,1,0,0,1,0,0,0,0
537.8,15.3,4.78,181.0,3.89,6.3,2.49,6.23,0,1,0,0,1,0,0,0,0,1
1090.4,25.3,6.58,19.9,5.04,7.5,0.72,8.02,0,0,0,1,0,0,0,1,0,1
816.2,16.3,7.1,144.6,9.26,6.5,0.89,10.59,1,0,0,0,0,0,1,0,0,1
703.7,20.6,6.81,173.4,6.78,11.0,9.26,7.7,0,0,0,0,0,0,0,0,1,0
1140.0,22.3,7.64,153.1,5.89,6.6,1.37,9.41,0,0,1,0,0,1,0,0,0,0
1044.5,26.7,5.67,191.3,3.2640000000000002,7.6,1.46,11.578600000000005,0,0,0,0,0,1,0,0,0,1
812.9,17.1,7.05,157.2,7.69,7.4,15.49,8.44,0,1,0,0,0,0,1,0,0,0
1126.5,23.3,6.481999999999999,133.3,5.85,5.8,3.59,7.62,0,0,1,0,0,0,0,0,1,1
1196.9,27.9,5.47,131.6,5.56,9.2,2.83,6.85,0,0,1,0,1,0,0,0,0,1
1361.6,19.4,7.94,148.8,6.89,7.6,1.93,10.37,0,1,0,0,0,1,0,0,0,0
826.1,22.4,6.28,133.5,2.41,8.7,10.68,9.27,0,0,0,1,0,0,0,1,0,1
794.1,25.0,6.84,7.624000000000001,3.95,10.2,3.33,7.1,0,1,0,0,0,0,0,1,0,1
871.1,23.4,6.22,124.0,4.75,4.7,5.32,8.34,0,0,0,1,0,0,0,0,0,1
654.3,22.7,7.12,72.7,4.63,7.8,3.01,5.88,0,1,0,0,0,0,0,1,0,0
330.164,24.1,6.23,104.5,4.89,8.8,3.36,7.96,0,0,0,1,0,0,0,0,0,1
1488.4299999999998,21.3,7.0,99.1,5.57,8.1,4.28,7.97,0,0,0,0,0,0,0,0,0,1
461.3,24.7,6.27,101.8,7.01,5.5,1.19,7.45,0,0,1,0,0,0,0,0,1,1
1173.4,23.1,7.14,151.3,3.68,8.4,5.82,7.9,0,0,0,1,0,0,0,0,0,0
793.9,21.1,6.36,150.4,3.5,11.0,2.36,7.39,0,1,0,0,1,0,0,0,0,1
843.1,18.3,6.514,155.9,6.475999999999999,8.2,14.89,7.83,0,0,1,0,0,0,0,1,0,1
935.8599999999999,13.9,6.16,149.9,8.04,9.4,7.5,5.94,0,0,0,0,0,0,0,1,0,0
912.7,21.7,5.85,99.1,5.33,7.68,2.2,10.05,1,0,0,0,0,0,1,0,0,1
892.5,23.6,6.9,226.5,8.27,7.9,7.24,8.72,0,0,0,0,0,0,0,0,1,1
483.2,26.8,8.28,187.0,4.74,6.2,11.11,5.2514,0,0,0,0,1,0,0,0,0,0
1209.4,25.2,5.27,240.9,3.6399999999999997,5.4,5.8,8.21,0,0,0,0,0,0,1,0,0,0
710.6,25.7,5.97,286.7380000000001,2.5759999999999996,7.1,3.32,7.92,1,0,0,0,1,0,0,0,0,1
797.9,24.0,6.73,164.6,2.53,7.2,4.62,8.77,0,0,0,1,0,0,0,1,0,1
908.2,35.4,6.37,92.3,6.89,4.2,7.03,7.0,1,0,0,0,0,0,0,0,0,0
609.0,15.4,7.76,183.8,3.1,8.9,3.12,7.43,0,0,0,1,1,0,0,0,0,1
871.3,25.2,6.39,208.8,5.98,9.8,2.5,11.15,1,0,0,0,0,0,1,0,0,1
812.1,22.8,4.63,162.7,4.52,8.2,2.3739999999999997,8.29,0,0,0,0,0,0,0,0,0,1
750.3,20.2,6.27,49.8,7.93,7.6,2.53,7.98,0,0,0,0,0,0,1,0,0,1
818.1,20.7,6.03,131.8,3.98,7.3,8.13,8.91,1,0,0,0,0,0,0,1,0,1
1332.2,28.0,6.89,232.1,5.38,6.7,1.21,8.25,1,0,0,0,0,0,0,0,0,0
1220.2,28.3,5.75,158.0,3.91,9.0,9.45,8.78,1,0,0,0,0,0,0,1,0,1
1245.2,26.1,5.76,27.2,4.48,8.2,4.75,10.66,1,0,0,0,0,1,0,0,0,0
885.2,30.8,7.11,262.1,3.91,7.0,0.81,8.15,0,0,0,0,0,0,0,0,1,1
1488.4299999999998,25.3,5.53,89.3,5.51,5.9,2.04,7.57,0,0,1,0,0,0,1,0,0,1
788.6,26.1,7.11,117.8,4.58,5.7,3.95,7.93,0,0,0,0,0,0,1,0,0,0
1285.4,18.7,5.86,200.8,3.83,6.3,9.48,7.33,0,1,0,0,0,0,0,1,0,0
965.0,26.6,5.77,243.7,6.7,7.7,21.15,6.48,0,0,1,0,0,0,0,1,0,0
683.2,24.2,4.98,140.7,4.68,6.6,1.86,6.95,0,0,1,0,0,0,0,0,1,0
688.4,26.9,5.99,189.2,7.0,9.9,6.61,6.98,0,0,0,1,1,0,0,0,0,1
825.6,22.0,6.66,98.3,7.65,6.9,17.26,11.05,0,1,0,0,0,1,0,0,0,1
875.2,24.940000000000005,5.92,286.0,3.58,7.1,9.36,6.63,0,1,0,0,1,0,0,0,0,0
857.4,29.7,6.36,164.6,5.73,11.0,3.99,9.89,0,0,1,0,0,1,0,0,0,0
982.4,26.1,6.91,286.7380000000001,2.644,8.4,0.75,7.31,0,0,0,1,1,0,0,0,0,1
1448.8,23.439999999999998,6.036,151.2,2.92,6.6,6.66,7.74,0,0,1,0,0,0,0,0,0,1
817.7,25.9,6.87,141.3,10.22,7.3,2.34,7.49,0,0,0,0,0,0,0,0,1,1
815.6,27.0,7.08,150.7,1.06,6.6,1.69,8.71,0,1,0,0,0,0,1,0,0,1
792.4,21.0,7.78,142.0,3.88,8.4,3.86,9.41,0,1,0,0,0,0,1,0,0,1
1384.9,22.5,5.64,113.5,4.99,6.3,1.36,6.96,0,0,0,0,1,0,0,0,0,1
1033.5,29.9,6.04,197.4,9.23,8.2,1.32,6.9,0,1,0,0,1,0,0,0,0,1
594.3,24.7,6.74,189.4,3.57,6.6,4.98,9.42,0,0,1,0,0,0,1,0,0,1
850.6,26.9,6.12,154.9,6.67,7.2,3.73,7.72,0,1,0,0,0,0,0,0,1,0
979.6,21.5,7.09,164.5,9.0,6.4,1.04,8.55,0,1,0,0,0,0,0,0,0,1
929.9,32.2,6.07,174.1,0.72,8.4,14.01,6.61,0,1,0,0,0,0,0,0,0,0
1214.7,25.859999999999996,5.51,126.0,6.02,8.2,4.19,9.69,0,1,0,0,0,1,0,0,0,0
1259.7,29.3,5.29,149.3,4.872,6.6,4.154000000000001,11.54,0,0,0,1,0,1,0,0,0,1
819.4,24.6,6.642,162.16,0.0,4.1,1.73,7.53,0,0,0,1,1,0,0,0,0,0
888.5,30.2,7.33,184.6,5.43,8.9,2.19,8.81,1,0,0,0,0,0,0,0,1,1
546.2,20.6,6.82,84.1,4.71,6.6,3.03,8.79,0,0,1,0,0,1,0,0,0,0
815.7,15.5,7.01,219.0,8.86,9.3,4.11,8.59,1,0,0,0,0,0,0,1,0,1
491.5,24.0,6.74,155.4,4.07,8.0,3.92,9.02,0,0,0,0,0,0,1,0,0,1
1092.4,25.1,6.81,233.5,1.54,8.419999999999998,2.57,9.76,0,1,0,0,0,0,1,0,0,1
1001.0,20.6,7.01,142.4,4.93,7.5,0.74,6.82,0,1,0,0,1,0,0,0,0,0
833.0,23.0,5.07,176.7,6.41,7.9,7.0,9.56,0,1,0,0,0,0,1,0,0,1
1155.8,19.1,6.7,190.6,2.68,4.9,7.15,7.3,0,1,0,0,1,0,0,0,0,1
765.1,19.2,6.45,129.2,1.83,6.3,3.69,8.27,1,0,0,0,0,0,0,0,0,1
1342.0,21.6,6.03,150.76,3.15,6.5,1.66,10.72,0,0,0,0,0,1,0,0,0,1
941.2,28.3,6.5,157.8,6.67,8.3,2.86,9.92,0,0,0,1,0,0,1,0,0,1
729.2,24.8,7.42,168.0,4.21,8.0,3.5,7.19,0,0,0,0,1,0,0,0,0,0
610.0,27.6,6.74,140.5,4.19,5.8,1.11,6.1,1,0,0,0,1,0,0,0,0,0
1111.6,29.2,5.36,147.1,6.87,8.1,2.874,8.84,1,0,0,0,0,0,0,0,1,1
1316.0,33.0,5.92,67.6,6.35,4.7,2.64,6.33,0,0,0,0,0,0,0,0,1,0
1356.4,24.0,6.73,211.4,0.69,7.5,1.52,11.21,0,1,0,0,0,1,0,0,0,1
832.6,23.779999999999998,7.12,113.7,8.46,7.7,1.83,8.39,1,0,0,0,0,0,0,0,1,1
707.7,25.2,5.01,237.3,3.55,4.8,1.39,9.74,0,1,0,0,0,1,0,0,0,0
868.3,18.4,6.58,73.1,3.05,6.4,6.59,5.77,0,0,0,1,1,0,0,0,0,0
831.4,18.8,7.15,54.2,4.82,7.4,28.908999999999867,7.47,0,0,0,1,0,0,0,0,0,1
934.6,12.4,6.74,189.2,2.97,9.0,0.98,7.65,0,0,1,0,0,0,1,0,0,0
837.5,29.2,7.64,240.5,4.03,6.7,1.23,8.28,0,1,0,0,0,0,0,0,0,1
870.3,24.5,5.79,11.8,4.37,10.0,9.91,6.43,0,1,0,0,1,0,0,0,0,0
678.9,23.5,7.12,123.6,5.7,9.5,4.43,7.54,0,1,0,0,0,0,0,0,1,0
607.5,17.2,5.98,225.5,9.51,10.8,2.66,8.53,1,0,0,0,1,0,0,0,0,1
797.4,23.1,7.05,105.8,3.89,5.2,4.23,8.77,0,0,0,1,0,0,1,0,0,1
826.1,19.6,5.23,117.3,3.56,9.3,2.78,7.29,1,0,0,0,1,0,0,0,0,1
1165.7,24.7,5.0,200.4,7.94,9.1,8.72,9.2,1,0,0,0,0,0,0,0,1,1
407.1,23.5,6.93,285.5,2.32,6.7,2.23,9.13,0,0,0,1,0,0,1,0,0,1
547.8,21.0,5.4,86.9,4.98,8.3,1.82,7.82,0,0,0,1,0,0,0,0,0,1
1304.3,21.6,7.42,96.9,3.2,6.6,5.05,6.67,0,0,0,0,1,0,0,0,0,1
987.9400000000002,20.1,8.42,75.3,7.11,6.1,9.88,5.61,0,0,0,1,1,0,0,0,0,1
1446.3,20.8,5.93,81.8,6.3,7.8,3.83,8.86,0,0,1,0,0,0,1,0,0,1
966.3,18.6,7.07,220.6,6.08,4.7,5.093999999999999,7.32,0,0,0,1,0,0,0,0,0,0
724.5,25.3,7.14,121.3,8.92,9.1,2.21,6.82,0,1,0,0,1,0,0,0,0,0
1156.2,30.9,7.1,121.0,1.04,7.0,4.77,8.46,1,0,0,0,0,0,0,0,1,1
1195.4,25.4,6.13,271.8,6.55,7.3,4.09,7.74,0,1,0,0,0,0,0,0,0,1
592.2,19.5,7.14,217.0,3.1340000000000003,7.4,3.22,7.84,0,0,1,0,0,0,0,0,0,1
918.5,28.0,6.97,127.9,3.5700000000000003,6.4,1.75,8.09,0,1,0,0,0,0,0,0,1,1
939.2,28.9,6.064,27.0,7.52,10.2,7.54,6.37,0,0,0,1,0,0,0,0,1,0
574.8,16.3,5.58,244.9,0.79,10.1,4.06,9.42,1,0,0,0,0,0,1,0,0,1
789.9,30.3,7.86,104.4,1.26,6.7,0.69,8.01,0,0,0,0,0,0,0,0,1,1
967.7,22.8,6.43,67.2,5.4,6.7,3.32,7.32,0,0,0,1,0,0,0,0,1,0
827.7,26.7,7.42,122.8,4.45,6.2,4.254,8.07,0,0,0,0,0,0,0,1,0,1
1147.3,35.9,5.84,44.9,5.59,7.6,2.03,5.2514,0,0,1,0,0,0,0,1,0,0
1104.9,25.7,6.39,150.51999999999998,6.15,8.9,1.66,8.35,0,0,0,1,0,0,0,1,0,0
920.1,23.0,6.75,152.9,5.77,8.6,4.1,7.77,0,0,0,0,0,0,0,0,0,1
1236.9,13.8,7.3180000000000005,207.9,4.2,4.9,7.96,6.62,0,0,1,0,0,0,0,1,0,0
1001.2,30.0,6.29,105.7,2.83,7.080000000000001,3.09,10.34,0,0,1,0,0,1,0,0,0,1
1089.6,16.5,7.53,188.1,10.857599999999984,6.2,1.54,10.16,0,0,0,0,0,1,0,0,0,1
1258.3,28.8,5.21,151.1,5.22,8.8,3.23,7.65,0,1,0,0,0,0,0,1,0,1
1166.8,25.9,8.42,85.4,9.44,7.2,3.36,6.17,0,0,1,0,1,0,0,0,0,1
1023.5,23.4,5.85,201.2,4.69,8.4,5.08,8.3,1,0,0,0,0,0,0,0,0,0
983.6,21.6,6.7,204.6,4.33,5.7,1.69,8.98,0,0,0,0,0,0,0,0,0,1
881.4,30.7,7.8,177.8,0.23,7.920000000000002,5.07,7.07,0,0,0,1,1,0,0,0,0,1
1053.9,26.0,6.62,169.8,5.17,8.5,1.55,7.75,0,0,0,0,0,0,0,1,0,1
1033.3,21.1,6.6,141.8,7.21,8.6,0.42,8.4,0,0,1,0,0,0,1,0,0,0
340.2,15.3,6.83,226.1,2.54,8.8,4.73,7.7,0,0,0,0,0,0,0,1,0,1
870.4,27.5,5.86,80.7,3.848,7.6,0.42,7.5,0,0,0,1,0,0,0,1,0,1
812.3,12.7,7.31,102.6,3.93,7.9,1.7,7.21,0,0,0,1,0,0,0,0,0,0
834.3,29.1,6.3,71.7,4.72,7.7,1.37,6.41,0,0,0,1,0,0,0,0,1,0
871.6,17.8,6.69,115.4,4.07,4.1,3.14,6.65,0,1,0,0,0,0,0,0,1,0
1152.2,23.3,7.6,181.4,5.5,6.5,2.49,10.52,0,0,0,0,0,1,0,0,0,0
1007.9,20.7,6.03,203.5,2.67,7.2,5.46,10.38,1,0,0,0,0,1,0,0,0,0
1137.4,15.8,6.81,135.0,6.15,8.6,0.79,5.63,0,0,1,0,1,0,0,0,0,0
720.9,30.6,7.01,225.0,8.4,8.4,2.7079999999999997,8.17,0,0,0,0,0,0,0,0,0,1
709.4,26.7,8.42,163.7,8.87,10.6,1.59,5.52,0,0,0,1,1,0,0,0,0,0
1488.4299999999998,22.5,5.23,105.8,3.91,8.0,7.06,9.65,0,0,1,0,0,1,0,0,0,1
958.1,18.1,7.85,244.1,9.51,6.1,12.05,8.3,0,0,1,0,0,0,1,0,0,0
1006.4,25.7,7.35,103.8,5.01,4.0,2.02,8.72,0,0,0,1,0,0,0,0,0,1
1077.5,22.1,7.12,253.2,7.32,5.5,3.95,10.84,0,0,1,0,0,1,0,0,0,1
1367.0,19.8,7.39,70.6,6.9,9.9,1.74,6.85,0,1,0,0,0,0,0,0,0,0
1202.1,25.5,6.97,111.9,3.87,7.1,3.77,11.16,0,1,0,0,0,1,0,0,0,1
814.0,28.4,4.59,163.6,6.44,7.7,2.68,7.97,1,0,0,0,0,1,0,0,0,0
984.9,18.5,6.48,166.28,1.66,9.6,2.38,11.24,0,0,0,1,0,1,0,0,0,1
840.8,20.7,6.2,77.0,1.98,6.8,6.8,7.14,0,0,1,0,0,0,0,1,0,1
859.8,22.1,4.92,158.5,3.28,10.0,3.65,6.06,0,0,1,0,1,0,0,0,0,0
974.4,23.2,7.33,139.0,3.99,7.1,2.17,7.06,0,1,0,0,1,0,0,0,0,0
770.9,30.9,5.5,123.2,0.98,7.4,1.28,6.95,0,0,1,0,0,0,0,0,1,1
1279.2,21.5,6.32,74.6,4.2,7.0,2.21,11.1,1,0,0,0,0,1,0,0,0,0
618.2,24.1,6.2,175.9,4.15,6.1,5.31,8.31,0,1,0,0,0,0,0,0,1,0
1228.8,23.1,5.04,125.2,5.68,8.4,28.908999999999867,8.01,1,0,0,0,0,0,0,0,1,0
1173.1,25.74,6.09,186.3,5.42,8.7,1.05,9.42,0,1,0,0,0,0,1,0,0,1
993.6,25.4,6.01,165.1,6.93,7.9,1.23,9.9,1,0,0,0,0,0,0,0,0,1
526.0,23.2,5.41,110.0,4.06,6.1,2.04,7.36,0,0,0,0,0,0,0,1,0,1
769.4,27.9,5.97,251.5,4.29,6.4,3.502,9.98,0,0,0,1,0,0,1,0,0,1
984.4,21.4,7.7,101.7,1.97,6.6,2.52,7.79,1,0,0,0,0,0,0,1,0,0
891.2,24.4,5.79,206.1,6.01,8.8,4.36,6.63,0,0,0,1,0,0,0,1,0,0
900.8,18.9,7.52,91.6,7.28,6.960000000000001,0.92,7.45,1,0,0,0,1,0,0,0,0,1
905.14,17.4,6.3,230.0,1.62,9.2,1.5,8.55,0,1,0,0,0,0,0,0,1,1
431.6,17.2,6.4,141.4,8.2,6.2,7.84,9.93,1,0,0,0,0,0,1,0,0,1
934.1,21.3,5.26,193.8,3.92,5.4,4.13,10.14,0,0,0,1,0,1,0,0,0,0
1110.7,32.7,7.93,127.9,4.16,7.2,3.4,9.52,0,0,1,0,0,1,0,0,0,1
1089.4,35.9,5.61,172.3,1.6,7.1,2.3,6.08,0,0,0,1,0,0,0,1,0,1
512.8,23.5,6.86,128.6,7.22,6.9,0.5,6.85,0,0,1,0,0,0,0,0,1,0
411.0,26.3,6.03,108.7,6.39,6.7,2.77,7.86,1,0,0,0,0,0,0,0,1,0
586.8,26.6,7.44,157.2,2.48,6.4,5.46,10.61,0,1,0,0,0,1,0,0,0,1
561.6,31.2,5.97,110.2,5.3,9.6,2.42,9.21,1,0,0,0,0,0,1,0,0,1
632.1,24.3,6.22,145.4,3.24,8.2,0.58,7.34,1,0,0,0,1,0,0,0,0,0
958.6,35.2,6.83,165.9,1.65,7.1,9.58,9.36,1,0,0,0,0,0,1,0,0,1
1036.1,29.0,7.18,102.1,5.38,9.1,5.35,8.82,0,1,0,0,0,0,0,0,1,1
1117.3,23.0,6.92,45.9,4.02,8.0,2.898,7.79,0,0,0,0,0,0,0,0,1,1
886.0,26.3,5.91,210.2,2.302,9.1,4.22,7.11,0,0,0,0,0,0,0,0,0,0
1004.5,26.5,8.35,147.0,4.4,9.16,1.46,8.24,0,0,0,1,0,0,1,0,0,0
931.9,25.2,6.89,94.8,2.3,8.2,1.18,8.8,1,0,0,0,0,0,1,0,0,0
817.5,22.2,6.45,135.7,4.31,8.1,4.21,7.78,0,0,1,0,0,0,0,1,0,1
1000.8,24.68,6.83,166.8,3.38,8.4,4.25,5.82,0,0,0,0,1,0,0,0,0,0
872.5,20.5,7.76,140.4,7.48,7.2,2.26,8.39,0,0,0,1,0,0,1,0,0,1
860.9,25.9,7.24,67.2,7.04,8.7,3.11,8.11,1,0,0,0,0,0,0,0,0,0
883.1,14.0,7.56,70.2,5.32,4.0,2.19,9.61,0,1,0,0,0,1,0,0,0,1
1028.3,17.1,7.77,173.7,5.91,7.9,14.54,8.02,0,1,0,0,0,0,0,1,0,1
1292.6,24.1,6.73,179.6,3.49,7.2,3.812,8.52,0,0,0,1,0,0,0,0,0,1
895.3,25.3,6.75,214.2,0.91,6.1,0.97,7.83,0,0,0,1,0,0,0,1,0,1
490.3,22.7,5.92,83.4,2.75,9.2,3.47,8.41,0,0,0,0,0,0,1,0,0,1
1076.8,20.5,7.6,93.3,6.08,7.4,2.26,8.65,1,0,0,0,0,0,0,0,0,0
1000.2,29.4,4.99,75.2,7.46,6.2,18.84,8.88,0,0,0,0,0,0,1,0,0,1
689.0,24.4,7.26,194.5,3.4,8.0,1.54,7.05,0,1,0,0,0,0,0,1,0,1
456.9,31.2,6.26,175.3,3.52,9.6,1.74,7.7,0,0,0,1,0,0,0,1,0,1
810.8,27.9,5.68,96.7,6.99,7.9,10.59,6.93,0,0,0,0,0,0,0,0,0,1
934.1,23.2,7.32,166.0,7.1,8.6,1.12,8.01,0,1,0,0,0,0,0,1,0,0
771.7,28.1,6.24,97.5,6.3,7.8,0.7,7.4,0,0,0,0,0,0,0,0,0,1
997.8,20.1,6.78,67.6,3.02,9.0,2.96,10.6,0,0,1,0,0,1,0,0,0,1
1186.3,21.2,5.98,10.7,1.72,9.4,3.59,9.23,0,1,0,0,0,1,0,0,0,0
577.9,30.7,6.13,169.2,4.76,10.4,12.64,8.56,0,0,0,0,0,0,1,0,0,0
748.9,23.9,6.83,91.0,3.09,9.3,2.7820000000000005,8.12,0,1,0,0,0,0,1,0,0,0
960.2,25.6,6.65,122.6,2.71,9.0,6.82,8.43,0,0,0,1,0,0,0,0,1,1
1175.9,31.8,6.47,111.2,2.86,7.9,0.42,5.79,0,0,0,1,0,0,0,1,0,0
761.5,31.7,6.07,143.5,3.0,5.8,13.02,8.0,0,0,0,1,0,0,0,0,0,1
1030.0,22.6,7.76,77.9,0.0,5.9,10.19,8.57,0,0,0,1,0,0,1,0,0,1
791.0,25.1,4.59,216.8,0.0,7.2,10.21,8.68,0,0,0,0,0,1,0,0,0,1
946.5,25.3,6.72,82.5,4.95,10.0,2.76,10.19,0,0,0,0,0,0,1,0,0,1
852.1,20.5,5.15,222.5,1.45,9.4,2.84,5.53,0,0,0,1,0,0,0,1,0,0
906.6,21.6,5.21,125.1,6.97,6.1,7.72,7.56,0,0,0,0,0,0,0,0,1,0
1224.6,22.0,7.12,208.0,6.81,8.8,6.0,10.24,0,0,0,0,0,1,0,0,0,0
707.3,25.3,4.94,93.1,5.88,8.2,0.42,6.2,0,1,0,0,1,0,0,0,0,1
1078.7,27.8,7.34,45.1,5.47,7.8,11.98,8.46,0,0,0,1,0,0,0,0,0,1
796.1,24.5,6.59,85.5,2.806,6.6,8.06,8.69,1,0,0,0,0,0,1,0,0,0
1221.1,30.7,5.76,154.6,5.62,7.6,0.48,6.89,0,0,0,1,0,0,0,0,0,0
698.7,25.4,6.81,119.3,3.06,7.4,2.49,7.48,0,1,0,0,0,0,0,0,1,1
844.8,17.979999999999997,7.2,197.5,6.84,7.4799999999999995,12.04,8.32,0,1,0,0,0,0,1,0,0,0
873.9,23.1,5.54,170.4,8.67,9.7,1.71,7.73,0,0,0,1,0,0,0,1,0,0
707.9,34.8,5.96,140.0,7.83,8.2,1.56,6.43,0,0,1,0,0,0,0,0,1,0
847.4,28.5,6.72,190.7,7.95,8.0,15.8,7.98,0,1,0,0,0,0,0,0,1,1
833.8,31.4,7.99,110.0,0.0,8.8,5.25,8.05,1,0,0,0,0,0,0,0,1,1
431.8,21.3,7.6,252.4,6.03,9.1,4.65,10.35,1,0,0,0,0,1,0,0,0,0
330.164,25.4,6.39,155.5,6.69,6.5,2.08,7.15,1,0,0,0,0,0,0,1,0,1
651.5,23.5,6.09,17.2,3.13,7.1,0.42,6.78,1,0,0,0,1,0,0,0,0,1
1150.7,26.6,5.55,114.7,2.62,7.6,1.91,7.91,0,0,0,0,0,0,0,1,0,1
722.1,22.7,6.53,196.7,2.63,7.5,9.55,7.35,0,0,0,0,1,0,0,0,0,0
1102.0,28.46,7.8,67.0,2.0460000000000003,9.3,2.7,8.07,0,0,0,0,0,0,0,0,1,1
894.1,19.7,6.88,112.1,2.24,10.1,2.49,7.92,0,0,1,0,0,0,1,0,0,0
1110.7,28.1,7.1,125.4,4.68,5.3,12.0,10.22,0,1,0,0,0,1,0,0,0,0
1094.0,26.4,7.49,186.2,0.0,8.9,5.95,5.76,0,0,1,0,1,0,0,0,0,0
1231.0,22.9,5.63,79.7,4.1,6.7,2.91,10.07,0,0,1,0,0,1,0,0,0,1
787.9,31.3,7.22,170.7,4.76,10.3,1.88,7.84,0,0,0,1,0,0,0,0,1,0
988.3,22.12,6.37,180.7,7.55,7.2,28.908999999999867,10.95,0,0,0,1,0,1,0,0,0,0
920.1,20.9,5.96,149.6,3.61,5.8,0.42,10.46,0,0,1,0,0,1,0,0,0,1
1488.4299999999998,17.4,6.46,180.95999999999998,3.21,6.6,5.28,7.03,1,0,0,0,0,0,0,1,0,0
1030.4,13.1,5.4,124.0,2.78,9.1,1.96,5.96,0,1,0,0,1,0,0,0,0,0
989.2,27.4,7.04,155.7,5.34,6.6,1.43,7.83,0,0,0,1,0,0,0,1,0,1
1026.3,19.7,7.69,143.9,8.17,8.0,7.13,8.05,0,0,0,0,0,0,1,0,0,0
642.7,30.4,7.21,45.6,3.682,8.0,1.12,7.45,1,0,0,0,0,0,1,0,0,0
937.5799999999999,23.3,7.7,167.4,6.9,8.7,5.97,7.52,1,0,0,0,1,0,0,0,0,0
939.24,22.4,6.85,210.8,7.76,8.180000000000001,5.73,11.35,1,0,0,0,0,1,0,0,0,1
1247.9,27.7,6.326,156.9,4.21,7.7,4.218000000000001,9.32,1,0,0,0,0,0,0,0,0,1
762.7,13.2,5.94,128.3,5.55,8.2,0.95,7.64,1,0,0,0,0,0,0,0,0,0
941.6,22.2,5.48,118.8,4.54,7.5,3.34,10.95,0,0,0,0,0,1,0,0,0,1
846.4,24.2,5.34,166.3,4.47,7.8,0.79,10.85,0,0,0,0,0,1,0,0,0,0
1089.2,15.6,6.35,111.7,0.0,10.2,4.83,10.0,0,0,0,0,0,1,0,0,0,0
1048.6,22.3,7.1,115.6,7.67,7.2,6.7,8.51,0,0,0,1,0,0,0,0,0,1
847.5,27.5,6.86,75.9,4.45,9.4,1.51,7.16,0,1,0,0,1,0,0,0,0,1
951.0,35.9,7.54,116.9,2.69,8.1,4.51,6.25,0,0,0,0,0,0,0,1,0,1
957.1,23.8,6.79,73.5,6.81,5.8,3.46,6.47,0,0,1,0,1,0,0,0,0,1
908.3,20.6,5.02,192.1,7.59,8.3,7.01,7.7,0,1,0,0,0,0,0,0,1,0
891.5,27.0,7.33,193.6,6.56,6.2,3.51,7.04,0,1,0,0,0,0,0,0,0,0
992.6,24.2,4.59,168.7,7.58,6.7,0.91,7.73,0,0,0,1,0,0,0,0,1,1
811.7,21.3,5.52,7.624000000000001,0.0,7.0,0.73,6.65,0,0,0,0,0,0,0,1,0,1
815.0,22.2,6.62,130.3,3.77,8.9,13.33,8.48,1,0,0,0,0,0,0,0,0,0
1227.5,12.4,6.53,128.7,6.89,8.9,4.474,7.74,0,1,0,0,0,0,0,0,1,0
808.6,25.2,6.72,201.56,4.32,5.1,4.11,10.76,0,0,0,0,0,1,0,0,0,1
1185.6,35.9,6.02,98.8,0.0,7.1,2.77,7.64,1,0,0,0,0,0,1,0,0,0
775.9,24.0,8.19,87.8,5.12,7.1,11.26,8.28,1,0,0,0,0,0,1,0,0,0
823.9,24.0,6.96,155.0,5.4,9.2,0.42,9.03,0,0,1,0,0,0,0,0,1,1
1031.0,14.5,6.29,137.4,1.11,11.0,0.93,7.29,0,0,0,0,0,0,0,0,0,0
1302.1,27.6,5.24,189.3,5.56,5.1,1.23,6.7,0,0,0,1,0,0,0,0,0,0
1421.2,25.5,6.348000000000001,113.9,2.72,5.7,0.52,10.69,0,0,1,0,0,1,0,0,0,1
464.6,19.3,5.38,139.9,1.548,9.0,2.786,7.13,0,0,1,0,0,0,0,0,0,0
1304.1,23.0,7.73,134.0,1.32,8.5,3.882,8.16,0,1,0,0,0,0,0,0,1,1
712.9,24.5,8.39,119.2,2.75,6.4,0.73,6.62,0,0,1,0,0,0,0,0,1,1
531.8,23.0,8.27,218.5,6.78,8.3,1.1,7.42,1,0,0,0,0,0,0,0,0,1
911.4,22.6,6.82,204.8,7.54,8.8,4.13,8.39,0,0,0,1,0,0,0,1,0,1
920.8,33.3,6.41,204.9,3.34,8.9,1.72,6.43,0,0,1,0,0,0,0,1,0,0
437.3,17.6,6.554,115.5,5.83,9.1,2.5,6.52,0,0,1,0,0,0,0,0,0,0
963.7,24.4,7.09,230.0,5.6,7.4,4.4,7.83,1,0,0,0,0,0,0,0,1,0
1246.2,26.0,7.68,123.8,0.0,4.9,1.84,6.45,0,1,0,0,0,0,0,0,0,0
1082.4,17.5,6.33,159.4,10.35,7.0,10.66,7.07,0,1,0,0,1,0,0,0,0,0
757.9,14.8,5.73,226.0,6.91,7.8,0.86,7.18,0,0,0,1,1,0,0,0,0,0
443.4,32.6,8.35,124.6,4.38,10.6,6.29,5.89,0,1,0,0,0,0,0,1,0,1
1059.6,21.0,7.35,144.9,4.99,7.4,0.61,7.88,0,1,0,0,0,0,0,0,1,0
959.1,22.8,5.96,101.3,6.35,6.5,7.83,6.82,0,1,0,0,0,0,0,1,0,1
1006.1,21.3,5.01,24.9,3.51,7.7,7.67,7.82,0,0,0,0,0,0,0,0,0,1
992.9,23.6,7.3,7.624000000000001,9.0,5.6,1.3599999999999999,6.44,0,1,0,0,1,0,0,0,0,1
911.5600000000001,30.5,8.42,241.2,6.91,8.4,1.46,6.15,0,1,0,0,0,0,0,1,0,1
1066.2,15.6,5.45,71.4,4.01,6.5,1.11,9.05,0,1,0,0,0,1,0,0,0,0
1090.7,20.3,6.42,155.7,6.72,11.0,1.63,8.31,1,0,0,0,0,0,0,1,0,0
954.7,23.2,7.61,141.7,1.51,6.5,2.33,8.85,1,0,0,0,0,0,1,0,0,0
977.1,24.080000000000002,5.86,211.9,3.22,8.1,11.59,6.89,0,1,0,0,0,0,0,1,0,0
1304.8,26.3,6.68,123.9,7.58,8.2,4.26,11.14,0,0,0,1,0,1,0,0,0,1
913.1,21.3,5.82,236.1,5.36,10.3,3.63,7.94,0,0,0,1,1,0,0,0,0,1
689.3,28.3,5.46,259.3,6.61,6.6,28.908999999999867,8.49,1,0,0,0,0,0,0,0,0,0
331.3,26.7,6.12,7.7,2.17,6.5,7.0,5.2514,0,0,1,0,1,0,0,0,0,0
952.2,25.6,6.52,170.4,6.32,8.5,1.47,8.27,0,1,0,0,0,0,0,0,1,0
1396.7,14.9,6.07,174.8,3.76,8.1,10.67,8.92,0,0,0,1,0,0,0,0,1,1
1118.5,28.2,6.7,168.6,4.54,6.9,1.87,6.64,0,0,0,1,1,0,0,0,0,1
641.2,16.3,6.68,128.7,6.06,7.4,2.96,9.52,0,1,0,0,0,0,1,0,0,1
1291.8,28.3,5.28,134.1,3.38,6.7,2.02,7.63,0,0,0,1,0,0,0,0,1,0
1062.3,12.4,6.845999999999999,124.7,4.482000000000001,8.5,9.69,8.3,0,1,0,0,0,0,0,0,1,1
1173.4,35.7,4.85,154.7,5.85,7.4,2.44,5.83,0,0,1,0,0,0,0,0,1,1
749.2,22.2,6.39,98.5,8.01,5.7,0.91,10.34,1,0,0,0,0,0,1,0,0,1
1066.9,26.3,6.7,180.64000000000001,7.1,7.2,1.21,7.99,0,1,0,0,0,0,0,0,0,1
964.9,23.3,5.72,120.2,7.68,5.7,4.63,7.84,0,1,0,0,0,0,0,0,0,1
692.1,20.0,7.84,94.9,2.75,9.3,1.81,7.67,0,0,0,1,0,0,0,1,0,1
1149.0,22.8,7.27,192.4,4.36,5.4,2.03,11.578600000000005,0,0,0,1,0,1,0,0,0,1
832.4,25.3,5.42,99.3,3.87,9.6,4.34,7.69,0,0,0,0,0,0,0,0,0,0
1005.0,25.8,6.45,177.8,3.09,6.9,1.83,10.12,1,0,0,0,0,0,1,0,0,0
652.3,21.1,7.17,127.3,3.7,6.8,4.17,7.25,0,0,0,1,1,0,0,0,0,1
1014.8,33.1,6.99,102.5,9.18,9.3,5.26,7.88,0,0,0,1,0,0,0,0,0,1
933.8,24.3,4.69,123.7,4.23,9.7,1.89,7.3,0,0,0,1,0,0,0,1,0,0
1058.7,19.5,6.68,145.5,3.56,8.9,1.96,9.18,1,0,0,0,0,0,0,0,0,1
588.0,20.3,5.84,108.9,4.71,7.0,1.57,5.94,0,0,1,0,1,0,0,0,0,1
932.7,22.3,5.69,60.0,4.5,10.6,2.53,7.84,0,0,0,0,0,0,1,0,0,1
1205.8,21.3,6.07,47.1,9.56,4.4,8.794,10.05,0,1,0,0,0,1,0,0,0,1
954.22,22.1,6.59,165.8,7.5,10.0,5.97,7.93,0,0,1,0,0,0,0,0,1,0
1192.5,21.5,6.7,107.0,5.35,9.8,7.17,10.01,0,0,1,0,0,0,1,0,0,1
1077.8,22.4,6.57,142.3,4.73,6.8,5.79,8.79,0,1,0,0,0,0,0,0,0,1
1029.8,28.9,6.1,106.1,6.21,9.6,1.6,8.0,0,0,0,1,0,0,0,0,1,0
778.8,31.7,5.14,137.8,2.27,8.2,1.98,7.69,0,1,0,0,0,0,0,0,1,1
970.1400000000001,25.0,7.45,162.0,1.55,7.5,9.35,10.89,0,1,0,0,0,1,0,0,0,1
846.0,28.5,7.19,60.6,8.85,9.7,4.86,8.96,0,0,1,0,0,1,0,0,0,0
885.4799999999999,32.3,7.66,199.3,1.71,6.5,4.79,6.47,0,0,0,0,0,0,0,0,0,0
764.6,27.1,6.5,91.5,3.75,4.4,3.74,6.42,0,0,0,1,1,0,0,0,0,1
1040.8,25.2,6.08,57.9,2.7079999999999997,6.6,1.82,6.13,0,0,1,0,1,0,0,0,0,1
570.3,16.5,4.75,171.1,4.55,10.0,2.2,5.43,0,0,1,0,1,0,0,0,0,1
774.7,25.0,6.49,85.2,1.48,8.1,12.77,9.18,1,0,0,0,0,0,0,0,1,1
910.2,19.0,6.55,127.0,3.18,8.6,3.2,9.48,0,0,0,0,0,0,1,0,0,1
776.7,27.0,5.76,104.5,3.34,7.5,15.62,6.57,0,0,1,0,1,0,0,0,0,0
698.9,34.4,8.0,152.1,1.68,7.8,6.36,9.54,0,1,0,0,0,1,0,0,0,1
736.8,25.9,7.04,103.0,5.97,6.8,1.62,10.44,0,0,1,0,0,1,0,0,0,0
1030.3,17.8,6.6,225.9,10.857599999999984,8.3,2.61,8.42,0,1,0,0,0,0,1,0,0,0
663.5,22.4,6.88,150.3,4.3,6.5,19.3,9.43,0,0,0,1,0,0,0,0,1,1
632.2,21.7,7.62,267.6,1.84,7.7,3.44,8.91,1,0,0,0,0,0,1,0,0,0
971.5,18.2,4.77,207.4,1.92,5.2,1.41,7.98,0,0,0,1,0,0,0,0,1,1
890.3,24.2,6.04,114.5,5.7,7.8,7.05,8.95,1,0,0,0,0,0,0,0,0,1
791.4,21.4,7.15,69.0,0.0,7.6,11.5,8.31,1,0,0,0,0,0,0,1,0,1
1143.5,27.419999999999998,6.52,170.5,3.3,7.4,2.63,8.43,0,0,1,0,0,0,0,0,1,1
1232.1,21.4,5.85,111.4,2.05,8.0,1.31,8.95,0,0,0,1,0,0,1,0,0,0
1068.5,25.9,8.24,11.7,5.96,9.7,1.95,7.69,1,0,0,0,0,0,1,0,0,0
763.6,24.540000000000003,6.47,173.3,3.05,9.0,12.34,7.58,0,1,0,0,1,0,0,0,0,1
924.0,35.9,5.99,174.4,7.48,7.9,1.82,7.38,0,0,0,0,0,0,0,1,0,1
672.2,19.9,6.23,226.4,8.5,7.3,4.8,8.89,0,0,0,1,0,0,1,0,0,0
1258.1,23.1,7.98,185.0,10.35,5.0,3.33,6.74,0,0,1,0,0,0,0,0,0,0
891.4,21.5,6.18,138.3,7.69,6.9,8.21,9.53,0,0,0,1,0,0,1,0,0,1
859.68,20.34,5.12,273.9,7.34,7.2,10.85,5.72,0,0,0,0,0,0,0,1,0,0
1100.2,14.8,6.36,79.2,5.24,8.1,16.92,7.63,1,0,0,0,0,0,0,0,1,0
856.7,20.5,6.64,172.4,7.26,6.1,25.67,11.578600000000005,1,0,0,0,0,1,0,0,0,1
816.1,29.1,5.04,120.0,5.09,4.6,18.92,7.09,1,0,0,0,0,0,0,0,1,0
942.9,27.7,5.35,195.1,5.86,7.7,0.45,6.52,0,1,0,0,1,0,0,0,0,1
893.7,26.1,5.81,256.4,0.0,8.9,3.1,8.71,0,0,1,0,0,0,1,0,0,1
431.7,19.5,8.42,145.9,9.28,7.2,0.99,8.8,0,0,0,0,0,1,0,0,0,1
1190.7,25.1,6.89,102.4,6.11,7.4,4.42,7.0,0,0,0,0,0,0,0,0,0,0
933.14,30.5,6.29,245.1,7.27,8.5,13.86,7.24,0,0,0,0,1,0,0,0,0,1
1121.5,24.1,5.8,257.7,7.36,7.6,4.816,8.93,1,0,0,0,0,0,0,1,0,1
620.5,17.7,7.25,7.624000000000001,6.94,8.6,1.3,7.89,1,0,0,0,0,0,0,0,1,1
1172.8,29.5,8.29,254.6,6.04,6.2,12.84,8.26,0,0,0,0,0,0,1,0,0,0
1289.6,27.0,6.68,193.98000000000002,5.8,6.5,2.04,8.93,0,0,0,1,0,0,1,0,0,0
1166.1,22.1,5.66,192.32,3.45,7.3,8.81,7.23,0,0,0,0,0,0,0,1,0,0
693.1,30.2,7.4,136.8,1.96,7.7,11.37,5.4,0,0,1,0,1,0,0,0,0,0
1145.8,28.5,6.34,79.3,3.77,8.3,3.52,7.4,0,0,0,1,0,0,0,0,0,1
921.3,27.4,5.88,87.7,7.8,7.58,11.46,5.97,0,0,0,0,1,0,0,0,0,0
750.0,20.1,6.46,167.5,5.24,8.4,4.65,11.44,0,0,1,0,0,1,0,0,0,1
918.5600000000001,21.9,6.75,180.1,5.49,6.7,1.77,8.07,0,0,0,0,0,0,0,0,0,0
909.6,20.5,6.56,106.4,4.35,6.9,2.67,8.15,0,0,0,1,0,0,0,0,1,0
756.3,26.72,5.63,189.1,4.82,7.7,3.57,7.35,0,1,0,0,0,0,0,0,0,0
1378.3,28.3,5.85,116.6,0.98,9.8,1.05,7.77,1,0,0,0,0,0,0,1,0,0
751.1800000000001,30.0,5.7,148.8,4.28,5.1,2.41,8.51,0,1,0,0,0,0,1,0,0,1
639.9,21.3,6.92,176.6,4.74,10.1,0.84,9.07,0,0,0,0,0,0,0,0,0,1
330.164,26.8,6.18,44.1,3.32,6.2,0.83,5.91,0,0,0,0,0,0,0,0,0,0
555.7,24.4,5.67,130.3,6.93,8.2,1.47,7.01,0,0,1,0,0,0,0,1,0,1
510.8,21.5,6.352,35.6,3.37,9.9,7.84,9.92,0,1,0,0,0,1,0,0,0,0
706.8,24.8,6.39,156.0,5.75,6.4,7.03,10.22,0,0,1,0,0,1,0,0,0,1
1094.4,24.6,4.59,126.4,7.82,8.8,1.48,5.56,0,0,0,1,0,0,0,1,0,0
1289.8,23.1,5.86,184.3,6.32,7.7,3.34,8.58,1,0,0,0,1,0,0,0,0,1
427.8,31.9,8.16,176.8,6.19,6.8,17.19,7.59,0,0,1,0,0,1,0,0,0,0
624.6,18.5,5.93,145.3,2.52,6.1,0.47,8.72,0,0,1,0,0,0,1,0,0,1
1273.8,18.4,6.8,96.5,4.48,10.2,13.29,7.23,0,0,1,0,0,0,0,1,0,0
918.4200000000001,22.6,5.32,182.3,5.59,6.9,2.46,8.22,0,0,1,0,0,0,0,0,0,1
867.0599999999998,21.3,6.03,137.1,4.25,8.4,2.08,9.82,0,1,0,0,0,0,1,0,0,1
856.78,24.2,6.24,138.2,8.65,8.7,3.05,8.16,0,1,0,0,0,0,0,0,1,0
929.5,20.6,6.53,281.3,5.77,6.3,6.34,8.84,0,0,1,0,0,0,0,0,1,1
1077.5,17.1,7.45,81.5,5.61,9.7,1.75,8.69,1,0,0,0,0,0,0,0,1,1
762.9,19.3,7.8,92.6,6.82,10.6,2.1,7.91,1,0,0,0,0,0,0,0,0,0
999.1,24.5,6.65,241.8,6.38,8.9,1.55,9.39,1,0,0,0,0,0,1,0,0,0
1184.7,23.6,7.06,153.3,3.98,9.2,1.6,9.44,0,1,0,0,0,0,0,0,1,1
1204.0,31.9,6.909999999999999,69.1,3.69,10.9,0.42,5.87,1,0,0,0,1,0,0,0,0,0
908.2,21.6,5.61,199.0,0.0,9.4,1.02,9.07,1,0,0,0,0,0,0,1,0,1
1177.2,17.8,5.85,184.1,3.48,6.5,3.29,7.74,0,1,0,0,1,0,0,0,0,1
508.4,21.0,6.386,108.1,3.02,7.2,0.98,7.28,0,0,0,1,0,0,0,1,0,1
1015.5,21.9,7.06,187.5,7.78,8.0,14.31,10.21,0,0,0,1,0,0,1,0,0,1
945.9,29.4,6.49,166.00000000000003,7.22,7.619999999999999,3.7299999999999995,11.578600000000005,1,0,0,0,0,1,0,0,0,1
1029.3,20.7,6.5,197.7,7.9,9.9,28.908999999999867,9.84,1,0,0,0,0,0,0,1,0,1
768.8,26.8,6.48,129.3,6.28,7.1,4.32,8.2,1,0,0,0,0,0,0,0,0,0
1161.1,21.580000000000002,6.61,102.8,5.424,5.4,4.45,9.47,1,0,0,0,0,0,0,0,1,1
907.9,25.0,6.8,191.7,4.24,11.0,3.79,10.3,1,0,0,0,0,0,1,0,0,1
468.1,18.8,6.2,128.6,9.88,6.7,11.17,6.52,0,0,0,0,0,0,0,0,1,0
1207.3,17.9,6.59,30.0,2.86,7.8,1.96,6.61,0,0,0,0,0,0,0,0,0,0
595.7,24.9,6.78,230.4,2.71,7.9,0.6,8.02,1,0,0,0,1,0,0,0,0,1
364.2,13.7,5.83,170.6,7.7,6.980000000000001,18.69,10.76,0,1,0,0,0,1,0,0,0,1
1085.2,20.1,5.78,157.0,2.03,5.8,2.0,6.76,0,0,1,0,0,0,0,1,0,1
991.2,20.0,7.5,142.0,4.85,6.1,9.13,10.37,0,1,0,0,0,1,0,0,0,0
913.3,27.2,6.95,171.8,2.72,8.4,3.53,10.2,0,0,1,0,0,1,0,0,0,1
963.9,24.7,5.34,105.6,4.9,5.9,1.22,7.91,1,0,0,0,1,0,0,0,0,1
995.9,27.8,5.69,149.9,4.91,6.4,0.61,5.62,0,0,0,1,1,0,0,0,0,0
925.4,25.9,8.37,125.1,4.36,8.2,1.83,8.72,0,0,0,0,0,0,1,0,0,1
837.5,22.1,7.1,124.4,3.04,6.0,3.1,9.96,0,0,0,1,0,0,1,0,0,1
670.4,19.5,5.98,173.7,9.11,7.460000000000001,1.27,8.31,0,0,0,1,0,0,0,1,0,1
898.1,19.6,6.87,134.2,5.25,6.3,7.14,6.92,0,0,0,1,1,0,0,0,0,0
637.0,23.3,6.66,229.1,8.71,8.2,6.15,9.43,0,0,0,1,0,0,1,0,0,1
779.3,25.2,6.27,124.7,3.6,6.9,1.04,7.28,0,1,0,0,0,0,0,0,1,0
1048.7,16.1,7.32,65.2,4.04,8.6,11.36,10.97,0,0,0,0,0,1,0,0,0,1
956.9,16.7,7.08,165.6,10.55,7.2,3.94,9.6,0,0,0,1,0,0,0,0,1,1
1288.8,22.1,7.81,122.1,0.99,8.3,2.63,9.7,0,0,1,0,0,1,0,0,0,0
797.5,35.9,6.21,135.7,1.22,8.2,3.58,6.45,0,0,0,1,0,0,0,0,0,1
641.3,18.0,6.39,153.2,2.22,7.7,6.7,9.35,0,0,1,0,0,0,1,0,0,1
582.8,26.4,7.1,263.5,2.63,8.9,2.89,8.73,0,0,0,1,0,0,1,0,0,0
857.7,26.3,6.89,138.1248,9.57,6.0,2.61,8.0,0,0,0,1,0,0,0,0,0,1
1104.5,30.5,6.56,133.7,1.31,8.0,4.47,8.56,0,0,0,0,0,0,0,0,1,1
546.3,35.2,6.34,67.5,5.25,7.8,7.59,5.2514,0,0,1,0,1,0,0,0,0,0
960.86,26.6,6.02,78.1,4.14,7.0,0.78,7.11,0,1,0,0,0,0,0,1,0,0
873.1,19.9,6.71,194.5,5.17,8.7,7.42,7.29,0,0,1,0,0,0,0,1,0,0
868.5,16.7,7.61,118.3,6.21,5.6,1.83,7.42,0,0,0,0,0,0,0,0,1,0
435.8,24.6,6.72,191.7,6.02,8.9,10.7,7.45,0,0,0,0,0,0,0,0,1,0
1039.3,25.7,6.75,97.3,0.08,8.5,8.91,9.8,0,0,0,1,0,0,1,0,0,1
775.8000000000001,25.3,6.215999999999999,167.0,2.81,8.9,1.14,8.42,0,1,0,0,0,0,0,0,0,1
953.8,24.2,6.07,111.5,0.0,8.4,15.09,9.58,0,1,0,0,0,0,1,0,0,1
687.7,22.3,6.12,170.5,6.53,7.2,2.2,7.18,0,0,0,1,0,0,0,0,1,0
893.3,19.1,6.62,156.4,2.83,8.0,12.0,11.578600000000005,0,1,0,0,0,1,0,0,0,1
877.6,35.9,5.6,255.9,4.96,8.2,1.81,7.25,1,0,0,0,0,0,0,0,0,0
958.3,26.4,6.68,150.3,6.62,7.3,0.85,7.82,0,1,0,0,0,0,0,0,1,1
921.3,18.8,5.97,166.5,6.37,6.2,6.3100000000000005,6.4,0,0,1,0,0,0,0,0,1,0
933.9,22.6,8.28,225.8,5.82,7.9,1.68,10.07,0,0,0,0,0,1,0,0,0,1
1013.0,26.2,7.19,188.7,8.33,8.4,18.33,8.26,0,0,1,0,1,0,0,0,0,1
1143.9,20.3,5.93,154.8,6.18,8.5,18.34,7.47,1,0,0,0,0,0,0,0,0,0
435.5,20.3,5.66,205.1,3.06,5.9,1.32,8.51,1,0,0,0,0,0,0,0,1,0
924.5,29.5,5.88,152.4,1.64,7.7,2.1,6.89,0,0,0,1,0,0,0,1,0,0
521.9,17.9,5.94,201.9,6.16,6.4,3.24,7.61,0,0,1,0,0,0,0,0,1,0
938.14,28.3,6.441999999999998,125.04,0.53,8.2,2.4,7.32,1,0,0,0,1,0,0,0,0,0
1049.0,22.2,6.71,76.0,5.95,9.2,1.23,8.87,0,0,0,0,0,0,0,1,0,1
626.8528,31.9,5.14,144.9,3.75,8.1,5.37,9.9,0,0,0,1,0,1,0,0,0,0
675.5,23.4,5.29,77.9,4.17,7.4,8.23,10.41,0,0,1,0,0,1,0,0,0,1
643.9,15.5,7.0,135.94,7.0,4.9,3.0,10.66,0,1,0,0,0,1,0,0,0,0
1255.3,24.7,6.65,122.5,2.82,5.8,27.78,6.2,1,0,0,0,1,0,0,0,0,0
972.7,23.5,5.57,175.4,4.49,7.4,2.34,7.61,0,0,0,1,0,0,0,1,0,1
521.2,27.7,5.82,184.4,5.1,5.1,1.23,6.77,0,0,1,0,0,0,0,1,0,1
779.9,27.9,7.11,191.3,5.84,6.9,28.908999999999867,8.06,0,0,0,1,0,0,0,0,0,1
1040.6,28.4,6.21,150.0,3.56,5.1,2.02,10.17,0,0,1,0,0,1,0,0,0,1
863.0,26.8,7.39,137.9,3.774,10.3,8.89,9.7,0,1,0,0,0,0,1,0,0,1
645.6,15.0,6.85,150.58,7.9,8.5,1.4,8.16,0,0,0,1,0,0,1,0,0,0
1106.0,24.7,6.81,154.0,8.58,10.4,4.79,9.42,0,0,0,1,0,1,0,0,0,0
710.8,22.7,7.42,113.4,7.65,10.1,11.1,11.07,0,0,0,0,0,1,0,0,0,1
1118.1,21.4,6.82,236.0,3.43,8.0,1.79,7.63,0,0,0,0,0,0,0,1,0,1
1418.1,23.1,6.23,259.0,3.3560000000000003,9.8,23.97,7.04,0,0,0,0,0,0,0,1,0,0
1007.3,22.1,7.21,109.3,8.16,7.0,2.81,7.13,0,0,0,1,0,0,0,0,0,0
820.0,29.9,7.56,97.0,5.09,4.6,10.43,8.17,0,0,0,1,0,0,0,0,0,1
1184.3,21.5,6.15,127.1,5.25,9.6,2.13,7.86,0,0,0,1,0,0,0,0,0,0
813.4,23.7,7.03,152.7,6.46,8.7,3.33,7.81,1,0,0,0,1,0,0,0,0,0
1090.9,24.2,6.21,143.61999999999998,4.91,7.7,4.62,7.64,0,1,0,0,1,0,0,0,0,1
904.9,21.6,7.62,150.0,1.11,7.9,2.72,10.15,0,0,0,0,0,1,0,0,0,0
875.3,22.8,6.28,109.1,8.58,9.5,1.17,7.86,0,0,0,0,0,0,0,1,0,0
915.2,14.0,8.26,8.9,10.857599999999984,7.7,2.06,5.2514,0,0,1,0,0,0,0,0,0,1
723.6,20.7,5.85,116.5,6.87,7.3,3.86,5.34,0,0,1,0,1,0,0,0,0,0
868.2,21.9,7.13,139.3,5.73,5.7,5.37,10.28,0,0,1,0,0,1,0,0,0,0
950.5,17.1,6.91,149.1,4.82,6.2,22.16,10.62,0,0,0,0,0,1,0,0,0,0
1248.4,30.6,6.63,121.9,4.86,6.9,1.11,7.88,0,1,0,0,0,0,0,0,0,1
1392.2,27.8,6.1,84.0,4.21,7.5,3.146,9.15,0,0,0,0,0,1,0,0,0,0
831.9,30.8,6.29,209.0,2.26,9.2,5.3,10.35,1,0,0,0,0,1,0,0,0,0
992.6,25.6,5.87,134.5,3.75,8.1,5.88,8.74,0,0,1,0,0,0,0,0,1,1
1260.6,21.22,6.422,181.5,8.75,4.5,6.99,7.26,0,0,0,1,0,0,0,1,0,0
723.3,22.8,6.21,122.5,5.95,10.0,0.87,8.6,0,0,1,0,0,0,0,0,0,1
743.1,21.8,6.07,228.4,4.922,8.1,1.43,7.06,0,0,1,0,0,0,0,0,1,0
565.4,20.1,5.16,94.7,4.8,9.5,1.59,7.01,1,0,0,0,1,0,0,0,0,1
800.5,25.7,6.98,208.2,5.83,6.640000000000001,20.55,7.35,0,1,0,0,0,0,0,1,0,0
769.3,19.9,7.59,51.4,5.57,6.7,6.41,6.94,0,0,0,0,0,0,0,0,1,0
847.4,25.1,6.44,202.82760000000002,5.29,5.7,2.44,8.62,0,0,0,0,0,0,0,0,1,1
867.8,19.2,5.92,147.2,4.85,8.7,11.16,10.38,0,0,0,1,0,0,1,0,0,1
1088.2,18.3,6.95,170.6,3.24,8.5,1.48,9.03,0,1,0,0,0,0,1,0,0,0
399.5,26.0,6.96,82.7,5.75,11.0,3.7919999999999994,6.25,0,0,1,0,0,0,0,1,0,1
720.3,35.2,6.91,160.48,5.1579999999999995,8.8,3.66,10.67,0,0,0,1,0,1,0,0,0,1
496.5,21.5,4.88,175.5,3.24,8.0,12.65,8.24,0,0,1,0,0,0,0,0,1,1
614.1,24.8,7.68,172.3,5.83,8.0,7.62,6.53,0,0,0,0,0,0,0,1,0,0
756.9,20.9,6.23,74.2,6.33,4.9,2.13,10.41,1,0,0,0,0,1,0,0,0,1
1115.3,21.3,5.53,144.9,9.51,8.4,4.54,7.77,0,0,0,1,1,0,0,0,0,1
884.0,29.7,6.41,39.3,7.71,10.2,11.82,8.05,0,0,1,0,0,0,1,0,0,0
732.7,27.0,5.78,127.6,6.27,6.9,3.22,6.6,0,0,0,0,1,0,0,0,0,1
1210.9,28.6,4.91,208.2,5.69,10.3,4.45,8.24,0,1,0,0,0,0,0,0,1,1
857.5,34.8,6.95,177.2,10.08,8.8,2.09,6.42,0,0,0,1,0,0,0,0,0,0
1012.6,24.2,6.48,140.7,8.04,8.9,3.12,8.91,0,0,0,0,0,0,0,0,0,1
787.0,20.5,5.83,248.1,6.56,8.2,1.65,6.1,1,0,0,0,1,0,0,0,0,0
924.3,26.3,5.68,180.0,2.84,8.9,0.9,8.47,0,0,0,0,0,0,0,0,1,1
919.1,21.0,5.32,144.4,5.49,6.6,1.2,8.86,1,0,0,0,0,0,0,1,0,1
731.1,22.4,6.83,177.3,6.41,6.4,1.7,7.61,0,0,0,0,0,0,0,0,0,0
940.2,25.1,6.07,202.2,7.2,6.5,1.2,8.04,0,0,0,1,0,0,0,0,0,0
708.1,20.5,6.03,154.26,4.31,9.1,1.84,5.57,0,0,1,0,1,0,0,0,0,0
847.1,25.5,5.44,150.6,0.86,9.4,4.66,7.05,0,0,0,0,0,0,0,1,0,0
336.7,25.7,6.38,160.0,5.72,6.7,4.69,8.82,1,0,0,0,0,0,0,1,0,1
517.5,14.7,6.91,81.2,5.95,7.8,19.72,5.59,0,0,1,0,0,0,0,0,0,0
812.3,22.1,7.55,129.1,8.41,6.7,10.24,10.94,0,0,0,1,0,1,0,0,0,1
842.8,21.7,6.89,88.4,4.32,6.4,5.73,8.06,0,1,0,0,0,0,0,0,0,1
737.8,15.7,5.26,90.8,0.61,9.3,3.56,7.98,0,0,0,0,0,0,0,0,1,1
1004.3,27.4,5.55,59.3,3.27,6.8,13.28,7.44,1,0,0,0,0,0,0,0,1,0
1411.7,14.3,6.9,166.0,4.909999999999999,7.9,5.57,8.76,0,1,0,0,0,0,1,0,0,0
449.8,24.1,7.44,208.0,0.89,9.2,3.25,9.4,0,0,0,0,0,0,1,0,0,1
1020.8,24.4,7.69,113.3,8.16,7.8,4.29,8.03,1,0,0,0,0,0,0,0,0,0
972.2,15.3,6.78,136.0,2.89,6.5,2.2,6.67,0,0,0,0,0,0,0,0,1,0
1116.6,23.9,7.36,159.98,9.4,7.4,8.96,9.0,1,0,0,0,0,0,0,0,1,1
699.8,26.4,7.54,163.0,3.24,8.3,4.06,7.48,0,0,0,0,0,0,0,1,0,0
1235.5,25.0,5.69,110.4,8.13,6.9,0.84,6.47,0,0,0,0,0,0,0,1,0,0
937.4,23.4,7.69,157.7,7.64,5.1,3.71,10.96,1,0,0,0,0,1,0,0,0,0
1026.1,23.0,4.93,174.2,2.74,4.6,2.05,10.65,0,0,0,1,0,1,0,0,0,0
756.8,22.7,6.53,34.9,4.36,9.2,8.25,9.6,0,1,0,0,0,0,1,0,0,1
780.0,29.7,6.66,240.6,6.98,8.3,4.618,5.7,0,1,0,0,1,0,0,0,0,1
535.3,20.3,7.33,50.7,4.45,6.9,3.06,6.29,0,0,0,0,0,0,0,0,0,0
1053.6,25.4,7.64,146.4,5.21,6.7,4.526,8.26,1,0,0,0,0,0,0,0,0,0
1016.76,23.9,7.77,150.4,5.25,6.9,1.05,7.16,1,0,0,0,1,0,0,0,0,0
1362.6,19.2,6.53,197.7,1.02,7.7,1.08,7.0,0,0,1,0,0,0,0,0,0,0
668.9,22.2,6.87,127.6,4.056,4.0,2.33,7.73,1,0,0,0,0,0,0,1,0,0
1224.8,19.0,8.19,140.9,5.4,4.9,1.34,7.82,1,0,0,0,0,0,0,1,0,1
1488.4299999999998,26.1,5.95,281.8,1.318,7.7,2.29,6.42,0,0,1,0,1,0,0,0,0,1
837.1,19.7,6.97,198.7,5.23,5.3,5.514000000000001,11.578600000000005,1,0,0,0,0,1,0,0,0,1
1246.5,26.1,6.984,242.4,4.14,8.1,3.61,10.08,1,0,0,0,0,0,1,0,0,0
708.3,24.8,8.42,230.40760000000006,4.04,6.8,2.58,6.77,0,0,1,0,0,0,0,0,1,0
891.6,12.4,6.8,157.6,4.65,7.7,5.34,10.07,0,0,0,1,0,0,1,0,0,1
616.6,27.3,7.85,157.57999999999998,1.73,7.7,0.65,7.04,0,0,1,0,0,0,0,0,0,1
1020.1,23.1,6.05,194.4,3.6,4.9,3.63,11.3,0,1,0,0,0,1,0,0,0,1
713.0,23.8,7.36,177.3,6.26,9.3,2.35,7.12,0,0,0,0,0,0,0,1,0,0
1177.5,25.2,6.7,136.6,6.66,7.5,23.45,7.33,0,0,0,0,1,0,0,0,0,1
1192.2,35.2,5.7,152.8,10.51,9.8,5.1,6.24,0,0,0,1,1,0,0,0,0,1
558.1,21.5,5.75,177.2,6.25,6.7,2.95,6.01,0,0,0,0,1,0,0,0,0,0
843.7,27.0,7.39,136.4,3.94,9.7,2.02,9.55,1,0,0,0,0,0,0,0,0,1
739.5,12.9,7.56,189.0,9.28,6.9,1.15,7.71,1,0,0,0,0,0,0,1,0,1
753.7,12.4,7.83,174.9,4.14,8.8,7.39,7.51,1,0,0,0,0,0,0,0,0,1
330.2,21.1,6.28,286.7380000000001,9.02,5.8,3.19,8.81,1,0,0,0,0,0,1,0,0,0
1032.6,29.3,6.634,130.8,5.95,5.5,3.79,7.45,0,0,0,1,0,0,1,0,0,0
875.3,28.4,5.42,170.7,10.56,9.1,15.22,6.21,0,1,0,0,1,0,0,0,0,1
1130.1,23.8,6.61,158.0,2.92,7.0,1.45,9.63,1,0,0,0,0,0,0,1,0,1
890.3,27.7,6.72,164.8,6.53,7.1,3.67,8.46,0,0,0,1,1,0,0,0,0,1
557.2,20.1,4.59,153.3,4.44,6.9,1.49,6.12,0,0,0,0,0,0,0,0,1,0
1167.6,29.4,6.07,129.5,2.58,8.7,3.61,7.7,0,1,0,0,0,0,0,0,0,1
657.1,19.7,6.57,83.0,3.7439999999999998,8.8,12.66,7.99,0,0,0,1,0,0,0,0,0,1
1042.3,22.660000000000004,4.7,177.8,4.96,8.1,8.63,7.7,0,0,0,1,0,0,0,0,1,1
645.3,19.1,7.24,220.8,5.794,10.9,4.542,7.41,0,0,0,1,0,0,0,1,0,0
626.7,27.1,4.59,79.4,6.22,7.7,5.71,7.86,1,0,0,0,0,0,0,0,0,1
1120.9,20.3,7.39,164.2,2.56,7.2,1.54,8.22,1,0,0,0,0,0,0,0,0,1
913.8,23.2,6.08,240.2,0.24,9.3,8.45,8.39,0,0,0,0,0,0,0,1,0,0
922.4399999999999,19.5,5.61,197.2,5.63,8.6,15.16,9.38,0,0,0,0,0,0,1,0,0,0
709.82,24.7,5.91,122.1,5.26,8.6,2.61,7.52,0,0,1,0,0,0,0,0,0,1
1168.0,21.5,5.96,157.9,8.44,6.1,1.01,8.25,0,0,0,0,0,0,0,1,0,1
1176.2,24.6,6.2,142.6,4.45,5.9,1.44,10.77,1,0,0,0,0,0,1,0,0,1
1405.6,24.1,6.56,193.2,2.58,6.6,2.8,7.24,0,0,0,0,1,0,0,0,0,1
565.5,20.0,6.768000000000001,128.7,5.73,6.1,1.73,7.62,1,0,0,0,0,0,0,1,0,0
1117.0,28.2,6.62,140.9,10.75,7.1,1.02,8.04,0,0,1,0,0,0,0,0,0,1
1093.3,21.2,4.95,96.5,7.9,6.8,3.58,6.59,0,0,0,0,0,0,0,0,1,0
722.6,25.4,6.69,150.1,4.59,6.7,7.85,7.79,0,0,0,0,0,0,0,1,0,1
1028.6,23.3,6.21,57.4,3.83,5.8,10.87,6.31,1,0,0,0,1,0,0,0,0,0
1226.4,26.1,6.33,286.7380000000001,5.77,9.4,0.69,6.12,0,0,0,0,1,0,0,0,0,0
782.5,26.0,6.11,59.7,4.81,6.3,0.69,6.36,0,0,0,0,0,0,0,1,0,0
1350.3,21.8,6.12,180.7,6.07,8.6,5.13,8.33,0,0,1,0,0,0,1,0,0,0
1006.9,14.7,5.54,286.7380000000001,6.08,6.6,15.81,6.54,0,1,0,0,0,0,0,1,0,0
891.0,24.060000000000002,6.0,188.6,0.27,6.4,3.23,8.62,0,0,0,1,0,0,0,0,0,1
988.6,27.1,6.38,110.9,7.09,9.9,0.82,8.34,0,0,0,1,0,0,0,0,1,0
922.4,20.1,6.93,136.2,6.84,9.0,2.03,11.578600000000005,0,0,0,1,0,1,0,0,0,1
775.2,28.5,6.41,193.9,1.65,7.5,2.57,7.14,0,0,0,0,0,0,0,0,0,0
739.9,19.8,7.1,214.8,5.79,6.8,8.27,8.42,0,0,0,0,0,0,0,0,1,0
737.4,32.3,6.22,7.624000000000001,8.01,6.8,2.09,5.41,0,0,1,0,0,0,0,0,1,0
1119.8,28.6,8.0,271.5,5.74,6.3,2.88,6.14,0,1,0,0,1,0,0,0,0,1
1159.2,16.9,6.54,283.0,3.9,6.2,2.53,8.76,1,0,0,0,0,0,0,0,1,1
678.3,24.1,5.89,125.7,5.52,9.8,2.25,9.59,0,0,0,1,0,0,0,0,1,1
1002.5,25.6,6.0,151.2,3.63,8.5,6.1,8.89,0,1,0,0,0,0,0,0,0,1
852.7,22.4,6.41,162.9,1.74,7.7,1.37,8.71,0,0,0,1,0,0,0,0,1,1
969.4,21.9,6.88,125.6,6.31,6.5,6.686,9.3,0,1,0,0,0,0,1,0,0,1
1063.9,20.9,8.21,110.2,7.99,11.0,4.81,10.0,0,0,1,0,0,1,0,0,0,1
972.8,25.3,7.17,55.2,5.29,4.0,2.61,5.2514,0,0,0,1,1,0,0,0,0,0
927.1,20.4,7.42,204.6,6.86,9.4,1.73,6.57,0,0,0,0,1,0,0,0,0,0
1150.3,18.7,7.85,258.9,7.1,9.4,4.77,7.1,0,1,0,0,1,0,0,0,0,0
973.9,20.2,6.41,174.2,2.63,8.0,4.48,9.13,0,0,0,1,0,0,1,0,0,0
756.1,20.1,5.76,149.5,1.89,7.6,3.62,8.78,0,1,0,0,0,0,0,0,1,1
1092.4,24.9,5.17,143.9,3.25,7.8,14.47,6.98,1,0,0,0,1,0,0,0,0,0
757.3,26.0,6.56,55.8,3.718,8.2,11.22,8.66,0,0,0,1,0,0,0,0,1,1
798.6,27.2,7.32,121.7,6.91,9.7,4.64,8.4,0,0,0,0,0,0,0,0,0,1
492.2,24.9,5.57,158.2,6.92,8.3,0.73,6.71,0,0,0,0,1,0,0,0,0,1
983.2,25.7,8.15,177.8,5.67,7.6,0.48,6.56,0,1,0,0,0,0,0,0,1,0
629.1,23.1,6.79,66.1,2.93,8.7,9.11,9.03,0,0,0,1,0,0,1,0,0,0
911.8,18.0,8.09,136.0,4.71,7.6,3.73,6.07,0,1,0,0,0,0,0,1,0,0
1167.0,31.3,5.95,286.7380000000001,3.04,4.6,8.1,7.84,0,1,0,0,0,0,0,0,1,1
691.6,25.3,5.15,177.77999999999997,8.28,4.7,4.69,6.09,0,0,0,0,1,0,0,0,0,1
668.1,12.4,6.03,155.9,1.95,6.5,8.74,6.67,0,0,0,1,1,0,0,0,0,1
1459.1,31.2,6.98,104.2,4.34,9.1,3.55,5.99,0,0,0,1,1,0,0,0,0,1
791.4,21.1,6.41,107.9,4.25,6.7,1.35,8.75,0,0,1,0,0,0,1,0,0,0
1304.8,30.7,5.85,78.2,3.44,7.7,2.16,7.51,0,0,0,1,0,0,0,1,0,1
1109.4,29.9,5.51,69.4,7.98,7.7,1.08,6.37,0,0,0,0,0,0,0,0,0,0
961.2,21.2,6.54,75.1,3.82,7.9,0.74,8.05,0,0,0,1,0,0,0,1,0,1
635.2,30.6,6.85,150.22,6.26,7.2,0.84,10.21,0,0,0,1,0,0,1,0,0,1
710.2,23.4,7.63,259.8,4.17,7.7,2.51,7.76,0,0,0,1,0,0,0,0,1,0
880.0,15.7,5.73,187.6,5.32,6.4,4.45,8.89,0,0,0,0,0,0,1,0,0,1
695.7,32.3,8.42,170.2,7.96,6.5,13.52,5.59,1,0,0,0,1,0,0,0,0,0
986.6800000000001,30.7,6.89,193.4,8.87,6.3,3.49,7.47,0,0,0,1,0,0,0,0,1,0
934.6,23.740000000000002,6.33,80.9,5.61,8.9,1.3,9.94,0,0,1,0,0,1,0,0,0,1
1096.7,23.3,7.17,184.4,3.05,8.9,1.01,9.53,0,0,0,0,0,0,1,0,0,1
752.4,29.1,7.7,198.2,0.0,6.1,6.21,8.88,1,0,0,0,0,0,1,0,0,0
1215.8,33.1,7.96,127.1,5.64,9.7,4.798,9.42,1,0,0,0,0,0,1,0,0,1
772.5,24.0,6.79,211.1,6.31,7.6,4.34,10.86,0,0,1,0,0,1,0,0,0,1
760.2,24.580000000000002,5.95,133.7,3.95,5.8,4.1,7.63,0,0,0,1,0,0,0,1,0,1
891.7,28.1,7.95,206.1,4.42,4.5,5.03,6.94,0,0,0,0,0,0,0,0,1,0
810.2,23.1,6.597999999999999,34.4,5.63,6.7,3.1,10.01,1,0,0,0,0,1,0,0,0,0
995.7,31.9,7.19,101.2,9.48,8.6,2.12,7.76,0,0,0,1,0,0,0,1,0,1
1029.0,21.6,6.47,60.9,2.29,8.2,1.34,7.06,0,0,0,0,0,0,0,1,0,1
1084.5,30.4,6.77,65.4,4.54,6.8,0.46,5.83,0,0,0,1,1,0,0,0,0,1
1488.4299999999998,29.6,6.34,27.6,4.42,6.9,0.62,6.84,0,0,0,1,0,0,0,1,0,1
766.0,24.240000000000002,6.89,132.1,5.33,5.7,7.75,6.62,0,0,0,1,1,0,0,0,0,0
1488.4299999999998,16.7,6.28,177.0,3.46,6.2,3.1,7.22,0,0,0,0,0,0,0,0,1,0
1007.1199999999999,22.3,6.89,211.6,4.33,7.4,18.72,8.57,0,1,0,0,0,0,0,0,0,0
930.5,26.2,6.464,102.4,4.34,8.0,2.83,7.39,0,0,1,0,1,0,0,0,0,1
1393.0,22.9,6.19,120.7,4.77,8.3,4.2,9.79,0,0,0,0,0,1,0,0,0,0
704.0,15.1,7.21,93.2,7.69,6.6,13.65,6.67,0,1,0,0,0,0,0,1,0,0
1229.8,17.7,6.2,112.2,0.64,5.7,6.46,8.21,0,1,0,0,0,0,1,0,0,0
1086.3,34.1,6.77,72.8,4.76,5.8,20.86,7.15,0,0,0,0,0,0,0,0,0,0
1332.2,29.3,7.01,93.6,6.46,5.5,1.24,6.93,0,0,0,0,0,0,0,0,1,1
1038.9,17.5,6.08,95.8,6.21,6.1,1.8,8.37,0,0,0,1,0,0,0,0,1,1
1260.3,20.7,6.92,176.8,2.77,5.7,2.01,9.1,0,0,0,1,0,0,0,0,1,1
1057.3,26.8,6.45,134.8,5.5,8.6,26.8,8.36,0,0,0,0,0,0,0,0,1,0
641.5,29.6,7.5,44.1,8.05,4.7,2.19,9.21,0,0,0,1,0,1,0,0,0,0
642.7,24.9,7.13,158.5,4.13,5.3,2.99,8.25,0,0,0,0,0,0,0,0,0,1
994.4,17.9,6.3,222.9,6.803999999999999,5.9,6.82,8.74,0,1,0,0,0,0,0,0,0,0
664.4,19.1,5.8,286.7380000000001,6.14,8.0,1.24,6.7,0,0,1,0,0,0,0,0,1,0
1129.4,26.2,6.41,23.3,3.1,7.8,2.24,6.19,0,0,0,0,0,0,0,1,0,0
987.5,26.5,5.94,211.4,7.36,8.2,4.09,8.55,0,0,0,0,0,0,0,1,0,0
1059.1,29.4,5.35,196.2,8.33,7.5,2.53,7.49,0,0,0,1,0,0,0,0,0,0
919.5,20.4,7.18,187.8,4.78,7.0,11.83,7.4,0,1,0,0,0,0,0,1,0,0
965.6,19.0,5.69,102.1,5.5,4.6,1.89,10.16,0,1,0,0,0,1,0,0,0,1
553.6,23.7,4.87,211.5,2.95,5.9,0.67,6.12,0,0,0,0,0,0,0,0,0,0
907.8,21.2,5.62,91.9,2.95,6.2,1.55,7.87,0,0,0,1,0,0,0,0,1,1
1254.2,24.9,5.5,189.8,3.98,5.9,3.65,9.87,1,0,0,0,0,1,0,0,0,0
1285.3,17.5,6.3180000000000005,275.7,1.97,6.9,2.43,7.99,0,0,0,0,0,0,0,1,0,1
1286.1,29.2,7.66,122.5,4.07,6.9,2.64,7.58,0,0,1,0,0,0,0,0,1,1
845.2,29.9,6.75,182.5,5.37,5.7,2.41,9.24,0,0,0,1,0,0,1,0,0,1
1399.7,12.4,6.58,194.8,5.39,9.2,2.67,10.86,0,0,0,0,0,1,0,0,0,1
1320.4,19.7,6.54,236.4,1.58,7.8,0.87,8.12,0,0,0,1,0,0,0,0,1,1
998.2,28.4,5.65,209.8,3.79,6.8,1.29,9.41,1,0,0,0,0,0,1,0,0,0
880.54,23.1,7.89,169.4,9.21,8.0,2.29,6.85,0,0,0,1,1,0,0,0,0,1
850.2,29.7,6.39,28.8,6.61,7.7,9.8,7.05,0,0,0,0,0,0,0,0,0,0
607.6,24.3,7.44,156.5,6.43,4.6,1.37,7.27,0,0,0,0,0,0,0,1,0,0
860.5,24.9,5.77,179.7,4.68,7.8,1.04,7.77,0,0,0,1,1,0,0,0,0,0
1313.5,22.9,6.61,7.624000000000001,5.12,7.5,0.65,7.86,0,1,0,0,0,0,0,0,1,1
1088.3,19.4,5.28,226.8,4.94,5.0,5.093999999999999,10.22,0,0,1,0,0,1,0,0,0,1
1151.9,27.8,7.18,141.0,3.49,7.0,1.24,7.5,0,0,0,0,0,0,0,0,1,0
578.3,20.2,5.36,179.2,6.65,9.7,4.62,7.18,0,0,0,1,0,0,0,0,1,0
955.18,22.1,6.69,57.6,8.72,5.8,7.43,7.89,0,0,0,1,0,0,0,0,0,1
760.8,23.8,6.86,132.1,3.76,11.0,2.1100000000000003,11.578600000000005,1,0,0,0,0,1,0,0,0,1
1097.8,24.2,7.14,74.7,3.78,7.3,7.62,10.37,0,1,0,0,0,1,0,0,0,1
967.3,28.3,5.61,191.4,2.71,7.5,7.39,8.08,1,0,0,0,0,0,0,1,0,0
786.2,22.4,6.8,65.1,8.75,5.7,7.42,7.45,0,0,0,1,0,0,0,0,0,0
1024.4,25.2,6.59,167.16000000000003,8.45,5.0,4.3,7.28,0,0,0,1,0,0,0,0,0,0
649.3,26.4,6.94,236.5,6.9,6.5,7.01,7.15,0,0,0,0,1,0,0,0,0,1
536.7,31.9,7.19,150.0,7.28,8.7,1.57,6.97,1,0,0,0,1,0,0,0,0,1
853.7,26.7,6.07,102.6,10.857599999999984,10.0,6.92,7.22,0,0,0,0,0,0,0,1,0,1
862.2,17.2,7.17,234.3,5.78,4.0,1.88,7.59,0,1,0,0,0,0,0,1,0,1
1436.1,20.4,6.55,261.9,6.51,9.2,6.7459999999999996,10.74,0,0,0,1,0,1,0,0,0,0
1247.5,15.6,5.94,106.5,4.55,8.9,18.18,7.25,0,1,0,0,0,0,0,1,0,0
1132.7,30.5,6.85,120.3,3.45,6.8,2.08,7.59,1,0,0,0,0,0,0,0,0,0
912.6,22.1,6.94,126.7,6.15,6.4,0.94,8.28,1,0,0,0,0,0,0,0,1,0
1296.6,25.939999999999998,5.8,245.1,2.27,10.6,1.46,8.61,0,1,0,0,0,0,0,1,0,1
555.5,16.6,5.81,130.6,0.0,5.6,4.62,7.96,1,0,0,0,1,0,0,0,0,1
895.4,24.6,7.42,100.3,7.04,7.8,1.11,7.72,1,0,0,0,0,0,0,0,1,0
546.7,29.6,6.58,75.7,4.08,9.1,6.66,9.37,0,1,0,0,0,0,1,0,0,1
1153.5,25.639999999999997,7.35,126.3,1.25,8.0,5.27,7.58,0,0,0,1,1,0,0,0,0,1
971.8,30.2,6.69,125.8,2.04,5.4,4.75,6.75,0,1,0,0,1,0,0,0,0,1
1030.6,23.5,5.94,110.3,6.94,7.7,0.67,7.81,0,0,0,1,0,0,0,0,0,0
757.5,20.4,6.4,181.1,1.59,6.2,3.22,5.84,0,0,0,0,1,0,0,0,0,0
551.6,19.9,7.66,185.6,3.79,9.8,6.91,8.91,1,0,0,0,0,0,0,1,0,1
968.2,24.7,4.59,162.2,8.51,7.5,17.42,8.25,0,0,1,0,0,0,1,0,0,1
919.3,22.6,6.37,164.6,6.92,8.4,9.26,11.19,0,1,0,0,0,1,0,0,0,1
442.7,31.0,4.6,145.5,9.11,11.0,0.76,6.94,1,0,0,0,1,0,0,0,0,1
956.9,15.8,6.256,176.7,5.88,8.7,6.05,6.68,0,1,0,0,1,0,0,0,0,1
1340.8,30.24,6.73,160.0,3.77,6.3,3.26,6.14,0,1,0,0,1,0,0,0,0,0
776.3,29.0,5.31,206.0,6.33,9.2,1.48,7.04,0,0,0,1,0,0,0,0,1,0
830.0800000000002,24.2,5.65,27.0,3.52,6.8,2.69,7.76,1,0,0,0,0,0,0,0,0,1
946.0,25.4,6.575999999999999,268.4,5.87,6.0,1.65,7.84,0,0,1,0,0,0,0,0,1,1
848.8,25.9,7.01,201.2076,3.83,7.8,4.03,7.99,0,0,0,0,0,0,0,0,1,0
963.8,22.3,6.8,124.8,6.0,4.8,2.93,9.08,0,0,0,1,0,0,1,0,0,0
1342.1,18.7,6.43,33.7,6.89,9.2,1.72,7.83,0,0,0,1,0,0,0,1,0,1
799.2,25.3,7.43,179.6,4.96,7.4,2.83,7.17,0,1,0,0,1,0,0,0,0,0
1144.8,19.8,5.45,131.5,0.0,9.4,6.32,7.33,0,0,1,0,0,0,0,0,1,0
677.1,22.7,5.75,143.1,2.13,9.3,4.54,8.6,0,1,0,0,0,0,0,1,0,1
712.6,31.7,6.8,87.8,3.85,6.4,2.38,7.86,1,0,0,0,0,0,0,0,0,0
400.7,28.1,6.94,217.8,4.32,7.0,4.944,7.72,1,0,0,0,0,0,0,0,1,0
1209.9,29.2,6.45,157.7,5.28,9.1,28.908999999999867,7.81,0,0,0,1,0,0,0,0,0,0
722.1,25.2,7.06,119.9,4.51,7.1,4.36,10.84,0,1,0,0,0,1,0,0,0,0
944.4,18.8,6.04,138.0,3.42,10.5,2.04,8.47,0,0,0,1,0,0,0,0,0,1
846.7,31.0,6.17,7.624000000000001,5.57,7.5,2.92,6.0,0,1,0,0,0,0,0,1,0,0
833.3,21.2,7.16,78.1,9.49,5.1,16.81,8.19,0,0,0,0,0,0,1,0,0,0
1375.4,16.1,4.7,83.1,1.07,7.6,3.27,6.03,0,0,0,1,0,0,0,0,0,0
1145.4,21.7,5.43,95.3,3.32,9.0,1.85,9.6,0,1,0,0,0,0,1,0,0,1
819.1,32.4,5.62,180.1,4.98,5.7,1.29,7.87,0,0,0,0,0,0,1,0,0,1
1190.1,29.9,6.56,176.5,9.52,6.6,3.1,9.18,0,0,1,0,0,1,0,0,0,0
1109.2,22.2,6.07,134.1,0.05,5.0,5.63,6.71,0,0,1,0,1,0,0,0,0,1
841.3,24.3,5.9,240.8,6.4,6.6,9.16,10.83,1,0,0,0,0,0,1,0,0,1
1488.4299999999998,34.5,5.06,196.8,10.27,5.2,2.332,5.35,0,0,0,0,0,0,0,1,0,0
1200.9,30.8,5.41,106.2,3.83,7.2,6.65,8.56,0,0,0,1,0,0,0,0,1,1
881.0,34.3,6.88,147.1,0.0,8.1,1.96,6.72,1,0,0,0,0,0,0,1,0,0
741.5,22.7,5.87,98.6,5.56,7.4,6.5,9.93,0,1,0,0,0,0,1,0,0,0
870.5200000000001,19.2,7.11,113.8,6.57,4.3,10.19,7.84,1,0,0,0,0,0,0,1,0,0
850.4,17.0,5.39,228.4,9.15,9.0,12.5,8.95,0,0,1,0,0,0,1,0,0,1
644.9,15.1,5.85,174.7,4.27,7.9,7.14,6.55,0,0,1,0,0,0,0,0,1,0
716.3,14.5,6.18,115.2,1.89,5.1,7.98,7.81,0,0,0,0,0,0,0,0,1,1
997.3,28.9,7.14,286.7380000000001,4.89,8.4,7.79,7.84,1,0,0,0,0,0,0,0,0,0
845.76,22.5,6.26,132.1,5.196,7.9,1.3,7.56,0,0,0,0,1,0,0,0,0,1
578.9,15.6,6.77,150.7,6.57,8.3,1.0,7.67,1,0,0,0,0,0,0,0,0,0
369.5,27.2,7.16,75.6,3.76,6.1,2.05,6.4,0,0,1,0,0,0,0,0,0,1
948.4,18.2,7.7,104.1,1.14,9.4,1.77,6.99,0,0,0,1,0,0,0,0,1,0
1281.4,28.7,6.32,7.624000000000001,1.7719999999999998,9.4,5.46,5.47,0,1,0,0,1,0,0,0,0,0
852.9,31.0,6.7,105.6,5.54,6.4,2.79,9.18,0,0,0,0,0,0,1,0,0,1
1005.26,21.4,6.31,211.7,7.85,5.2,2.664,7.89,1,0,0,0,0,0,0,1,0,0
448.8,25.6,6.85,30.6,6.59,6.7,5.02,6.04,0,0,0,1,0,0,0,1,0,0
1120.3,20.8,6.61,225.0,5.28,6.3,5.322,8.11,0,0,0,0,0,0,0,0,1,0
1069.5,23.3,6.33,77.8,4.12,10.0,3.91,8.98,0,0,1,0,0,0,0,0,1,1
574.3,15.9,6.42,219.0,3.92,7.5,2.97,6.63,0,0,1,0,0,0,0,1,0,1
1435.6,24.5,5.55,178.1,7.09,6.4,1.7,10.3,0,0,0,0,0,1,0,0,0,1
1012.7,30.8,6.88,100.3,6.37,7.5,15.64,7.99,0,1,0,0,0,0,0,1,0,1
1101.0,22.4,8.36,286.7380000000001,4.82,5.4,3.25,7.77,1,0,0,0,0,0,0,1,0,1
1105.4,35.9,5.16,149.2,4.65,10.2,3.73,6.03,0,0,1,0,0,0,0,0,0,1
1056.2,26.6,5.58,242.8,3.98,7.5,4.38,7.54,0,0,1,0,0,0,0,1,0,1
1269.7,19.3,8.09,209.8,7.28,8.8,5.78,8.24,0,0,0,0,0,0,0,1,0,1
755.6,32.9,5.84,221.0,5.4,9.9,3.49,5.84,0,0,0,0,1,0,0,0,0,0
838.1,33.2,5.99,211.5,3.69,6.9,1.61,6.35,0,0,1,0,1,0,0,0,0,1
799.9,34.5,6.96,180.2,4.21,7.5,1.96,6.54,0,0,0,1,1,0,0,0,0,1
1028.7,30.5,8.42,165.5,7.63,6.1,1.5,6.43,0,0,0,1,1,0,0,0,0,1
970.9,21.3,6.21,205.1,5.638,6.2,5.99,9.1,0,0,0,0,0,1,0,0,0,0
1385.5,29.1,5.15,127.3,0.25,8.1,1.6,5.88,0,1,0,0,1,0,0,0,0,0
640.0,31.7,5.82,213.7,7.75,6.9,5.1819999999999995,8.07,0,0,0,1,0,0,0,0,0,1
873.9,25.8,6.39,191.2,4.18,4.0,5.45,9.84,0,0,0,1,0,0,1,0,0,1
1172.7,26.1,6.26,57.1,7.44,8.7,7.59,7.5,1,0,0,0,1,0,0,0,0,1
1319.5,24.2,5.68,117.0,4.4,8.180000000000001,1.71,9.38,0,0,0,0,0,0,1,0,0,1
807.5,15.8,5.79,99.1,9.82,8.5,1.53,6.01,0,0,0,0,0,0,0,1,0,0
1174.8,24.4,7.17,107.8,3.86,9.6,1.58,8.1,1,0,0,0,0,0,0,0,0,0
1258.5,21.9,7.08,178.6,9.52,9.2,22.32,8.01,0,0,1,0,0,0,0,0,0,1
797.3,27.5,7.16,17.0,3.83,7.2,2.07,6.63,0,0,1,0,0,0,0,0,1,1
696.0,26.3,6.81,85.3,2.48,5.0,28.908999999999867,9.05,0,0,1,0,0,0,1,0,0,1
997.5,21.9,6.1,175.9,9.84,5.6,4.93,8.76,1,0,0,0,0,0,0,0,1,1
862.9,26.2,6.36,215.9,3.24,10.5,1.58,7.17,0,0,1,0,0,0,0,1,0,0
914.7,24.1,5.87,119.5,2.36,8.9,1.41,11.4,0,0,0,0,0,1,0,0,0,1
852.6,26.6,7.29,221.4,1.7,5.6,2.01,6.37,0,0,1,0,0,0,0,0,0,0
1237.2,23.8,4.59,259.4,3.69,5.4,3.05,7.06,0,0,0,0,0,0,0,1,0,1
1190.5,18.1,7.52,97.8,7.97,8.3,2.43,6.41,0,0,1,0,0,0,0,1,0,0
506.7,23.5,6.86,36.2,4.34,6.9,0.42,5.77,0,0,0,0,1,0,0,0,0,1
1363.7,12.4,5.77,92.5,4.68,8.8,0.64,8.98,0,0,0,0,0,0,1,0,0,1
1242.2,20.5,6.59,93.4,5.6,6.3,3.75,10.47,0,0,0,1,0,0,1,0,0,1
761.3,23.1,8.42,213.2,0.36,7.9,2.53,6.97,0,0,0,0,0,0,0,0,1,1
1244.2,25.7,7.38,103.0,7.09,6.9,3.34,7.5,1,0,0,0,1,0,0,0,0,1
330.164,28.2,6.22,171.3,3.84,7.4,13.1,9.76,0,0,0,0,0,1,0,0,0,0
1181.6,24.9,6.18,79.2,5.24,6.1,6.14,7.97,0,0,0,0,0,0,0,0,0,1
1124.1,28.1,6.23,238.8,4.75,6.8,1.73,10.79,0,0,0,1,0,1,0,0,0,1
1018.2,24.4,6.57,163.7,0.0,6.9,2.95,9.7,0,0,0,1,0,0,1,0,0,1
830.8,31.0,6.702000000000001,100.0,3.24,6.0,2.86,6.94,0,0,0,0,0,0,0,0,0,0
872.5,21.0,6.88,205.6,4.05,7.6,3.31,9.73,0,1,0,0,0,0,1,0,0,1
1037.8,22.1,5.6,62.8,5.54,6.7,3.96,8.38,0,0,0,1,0,0,1,0,0,0
480.6,22.7,5.84,118.2,8.52,10.5,7.21,7.75,0,0,0,1,0,0,0,1,0,1
954.3,25.8,5.85,286.7380000000001,4.53,7.5,8.35,10.53,0,0,0,0,0,1,0,0,0,0
330.164,28.6,4.97,80.9,6.53,6.5,28.59,5.2514,0,0,1,0,0,0,0,0,0,1
814.1,24.6,6.4,120.5,5.1,7.8,1.32,9.66,1,0,0,0,0,0,1,0,0,1
1044.3,25.5,7.17,136.3,3.4,10.1,9.78,7.72,0,1,0,0,1,0,0,0,0,1
1030.2,22.7,6.66,136.9,9.9,6.6,28.908999999999867,7.69,1,0,0,0,1,0,0,0,0,1
1033.2,33.3,7.35,121.2,6.16,7.5,2.09,9.82,0,0,0,0,0,1,0,0,0,1
867.9,29.4,6.99,214.4,10.857599999999984,6.1,2.94,9.64,0,0,0,0,0,1,0,0,0,0
812.9,13.4,6.965999999999999,57.0,4.59,7.56,1.94,7.05,0,0,0,1,0,0,0,0,0,1
516.7,25.7,7.52,260.9,6.29,8.9,11.07,7.89,1,0,0,0,0,0,0,1,0,0
797.3,25.1,6.08,191.8,6.25,8.2,1.33,10.54,0,0,0,1,0,1,0,0,0,1
976.18,24.6,5.92,152.7,9.13,7.4,1.61,8.22,0,0,0,1,0,0,1,0,0,0
724.6,17.4,8.42,149.56,6.5,7.7,14.03,6.23,1,0,0,0,0,0,0,0,0,0
571.3,25.9,7.5,164.5,5.86,8.0,5.27,7.18,1,0,0,0,1,0,0,0,0,1
941.0,28.9,6.22,44.1,10.54,5.9,4.41,7.37,1,0,0,0,0,0,0,0,0,0
490.9,12.4,6.48,63.9,4.2,8.6,2.252,5.28,0,0,1,0,1,0,0,0,0,1
996.5,23.940000000000005,6.71,179.2,7.43,8.3,9.16,8.62,1,0,0,0,0,0,0,1,0,0
812.0,23.9,6.18,181.4,1.5,8.8,2.5,7.85,0,0,0,0,1,0,0,0,0,1
1012.8,26.8,6.19,205.5,4.11,8.9,2.65,11.578600000000005,0,0,0,1,0,1,0,0,0,1
904.4,23.1,6.23,138.5,5.29,6.5,10.41,7.4,0,1,0,0,0,0,0,0,1,0
979.8,31.4,7.04,230.2,1.75,8.6,9.3,9.78,1,0,0,0,0,0,1,0,0,0
1082.2,24.3,6.96,66.9,5.69,7.3,5.6240000000000006,8.71,0,1,0,0,0,0,1,0,0,1
358.3,34.9,4.6,139.0,3.2,7.8,9.65,5.6,1,0,0,0,1,0,0,0,0,0
1243.1,25.0,6.03,37.2,7.28,7.8,1.76,9.49,0,1,0,0,0,0,1,0,0,1
824.0,24.5,7.13,221.5,2.32,6.3,4.1,9.59,0,1,0,0,0,1,0,0,0,0
897.9,15.0,7.36,229.8,7.61,10.6,16.97,7.66,1,0,0,0,1,0,0,0,0,1
1018.1,12.4,6.25,47.5,6.48,7.7,1.35,7.94,0,0,0,1,0,0,1,0,0,1
533.0,26.2,6.55,241.4,4.32,8.3,7.39,7.97,0,0,1,0,0,0,0,0,1,1
1208.4,24.5,7.5,177.0,3.96,5.9,1.49,8.7,0,1,0,0,0,0,1,0,0,0
1046.6200000000001,24.3,7.1,201.8,6.77,8.4,2.71,11.24,1,0,0,0,0,1,0,0,0,1
736.9,31.2,7.54,118.4,5.46,7.6,3.61,8.19,0,1,0,0,0,0,0,0,0,1
1139.0,22.7,6.47,120.2,2.36,8.5,2.37,9.01,1,0,0,0,0,0,0,0,0,1
629.4,24.3,6.5,116.1,7.19,7.4,1.26,8.44,0,0,0,0,0,0,0,0,1,1
826.6,25.0,6.9,93.0,10.857599999999984,7.2,1.9,7.25,0,0,0,0,0,0,0,0,0,1
929.3799999999999,17.9,6.09,107.3,7.54,6.6,13.33,7.25,0,0,1,0,0,0,0,0,1,0
840.5600000000001,26.8,7.13,136.3,4.03,7.2,0.61,9.34,0,1,0,0,0,0,1,0,0,1
970.8,24.8,6.24,205.7,5.52,10.6,3.01,8.22,0,1,0,0,1,0,0,0,0,1
856.6,29.5,6.83,286.7380000000001,5.0,6.8,2.12,8.13,0,0,0,1,0,0,0,0,0,1
1039.56,25.4,5.7,230.0,7.93,5.7,3.63,6.09,0,0,1,0,1,0,0,0,0,1
831.1,28.3,6.35,102.4,4.24,9.4,0.42,10.47,0,0,1,0,0,1,0,0,0,1
570.7,17.7,7.15,208.1,3.646,10.1,3.2,8.06,0,0,0,1,0,0,0,1,0,1
940.8,23.7,6.57,212.0,3.03,7.44,8.08,9.01,1,0,0,0,0,0,0,0,1,1
1389.1,31.0,6.23,210.5,4.98,9.5,6.03,10.92,0,1,0,0,0,1,0,0,0,1
934.7,19.1,5.11,154.5,0.3,7.5,5.13,10.87,0,0,1,0,0,1,0,0,0,1
1061.9,24.2,6.73,215.1,6.42,5.5,2.47,6.66,0,0,0,1,1,0,0,0,0,1
631.4,21.3,6.51,121.00480000000002,5.524,7.0,6.39,9.39,0,1,0,0,0,0,1,0,0,0
791.2,24.6,7.02,134.5,7.83,8.4,11.32,9.13,0,0,0,0,0,0,0,0,1,1
809.4,19.8,7.55,203.6,3.17,9.0,14.29,9.5,0,0,1,0,0,0,1,0,0,1
1057.8,26.4,5.99,154.2,1.08,7.3,2.74,7.91,0,1,0,0,0,0,0,0,0,1
1123.7,24.0,5.94,207.2,6.0,7.8,6.84,8.53,0,0,0,0,0,0,1,0,0,0
860.9,27.5,7.05,136.07999999999998,1.71,7.3,5.8,8.42,0,0,0,1,0,0,0,0,1,1
933.3,25.8,5.6,157.1,3.49,9.2,2.02,8.15,0,1,0,0,0,0,0,0,0,1
871.1,16.9,4.94,122.8,4.59,6.4,4.142,7.68,0,0,0,0,0,0,0,0,1,1
839.3,26.3,7.25,174.1,1.11,9.2,4.818,7.34,0,1,0,0,1,0,0,0,0,1
741.5,21.9,5.3,142.8,7.24,5.2,3.72,7.01,0,0,1,0,0,0,0,1,0,1
768.7,17.5,6.94,137.4,6.86,6.6,3.63,11.17,1,0,0,0,0,1,0,0,0,1
1191.3,18.5,5.79,148.9,6.78,5.8,3.2,8.01,0,1,0,0,0,0,0,0,1,0
940.9,31.2,6.1,124.1,7.86,7.5,1.93,7.43,0,0,0,0,0,0,0,0,1,1
1033.4,28.0,6.97,91.8,4.29,6.1,1.35,6.98,0,1,0,0,0,0,0,0,0,0
820.4,28.5,7.53,201.6,1.77,11.0,7.22,10.12,1,0,0,0,0,0,0,0,1,1
793.2,27.1,6.99,104.9,9.01,8.6,10.43,7.76,0,0,0,1,1,0,0,0,0,0
935.3,23.7,7.34,205.2,0.0,6.9,2.05,9.02,0,0,0,1,0,0,0,0,1,0
1053.7,23.7,6.392,94.2,4.99,7.9,7.540000000000001,10.92,1,0,0,0,0,0,1,0,0,1
635.0,25.3,6.54,96.2,1.64,7.6,12.86,6.83,0,0,0,1,0,0,0,1,0,0
811.3,26.0,8.22,152.8,4.53,6.4,7.61,5.27,0,1,0,0,1,0,0,0,0,0
496.3,30.8,6.16,78.7,1.63,6.4,6.15,6.23,0,0,1,0,0,0,0,1,0,0
816.9,20.4,6.44,167.8,4.7,7.7,6.55,8.44,0,0,0,1,0,0,0,0,0,0
752.9,23.7,7.81,136.9,5.86,7.4,1.59,7.94,0,1,0,0,0,0,0,0,0,1
979.1,31.7,6.49,209.6,3.34,9.2,2.0,10.8,0,0,1,0,0,1,0,0,0,1
740.8,23.8,7.56,176.9,2.95,9.3,0.67,10.23,0,0,0,1,0,0,1,0,0,1
774.1,28.5,6.91,46.4,6.19,6.8,4.96,8.9,0,0,1,0,0,0,1,0,0,1
870.7,27.7,5.72,198.4,7.9,7.7,4.96,8.17,0,0,0,1,0,0,0,0,1,1
794.9,28.2,7.06,146.4,0.8,8.0,2.96,10.14,1,0,0,0,0,0,1,0,0,1
763.6,22.1,6.52,207.5,0.0,9.7,13.53,8.27,0,1,0,0,1,0,0,0,0,1
883.0,24.0,7.49,67.1,2.82,7.9,3.63,6.51,0,1,0,0,1,0,0,0,0,1
800.22,28.0,5.37,174.16,5.58,7.7,5.22,6.95,0,1,0,0,0,0,0,1,0,1
996.7,23.6,6.28,201.5,7.23,10.8,2.87,7.38,0,0,0,1,0,0,0,1,0,0
1192.2,31.9,7.11,193.0,8.17,6.1,14.2,8.27,0,0,0,0,0,0,0,0,1,1
879.0,20.6,7.16,23.8,2.35,8.1,5.19,8.81,0,1,0,0,0,0,1,0,0,1
1027.1,17.4,6.3,180.64,4.356,8.0,1.96,8.06,0,0,0,1,0,0,0,0,0,0
478.9,26.7,7.22,120.6,7.22,8.5,14.07,10.53,0,0,0,0,0,1,0,0,0,1
404.4,26.6,5.65,144.0,6.87,8.9,3.09,7.43,0,0,0,1,0,0,0,0,1,0
441.1,17.6,7.04,161.3,8.31,5.8,1.26,7.09,0,0,0,0,1,0,0,0,0,1
1083.4,26.8,6.78,158.0,4.71,8.02,0.73,7.31,0,1,0,0,1,0,0,0,0,0
1199.3,22.0,6.69,226.0,0.0,6.1,7.19,10.33,1,0,0,0,0,0,1,0,0,0
877.9,34.1,6.52,28.3,6.37,6.3,1.66,6.31,0,1,0,0,0,0,0,0,0,1
739.5,18.9,5.54,109.8,8.97,6.0,1.84,7.25,1,0,0,0,1,0,0,0,0,1
1124.2,31.7,6.33,215.7,3.86,6.5,2.05,7.77,0,0,0,0,0,0,0,0,0,0
1408.7,21.2,6.766,116.4,7.12,5.5,1.92,6.22,0,0,0,0,0,0,0,1,0,1
1162.7,25.8,7.46,152.2,5.72,5.8,5.85,8.93,0,0,0,0,0,0,0,0,1,0
761.7,24.1,4.85,224.0,7.71,8.2,7.69,9.13,1,0,0,0,0,0,1,0,0,0
626.5,24.5,4.83,50.4,3.42,7.8,2.54,8.08,0,0,0,0,0,0,1,0,0,1
1087.1,24.0,5.91,147.0,2.67,8.0,2.56,8.86,0,0,0,1,0,0,1,0,0,0
878.2,18.5,7.11,112.3,5.52,7.7,8.38,9.8,0,0,0,0,0,1,0,0,0,0
655.2,14.6,5.66,142.9,4.78,8.7,8.24,8.18,1,0,0,0,0,0,0,1,0,1
1052.2,25.6,6.83,100.7,5.59,4.7,1.23,9.87,0,1,0,0,0,0,1,0,0,1
921.2,16.7,6.83,128.9,5.83,5.8,3.98,6.13,0,0,1,0,0,0,0,1,0,0
1026.0,23.9,7.36,193.66,7.43,7.06,11.74,6.74,0,0,1,0,0,0,0,0,0,0
1273.8,32.8,6.05,161.0,5.1,6.7,1.64,7.93,0,0,0,1,0,0,0,0,1,1
916.3,18.5,7.6,251.9,0.0,6.0,4.47,10.12,0,0,0,0,0,1,0,0,0,1
1004.3,21.1,4.59,141.56,2.06,4.7,3.254,6.49,1,0,0,0,0,0,0,0,0,0
618.2,23.5,5.49,129.4,2.25,9.3,7.01,9.81,1,0,0,0,0,1,0,0,0,0
960.6,26.3,6.02,198.5,8.0,6.6,3.35,7.69,0,0,0,0,0,0,0,0,1,0
1226.5,18.4,6.56,141.4,2.728,4.4,2.4,10.69,0,0,0,1,0,1,0,0,0,1
889.1,23.6,6.09,57.4,8.95,7.3,4.17,7.7,0,0,0,1,0,0,0,0,1,0
1148.9,24.68,6.34,181.6,0.92,8.6,0.45,6.92,0,0,1,0,0,0,0,1,0,0
1239.5,18.4,6.59,206.5,3.21,5.7,0.76,8.16,0,0,0,0,0,0,0,0,0,0
1131.0,25.3,6.286,29.9,6.74,8.1,10.04,7.38,0,0,0,0,0,0,0,0,1,0
651.8,33.0,6.93,192.2,2.41,5.1,12.06,8.76,0,1,0,0,0,0,1,0,0,1
792.2,28.0,7.1,152.1,4.01,8.7,2.1,7.75,1,0,0,0,1,0,0,0,0,1
442.7,21.6,6.81,167.7,1.45,4.3,19.62,7.71,0,1,0,0,0,0,0,0,0,1
866.4,26.3,6.59,114.9,7.22,6.6,4.71,10.71,0,0,0,0,0,1,0,0,0,1
1007.7,24.5,6.61,101.6,1.64,6.4,6.15,7.88,1,0,0,0,0,0,0,1,0,1
840.0,28.3,6.48,127.2,2.64,10.4,5.64,6.05,0,0,1,0,0,0,0,0,0,0
577.8,24.4,6.16,140.8,4.52,5.9,1.59,6.75,0,0,0,1,1,0,0,0,0,1
675.8,27.2,7.69,226.2,6.32,5.9,2.64,6.92,1,0,0,0,0,0,0,1,0,0
599.7,22.3,6.07,218.6,4.57,8.9,1.06,9.95,0,0,0,0,0,1,0,0,0,0
861.9,20.2,5.47,122.3,7.94,8.8,10.19,8.37,1,0,0,0,1,0,0,0,0,1
558.7,23.6,7.69,80.2,4.04,8.1,4.16,6.98,0,0,0,0,0,0,0,1,0,0
672.1,22.2,6.96,157.7,5.7,7.4,3.41,11.578600000000005,1,0,0,0,0,1,0,0,0,1
563.8,22.3,6.96,131.9,0.72,7.4,3.93,10.23,0,1,0,0,0,1,0,0,0,0
1040.2,19.2,6.64,78.5,9.06,8.5,1.95,11.24,0,1,0,0,0,1,0,0,0,1
330.164,18.6,6.64,121.6,7.49,5.6,0.93,7.05,0,0,0,1,0,0,0,0,0,0
1029.7,25.9,6.48,232.4,3.82,7.6,1.18,6.72,0,0,0,0,1,0,0,0,0,0
547.4,32.2,5.68,158.2,5.1,8.8,8.5,8.81,1,0,0,0,0,0,1,0,0,0
1260.5,22.5,6.65,146.2,1.33,6.9,4.602,6.77,0,0,0,0,1,0,0,0,0,0
777.24,25.7,5.69,281.7,5.16,6.2,1.02,8.03,0,0,0,0,0,0,0,1,0,0
744.4,24.1,5.64,149.8,1.51,7.4,3.49,7.17,1,0,0,0,1,0,0,0,0,1
1154.6,29.8,5.72,130.3,0.0,7.7,25.0,9.38,0,0,0,0,0,0,1,0,0,1
915.4,24.2,6.65,170.3,1.96,5.6,1.12,11.578600000000005,0,0,0,1,0,1,0,0,0,1
903.9,30.4,6.64,113.75999999999999,1.81,7.5,1.33,8.97,0,0,1,0,0,0,1,0,0,1
1356.7,20.7,7.12,163.5,3.85,8.3,9.16,7.78,0,0,1,0,0,0,0,0,0,0
1114.0,29.3,6.8,181.1,4.94,6.6,2.718,6.86,0,0,1,0,0,0,0,1,0,0
583.1,24.3,7.38,7.624000000000001,9.82,6.6,1.79,5.55,0,1,0,0,1,0,0,0,0,0
931.6,25.2,7.213999999999999,132.6,3.1380000000000003,7.5,5.82,8.58,0,0,0,0,0,0,0,0,1,1
962.9,26.2,6.83,178.3,3.43,7.3,0.86,9.19,1,0,0,0,0,0,1,0,0,0
1221.4,34.4,6.08,122.3,6.36,8.9,14.41,7.55,0,1,0,0,0,0,1,0,0,0
654.7,33.7,6.06,149.1,3.48,8.8,7.75,7.36,0,1,0,0,0,0,0,0,0,1
967.8,27.2,6.06,154.7,7.59,7.0,1.64,7.98,0,0,0,0,0,0,0,1,0,1
642.9,26.24,5.88,123.25999999999999,3.31,7.0,2.13,8.3,0,1,0,0,0,0,0,0,1,1
1146.8,25.6,6.73,162.7,3.286,11.0,11.65,10.85,0,0,0,1,0,1,0,0,0,0
605.8,14.1,7.07,33.1,6.65,7.4,2.8,9.84,0,0,0,1,0,1,0,0,0,1
859.7,27.5,6.76,242.7,6.23,8.5,1.38,8.43,0,0,0,0,0,0,0,0,0,1
968.2,25.0,4.59,152.5,6.29,5.4,0.87,5.4,0,1,0,0,0,0,0,1,0,0
330.164,17.7,8.42,192.7,7.91,7.3,2.91,7.75,0,0,0,1,0,0,0,0,1,1
1100.4,32.7,5.26,197.3,4.62,5.7,1.1,10.32,0,0,0,1,0,1,0,0,0,1
580.4,16.7,6.32,141.8,3.228,7.8,4.54,9.04,1,0,0,0,0,0,0,0,1,1
878.8799999999999,26.8,6.96,45.1,6.53,8.8,3.82,6.8,0,1,0,0,0,0,0,1,0,0
926.7,30.5,6.55,162.1,9.11,6.8,23.76,9.57,0,0,1,0,0,0,1,0,0,1
839.0,32.6,7.0280000000000005,176.1,4.99,5.4,0.65,6.7,0,0,1,0,0,0,0,1,0,1
756.1,17.3,6.63,155.2,4.02,9.3,2.6,9.49,0,0,1,0,0,0,1,0,0,1
888.9,19.4,5.06,173.3,4.07,9.1,5.93,8.06,0,0,0,0,0,0,0,0,0,1
897.3,22.4,6.9239999999999995,211.7,6.6,6.9,4.31,7.11,0,0,1,0,1,0,0,0,0,1
1385.7,34.2,8.42,202.4,4.465999999999999,6.0,14.49,5.8,1,0,0,0,1,0,0,0,0,1
1017.8,20.6,8.14,85.0,6.37,7.3,2.47,7.82,0,0,0,0,0,0,0,0,0,1
862.8,20.2,6.65,113.9,3.16,9.1,6.8,10.71,0,0,0,0,0,1,0,0,0,1
1060.2,24.7,6.3,117.0,3.05,8.9,4.01,8.7,0,1,0,0,0,0,0,0,1,0
687.3,24.92,7.45,86.1,5.16,6.5,2.18,7.44,0,0,0,0,0,0,0,0,0,0
692.4,27.6,5.75,238.0,6.64,10.1,0.67,10.76,0,0,0,1,0,1,0,0,0,1
914.1,21.6,5.67,162.4,0.92,4.6,3.34,7.71,0,0,0,1,0,0,0,1,0,0
1132.5,29.7,6.22,120.1,0.0,7.0,12.32,8.55,0,0,0,0,0,0,1,0,0,0
799.5,25.4,6.89,231.9,7.8,4.0,1.25,7.0,0,0,1,0,0,0,0,0,0,0
1180.2,24.339999999999996,5.77,110.5,10.21,9.5,1.07,9.37,0,0,0,1,0,0,1,0,0,1
1126.9,28.2,8.17,176.5,3.73,8.7,7.32,8.06,0,0,0,1,0,0,0,0,0,0
1109.4,25.2,6.02,136.8,3.53,7.3,1.58,11.578600000000005,0,0,0,1,0,1,0,0,0,1
1063.1,18.5,6.311999999999999,240.2,7.08,7.5,9.04,7.61,0,0,0,1,0,0,0,0,1,0
1265.4,20.0,7.38,163.68,3.01,7.2,1.6,7.97,0,0,0,1,0,0,0,0,0,1
1181.0,17.4,6.1,140.4,0.08,8.6,1.26,7.51,1,0,0,0,0,0,0,0,0,0
830.3,21.7,6.22,159.02,4.57,6.8,1.16,8.85,0,0,1,0,0,0,1,0,0,0
956.6,20.9,5.7,222.2,4.7,8.1,9.64,9.14,1,0,0,0,0,0,0,0,1,1
864.0,14.7,6.7,108.1,9.28,8.8,1.61,6.6,0,1,0,0,0,0,0,1,0,0
723.0,22.259999999999998,6.604000000000001,108.4,0.24,5.0,3.02,7.01,0,0,1,0,0,0,0,0,1,0
793.2,20.4,6.73,161.1,4.92,7.8,1.82,7.41,0,1,0,0,1,0,0,0,0,0
532.1,24.0,6.99,161.22,3.44,5.4,7.99,6.11,0,1,0,0,1,0,0,0,0,0
599.2,27.1,7.25,58.8,7.96,6.9,1.44,8.97,1,0,0,0,0,0,1,0,0,1
671.4,25.040000000000003,6.08,62.8,3.87,7.3,1.83,6.6,0,0,1,0,0,0,0,1,0,1
995.4,28.4,6.274,124.4,6.96,6.720000000000001,7.75,11.33,0,0,0,1,0,1,0,0,0,1
986.14,22.7,6.25,127.7,5.1,7.3,1.77,7.66,0,1,0,0,0,0,0,1,0,1
706.1,26.5,6.6,241.3,3.55,5.4,5.7,9.08,0,0,0,0,0,0,0,0,1,1
502.7,24.3,6.88,243.5,6.31,7.8,4.93,7.83,0,0,0,0,0,0,0,0,1,1
713.3,21.7,6.14,100.1,7.97,7.8,6.38,6.49,0,1,0,0,1,0,0,0,0,0
624.7,26.2,7.77,108.03999999999999,7.2,7.2,2.87,7.57,0,0,0,1,1,0,0,0,0,1
952.8,20.7,7.73,196.01999999999998,10.857599999999984,8.4,4.59,6.96,0,0,0,0,0,0,0,1,0,0
881.1,25.6,7.06,143.27999999999997,1.8,8.0,7.92,6.23,0,1,0,0,1,0,0,0,0,1
1042.8,22.6,6.162000000000001,236.2,7.63,7.6,6.25,9.34,1,0,0,0,0,0,0,1,0,1
551.2,20.7,6.136,205.4,7.92,6.9,5.81,8.17,0,0,0,1,0,0,0,1,0,1
960.0,20.2,7.31,130.42000000000002,4.84,6.4,3.55,9.99,1,0,0,0,0,0,1,0,0,0
946.9,20.1,5.92,79.8,4.55,6.9,4.494,7.24,0,0,1,0,0,0,0,0,0,1
477.4,27.6,7.51,133.6,1.57,9.2,0.45,6.69,0,0,1,0,0,0,0,0,1,0
677.9,21.9,7.33,178.7,5.19,7.1,2.21,7.98,0,0,0,0,0,0,0,0,1,0
1001.8,17.1,6.75,139.0,8.03,9.5,2.74,10.45,0,1,0,0,0,1,0,0,0,0
1488.4299999999998,26.1,8.05,172.4,7.02,7.8,0.45,7.0,0,1,0,0,0,0,0,1,0,1
731.1,24.0,6.18,205.7,5.8919999999999995,9.0,1.84,7.92,0,0,0,0,0,0,0,1,0,1
757.2,27.8,6.49,147.1,4.07,9.5,3.54,8.05,0,1,0,0,0,0,0,0,1,0
938.8,26.2,6.62,175.9,7.61,6.7,3.39,8.74,0,0,1,0,0,0,0,0,1,1
959.5,25.4,5.62,166.7,1.88,9.3,3.51,9.35,1,0,0,0,0,0,0,1,0,1
893.9,35.2,6.42,208.4,6.96,6.2,2.35,7.78,0,0,0,0,0,0,0,0,1,0
835.6,34.4,6.77,214.6,5.46,8.6,7.16,7.37,0,0,0,0,1,0,0,0,0,1
779.9,23.5,6.13,97.6,0.0,6.5,1.27,7.25,0,0,0,1,0,0,0,0,0,0
727.3,29.6,6.95,178.7,5.91,8.2,11.83,8.45,0,0,0,1,0,0,0,0,0,1
1118.6,17.5,6.9,113.6,1.39,6.4,1.65,7.55,0,0,0,0,0,0,0,0,1,1
991.5,24.3,7.49,95.5,3.91,6.6,1.25,6.41,0,0,0,1,1,0,0,0,0,0
889.0,30.8,7.17,194.4,7.97,7.9,4.22,5.2514,0,0,1,0,1,0,0,0,0,0
1026.9,21.0,7.01,71.2,4.37,10.4,1.98,6.47,0,0,0,1,1,0,0,0,0,0
649.1,34.6,6.44,9.3,6.78,7.5,1.1,6.26,0,1,0,0,0,0,1,0,0,0
868.1,20.94,7.84,143.0,4.34,8.08,13.47,7.88,0,0,0,1,0,0,0,0,0,0
1237.7,23.0,5.72,253.9,4.64,6.5,10.09,7.74,0,0,1,0,1,0,0,0,0,1
1063.2,24.4,5.67,257.8,0.0,7.2,2.39,8.16,0,0,1,0,0,0,0,0,1,1
762.0,28.7,6.98,189.1,4.66,6.5,1.38,8.79,0,0,1,0,0,0,1,0,0,1
928.14,26.9,5.87,138.4,6.75,4.9,2.35,7.67,0,0,0,1,0,0,0,1,0,0
1488.4299999999998,17.2,6.91,93.3,5.63,8.4,9.95,8.49,0,1,0,0,0,0,0,0,1,1
1069.2,22.6,6.27,144.2,5.51,9.6,1.41,9.05,0,0,0,0,0,0,1,0,0,0
1153.6,24.7,6.6,7.624000000000001,3.9,8.2,4.88,7.21,0,0,0,1,0,0,0,0,1,0
960.2,22.7,7.01,186.3,2.02,8.6,7.3,9.73,0,0,0,1,0,0,0,0,1,1
975.2,20.9,5.5,212.8,5.32,5.6,1.11,7.13,0,0,0,1,1,0,0,0,0,1
958.1,20.0,6.42,202.2,6.85,7.5,8.0,10.75,1,0,0,0,0,0,1,0,0,1
795.22,27.1,7.11,205.2,5.26,8.4,8.47,8.6,0,0,1,0,0,0,0,0,1,1
513.2,24.9,6.02,52.6,8.56,7.5,9.16,9.27,0,0,1,0,0,1,0,0,0,0
887.7,34.7,7.02,216.5,7.58,6.739999999999999,3.96,7.63,0,0,0,0,0,0,0,0,1,0
1118.1,25.4,7.4719999999999995,221.7,4.1,10.3,3.73,9.61,0,0,0,1,0,0,0,0,1,1
738.8,27.28,6.74,64.8,4.43,6.6,2.59,9.75,0,0,0,1,0,1,0,0,0,1
970.2,30.2,7.76,212.0,6.58,10.2,1.34,6.35,0,0,1,0,1,0,0,0,0,1
785.1,21.9,5.37,69.3,2.65,5.3,4.66,7.44,0,1,0,0,0,0,0,0,1,0
1087.5,19.1,6.93,185.5,0.07,8.9,3.54,8.36,0,0,0,0,0,0,0,0,0,1
850.2,34.7,6.78,216.2,2.68,8.2,4.36,6.79,0,0,1,0,0,0,0,1,0,0
1054.3,18.7,4.95,157.64000000000001,4.35,7.8,2.18,9.28,1,0,0,0,0,0,0,1,0,1
1148.0,22.8,5.68,197.7,7.62,7.4,4.858,9.27,1,0,0,0,0,0,0,0,0,1
709.6,25.3,4.59,117.6,6.9,8.3,3.24,7.01,0,0,0,0,0,0,0,0,0,1
1088.3,31.8,7.14,84.7,7.97,5.4,3.88,8.5,0,0,0,1,0,0,1,0,0,0
935.1,29.6,8.02,167.64000000000001,4.39,8.8,12.31,10.84,0,0,0,0,0,1,0,0,0,1
533.8,29.5,6.45,167.95999999999998,6.08,7.7,2.12,8.23,0,0,0,0,0,0,0,0,0,1
1117.2,32.9,7.12,224.2,9.56,7.1,2.75,10.0,0,0,0,1,0,1,0,0,0,0
812.9599999999999,27.1,6.2,87.8,4.164,9.9,14.4,7.14,0,0,0,0,0,0,0,0,0,1
668.4,22.0,5.82,58.0,5.94,9.4,1.31,7.6,1,0,0,0,0,0,0,1,0,0
810.3,23.8,6.68,185.3,6.82,7.8,5.352,8.42,0,0,0,0,0,0,0,1,0,1
803.7,21.9,6.54,143.4,3.71,5.4,2.6,8.09,0,0,0,1,0,0,0,0,1,0
330.164,24.7,7.22,184.1,3.89,8.2,2.86,6.89,0,0,0,0,1,0,0,0,0,1
674.8,16.3,6.68,161.2,5.47,8.1,1.67,9.11,1,0,0,0,0,0,0,0,1,1
1174.5,29.0,7.25,192.2,5.21,8.6,3.89,9.29,1,0,0,0,0,0,1,0,0,0
608.2,20.7,6.734,237.3,9.34,10.3,11.84,10.59,0,0,0,1,0,1,0,0,0,0
1362.9,25.5,5.4,168.6,0.0,6.3,6.91,6.7,0,0,1,0,0,0,0,1,0,1
1159.5,26.4,6.37,186.4,8.68,5.9,19.39,10.7,0,0,0,0,0,1,0,0,0,0
863.0,24.6,6.52,143.1,5.88,9.9,8.12,9.67,0,1,0,0,0,0,1,0,0,1
594.7,23.9,6.16,168.5,3.63,7.1,3.04,7.93,0,0,0,1,0,0,0,0,1,0
509.5,18.7,6.21,208.6,0.64,6.8,11.27,7.05,1,0,0,0,1,0,0,0,0,0
1026.8,16.9,5.44,156.0,6.587999999999999,7.62,13.03,8.05,0,0,0,1,0,0,0,0,0,1
1280.4,26.0,7.4719999999999995,223.4,4.08,8.0,1.87,7.63,0,1,0,0,0,0,0,1,0,1
1040.1,30.7,5.28,240.9,3.3,7.0,3.42,7.89,0,1,0,0,0,0,1,0,0,0
1333.9,18.3,6.2,143.14,4.26,9.8,0.54,7.16,0,0,1,0,0,0,0,0,0,0
739.1600000000001,15.1,5.81,246.4,0.94,4.2,10.11,6.88,0,0,0,0,0,0,0,0,0,0
643.9,28.1,5.63,124.9,7.1,7.3,1.86,8.49,0,1,0,0,0,0,1,0,0,1
1201.2,22.2,6.37,118.2,0.0,7.4,3.42,7.71,1,0,0,0,0,0,0,1,0,0
820.3,21.8,6.76,181.3,7.11,10.1,3.14,8.08,0,1,0,0,0,0,1,0,0,0
750.8199999999999,15.3,6.37,184.4,2.28,6.4,1.24,8.02,0,0,1,0,0,0,0,0,1,1
1051.5,31.5,6.6899999999999995,194.9,6.16,10.0,1.66,7.86,0,0,0,0,0,0,0,0,1,0
1454.5,24.92,8.01,158.4,5.33,7.7,1.26,6.05,0,0,1,0,0,0,0,0,0,0
1357.5,27.4,6.97,100.7,4.74,7.0,1.34,8.06,1,0,0,0,0,0,0,0,0,0
656.1,20.8,5.98,124.7,2.53,6.8,6.61,9.27,0,0,1,0,0,1,0,0,0,0
1488.4299999999998,22.2,5.35,176.5,5.87,6.2,2.03,7.7,0,0,0,1,0,0,0,1,0,1
572.1,26.1,6.61,203.5,4.811999999999999,7.2,1.67,9.31,1,0,0,0,0,0,0,0,0,1
1268.0,33.7,6.42,138.7,8.19,4.7,4.42,6.75,0,1,0,0,0,0,0,1,0,0
1158.1,20.9,6.95,106.4,3.33,11.0,4.98,8.46,0,0,0,1,0,0,0,0,0,1
910.5,19.6,7.37,110.3,5.01,10.7,5.02,7.09,0,0,0,1,0,0,0,1,0,0
838.4,30.8,7.73,76.7,6.74,8.3,0.94,6.56,0,0,0,1,0,0,0,0,0,1
1051.4,26.3,6.32,183.0,3.67,7.24,1.6,11.13,0,1,0,0,0,1,0,0,0,1
1051.6,27.7,6.09,265.3,1.67,4.0,1.12,8.04,0,0,0,0,0,0,0,0,1,1
709.4,14.5,6.34,126.5,1.04,7.6,1.2,7.68,0,0,0,1,0,0,0,0,0,1
829.2,26.6,7.23,165.4,10.59,6.2,3.52,7.49,0,0,0,0,0,0,0,1,0,1
896.3400000000001,19.3,6.07,106.5,4.962000000000001,6.6,0.92,7.76,0,1,0,0,0,0,0,1,0,1
831.0,23.220000000000002,6.6,120.2,6.35,5.5,6.23,10.96,0,0,1,0,0,1,0,0,0,1
791.6,24.2,6.1,107.1,6.75,8.0,3.82,8.8,0,1,0,0,0,0,0,1,0,1
781.4,27.6,6.36,142.9,4.15,6.7,3.71,8.82,0,0,0,0,0,0,1,0,0,1
1003.9,24.1,6.6,94.4,4.976,7.0,1.26,5.75,0,0,1,0,0,0,0,0,0,0
808.8,24.8,5.87,234.5,8.07,7.1,12.08,8.56,0,0,0,1,0,0,0,0,1,0
625.6,26.2,5.48,218.9,1.06,6.9,2.51,7.09,0,1,0,0,0,0,0,0,0,0
1054.5,19.4,6.6,212.7,4.82,9.7,0.47,10.58,0,0,0,0,0,1,0,0,0,0
534.9,25.820000000000004,7.86,161.5,7.84,10.0,4.462000000000001,8.71,1,0,0,0,0,0,0,0,1,0
817.5,23.5,5.87,112.6,7.92,11.0,6.22,8.49,0,0,0,0,0,0,0,0,0,1
1027.9,21.4,6.32,136.5,5.54,7.0,5.42,9.99,0,0,0,0,0,0,1,0,0,1
979.5,35.9,6.07,91.7,3.13,5.6,6.516,5.75,0,1,0,0,0,0,0,0,0,0
921.9,20.2,5.38,141.4,9.67,9.8,1.09,7.72,0,0,0,0,0,0,0,1,0,1
819.7,34.3,6.13,86.8,0.0,8.7,3.3,7.12,0,1,0,0,0,0,0,0,1,0
801.0,17.4,6.76,130.2,1.97,7.5,1.7,7.72,0,0,0,0,0,0,0,1,0,0
1154.0,17.0,5.44,134.56,0.0,7.279999999999999,2.23,8.68,0,0,1,0,0,0,1,0,0,1
1155.0,13.7,6.708,209.1,2.92,5.3,3.29,6.58,0,1,0,0,0,0,0,0,1,0
835.5,23.8,5.61,135.3,2.69,5.5,16.6,5.95,0,0,1,0,1,0,0,0,0,1
820.3,23.3,6.1,177.33999999999997,7.81,5.6,0.51,7.49,0,0,0,0,0,0,0,0,0,1
599.5,22.6,6.28,93.6,3.86,6.8,5.51,7.92,0,1,0,0,0,0,1,0,0,0
1161.9,20.9,6.88,159.0,2.83,6.1,1.82,8.01,0,0,0,1,0,0,0,0,1,1
1198.8,19.8,6.94,159.3,2.42,8.0,3.75,8.09,0,0,1,0,0,0,0,0,0,1
953.7,20.0,6.65,182.52,3.6,10.3,2.33,9.98,1,0,0,0,0,0,1,0,0,1
713.3,22.6,6.21,158.5,5.39,8.6,0.99,8.42,0,0,0,1,0,0,1,0,0,0
1020.0,23.0,6.84,88.0,8.28,7.1,1.6,7.06,0,1,0,0,1,0,0,0,0,1
588.9,18.9,6.52,186.0,4.4,6.7,2.03,8.59,0,1,0,0,0,0,1,0,0,0
946.6200000000001,31.7,6.19,118.4,7.81,7.0,1.74,6.58,1,0,0,0,1,0,0,0,0,0
871.1,22.7,6.85,111.8,1.93,5.1,6.34,7.65,0,0,0,0,0,0,0,0,1,1
1213.6,14.7,6.42,188.1,5.82,7.3,2.46,6.96,0,0,0,0,0,0,0,0,1,0
646.1,23.9,6.42,178.7,6.04,7.0,7.68,10.9,0,0,0,0,0,1,0,0,0,1
1048.24,30.6,6.57,154.2,5.43,7.6,3.71,7.24,0,0,0,0,0,0,0,1,0,1
612.0,26.7,6.23,151.4,8.59,8.6,3.31,7.47,0,0,0,0,0,0,0,0,0,0
1119.0,30.5,7.34,105.2,1.21,8.9,2.48,6.7,0,0,0,1,1,0,0,0,0,1
1291.8,32.1,6.88,168.2,4.52,7.0,4.73,5.7,0,0,0,0,1,0,0,0,0,0
732.0,20.3,7.27,124.6,5.56,5.8,8.64,8.35,0,0,0,1,0,0,1,0,0,0
330.164,23.5,6.4879999999999995,114.5,6.5,8.0,2.05,8.14,0,0,1,0,0,0,1,0,0,1
787.8,21.7,6.42,151.16,9.66,7.7,1.87,8.82,0,0,1,0,0,1,0,0,0,0
844.9,18.7,5.73,286.7380000000001,5.34,6.4,3.45,6.5,0,1,0,0,1,0,0,0,0,0
727.3,25.7,5.51,286.7380000000001,9.5,9.0,5.32,9.9,0,0,0,1,0,0,1,0,0,1
944.0,18.5,6.26,159.1,3.5,7.779999999999999,4.62,7.69,0,0,0,1,1,0,0,0,0,1
1362.8,18.7,7.0,206.9,3.9,8.7,3.39,9.16,0,0,0,0,0,0,1,0,0,1
854.1,20.8,6.377999999999999,130.8,7.42,7.0,7.03,7.87,0,0,1,0,0,0,0,1,0,1
770.2,17.8,5.53,254.3,5.38,9.3,4.4,7.17,1,0,0,0,1,0,0,0,0,1
932.8,28.7,5.55,172.5,0.12,7.1,0.81,5.44,0,1,0,0,1,0,0,0,0,0
1001.7,24.7,7.88,159.9,2.01,4.7,3.62,7.12,0,1,0,0,0,0,0,1,0,1
1458.9,31.7,5.92,165.0,6.59,10.7,0.85,7.44,1,0,0,0,0,0,0,0,1,0
1006.6,17.2,6.86,130.6,3.47,7.7,0.84,8.68,0,0,0,0,0,0,1,0,0,0
1042.4,32.1,7.1259999999999994,215.0,2.2,5.4,3.7,7.39,0,1,0,0,0,0,0,0,1,0
878.8,24.4,5.75,170.1,3.95,9.1,0.42,10.01,0,0,0,0,0,0,1,0,0,1
818.7,22.2,6.8340000000000005,113.6,4.87,8.0,1.85,6.76,0,0,1,0,0,0,0,1,0,0
660.5,29.7,5.13,128.7,7.32,9.4,2.94,7.22,0,0,0,1,0,0,0,1,0,1
1078.3600000000001,20.8,6.64,117.3,10.01,7.3,1.8,7.61,0,0,0,0,0,0,0,0,0,0
714.4,17.5,6.64,128.7,0.0,6.1,2.84,8.17,0,0,0,1,0,0,0,0,0,1
1071.5,23.6,6.25,147.9,4.87,8.8,2.9,8.84,1,0,0,0,0,0,0,1,0,1
1022.0,27.9,5.38,197.7,4.29,9.5,2.26,8.17,1,0,0,0,0,0,0,0,1,1
923.3,18.0,7.06,154.4,4.74,4.3,3.14,9.71,0,0,1,0,0,0,1,0,0,1
1096.7,29.5,6.14,168.8,8.12,8.1,10.35,8.84,0,0,0,0,0,0,0,0,0,1
627.2,21.9,6.32,105.9,4.26,4.2,3.09,7.0,0,0,1,0,0,0,0,0,0,1
1005.4400000000002,19.6,6.23,173.5,5.66,8.4,3.48,8.91,0,0,1,0,0,0,1,0,0,1
854.5,19.1,5.9,72.3,3.43,8.8,4.1,9.78,0,1,0,0,0,1,0,0,0,0
710.3,21.3,6.81,195.7,3.49,8.1,3.24,9.43,0,1,0,0,0,0,1,0,0,1
1220.0,20.1,6.0,131.0,6.12,7.6,4.0,10.01,0,0,0,0,0,1,0,0,0,0
1092.3,23.0,6.19,152.9,10.17,9.8,0.86,7.0,0,1,0,0,0,0,0,0,1,0
1157.9,32.9,6.85,200.2,8.36,8.0,2.31,7.38,0,0,0,0,0,0,0,0,0,1
980.5,21.5,7.81,120.7,1.35,7.2,4.61,9.32,1,0,0,0,0,1,0,0,0,0
959.9,14.1,4.94,205.8,5.406000000000001,8.7,1.19,10.5,1,0,0,0,0,1,0,0,0,0
544.3,32.5,6.4,227.8,4.787999999999999,9.7,6.36,10.11,0,1,0,0,0,1,0,0,0,1
999.2,19.7,7.28,259.9,9.03,6.2,8.08,6.98,0,1,0,0,0,0,0,0,1,0
665.5,27.0,7.64,86.6,4.8,11.0,5.766,5.2514,0,0,1,0,1,0,0,0,0,0
648.0,29.4,6.68,156.4,4.06,7.7,0.94,7.37,1,0,0,0,0,0,0,1,0,0
1079.7,27.9,6.36,107.6,6.78,7.2,1.35,9.38,0,0,0,1,0,0,0,1,0,1
765.1,12.4,6.18,49.7,1.77,8.6,1.36,6.03,0,1,0,0,0,0,0,0,1,0
1178.0,22.9,6.34,116.4,5.384,5.6,3.32,10.0,1,0,0,0,0,0,1,0,0,0
753.1600000000001,23.6,7.19,204.7,2.604,10.0,1.44,7.71,0,0,1,0,0,0,0,1,0,0
985.0,26.1,4.63,42.4,4.97,5.6,8.78,6.65,0,0,0,1,1,0,0,0,0,1
1223.7,27.6,7.27,81.5,0.62,7.4,3.12,8.33,0,0,0,1,0,0,0,0,1,1
626.2,26.1,6.36,90.7,7.7,8.3,9.9,11.45,0,0,0,1,0,1,0,0,0,1
432.6,33.8,6.6,50.3,8.96,8.1,2.88,7.34,1,0,0,0,0,0,0,1,0,1
885.2,20.6,7.23,140.0,1.24,5.9,3.6620000000000004,8.2,1,0,0,0,0,0,0,0,1,0
1006.2,20.0,7.47,170.0,7.07,7.6,2.5,11.37,0,0,0,1,0,1,0,0,0,1
548.9,18.0,7.31,149.2,6.78,9.0,2.7,7.17,0,0,0,1,0,0,0,1,0,0
960.3,22.84,4.59,214.0,4.45,7.9,10.16,7.09,0,0,0,0,0,0,0,0,1,1
884.8,29.4,6.51,105.7,1.39,7.6,0.76,7.11,0,0,1,0,0,0,0,0,1,0
729.8,28.8,6.99,104.9,2.69,9.4,11.94,8.19,1,0,0,0,0,0,0,1,0,0
975.9,21.3,6.35,147.5,9.54,9.0,11.73,8.08,0,0,0,0,0,0,0,0,0,0
1282.1,19.5,6.8,135.1,0.0,9.7,1.92,7.27,0,0,1,0,0,0,0,1,0,1
992.5,15.3,6.58,286.7380000000001,7.48,8.2,3.7,11.15,0,1,0,0,0,1,0,0,0,1
715.2,19.6,6.01,63.5,1.79,8.4,2.02,8.2,0,1,0,0,0,0,0,0,1,1
1140.3,25.0,6.49,145.6,7.24,7.7,4.14,7.57,0,0,1,0,0,0,0,0,0,1
723.0,18.0,6.59,77.0,4.28,6.0,7.04,9.11,1,0,0,0,0,0,1,0,0,0
648.3,23.7,6.06,130.5,5.55,8.0,7.29,9.29,1,0,0,0,0,0,0,0,0,1
1145.7,26.139999999999997,5.76,112.5,8.33,7.8,1.7,7.69,0,0,1,0,0,0,0,0,0,1
1151.5,22.5,7.31,152.4,4.04,7.220000000000001,1.45,6.42,0,0,1,0,1,0,0,0,0,0
649.4,25.5,6.97,125.6,6.36,9.1,0.52,7.52,0,0,0,0,0,0,0,0,0,1
1055.6799999999998,12.4,6.69,203.4,5.57,7.3,2.16,7.84,0,0,0,0,0,0,0,0,1,1
949.2,23.0,6.89,132.2,4.56,7.26,8.81,7.91,0,0,1,0,0,0,0,0,1,1
1060.9,21.2,6.2,236.7,0.0,8.8,7.71,7.9,1,0,0,0,0,0,0,1,0,0
530.7,17.0,7.34,232.0,10.857599999999984,5.3,7.59,7.53,1,0,0,0,0,0,0,1,0,1
663.7,27.3,6.7,119.0,2.21,7.7,2.57,10.26,0,1,0,0,0,1,0,0,0,1
968.82,32.4,5.42,261.8,8.51,5.5,4.41,7.34,1,0,0,0,0,0,0,1,0,0
1488.4299999999998,21.160000000000004,7.69,208.0,2.92,6.3,7.89,8.63,0,1,0,0,0,0,0,0,1,1
781.4,18.7,6.94,134.44,7.47,9.3,5.294,7.64,0,1,0,0,1,0,0,0,0,1
1071.2,28.9,6.5,145.62,5.31,6.6,2.89,6.13,0,0,0,1,1,0,0,0,0,0
717.2,25.1,6.5,155.1,5.75,6.4,0.78,8.41,0,1,0,0,0,0,0,1,0,1
603.3,22.3,6.04,144.0,1.39,7.4,1.91,7.41,0,0,1,0,0,0,0,1,0,1
868.6,21.9,6.46,190.4,3.54,6.0,0.62,7.1,0,1,0,0,1,0,0,0,0,0
1025.0,35.9,7.14,132.4,5.52,6.8,1.12,7.15,0,0,1,0,0,0,0,0,1,1
686.0,21.880000000000003,5.94,148.0,6.9,7.7,11.23,7.26,0,0,0,1,0,0,0,0,0,0
798.3,17.4,5.58,142.24,1.44,9.8,6.52,6.79,1,0,0,0,1,0,0,0,0,1
330.164,14.4,8.01,125.8,6.8,4.0,7.75,6.73,1,0,0,0,0,0,0,0,1,0
1010.9,26.3,6.04,85.0,4.4,8.6,3.79,11.52,1,0,0,0,0,1,0,0,0,1
854.4,14.4,6.22,214.5,4.87,10.3,3.18,7.86,0,1,0,0,0,0,0,0,1,1
699.2,32.5,8.27,178.0,3.08,6.6,1.98,8.28,0,0,0,1,0,0,1,0,0,1
945.1,27.8,6.44,204.9,4.93,5.1,4.58,8.42,1,0,0,0,0,0,0,0,1,0
672.5,19.9,6.93,133.1,4.44,8.9,2.41,7.67,0,0,0,0,1,0,0,0,0,0
925.0,26.0,5.8,232.7,4.28,9.0,7.57,9.32,1,0,0,0,0,0,0,0,1,1
1075.9,24.1,5.47,189.6,7.12,7.1,3.34,8.37,1,0,0,0,1,0,0,0,0,1
1171.7,23.5,6.67,239.4,2.88,9.3,1.35,6.93,0,0,1,0,1,0,0,0,0,1
635.0,14.8,6.65,94.4,3.43,6.2,1.05,7.64,0,0,1,0,0,0,1,0,0,0
1203.5,20.7,6.938,192.2,5.01,8.4,4.4,10.09,0,1,0,0,0,0,1,0,0,1
330.164,24.1,6.8,84.1,3.64,6.1,4.95,7.49,0,0,1,0,0,0,1,0,0,0
766.3,22.820000000000004,6.91,145.5,5.2860000000000005,7.5,2.34,10.58,1,0,0,0,0,1,0,0,0,0
732.2,20.2,6.14,120.0,6.25,6.0,3.23,8.24,0,0,0,0,0,0,0,0,1,1
1488.4299999999998,19.7,5.66,168.3,2.9,10.4,0.51,7.87,0,0,1,0,0,0,0,0,1,1
1065.2,28.8,5.79,157.0,2.74,8.6,8.17,9.44,0,1,0,0,0,0,1,0,0,1
1177.5,26.72,7.75,219.4,2.78,6.9,3.25,8.51,0,1,0,0,0,0,0,0,0,1
729.5,21.0,7.33,159.85999999999999,8.32,6.7,1.17,5.92,0,1,0,0,1,0,0,0,0,0
984.5,24.699999999999996,7.38,141.8,5.5,6.5,4.5,9.75,0,0,0,0,0,1,0,0,0,0
1020.8,21.6,8.37,140.8,2.98,7.0,3.936,8.09,1,0,0,0,0,0,0,0,0,1
720.6,13.0,7.38,186.1,2.64,6.88,5.23,7.64,0,0,1,0,0,0,0,1,0,1
844.9,22.5,5.7,156.6,6.43,5.8,1.03,6.41,0,0,1,0,1,0,0,0,0,0
767.6,22.5,7.68,284.6,3.3,8.6,23.98,7.87,0,0,0,1,0,0,0,0,1,1
354.5,15.5,6.92,124.51999999999998,5.43,8.5,1.21,7.39,0,1,0,0,0,0,0,0,0,0
1273.6,23.5,6.54,206.1,6.27,6.6,9.18,8.93,0,0,0,0,0,0,1,0,0,0
734.1,33.7,5.78,148.2,5.61,7.6,2.78,7.69,0,0,1,0,0,0,1,0,0,0
977.5,25.72,7.29,189.4,5.84,6.1,2.25,6.38,0,0,0,0,1,0,0,0,0,0
579.4,28.6,5.95,170.12,5.973999999999999,6.5,7.42,9.44,1,0,0,0,0,0,1,0,0,1
513.7,26.1,6.32,208.0,4.87,6.8,4.4,7.66,0,1,0,0,0,0,0,1,0,1
1059.6,24.1,6.87,7.624000000000001,4.91,8.2,2.43,8.85,1,0,0,0,0,0,0,0,1,1
476.0,31.8,6.99,108.0,6.92,5.6,11.47,8.54,0,0,0,1,0,0,1,0,0,0
1126.4,15.4,6.43,132.1,2.18,7.8,1.23,6.23,0,1,0,0,1,0,0,0,0,0
848.3,29.7,6.36,57.6,6.84,4.1,9.33,6.03,0,1,0,0,1,0,0,0,0,0
780.8,14.9,6.7,257.1,3.21,9.0,1.53,10.25,1,0,0,0,0,0,1,0,0,1
832.6,24.0,6.56,140.7,5.13,9.0,3.63,7.49,0,0,0,1,1,0,0,0,0,0
1297.6,27.4,7.61,193.0,4.37,7.7,1.29,7.62,0,0,0,1,0,0,0,0,1,0
1170.4,25.2,5.71,107.9,7.58,9.5,6.64,7.82,0,0,0,0,0,0,0,0,1,0
639.7,24.1,6.56,140.2,6.99,9.8,4.35,11.43,0,0,0,1,0,1,0,0,0,1
982.0,22.9,6.18,165.8,6.11,6.9,20.65,7.65,0,0,0,0,0,0,0,0,1,0
1443.7,20.8,6.13,165.7,7.24,4.0,8.19,8.65,0,0,0,1,0,0,1,0,0,0
1393.3,17.9,7.18,159.2,4.79,8.1,1.02,10.8,0,0,0,1,0,1,0,0,0,1
732.5,28.1,7.1,238.5,5.2,8.7,0.63,7.67,0,0,0,1,0,0,0,0,1,0
922.5,30.3,6.44,139.0,6.43,7.2,0.51,7.23,0,1,0,0,1,0,0,0,0,1
849.1,22.7,5.67,162.6,3.41,7.0,4.564000000000001,8.68,0,0,0,0,0,0,1,0,0,0
758.5,21.4,4.82,7.624000000000001,7.28,7.2,14.13,8.23,0,1,0,0,0,1,0,0,0,0
1184.6,17.4,5.5,138.7,8.66,5.7,9.57,8.49,0,1,0,0,0,0,0,0,0,1
823.2,19.8,5.93,48.0,6.1,10.5,8.79,9.59,0,1,0,0,0,0,1,0,0,1
715.8,31.8,5.59,146.7,6.06,8.6,2.12,5.2514,0,0,0,0,1,0,0,0,0,1
769.5,17.4,7.62,121.5,4.59,7.1,4.74,7.18,0,1,0,0,1,0,0,0,0,1
852.0200000000001,15.0,7.44,102.5,6.53,6.4,18.39,10.54,0,1,0,0,0,1,0,0,0,1
1087.8,23.3,6.84,177.8,7.93,7.6,1.15,7.04,0,1,0,0,0,0,0,1,0,0
869.4,28.1,8.25,110.0,1.98,7.5,2.11,7.97,0,1,0,0,0,0,0,0,1,1
954.7,16.1,6.19,148.9,5.21,6.8,3.92,10.88,0,0,0,0,0,1,0,0,0,0
943.7,26.4,6.08,122.8,8.02,9.8,2.47,8.31,0,0,1,0,0,0,0,0,1,1
631.3,26.6,6.92,80.8,8.27,7.0,2.22,7.18,0,0,1,0,0,0,0,0,0,0
1027.3,29.5,6.784000000000001,125.2,7.29,9.2,6.11,8.59,1,0,0,0,0,0,0,1,0,1
952.9,15.5,6.22,167.6,7.15,7.5,3.21,10.48,0,1,0,0,0,1,0,0,0,0
1312.7,27.46,5.87,159.3,6.84,5.6,1.31,7.21,0,1,0,0,0,0,0,0,1,1
631.4,31.8,5.88,53.9,4.544,8.0,1.21,7.59,0,0,0,0,0,0,0,0,1,1
978.1,26.8,6.64,82.5,7.29,5.8,4.76,9.83,1,0,0,0,0,0,1,0,0,1
1234.9,16.1,6.17,103.4,1.94,8.4,5.688000000000001,10.42,0,0,0,0,0,1,0,0,0,1
611.6,25.9,5.89,177.2,4.83,8.2,9.27,8.84,1,0,0,0,0,0,0,0,1,0
835.6,26.9,6.55,219.6,2.88,9.3,2.26,8.34,0,0,1,0,0,0,0,1,0,1
722.0,30.2,7.42,212.2,8.98,8.1,2.47,11.22,1,0,0,0,0,1,0,0,0,1
927.0,24.4,7.75,114.8,3.52,8.1,0.65,10.93,1,0,0,0,0,1,0,0,0,0
878.3,18.8,6.91,139.3,4.47,7.2,3.02,7.49,0,0,0,0,0,0,0,0,1,0
869.7,24.8,6.37,98.58,2.0,8.1,6.47,6.8,0,0,1,0,0,0,0,1,0,0
1190.5,25.2,6.64,152.2,2.02,6.0,4.4,7.81,0,0,0,1,0,0,0,1,0,1
1156.8,16.9,7.57,58.5,4.34,9.3,1.57,7.62,0,0,0,1,0,0,0,1,0,0
630.7,20.1,7.0,10.1,8.58,6.1,11.25,5.91,0,0,1,0,0,0,0,1,0,1
720.3,21.3,5.7,222.1,3.82,8.6,5.08,10.41,1,0,0,0,0,0,1,0,0,0
753.0,23.1,5.31,92.8,0.0,6.7,2.77,8.44,0,0,0,0,0,1,0,0,0,0
1073.5,23.5,6.37,93.3,3.03,7.9,2.04,8.04,0,1,0,0,1,0,0,0,0,1
1116.0,24.6,6.45,168.9,1.48,7.5,4.51,7.92,0,0,0,1,0,0,0,1,0,0
1083.5,18.1,7.09,109.9,5.28,6.9,0.85,8.51,0,0,0,1,0,0,1,0,0,0
680.9,29.9,7.13,186.9,1.65,7.8,3.91,7.36,0,1,0,0,0,0,0,1,0,1
723.7,24.7,7.93,112.7,7.99,6.9,5.61,10.21,0,1,0,0,0,1,0,0,0,1
1085.1,35.9,5.09,138.5,4.78,7.7,1.98,5.57,0,0,1,0,0,0,0,0,1,0
330.164,23.9,6.69,126.8,4.01,7.3,1.36,7.6,0,1,0,0,0,0,0,0,0,1
1249.8,23.1,7.36,84.8,4.07,7.3,1.31,11.27,1,0,0,0,0,1,0,0,0,1
1097.7,25.459999999999997,7.55,145.2,3.56,11.0,3.98,9.6,0,0,0,1,0,0,0,0,1,1
1064.6,25.1,6.909999999999999,208.1,3.88,7.659999999999999,2.79,8.91,1,0,0,0,0,0,0,1,0,0
962.36,24.2,6.86,205.5,3.98,5.1,3.28,7.61,0,1,0,0,0,0,0,1,0,1
672.0,17.1,7.79,143.3,8.27,8.5,5.59,11.23,1,0,0,0,0,1,0,0,0,1
862.2,29.1,5.9,81.7,7.36,4.0,13.29,7.38,0,0,1,0,0,0,0,1,0,1
970.9,25.1,6.1,151.4,5.65,7.6,5.75,8.81,0,0,0,1,0,0,0,0,1,1
837.9,21.4,6.88,117.2,5.61,8.9,2.39,8.97,0,0,1,0,0,1,0,0,0,0
1027.0,18.9,6.62,102.4,5.8,8.4,9.063799999999974,9.29,1,0,0,0,0,0,1,0,0,0
944.2,26.9,7.01,38.2,3.73,6.6,3.72,10.01,0,1,0,0,0,1,0,0,0,1
1004.3,21.8,7.09,219.9,2.06,7.8,1.97,9.32,0,1,0,0,0,0,1,0,0,1
807.2,19.8,5.74,145.98,8.31,7.0,2.42,8.2,0,0,1,0,0,0,0,0,1,1
1408.4,27.9,7.17,163.5,4.71,6.6,1.58,8.5,1,0,0,0,0,0,0,1,0,1
874.0,24.8,7.25,78.3,5.34,8.1,7.77,7.16,0,1,0,0,1,0,0,0,0,1
873.9,27.4,6.14,112.4,6.33,9.2,2.63,7.25,0,0,0,1,1,0,0,0,0,0
530.2,23.1,5.19,197.7,7.96,6.0,2.39,7.13,0,0,1,0,0,0,0,1,0,1
741.7,21.9,6.56,106.6,4.74,7.2,3.8,7.38,0,0,0,0,0,0,0,1,0,0
568.0,22.9,6.12,55.3,1.34,7.2,5.01,7.92,0,0,0,0,0,0,1,0,0,0
849.4,24.3,6.53,90.1,4.51,7.5,5.89,10.3,0,1,0,0,0,1,0,0,0,0
456.8,18.6,6.71,94.6,2.63,8.6,3.96,10.12,0,0,0,1,0,1,0,0,0,1
937.4,18.6,7.48,79.2,3.54,7.2,5.76,11.578600000000005,0,1,0,0,0,1,0,0,0,1
1328.2,17.4,6.84,7.624000000000001,5.71,7.0,7.47,5.2514,0,1,0,0,1,0,0,0,0,0
590.6,29.9,5.25,81.3,4.02,4.0,5.91,5.3,0,0,0,0,0,0,0,1,0,0
550.4,26.5,6.74,177.9,6.88,4.6,0.69,8.91,0,1,0,0,0,0,1,0,0,1
780.9,23.7,6.9,125.52000000000001,3.37,6.1,4.14,9.0,0,0,1,0,0,0,1,0,0,1
1331.2,29.1,6.5,125.9,0.66,11.0,9.56,7.85,0,0,0,1,1,0,0,0,0,1
825.6,26.8,6.44,184.1,4.92,7.2,1.86,8.04,0,0,0,1,0,0,0,1,0,1
575.1,19.2,5.75,205.0,5.57,9.0,13.66,11.23,0,0,1,0,0,1,0,0,0,1
956.8,20.3,8.07,207.9,1.91,9.3,1.27,9.33,0,0,0,0,0,0,1,0,0,1
720.8,28.0,6.16,64.0,3.56,4.7,2.462,6.28,0,0,1,0,0,0,0,1,0,0
1079.5,25.5,6.05,114.3,9.76,4.8,3.83,8.49,0,0,0,0,0,0,0,0,1,1
946.6,12.8,6.29,85.6,6.11,8.8,0.97,8.0,0,1,0,0,0,0,1,0,0,1
921.0600000000001,22.7,6.02,130.2,3.2,9.2,3.57,8.7,0,0,1,0,0,0,1,0,0,1
896.9,24.3,5.2,177.3,3.63,7.0,1.58,5.53,0,0,0,1,1,0,0,0,0,0
795.0,22.0,6.76,121.2,2.06,9.7,9.94,8.3,0,0,0,1,0,0,0,1,0,1
881.1,27.8,5.73,104.6,5.86,10.2,9.95,9.94,0,1,0,0,0,1,0,0,0,0
491.9,25.4,6.73,198.1,5.34,8.7,5.47,7.09,0,0,0,1,0,0,0,1,0,0
818.1,26.3,5.52,80.9,10.857599999999984,11.0,1.34,7.05,0,0,1,0,0,0,0,0,0,1
1062.3,27.3,5.81,116.4,6.79,8.0,8.43,7.1,1,0,0,0,1,0,0,0,0,0
848.8,26.0,6.93,187.5,4.3,7.9,2.81,8.56,0,0,0,0,0,0,0,0,0,1
862.8,26.9,6.36,48.7,4.26,7.3,8.74,7.23,0,0,0,0,0,0,0,0,1,0
889.9200000000001,22.6,6.41,102.8,4.56,7.4,3.62,8.25,1,0,0,0,0,0,0,0,0,0
1014.9,24.7,7.95,177.98,4.9,5.5,1.02,7.15,0,0,0,1,0,0,0,1,0,1
1069.0,21.2,5.58,184.3,0.0,7.8,0.62,6.84,0,0,0,0,0,0,0,1,0,0
1113.2,22.2,6.49,184.8,2.94,9.0,0.69,8.37,0,0,1,0,0,0,1,0,0,0
610.2,17.2,6.69,99.7,8.87,9.4,4.03,11.578600000000005,1,0,0,0,0,1,0,0,0,1
1050.5,22.74,6.58,187.4,6.51,8.6,1.71,5.65,0,0,1,0,1,0,0,0,0,1
460.3,27.8,6.21,158.5,5.15,5.4,2.84,7.77,0,1,0,0,0,0,0,0,0,1
1066.3,30.5,5.49,171.9,4.79,8.3,4.14,9.31,0,0,0,0,0,0,1,0,0,1
868.2,30.9,6.5,151.7,6.33,9.0,1.73,6.64,0,0,0,1,0,0,0,1,0,0
767.8,17.0,8.16,175.8,2.73,9.9,4.14,9.13,1,0,0,0,0,0,1,0,0,0
1080.6,17.5,7.53,110.3,3.61,4.4,5.41,7.41,1,0,0,0,0,0,0,1,0,0
1039.1,20.9,7.35,98.7,4.98,7.9,5.8,5.91,0,0,1,0,0,0,0,0,1,0
1372.6,20.0,7.19,112.0,2.316,6.5,2.09,8.98,1,0,0,0,0,0,0,0,0,1
1144.7,21.6,5.53,179.2,6.56,6.9,1.99,7.77,0,0,0,1,0,0,0,0,0,0
1410.6,24.7,6.77,7.624000000000001,3.2340000000000004,10.4,9.88,7.29,0,1,0,0,0,0,0,0,0,0
712.1,29.1,6.85,113.8,1.95,10.9,9.8,8.28,0,0,0,0,0,0,0,0,1,1
798.72,19.1,7.1,18.1,6.0,6.2,2.45,9.79,0,0,0,0,0,1,0,0,0,1
965.7,26.7,8.15,256.5,8.1,8.0,1.24,8.26,0,1,0,0,0,0,0,0,1,1
722.5,24.1,6.87,223.6,4.29,8.3,2.69,11.1,1,0,0,0,0,1,0,0,0,0
1116.6,28.0,8.42,143.7,5.45,6.720000000000001,1.5,5.47,0,0,1,0,0,0,0,0,0,0
1069.8,24.6,6.12,125.8,7.4,9.9,3.62,7.18,0,0,0,0,0,0,0,0,0,0
637.5,24.9,6.07,20.3,7.18,7.0,0.65,6.34,1,0,0,0,1,0,0,0,0,1
1231.6,19.2,5.42,205.9,6.43,9.8,5.82,9.48,0,0,0,0,0,0,1,0,0,1
809.6,29.0,6.7,132.5,1.85,6.1,4.69,7.87,0,0,0,1,0,0,0,0,0,0
1488.4299999999998,23.9,5.18,131.4,6.94,7.9,3.32,9.72,0,0,0,0,0,1,0,0,0,1
988.9,24.94,7.45,127.1,6.62,6.9799999999999995,3.79,7.38,0,0,0,0,1,0,0,0,0,1
570.9,25.7,6.39,192.2,0.0,10.0,3.97,7.64,0,0,0,0,0,0,0,0,1,0
861.1,21.6,7.21,191.7,4.42,7.2,4.62,8.93,0,1,0,0,0,0,0,0,1,1
1125.9,21.5,6.56,172.57999999999998,7.73,7.3,3.6700000000000004,7.09,0,0,0,0,1,0,0,0,0,1
818.6,22.5,6.56,151.5,0.0,7.1,0.42,8.9,0,0,1,0,0,0,1,0,0,1
1121.7,23.5,7.19,139.9,3.93,6.8,1.57,8.72,0,1,0,0,0,0,0,0,1,1
1039.8,24.8,7.54,200.8,2.05,9.6,2.82,9.0,0,0,0,1,0,0,1,0,0,0
962.1,19.0,6.63,147.3,5.7,6.2,1.45,9.44,0,1,0,0,0,0,1,0,0,1
644.0,23.8,7.2,184.5,8.77,9.2,1.92,7.22,0,0,0,1,1,0,0,0,0,1
1413.7,20.8,7.8,154.8,4.01,6.3,0.82,7.58,1,0,0,0,0,0,0,0,1,0
479.0,34.8,6.01,216.8,4.84,8.8,3.8,10.8,1,0,0,0,0,1,0,0,0,1
976.3399999999999,26.6,5.68,126.9,0.0,6.4,4.49,8.04,0,0,0,0,0,0,0,0,1,1
1280.7,22.4,8.42,115.7,4.97,8.4,1.46,5.75,0,1,0,0,0,0,0,1,0,0
871.646,21.9,7.81,7.624000000000001,6.51,9.9,0.5,5.26,0,0,0,0,0,0,0,1,0,0
1043.5,25.0,6.77,286.7380000000001,3.91,8.5,4.523999999999999,8.52,1,0,0,0,0,0,0,1,0,1
663.1,26.6,7.38,240.4,3.16,8.0,2.94,10.7,0,0,0,0,0,1,0,0,0,1
796.0,32.6,6.2,180.3,10.2,6.1,4.54,5.71,0,0,0,1,1,0,0,0,0,0
1088.3,29.4,6.24,142.3,7.78,8.3,5.68,7.26,0,0,1,0,0,0,0,0,1,0
924.3,28.4,7.23,134.4,10.857599999999984,8.0,2.534,7.57,0,0,1,0,0,0,0,0,1,1
660.8,33.0,6.46,78.9,5.766,6.2,3.62,7.17,1,0,0,0,0,0,0,0,1,0
834.3,18.7,6.51,147.2,3.89,8.7,1.85,7.62,0,1,0,0,0,0,0,0,1,0
1180.9,20.2,6.95,286.7380000000001,1.69,6.8,3.2,7.64,1,0,0,0,1,0,0,0,0,1
999.7,25.1,5.62,57.7,7.5,8.2,1.35,7.57,0,1,0,0,0,0,0,0,0,1
561.3,27.8,5.57,229.1,4.79,8.8,6.99,6.82,0,0,0,0,0,0,0,1,0,0
466.8,32.8,4.74,183.1,5.51,6.9,5.17,8.45,0,0,0,1,0,0,1,0,0,1
817.8,24.0,7.0,92.4,5.0,8.8,6.18,8.52,1,0,0,0,0,0,0,0,1,1
1004.9,35.9,7.4,216.1,4.2,6.8,3.32,7.17,0,1,0,0,0,0,0,0,1,1
813.2,24.5,7.22,181.4,4.5,7.9,8.36,8.08,0,1,0,0,0,0,0,0,1,0
1042.9,31.1,6.07,114.3,7.75,7.8,1.87,10.48,0,0,0,1,0,1,0,0,0,1
718.7,26.6,5.44,100.3,4.44,6.4,6.27,8.79,0,0,0,1,0,0,1,0,0,0
1077.9,24.2,6.11,135.7,6.52,8.1,1.48,9.63,0,0,0,0,0,0,1,0,0,1
1488.4299999999998,31.0,5.12,198.9,2.62,8.3,0.97,5.43,0,0,0,0,1,0,0,0,0,0
1251.7,24.8,7.22,37.8,2.72,7.8,4.62,10.34,1,0,0,0,0,0,1,0,0,1
804.3,16.9,6.25,68.5,2.18,7.2,1.65,7.31,0,0,1,0,0,0,0,1,0,1
334.3,22.6,6.42,165.2,5.087999999999999,6.6,5.09,7.94,0,1,0,0,0,0,0,0,1,1
912.0,21.9,5.46,189.2,4.42,8.7,2.61,9.69,0,0,0,0,0,0,1,0,0,1
1141.6,27.9,6.03,139.3,4.91,4.9,9.03,7.99,0,0,0,0,0,0,0,0,0,1
827.6,27.7,5.98,169.5,7.02,10.6,3.89,8.25,1,0,0,0,0,0,0,0,1,0
740.3,24.84,7.17,182.4,3.87,8.3,0.61,9.3,1,0,0,0,0,0,0,0,0,1
658.7,20.7,6.08,203.8,5.35,8.4,3.4,8.2,0,0,1,0,0,0,0,1,0,1
662.2728,29.0,6.47,136.6,1.34,5.9,13.39,8.66,0,0,0,0,0,0,1,0,0,1
878.3,25.2,6.63,142.44,4.54,8.9,9.67,8.93,0,0,1,0,0,0,1,0,0,1
701.5,23.8,6.05,172.8,3.49,7.9,1.5,8.75,0,0,0,1,0,0,0,0,0,1
962.1,24.9,6.94,144.3,5.8,8.8,7.28,11.05,0,1,0,0,0,1,0,0,0,0
959.2,18.3,6.39,143.0,7.21,6.6,3.31,8.29,0,0,1,0,0,0,0,0,1,1
808.0,31.0,7.0,171.5,6.27,7.4,5.344,9.76,0,1,0,0,0,1,0,0,0,0
1117.2,27.6,8.18,155.9,3.82,8.4,8.33,9.88,0,0,0,1,0,1,0,0,0,1
921.3,16.1,6.98,172.5,2.62,7.6,3.12,7.8,0,0,0,0,0,0,0,0,1,1
901.5799999999999,15.7,6.19,155.4,6.26,9.9,11.11,8.54,0,1,0,0,0,0,0,1,0,1
997.4,15.6,6.41,38.5,3.05,7.1,4.55,5.29,0,0,1,0,1,0,0,0,0,0
577.1,16.4,7.53,220.8,5.14,6.3,3.67,6.35,0,0,1,0,1,0,0,0,0,1
590.5,29.7,6.86,32.5,8.05,9.4,2.382,5.9,0,0,1,0,0,0,0,1,0,0
700.3,28.4,7.28,210.7,4.27,5.0,0.7,6.02,0,0,0,0,1,0,0,0,0,0
938.9,23.5,6.37,187.2,0.85,8.1,3.11,7.82,0,0,0,0,0,0,0,0,1,0
821.7,27.3,5.71,63.6,3.47,8.1,3.88,10.51,0,0,1,0,0,1,0,0,0,1
1398.0,26.0,7.32,106.8,5.47,9.9,3.56,6.89,0,0,0,1,0,0,0,1,0,0
728.4,20.0,5.93,88.9,2.32,7.8,2.06,10.21,1,0,0,0,0,1,0,0,0,0
508.8,30.7,6.5,57.3,1.31,7.4,5.67,7.22,0,0,0,1,0,0,0,0,0,1
1009.2,20.5,7.24,148.67999999999998,10.25,5.0,2.43,8.67,0,0,0,0,0,0,1,0,0,1
973.4,14.5,6.39,219.6,6.77,8.6,2.34,7.01,0,0,0,0,1,0,0,0,0,1
996.3,28.4,6.714,99.7,4.48,7.7,4.57,7.78,0,1,0,0,0,0,0,0,0,1
909.2,22.0,4.87,205.3,7.21,6.4,7.1,7.2,0,0,0,1,0,0,0,1,0,1
871.2,19.2,6.7,124.9,4.4799999999999995,11.0,5.08,8.97,0,0,0,1,0,0,0,0,0,1
956.8,16.4,4.59,143.45999999999998,3.35,8.8,11.36,7.94,1,0,0,0,0,0,1,0,0,0
1106.8,20.5,6.93,215.9,5.71,4.8,2.34,8.18,1,0,0,0,0,0,0,1,0,0
770.2,15.4,7.02,184.4,4.8,7.9,1.67,11.578600000000005,1,0,0,0,0,1,0,0,0,1
341.2,27.1,6.93,123.0,5.76,8.9,1.9,7.11,0,0,0,0,0,0,0,1,0,1
1043.3,22.4,6.63,182.5,2.44,4.9,8.28,10.56,0,0,0,0,0,1,0,0,0,0
957.4,21.5,7.69,268.4,6.53,7.0,3.19,9.53,0,0,0,0,0,0,1,0,0,1
995.1,19.9,5.12,156.44,0.0,9.2,4.01,6.12,0,0,1,0,1,0,0,0,0,0
1043.6,15.4,4.59,152.7,7.92,9.0,23.45,5.79,0,0,1,0,1,0,0,0,0,1
667.0,24.7,7.16,97.2,4.89,6.0,2.32,6.78,0,0,0,0,0,0,0,0,1,0
971.4,28.4,8.42,91.3,5.67,7.3,0.48,5.36,0,1,0,0,0,0,0,1,0,0
795.34,23.4,6.88,68.9,2.44,4.7,4.8,7.07,0,0,1,0,0,0,0,1,0,1
1203.9,25.9,6.51,239.6,5.34,6.8,5.22,7.0,0,0,1,0,1,0,0,0,0,1
1128.2,12.9,4.94,120.5,3.37,7.4,0.91,7.3,0,0,0,0,0,0,1,0,0,0
829.0,29.0,6.0,175.5,4.34,4.4,3.32,8.19,1,0,0,0,0,0,0,1,0,1
907.8,22.0,5.42,75.2,4.68,5.4,4.41,7.47,0,1,0,0,0,0,0,1,0,1
461.2,26.8,6.63,226.4,2.95,7.5,1.89,7.35,0,0,1,0,0,0,0,0,1,1
781.0,25.2,5.31,158.1,10.17,7.4,3.34,8.4,0,0,0,1,0,0,0,0,0,1
533.1,15.6,6.304,190.1,3.29,6.3,4.06,8.51,0,0,0,1,0,0,0,0,1,1
990.2,25.5,5.8,166.5,5.24,7.5,3.05,9.21,0,1,0,0,0,0,1,0,0,1
909.3,17.1,6.92,141.6,1.56,8.0,9.61,9.16,1,0,0,0,0,0,0,0,0,1
623.3,24.3,4.91,138.1,2.39,6.7,1.6,6.9,1,0,0,0,0,0,0,0,0,0
632.7,20.6,7.32,180.0,7.02,5.7,0.93,8.21,0,0,0,1,0,0,1,0,0,0
940.3,16.1,7.03,131.8,4.57,6.9,2.56,7.62,0,0,1,0,0,0,0,0,1,0
1084.2,18.6,8.05,217.7,5.37,9.9,2.43,6.56,0,0,0,0,0,0,0,1,0,0
961.1,26.6,7.47,216.4,6.3,8.4,9.77,8.67,0,0,0,0,0,0,0,0,0,1
862.4,26.560000000000002,6.22,160.8,1.43,9.7,3.61,7.59,0,0,0,1,0,0,0,0,0,1
990.3,19.9,5.98,15.1,4.2,7.5,1.56,7.11,0,1,0,0,0,0,0,1,0,1
1069.1,22.4,5.55,244.0,2.86,8.36,4.914,10.4,0,0,0,1,0,1,0,0,0,0
688.6,26.4,6.64,131.4,5.4,4.8,0.95,7.01,0,0,0,0,0,0,0,1,0,1
555.2,24.5,5.21,134.5,7.65,9.6,0.85,9.49,0,0,0,1,0,0,1,0,0,1
1051.0,22.1,6.24,93.7,3.232,7.0,3.6,7.57,0,0,1,0,0,0,1,0,0,0
1079.5,21.3,6.23,181.7,7.06,8.0,0.8,11.51,0,0,0,0,0,1,0,0,0,1
1127.4,21.7,6.79,175.7,6.72,5.7,2.11,8.66,0,1,0,0,0,0,0,0,1,0
1146.6,28.1,7.06,149.5,3.37,6.2,0.72,8.51,1,0,0,0,0,0,0,0,1,0
762.6,19.5,6.42,74.2,4.73,8.0,3.58,6.83,0,1,0,0,0,0,0,1,0,0
1273.0,25.7,7.33,225.4,4.9,7.5,0.96,10.25,1,0,0,0,0,0,1,0,0,1
783.9,35.9,7.76,203.1,4.54,9.0,1.17,6.12,0,0,0,0,0,0,0,1,0,0
918.96,27.4,7.64,141.5,4.98,8.2,5.67,9.78,0,0,1,0,0,1,0,0,0,1
1186.5,30.3,6.05,207.3,6.45,10.7,1.83,7.1,0,1,0,0,0,0,0,0,1,0
1088.2,26.7,6.79,56.0,3.92,7.9,7.37,7.75,0,0,0,0,0,0,0,0,1,1
1320.4,30.5,5.54,85.5,4.16,7.7,3.48,7.55,0,0,0,0,0,0,0,0,1,0
495.8,26.1,6.44,236.2,3.8659999999999997,8.2,11.74,8.61,0,0,0,0,0,0,0,0,1,1
1159.4,26.7,5.9,229.8,5.0,8.0,7.45,8.32,0,0,0,1,0,0,0,0,1,1
1392.2,24.4,7.48,245.7,8.62,6.0,6.53,7.26,0,0,0,0,1,0,0,0,0,1
1035.7,13.6,6.81,204.2,5.39,8.6,1.59,7.24,1,0,0,0,1,0,0,0,0,0
330.164,25.8,6.19,107.2,1.57,7.1,7.93,6.59,0,0,0,1,0,0,0,1,0,1
938.3,24.8,6.07,142.6,7.9,9.1,1.1,6.73,0,0,0,1,0,0,0,1,0,0
1349.2,28.8,7.37,135.7,7.4,5.2,0.94,6.19,0,0,0,0,1,0,0,0,0,1
1028.7,24.3,7.32,7.624000000000001,7.35,8.3,4.36,10.72,0,0,0,1,0,1,0,0,0,1
682.6,22.0,6.6,133.3,4.22,6.5,3.45,6.3,0,0,1,0,0,0,0,1,0,0
660.4,23.4,5.87,112.5,8.83,6.8,4.39,7.05,0,0,0,0,0,0,0,0,1,0
752.7,29.9,6.31,193.9,3.4,7.0,3.72,11.37,0,1,0,0,0,1,0,0,0,1
1396.9,24.8,8.14,77.6,3.84,8.0,6.82,6.58,0,0,0,1,0,0,0,1,0,0
996.7,34.9,5.57,52.0,3.3919999999999995,6.6,11.43,7.16,0,1,0,0,0,0,0,0,0,1
484.5,19.2,5.39,182.9,7.73,6.2,28.908999999999867,7.58,1,0,0,0,1,0,0,0,0,1
703.0,19.7,6.84,46.8,2.33,5.8,9.0,5.2514,0,0,0,0,0,0,0,1,0,0
954.6,25.5,6.59,170.3,3.1,6.5,0.71,8.25,0,0,0,1,0,0,0,1,0,1
1289.2,23.9,6.14,132.3,5.444,7.359999999999999,1.29,7.04,0,0,0,1,1,0,0,0,0,1
1267.1,20.8,7.17,231.1,6.04,7.1,4.67,7.46,0,0,0,1,1,0,0,0,0,0
414.6,12.6,5.87,214.8,8.11,6.5,4.06,7.26,0,1,0,0,0,0,0,0,0,1
919.76,20.1,7.1,130.4,6.53,6.8,2.18,7.47,0,0,1,0,0,0,1,0,0,0
892.6,32.8,5.18,226.4,6.98,9.4,4.38,7.1,1,0,0,0,0,0,0,1,0,1
788.2,25.4,5.34,93.2,5.43,7.5,0.76,8.02,0,0,0,1,0,0,1,0,0,0
654.0,23.2,7.5,255.5,5.6,8.0,2.83,7.2,0,0,1,0,1,0,0,0,0,1
786.7728,21.56,6.47,108.7,4.45,7.5,14.75,9.49,0,0,0,1,0,0,1,0,0,1
1246.4,28.0,6.938,102.0,8.6,7.5,2.79,7.81,0,1,0,0,0,0,0,1,0,1
883.5,20.0,5.84,112.8,2.52,8.0,1.47,9.21,0,1,0,0,0,0,1,0,0,1
819.6,27.8,6.24,195.6,10.857599999999984,7.8,3.51,9.46,0,0,1,0,0,0,1,0,0,1
709.0,18.6,6.36,168.1,3.28,7.8,1.09,10.17,0,0,0,0,0,1,0,0,0,0
873.3,29.3,7.01,213.2,7.95,7.5,0.68,9.26,0,0,1,0,0,1,0,0,0,0
854.9399999999999,26.1,7.13,187.1,2.24,8.0,1.95,8.81,0,0,0,0,0,0,0,0,1,1
962.6,22.5,7.82,110.0,9.66,7.4,3.32,7.79,0,0,0,0,0,0,1,0,0,0
647.2,19.7,6.74,99.7,4.14,5.6,12.89,7.7,1,0,0,0,0,0,0,1,0,0
918.8,30.6,7.47,139.92000000000002,7.99,6.7,8.82,8.0,0,0,1,0,0,0,0,0,0,1
935.8,15.0,5.87,199.9,1.08,6.4,0.67,5.94,0,0,0,0,1,0,0,0,0,0
570.7,32.1,6.71,7.624000000000001,5.97,7.8,0.93,8.62,0,0,0,1,0,1,0,0,0,0
1369.0,19.5,5.62,92.0,1.75,6.5,3.34,6.65,0,0,0,0,1,0,0,0,0,1
865.8,28.4,6.32,232.6,5.89,7.7,10.48,8.06,0,0,1,0,0,0,0,1,0,1
330.164,17.3,5.47,51.3,2.72,8.0,6.92,6.7,0,0,0,1,0,0,0,1,0,1
1404.5,27.8,6.09,125.5,5.72,10.4,2.2,10.85,0,1,0,0,0,1,0,0,0,1
899.24,27.0,6.04,150.6,0.0,8.6,2.07,8.23,0,0,0,0,0,0,0,0,1,0
1061.9,28.2,4.99,128.5,7.06,7.7,9.82,9.4,0,0,0,0,0,1,0,0,0,0
874.6,24.0,7.57,92.0,3.6,5.2,15.72,11.08,0,0,0,1,0,1,0,0,0,1
1006.2,34.8,6.04,162.8,5.46,7.6,1.01,6.73,0,0,0,0,0,0,0,0,1,0
1096.3,27.6,8.3,87.3,4.47,7.0,7.71,7.56,0,0,1,0,0,0,1,0,0,0
896.2800000000001,26.6,5.86,74.5,9.53,6.5,1.35,10.18,0,1,0,0,0,1,0,0,0,1
827.3,25.1,6.67,181.7,0.8,7.3,3.8099999999999996,10.51,0,1,0,0,0,1,0,0,0,1
939.4,18.7,6.632,206.4,6.9,6.2,1.04,10.4,0,0,1,0,0,1,0,0,0,1
675.3,17.6,6.14,251.3,2.39,5.3,4.428,8.37,0,0,0,0,0,0,1,0,0,1
1059.0,29.1,6.48,82.3,5.4,7.7,6.78,9.57,0,0,1,0,0,0,1,0,0,1
896.9,21.1,6.43,82.5,4.25,6.8,5.29,7.7,0,0,1,0,0,0,0,1,0,1
789.5,28.5,7.38,125.5,6.04,9.2,5.214,7.71,0,0,0,1,0,0,0,1,0,0
1254.6,25.9,5.06,199.6,6.43,8.7,0.85,10.31,0,0,0,0,0,1,0,0,0,1
1118.6,17.3,6.49,118.1,8.99,6.0,1.6,7.37,0,0,0,0,0,0,0,1,0,1
648.6,15.7,7.44,132.9,4.97,6.4,3.89,8.2,0,1,0,0,0,0,0,0,1,1
734.7,22.1,6.43,104.0,4.554,6.5,2.28,10.2,0,0,1,0,0,1,0,0,0,0
1442.8,27.9,5.59,135.3,3.8,4.9,3.13,7.29,1,0,0,0,1,0,0,0,0,0
757.6,21.3,6.21,7.624000000000001,5.12,8.7,3.8,7.75,1,0,0,0,0,0,0,0,1,0
1209.1,22.8,8.31,125.5,3.01,5.6,0.91,7.03,0,0,1,0,0,0,1,0,0,0
1233.0,25.96,6.02,222.7,5.45,9.1,3.8,9.63,0,0,0,1,0,0,0,1,0,1
477.3,27.1,5.96,92.7,8.38,5.4,4.88,7.41,1,0,0,0,0,0,0,0,0,1
657.8,28.0,5.46,213.5,1.81,7.0,2.768,7.17,0,0,1,0,0,0,0,0,1,1
652.8,29.3,6.79,138.42000000000002,5.2,9.3,3.0,8.74,0,0,0,1,0,0,0,0,1,1
833.2,21.0,5.83,180.3,6.03,7.0,0.95,8.02,1,0,0,0,0,0,0,0,0,0
876.5,16.0,6.13,95.2,4.78,6.2,0.89,10.65,0,0,0,1,0,1,0,0,0,0
1175.4,22.3,6.87,175.76000000000002,0.0,7.8,0.98,10.08,0,0,0,0,0,1,0,0,0,1
830.2,31.4,7.55,174.2,3.17,6.3,1.67,7.11,0,0,1,0,0,0,0,0,1,0
1025.4,21.6,6.18,149.7,5.39,8.1,12.44,8.17,0,0,0,0,0,0,0,0,0,0
1000.5,19.4,6.62,144.3,8.69,7.1,1.84,10.06,1,0,0,0,0,0,1,0,0,0
957.5,26.6,8.23,135.6,8.45,7.9,2.37,6.42,0,1,0,0,1,0,0,0,0,1
908.0,22.0,5.99,243.5,0.91,11.0,28.908999999999867,9.26,1,0,0,0,0,0,0,0,0,0
904.2,32.4,5.12,71.6,8.3,10.7,3.54,5.67,0,0,1,0,0,0,0,1,0,0
577.7,24.0,5.7,152.8,6.2,8.0,5.61,7.06,0,0,1,0,0,0,0,1,0,1
1155.8,23.0,6.02,165.8,3.39,6.0,4.36,7.87,0,0,1,0,0,0,0,0,1,1
1241.5,32.6,7.56,147.9,5.98,9.2,3.2,7.79,0,1,0,0,0,0,0,0,0,1
841.2,30.2,6.37,154.8,0.34,5.4,2.0,6.6,0,0,1,0,0,0,0,0,1,0
638.3,23.4,6.77,169.4,6.63,5.8,3.79,8.74,0,0,0,0,0,0,0,0,0,1
432.5,29.8,7.02,122.1,2.51,7.2,3.71,5.68,0,0,1,0,1,0,0,0,0,0
1326.9,21.6,5.85,191.8,6.02,5.0,6.3,8.69,1,0,0,0,0,0,0,0,0,1
532.0,28.7,5.89,153.3,0.47,8.7,9.91,7.37,0,0,0,0,0,0,0,0,1,1
854.5,27.5,6.22,245.8,5.13,7.0,4.02,6.46,0,0,0,0,1,0,0,0,0,0
1101.1,33.1,5.31,62.1,6.77,7.7,5.65,5.45,0,0,1,0,1,0,0,0,0,1
1191.7,24.2,5.83,74.9,3.06,7.0,0.48,8.46,0,0,0,0,0,0,1,0,0,1
1044.4,19.7,7.5,108.4,1.45,7.6,2.35,8.21,0,1,0,0,0,0,1,0,0,1
1192.2,21.9,6.62,160.9,6.21,6.6,9.45,9.92,0,1,0,0,0,0,1,0,0,1
897.7,29.1,6.39,253.6,5.74,7.0,0.85,6.84,0,0,1,0,0,0,0,0,1,0
1096.7,21.5,6.43,124.6,5.51,7.0,3.38,5.45,0,0,0,1,1,0,0,0,0,0
1182.6,23.5,6.34,149.0,5.44,7.5,6.84,8.24,0,1,0,0,0,0,0,0,1,0
735.3,21.3,7.38,177.8,4.17,10.2,1.26,10.66,0,0,0,0,0,1,0,0,0,1
1055.6,14.4,8.15,112.8,6.11,5.4,6.63,9.49,1,0,0,0,0,0,1,0,0,1
990.24,22.099999999999998,5.95,200.5,7.84,6.8,1.58,8.41,0,1,0,0,0,0,1,0,0,0
1271.6,26.3,6.41,123.63999999999999,3.636,7.0,4.37,6.47,0,0,1,0,0,0,0,1,0,0
618.7,31.8,6.39,126.8,5.7,8.6,1.53,10.38,0,1,0,0,0,1,0,0,0,1
521.2,26.3,5.78,107.2,10.857599999999984,6.6,1.55,9.94,1,0,0,0,0,1,0,0,0,0
714.7,19.9,7.97,114.6,3.56,6.9,15.41,5.94,0,0,1,0,1,0,0,0,0,1
944.4799999999999,20.3,6.5,111.3,0.0,5.9,3.95,7.77,0,0,0,0,0,0,0,1,0,0
1121.3,22.1,6.76,63.4,9.31,9.9,0.94,7.24,0,0,1,0,0,0,1,0,0,0
1103.8,19.9,6.3,253.9,7.32,5.6,1.5,8.24,1,0,0,0,0,0,0,0,0,0
400.6,15.9,7.77,107.4,5.88,5.4,1.97,8.31,0,0,0,1,0,0,1,0,0,1
1256.2,26.6,7.68,114.8,6.34,6.1,28.908999999999867,7.3,1,0,0,0,0,0,0,0,0,0
646.2,29.8,7.33,103.9,6.93,7.8,3.814,7.01,0,0,0,1,0,0,0,0,0,0
884.4,24.8,7.09,150.6,1.57,6.5,1.72,7.64,1,0,0,0,0,0,0,1,0,0
502.4,23.8,7.37,142.5,7.88,6.82,8.53,7.62,0,0,0,1,1,0,0,0,0,1
798.2,21.5,4.62,132.4,6.14,6.8,6.11,8.24,0,0,0,0,0,0,0,0,1,0
1374.2,19.3,6.1,200.0,2.37,7.8,7.37,11.578600000000005,0,0,0,0,0,1,0,0,0,1
743.0,24.7,5.52,120.2,7.06,6.9,2.34,7.54,0,0,0,0,0,0,0,0,1,0
547.0,25.4,4.95,114.0,0.67,6.8,5.8100000000000005,10.49,1,0,0,0,0,1,0,0,0,1
837.2,26.2,6.91,137.3,5.77,10.6,10.02,7.98,0,0,1,0,0,0,1,0,0,0
1258.3,19.8,6.33,176.7,3.91,6.1,5.85,8.23,0,0,0,1,0,0,0,1,0,1
1088.4,23.2,6.85,179.1,6.15,7.4,2.29,8.64,0,0,0,0,0,0,0,0,0,1
1031.4,22.5,6.54,116.5,6.28,10.3,8.57,8.53,0,1,0,0,0,0,0,1,0,1
1105.1,20.1,8.42,142.7,8.59,10.1,3.57,8.6,0,0,0,0,0,0,0,1,0,1
891.1,29.2,5.84,100.2,0.52,6.8,1.64,10.48,0,0,0,1,0,1,0,0,0,0
1021.9,12.4,5.97,122.5,8.75,8.1,3.7299999999999995,7.75,0,0,0,1,0,0,0,0,0,0
1001.1,27.3,5.974,221.0,8.43,7.9,2.62,8.41,0,0,0,1,0,0,0,0,0,1
1029.4,20.6,6.03,184.0,4.79,7.2,2.61,8.98,1,0,0,0,0,0,0,0,0,0
1016.4,27.5,7.79,60.8,4.65,8.7,5.82,7.98,0,0,1,0,0,0,1,0,0,1
1092.6,19.5,4.64,99.5,5.81,6.0,2.74,5.6,0,0,1,0,1,0,0,0,0,0
989.6,30.5,7.8,13.6,3.49,5.1,3.17,10.46,1,0,0,0,0,1,0,0,0,1
1147.1,23.1,7.6,260.5,5.79,4.3,3.82,9.9,0,1,0,0,0,1,0,0,0,0
928.28,26.1,4.59,262.8,3.7,5.3,2.33,6.61,0,0,0,1,0,0,0,1,0,1
874.5,21.9,6.94,258.1,5.55,7.0,1.76,6.81,0,0,1,0,1,0,0,0,0,1
881.7,20.1,6.21,190.5,3.93,9.4,28.55,9.43,1,0,0,0,0,0,1,0,0,0
1144.8,22.0,7.11,203.3,3.95,6.2,4.09,7.73,0,1,0,0,0,0,0,1,0,1
715.7,27.3,5.86,172.0,0.92,9.5,3.67,11.42,0,0,0,1,0,1,0,0,0,1
427.9,20.5,6.33,244.7,5.71,8.0,4.44,9.08,0,0,1,0,0,1,0,0,0,0
1111.7,23.2,4.84,230.0,3.3,7.8,13.5,6.38,0,0,0,0,1,0,0,0,0,1
1104.9,15.5,5.13,85.1,2.47,7.8,5.6,11.01,1,0,0,0,0,1,0,0,0,1
814.7,34.2,6.75,228.4,5.264,6.9,3.84,6.76,0,1,0,0,0,0,0,0,1,0
892.8,21.1,7.57,154.1,6.01,5.6,2.77,8.92,0,1,0,0,0,0,1,0,0,0
1032.8,27.4,6.29,260.6,7.76,9.0,4.92,8.93,0,0,1,0,0,0,1,0,0,1
1287.8,28.5,6.19,181.6,5.33,5.7,28.908999999999867,7.5,0,0,0,0,0,0,0,1,0,0
966.1,30.5,5.95,95.7,7.58,7.5,11.83,10.08,0,0,0,0,0,1,0,0,0,1
1382.0,25.0,5.4,223.7,6.27,8.7,2.78,11.12,0,1,0,0,0,1,0,0,0,1
831.3,24.8,6.9,97.4,3.68,6.9,3.34,8.28,0,1,0,0,0,0,0,0,0,1
1488.4299999999998,21.4,7.01,115.5,3.08,8.0,7.33,8.06,0,1,0,0,0,0,0,0,0,1
985.5,29.8,6.52,225.5,0.0,6.9,3.24,8.44,0,0,0,0,0,0,0,0,0,1
886.8,21.5,6.58,137.0,9.09,5.6,4.9,8.58,0,0,0,1,0,0,0,0,1,1
1099.3,31.9,7.36,148.2,7.72,7.0,1.6,7.19,1,0,0,0,1,0,0,0,0,1
1149.9,31.4,8.39,194.6,4.84,9.2,6.23,7.1,1,0,0,0,1,0,0,0,0,1
801.7,20.4,7.06,97.1,5.13,8.4,3.64,8.7,1,0,0,0,0,0,0,0,1,0
990.5,27.0,7.2,55.8,1.72,6.3,2.57,9.72,0,0,1,0,0,1,0,0,0,1
1048.4,19.8,5.56,83.3,4.79,8.4,0.71,7.82,0,1,0,0,0,0,0,0,0,1
753.2,20.3,6.51,71.6,0.02,4.7,9.13,7.12,0,0,0,0,0,0,0,1,0,0
1070.5,24.9,6.812,84.3,5.43,4.3,3.17,8.29,0,0,0,0,0,0,0,1,0,1
708.5056000000001,20.1,7.36,118.8,5.55,7.6,9.79,9.97,0,0,0,1,0,1,0,0,0,0
1022.9,21.0,6.73,161.38,5.28,7.1,5.05,6.96,0,0,0,0,0,0,0,0,1,0
1177.3,25.1,7.26,170.5,1.42,5.5,8.2,7.45,0,1,0,0,0,0,0,0,1,0
697.2,16.4,6.11,202.54000000000002,6.73,7.1,12.09,6.83,0,0,0,0,0,0,0,0,0,0
889.2,26.7,5.15,103.2,6.55,8.7,5.44,5.2514,0,1,0,0,1,0,0,0,0,0
1075.6,24.8,6.9,134.3,4.02,8.8,4.52,8.99,0,0,1,0,0,0,1,0,0,1
1035.1,29.6,7.07,7.624000000000001,1.2,8.7,2.58,7.48,0,0,0,0,0,0,1,0,0,0
848.4,29.4,5.3,232.9,9.37,5.0,1.62,9.87,0,1,0,0,0,0,1,0,0,1
854.4,14.0,5.26,140.74,7.14,9.0,4.6,7.84,0,1,0,0,0,0,0,1,0,1
873.0,25.9,5.55,118.1,2.33,7.9,8.08,8.97,1,0,0,0,0,0,0,0,0,1
1087.5,13.2,5.25,111.4,0.47,7.9,6.78,5.34,0,1,0,0,1,0,0,0,0,0
1078.8,21.4,7.52,131.8,5.52,6.6,0.68,7.56,0,0,0,1,0,0,0,1,0,1
465.0,27.939999999999998,5.88,86.7,5.98,7.4,3.27,8.24,0,0,0,0,0,0,1,0,0,0
1044.8,28.6,5.26,167.33999999999997,4.96,6.0,0.86,8.52,0,0,1,0,0,1,0,0,0,0
824.5,25.96,6.85,151.18,2.65,6.4,2.71,6.72,0,1,0,0,1,0,0,0,0,1
998.1,17.6,6.61,241.0,2.22,9.0,1.31,9.88,0,1,0,0,0,1,0,0,0,0
1209.4,14.1,6.58,160.57999999999998,7.22,6.3,0.95,8.6,0,0,1,0,0,0,1,0,0,1
1355.3,28.9,4.9,212.9,8.64,7.5,10.65,10.56,1,0,0,0,0,1,0,0,0,0
793.8,19.0,7.06,130.8,5.23,6.8,4.87,7.92,0,0,0,1,1,0,0,0,0,1
927.7,20.9,6.34,194.5,2.41,7.2,15.53,6.8,0,0,0,1,0,0,0,0,0,0
781.9,17.6,5.13,122.0,6.14,7.1,3.5,7.52,0,0,0,1,1,0,0,0,0,1
638.5,30.4,6.89,162.6,8.17,5.7,6.79,7.09,1,0,0,0,0,0,0,1,0,0
388.1,20.8,6.36,195.4,3.35,4.0,2.16,7.75,0,0,0,1,0,0,0,0,1,0
615.5,20.9,7.97,97.1,4.59,8.8,3.42,10.74,0,0,0,0,0,1,0,0,0,1
919.7,23.2,6.91,138.4,5.17,6.0,0.71,9.36,0,0,0,0,0,0,0,0,1,1
330.164,35.9,6.46,151.64000000000001,4.95,8.0,6.28,6.42,1,0,0,0,0,0,0,0,0,1
1287.1,15.6,5.75,260.9,5.41,9.0,4.95,7.11,0,0,0,0,1,0,0,0,0,1
1136.7,20.7,5.22,145.4,5.48,7.1,5.2,9.58,0,0,0,0,0,0,1,0,0,1
612.0,28.2,5.71,148.8,7.53,5.3,2.46,8.21,0,0,0,0,0,0,0,1,0,1
837.6,22.9,6.05,144.8,4.4,6.0,0.42,9.66,1,0,0,0,0,0,0,0,1,1
742.0,25.5,6.68,194.7,9.17,6.2,11.76,7.4,0,1,0,0,0,0,0,1,0,1
551.6,21.3,6.81,146.7,2.61,10.2,9.76,6.33,0,1,0,0,1,0,0,0,0,0
934.3,21.8,6.3,154.66000000000003,2.56,8.3,0.52,10.75,0,0,0,0,0,1,0,0,0,1
1222.8,27.8,7.32,216.2,7.15,7.7,2.91,6.45,0,0,1,0,0,0,0,1,0,0
1198.5,21.5,5.9,165.4,0.0,8.8,7.68,7.5,0,0,1,0,0,0,0,0,1,1
1077.58,23.599999999999998,6.78,100.2,0.2,9.7,1.85,10.72,1,0,0,0,0,1,0,0,0,1
1127.2,22.8,6.69,123.5,0.21,9.5,24.89,8.22,0,0,0,0,0,0,1,0,0,0
371.9,19.8,6.58,258.0,3.57,10.4,8.06,6.19,0,0,0,0,1,0,0,0,0,0
960.7,23.9,5.24,158.1,4.36,5.5,10.5,10.83,0,0,0,0,0,1,0,0,0,1
781.0600000000001,23.0,5.88,85.2,6.65,5.6,27.78,8.1,0,0,0,0,0,0,0,0,1,1
689.18,29.6,7.15,286.7380000000001,4.6,5.2,26.44,6.38,1,0,0,0,1,0,0,0,0,0
821.0,18.8,5.34,171.2,6.45,7.9,4.84,7.76,0,1,0,0,0,0,0,1,0,0
903.5,19.7,7.97,217.2,4.71,6.8,1.67,9.59,0,1,0,0,0,1,0,0,0,1
846.4,35.9,6.09,141.0,6.67,7.3,5.03,9.85,0,1,0,0,0,1,0,0,0,1
759.1,29.1,7.08,111.55999999999999,5.757999999999999,6.6,4.31,6.57,0,0,0,1,1,0,0,0,0,0
562.6,23.2,5.78,167.9,3.39,7.9,6.2,7.34,0,0,0,1,0,0,0,0,1,0
840.4,19.4,7.39,145.1,4.74,4.0,0.67,7.5,0,1,0,0,0,0,0,0,1,1
1048.5,29.9,6.29,126.9,4.07,6.1,0.63,7.11,0,0,0,1,1,0,0,0,0,1
963.2,18.5,5.93,237.9,4.85,7.2,5.46,10.02,0,0,1,0,0,1,0,0,0,0
1032.2,12.4,6.82,155.1,7.32,8.2,28.908999999999867,5.82,0,0,0,1,1,0,0,0,0,0
858.7,25.3,7.35,105.9,7.46,6.2,0.62,8.31,0,0,1,0,0,0,0,0,1,1
919.0,25.6,6.36,149.1,4.37,8.8,2.08,6.95,0,0,0,1,1,0,0,0,0,0
1091.3,24.8,7.03,157.7,6.48,8.02,3.4,7.31,0,0,0,0,1,0,0,0,0,1
656.7,20.6,6.51,104.9,0.15,6.0,5.71,8.08,0,1,0,0,0,0,0,0,1,0
698.6,17.5,7.34,104.4,6.75,8.6,8.05,7.01,0,0,0,1,1,0,0,0,0,0
862.5,23.5,6.71,175.0,4.68,6.6,4.516,9.18,0,0,0,1,0,0,0,0,0,1
773.4,27.439999999999998,7.33,142.32,4.98,7.1,2.46,5.55,0,0,1,0,1,0,0,0,0,1
747.3,24.6,6.8,112.2,6.23,6.1,0.61,5.77,0,0,0,0,1,0,0,0,0,0
883.0,35.0,4.59,137.3,4.34,6.7,2.27,6.25,0,0,0,0,0,0,0,0,0,1
1010.2,24.5,5.97,102.1,5.27,8.6,1.05,7.81,0,0,0,1,0,0,0,0,1,1
755.6200000000001,25.5,5.24,57.4,0.0,8.2,5.72,7.13,1,0,0,0,1,0,0,0,0,1
1140.6,22.9,6.59,142.6,5.18,6.4,3.79,11.578600000000005,0,0,0,1,0,1,0,0,0,1
1059.6,22.1,5.98,212.5,3.56,5.9,8.68,8.62,0,0,1,0,0,0,1,0,0,0
1158.7,26.4,6.19,185.8,6.04,7.0,5.29,7.03,0,1,0,0,1,0,0,0,0,0
917.3800000000001,20.7,6.68,84.7,4.33,6.9,4.5,9.38,0,0,0,0,0,0,1,0,0,1
566.8,25.7,5.11,149.7,6.09,6.0,0.82,5.6,0,0,1,0,1,0,0,0,0,1
739.7,31.2,7.11,131.5,10.857599999999984,5.9,6.72,5.94,0,0,0,0,1,0,0,0,0,0
1036.8,20.3,6.1,213.0,4.14,9.1,3.62,7.6,0,1,0,0,1,0,0,0,0,1
1363.3,17.8,6.8,233.1,3.98,8.2,3.21,8.51,1,0,0,0,0,0,0,1,0,1
798.2,19.7,7.04,119.5,5.17,6.4,23.16,7.53,0,0,0,1,0,0,0,1,0,0
991.4,23.3,7.71,170.5,3.49,9.8,0.64,6.4,0,0,0,1,1,0,0,0,0,0
828.6,18.3,5.24,202.4,2.39,9.0,2.44,6.27,0,0,1,0,0,0,0,0,0,0
1020.1,35.9,6.28,132.3,5.54,7.8,2.81,6.61,0,1,0,0,0,0,0,1,0,1
1114.2,22.6,6.35,131.5,6.89,5.1,1.44,10.79,0,1,0,0,0,1,0,0,0,0
941.2,18.0,7.46,114.4,2.75,5.3,0.91,7.86,0,0,0,0,0,0,0,0,0,0
989.6,20.2,7.5,195.2,7.11,7.3,1.08,11.24,1,0,0,0,0,1,0,0,0,0
761.4,18.5,5.96,168.9,1.32,6.6,17.02,11.08,1,0,0,0,0,1,0,0,0,0
465.8,18.2,6.97,200.8,5.55,8.0,9.61,7.46,0,1,0,0,0,0,0,1,0,0
971.2459999999999,16.4,6.41,66.8,0.84,6.1,6.99,5.55,0,0,0,0,1,0,0,0,0,0
529.6,26.28,6.07,181.7,8.46,7.2,1.11,8.25,0,0,0,1,0,0,0,0,0,1
720.1,21.1,5.91,174.8,7.64,7.0,2.46,6.56,0,0,1,0,0,0,0,0,0,0
1229.7,12.4,5.43,75.3,7.8,5.2,1.57,6.36,1,0,0,0,0,0,0,0,0,0
936.2,23.2,7.5,153.8,4.25,8.1,3.6,9.46,0,0,0,0,0,0,1,0,0,1
710.8,17.6,6.772,128.5,8.18,8.4,2.21,7.58,0,0,0,1,0,0,0,0,0,1
1174.4,21.7,7.28,114.1,1.66,6.7,1.51,6.68,0,1,0,0,0,0,0,0,0,0
479.0,23.5,6.62,131.7,7.54,4.3,4.51,7.04,0,0,0,1,1,0,0,0,0,1
1065.5,25.1,6.98,150.9,9.64,7.0,1.54,10.14,0,0,1,0,0,1,0,0,0,0
803.4,25.3,7.36,180.3,4.09,8.5,2.8,6.15,0,0,1,0,1,0,0,0,0,1
982.5,15.8,6.77,271.0,5.97,8.1,3.17,10.66,0,0,0,1,0,1,0,0,0,1
893.3399999999999,13.1,6.23,286.7380000000001,4.798,6.3,15.85,5.39,0,1,0,0,1,0,0,0,0,0
981.3,28.4,6.05,90.0,3.2040000000000006,9.0,2.26,10.4,0,0,1,0,0,1,0,0,0,0
1191.3,20.5,6.12,214.9,6.07,6.2,1.95,10.63,0,0,0,1,0,1,0,0,0,0
1305.5,24.8,5.47,239.0,0.0,7.2,8.13,8.44,0,1,0,0,0,0,0,1,0,1
1063.7,23.2,6.39,216.1,2.81,8.2,5.85,8.73,0,1,0,0,0,0,0,0,1,1
714.3,12.8,7.44,175.7,3.31,5.9,1.42,6.79,0,0,1,0,0,0,0,1,0,1
929.3,21.0,6.74,151.3,7.75,10.3,1.22,8.62,0,1,0,0,0,0,0,0,0,1
1288.0,23.6,6.07,166.7,8.65,4.9,2.77,8.12,0,0,0,0,0,0,0,0,1,1
784.2,25.1,6.59,19.9,0.78,7.7,0.54,7.21,1,0,0,0,0,0,0,1,0,0
723.2,30.4,5.75,167.4,1.67,4.0,13.17,8.26,0,0,0,1,0,0,0,0,0,1
517.1,16.4,7.13,217.6,7.28,7.0,0.88,9.9,0,1,0,0,0,0,1,0,0,1
914.7,28.8,6.83,128.5,5.37,8.9,10.77,7.44,1,0,0,0,1,0,0,0,0,1
1123.2,28.5,7.08,102.6,4.51,8.0,1.66,9.89,0,0,1,0,0,1,0,0,0,1
938.0,12.4,5.86,129.1,6.04,8.6,1.81,9.47,0,0,0,1,0,1,0,0,0,0
726.9,24.2,7.55,113.0,4.21,10.1,2.09,8.36,0,0,1,0,0,0,1,0,0,0
1122.4,19.9,6.93,142.2,8.28,6.7,2.884,8.15,0,0,0,0,0,0,1,0,0,0
727.2,12.4,6.13,53.8,1.71,9.7,4.87,6.86,0,1,0,0,0,0,0,1,0,1
866.0,25.4,6.26,135.6,4.84,6.9,2.79,10.53,0,1,0,0,0,1,0,0,0,1
524.8,26.74,5.74,72.5,4.33,5.5,1.4,5.45,0,0,0,0,1,0,0,0,0,0
370.2,31.4,6.23,183.1,6.82,7.7,0.64,9.44,1,0,0,0,0,0,1,0,0,1
923.6,26.9,6.35,165.11999999999998,3.26,7.4,6.91,8.83,0,1,0,0,0,0,0,0,0,1
581.3,26.2,7.67,164.8,3.164,7.8,13.51,9.66,0,0,1,0,0,1,0,0,0,0
1187.6,25.6,5.8,75.1,10.65,6.4,3.75,6.62,0,1,0,0,0,0,0,0,1,0
946.18,26.4,6.85,69.5,6.78,7.4,0.73,5.2514,0,0,0,0,1,0,0,0,0,0
786.2,20.2,6.9,191.6,6.14,7.5,5.78,7.11,0,0,1,0,0,0,0,1,0,0
898.6,19.5,6.38,147.3,5.97,9.6,5.02,10.11,0,0,1,0,0,1,0,0,0,0
798.7,32.9,5.89,130.8,6.28,7.7,7.36,8.15,1,0,0,0,0,0,0,0,1,1
680.9,32.4,6.9,219.1,4.67,7.4,7.11,7.84,0,0,1,0,0,0,0,0,1,1
986.9,19.8,7.26,250.8,6.81,7.7,0.42,10.37,1,0,0,0,0,0,1,0,0,1
583.2,32.0,7.24,186.9,9.99,7.8,0.84,6.47,1,0,0,0,0,0,0,1,0,0
603.4,23.52,5.71,119.3,5.88,7.2,10.9,7.44,0,0,0,1,0,0,0,1,0,1
1240.8,18.1,5.5,11.6,6.6,5.7,8.89,7.54,0,0,0,1,0,0,0,0,0,1
822.0,24.5,5.84,148.94,5.246,8.7,6.3,9.02,1,0,0,0,0,0,0,0,0,1
1157.6,20.1,6.71,275.7,8.44,6.5,1.46,7.47,0,0,0,0,0,0,0,1,0,1
1220.5,20.2,7.33,159.7,4.42,8.5,0.84,6.67,0,0,1,0,0,0,0,1,0,0
983.7,17.6,6.98,205.6,5.28,6.4,3.14,9.06,0,1,0,0,0,0,1,0,0,1
1447.8,24.7,6.83,226.5,3.74,6.4,25.16,7.03,0,0,0,0,1,0,0,0,0,1
922.4,23.3,7.52,111.6,4.06,5.6,6.82,9.74,0,0,0,0,0,0,1,0,0,1
1188.9,24.3,7.4,150.4,1.45,6.2,4.01,9.24,0,0,1,0,0,1,0,0,0,0
926.18,16.6,6.308,136.6,4.506,8.6,11.63,9.78,0,0,0,1,0,0,1,0,0,1
535.8,28.5,7.03,153.4,1.72,8.0,28.908999999999867,7.41,0,0,1,0,0,0,0,1,0,0
754.0,26.4,7.57,197.2,0.12,10.8,3.23,7.42,0,0,0,0,0,0,0,1,0,1
860.78,27.1,5.99,135.5,1.38,7.9,2.39,9.27,0,0,0,0,0,1,0,0,0,0
417.7,22.3,5.72,139.14000000000001,7.71,7.5,28.908999999999867,7.31,0,0,1,0,0,0,0,0,1,0
806.5,26.7,5.51,84.2,6.95,9.4,12.13,8.92,0,1,0,0,0,0,0,0,1,1
1202.0,26.0,6.96,194.7,6.06,7.5,3.6760000000000006,8.22,1,0,0,0,1,0,0,0,0,1
1152.9,23.2,6.7780000000000005,210.4,5.71,9.5,4.47,9.89,0,0,0,1,0,0,1,0,0,1
552.7,19.2,7.54,95.4,4.29,7.659999999999999,1.36,8.17,0,0,0,0,0,0,0,1,0,1
730.0,31.1,6.42,136.9,4.47,6.360000000000001,0.84,6.98,0,0,0,0,1,0,0,0,0,1
447.1,22.4,7.54,49.4,4.45,7.1,5.09,5.2514,0,0,1,0,0,0,0,1,0,0
987.7,20.6,6.1339999999999995,113.5,5.76,5.4,4.1,8.3,0,0,0,1,0,0,0,0,1,0
930.1,26.0,6.55,125.8,8.06,10.0,2.27,8.43,0,0,0,0,0,0,1,0,0,0
1097.4,30.7,5.52,100.3,4.87,8.9,17.25,7.49,0,0,0,0,0,0,0,1,0,1
848.2,22.7,5.89,168.3,1.2,4.0,3.194,8.38,1,0,0,0,0,0,0,0,0,0
932.4,29.5,6.08,141.1,5.69,7.4,13.41,10.67,1,0,0,0,0,1,0,0,0,1
709.1,25.6,6.66,200.1,4.98,6.9,2.11,8.45,0,1,0,0,0,0,1,0,0,0
952.9,23.3,6.89,48.4,4.54,5.9,4.58,7.28,0,0,0,1,1,0,0,0,0,1
1037.2,28.0,6.39,185.7,9.35,8.3,4.63,6.48,0,0,1,0,1,0,0,0,0,1
925.1,28.7,6.59,222.8,3.27,8.9,4.07,9.47,0,0,0,0,0,0,0,0,1,1
831.5,30.9,6.6,188.3,3.26,8.3,6.19,10.94,1,0,0,0,0,1,0,0,0,0
824.3,12.6,7.35,123.1,5.0,7.1,2.64,6.3,0,0,0,1,0,0,0,0,1,0
1049.2,28.5,8.22,66.7,3.1,11.0,19.29,5.2514,0,0,1,0,0,0,0,1,0,0
844.4,19.8,5.51,280.4,2.57,9.2,13.46,6.5,0,0,0,1,1,0,0,0,0,0
330.164,33.3,6.87,117.5,5.1,7.2,5.91,8.13,0,0,0,1,0,0,1,0,0,1
618.1,29.9,5.65,170.1,5.08,8.1,0.49,6.37,0,0,0,0,0,0,0,1,0,0
842.7,24.8,6.31,128.1,8.58,7.3,1.41,10.73,0,0,0,0,0,1,0,0,0,1
1052.4,28.7,6.22,145.8,3.32,8.4,2.7,10.0,0,1,0,0,0,1,0,0,0,0
907.9859999999999,31.9,6.98,95.2,7.72,9.2,1.83,5.2514,0,0,0,0,1,0,0,0,0,0
646.1,21.2,6.46,159.1,6.1,10.2,7.58,6.9,0,1,0,0,0,0,0,1,0,0
894.54,18.0,4.86,83.9,7.23,9.7,3.01,7.98,0,0,0,0,0,0,0,0,0,1
791.6,30.3,6.6,61.9,2.63,7.4,2.774,9.9,0,1,0,0,0,1,0,0,0,1
744.6,24.9,6.47,198.0,5.47,6.0,2.42,7.84,1,0,0,0,0,0,0,1,0,0
690.4,21.8,7.74,163.16,4.214,9.9,1.45,7.82,0,0,0,0,0,0,0,0,0,0
678.5,35.9,5.64,82.3,5.84,9.9,2.67,6.11,0,0,0,0,0,0,1,0,0,0
719.1,26.9,6.43,88.1,1.45,8.3,6.21,7.52,0,1,0,0,0,0,0,0,0,0
483.0,20.3,6.31,168.3,4.16,4.0,1.35,10.57,0,0,0,1,0,1,0,0,0,1
906.7,21.9,6.22,178.2,3.71,8.5,2.09,8.9,0,0,1,0,0,0,0,0,1,1
568.8,26.6,5.95,173.4,1.57,8.1,3.32,7.38,0,1,0,0,0,0,0,0,1,0
1059.2,22.4,6.67,88.1,4.38,7.5,7.58,9.2,0,1,0,0,0,0,0,0,0,1
562.8,14.4,6.33,177.3,6.24,5.9,11.34,8.08,0,0,0,1,0,0,0,1,0,1
599.9,22.9,7.47,124.0,7.81,9.7,2.7619999999999996,7.69,1,0,0,0,0,0,0,0,1,0
1038.7,15.2,6.45,99.0,5.2,7.4,4.53,8.67,0,0,0,0,0,0,0,0,0,1
945.0200000000001,21.1,5.91,256.3,2.33,6.1,3.35,7.21,0,0,1,0,1,0,0,0,0,1
599.2,23.7,7.01,204.5,8.56,7.2,1.43,7.53,0,0,1,0,0,0,0,0,1,1
869.7,29.4,5.54,139.8,2.96,7.3,2.05,7.13,1,0,0,0,1,0,0,0,0,0
885.5,19.8,6.7,192.6,2.42,6.6,1.79,6.74,0,0,0,0,1,0,0,0,0,0
826.9,21.4,8.42,176.0,2.79,7.4,0.42,7.29,1,0,0,0,1,0,0,0,0,1
998.7,28.2,6.01,186.7,6.91,9.0,0.62,8.77,0,0,0,0,0,0,0,1,0,1
1003.0,24.0,5.52,155.2,4.0,7.5,3.05,7.35,0,0,0,0,0,0,0,1,0,0
1371.9,23.4,5.84,167.3,8.56,7.1,9.17,7.38,1,0,0,0,1,0,0,0,0,0
1021.0,26.0,5.73,138.0,8.53,9.9,15.94,7.53,0,0,1,0,1,0,0,0,0,1
1405.8,23.8,7.57,148.0,6.82,5.6,4.61,10.01,1,0,0,0,0,1,0,0,0,0
714.4,21.6,6.16,156.7,4.36,9.8,4.04,7.53,0,0,0,1,1,0,0,0,0,0
743.0,22.8,6.1819999999999995,253.2,3.23,5.7,4.65,7.65,0,1,0,0,0,0,0,0,1,1
592.0,25.6,7.53,267.9,4.35,9.3,1.81,7.63,0,0,0,0,0,0,0,1,0,1
914.6600000000001,27.7,7.79,94.4,5.89,8.2,1.62,7.44,0,0,0,1,0,0,0,0,1,1
778.1,22.0,5.99,102.6,5.46,6.6,9.31,7.57,0,0,0,0,0,0,0,0,0,0
532.3,22.3,6.58,155.8,5.77,8.7,0.89,6.83,0,0,1,0,0,0,0,0,0,0
924.7599999999999,16.9,8.42,181.6,3.3,6.0,1.89,6.1,0,0,1,0,0,0,0,1,0,0
664.2,22.9,7.06,224.0,2.49,6.1,4.18,7.02,0,0,1,0,0,0,0,0,0,0
634.7,22.5,6.75,117.6,6.95,4.6,4.718,8.09,1,0,0,0,1,0,0,0,0,1
703.9,24.1,5.13,147.0,5.68,8.0,1.95,10.8,0,0,0,1,0,1,0,0,0,0
979.4,23.9,5.86,114.2,2.3,8.1,2.89,7.64,0,0,0,0,0,0,0,0,0,1
911.7,22.9,6.382,169.1,0.03,7.38,0.63,6.33,0,1,0,0,1,0,0,0,0,0
1238.2,31.4,6.7,76.6,7.4,8.7,7.99,7.87,0,0,0,1,0,0,0,0,0,0
1248.2,32.6,6.07,175.1,3.84,6.8,1.78,5.79,0,0,1,0,0,0,0,0,0,0
751.2,26.4,5.38,140.6,7.21,8.0,1.51,8.31,0,0,0,0,0,0,1,0,0,0
881.8,22.6,6.66,213.6,3.71,9.4,5.79,7.95,0,1,0,0,1,0,0,0,0,1
889.3,28.2,5.77,225.5,5.22,6.1,6.94,7.92,1,0,0,0,1,0,0,0,0,1
1035.7,28.8,6.97,133.4,2.47,6.5,0.49,7.93,0,1,0,0,0,0,0,0,1,0
1286.7,29.9,7.9,162.7,1.5,8.9,1.45,6.64,0,0,0,0,1,0,0,0,0,1
804.0,26.7,5.4,192.23999999999998,4.04,9.5,1.86,7.17,0,1,0,0,1,0,0,0,0,1
822.6,14.6,7.68,106.6,3.97,6.000000000000001,3.32,5.72,0,0,0,0,1,0,0,0,0,0
981.4,25.3,5.05,37.4,7.69,6.8,7.8,7.78,0,1,0,0,0,0,0,0,1,1
991.9,33.5,8.1,215.5,8.3,10.9,10.72,6.15,0,0,1,0,0,0,0,1,0,0
1225.6,31.8,6.19,152.8,7.0,7.4,4.46,9.85,0,0,0,0,0,1,0,0,0,0
966.8,22.1,6.79,79.7,6.63,9.7,6.1,8.62,0,1,0,0,0,0,1,0,0,1
855.3,16.6,6.28,136.1,4.53,7.5,2.64,9.67,1,0,0,0,0,0,1,0,0,0
1023.24,24.6,7.57,222.9,4.31,8.0,1.72,9.48,1,0,0,0,0,0,1,0,0,1
872.0,25.4,6.78,135.1,3.8,7.6,8.68,8.12,0,0,0,1,0,0,0,1,0,1
1064.2,18.6,6.17,198.8,0.84,6.2,4.28,7.29,0,0,1,0,0,0,0,0,0,1
785.4,23.0,4.96,173.7,6.078,9.4,2.208,10.08,1,0,0,0,0,1,0,0,0,0
944.3,19.5,5.79,129.5,10.66,6.5,1.06,7.24,0,0,1,0,0,0,0,1,0,1
796.3,29.3,6.65,139.2,4.67,10.7,4.56,10.69,0,0,0,1,0,1,0,0,0,1
862.2,29.7,6.4,88.8,4.36,7.2,12.06,7.75,1,0,0,0,0,0,0,0,1,0
699.7,29.2,6.34,187.6,5.69,8.7,3.0919999999999996,10.11,1,0,0,0,0,0,1,0,0,1
400.8,26.419999999999998,7.32,53.7,6.57,7.0,5.044,9.08,1,0,0,0,0,0,1,0,0,1
694.6,23.6,6.77,14.9,4.708,8.9,1.0,8.91,0,0,1,0,0,0,1,0,0,1
954.7,22.6,7.34,118.6,3.41,6.8,2.22,10.4,0,1,0,0,0,1,0,0,0,0
731.3,22.8,6.258,151.1,1.1,6.0,1.13,8.82,0,0,1,0,0,0,1,0,0,0
1361.6,29.8,6.73,90.8,0.0,8.4,5.09,6.62,0,0,1,0,1,0,0,0,0,1
999.3,20.619999999999997,6.41,138.1,7.33,6.8,4.45,7.28,0,1,0,0,0,0,0,0,0,0
1017.4,17.1,6.59,239.4,8.89,8.1,1.22,6.88,0,0,0,1,1,0,0,0,0,0
951.7,26.0,6.85,44.6,10.857599999999984,8.4,0.47,10.43,0,1,0,0,0,1,0,0,0,0
1136.9,15.2,6.32,126.2,4.02,6.2,2.11,7.96,0,0,1,0,0,0,1,0,0,0
986.3,14.2,6.95,222.9,6.29,9.2,5.91,7.42,0,0,1,0,0,0,0,1,0,1
748.7,16.4,5.93,203.1,4.734,9.3,2.92,7.81,1,0,0,0,1,0,0,0,0,0
372.8,18.5,5.6,220.6,8.5,9.1,2.23,7.81,0,0,0,1,0,0,0,0,1,1
719.4,27.2,5.91,83.3,6.96,7.7,0.95,6.75,0,1,0,0,1,0,0,0,0,0
1336.1,35.9,6.09,133.7,4.49,7.9,5.81,6.4,0,1,0,0,0,0,0,1,0,1
763.6,28.0,6.6,52.2,3.05,8.1,2.5,7.31,0,1,0,0,0,0,0,1,0,1
627.7,20.8,7.3,173.7,5.38,7.7,3.93,8.26,1,0,0,0,0,0,0,0,1,0
760.8,30.8,6.18,221.4,2.38,7.4,2.65,6.76,0,0,0,0,0,0,0,1,0,0
1101.6,27.1,5.81,189.5,8.58,6.8,28.908999999999867,7.52,0,0,1,0,0,0,1,0,0,0
330.164,26.1,5.9,65.8,0.68,8.0,1.31,7.45,0,1,0,0,0,0,0,0,1,1
1231.3,25.0,6.57,110.3,3.29,6.8,11.05,9.16,1,0,0,0,0,0,0,0,0,1
630.1,20.2,5.96,126.4,8.7,4.6,2.86,8.9,0,0,0,0,0,0,1,0,0,1
1257.6,16.1,6.68,68.6,1.77,6.1,6.684,11.578600000000005,1,0,0,0,0,1,0,0,0,1
741.9,23.3,5.15,117.7,4.84,5.8,2.69,8.41,0,0,1,0,0,0,1,0,0,1
1300.2,23.5,6.96,127.9,5.61,9.1,0.58,7.9,0,0,1,0,0,0,1,0,0,0
947.3800000000001,23.8,8.42,171.2,4.36,7.3,0.42,10.62,0,0,0,1,0,1,0,0,0,1
862.5200000000001,19.0,8.42,200.0,8.75,9.8,6.11,5.4,0,0,0,0,1,0,0,0,0,0
793.9,17.7,4.59,164.50000000000003,3.67,6.7,5.67,5.72,0,0,1,0,0,0,0,1,0,0
1160.3,20.3,5.35,164.5,4.44,8.2,0.93,10.49,0,0,0,1,0,1,0,0,0,0
513.3,20.1,5.75,107.7,6.76,8.1,1.19,8.26,1,0,0,0,0,0,0,0,0,1
498.7,19.1,7.15,257.2,10.857599999999984,5.5,1.9,7.94,0,1,0,0,0,0,1,0,0,0
1311.3,29.8,7.11,125.2,2.89,10.0,0.97,9.01,0,1,0,0,0,0,1,0,0,0
1079.0,27.1,6.69,185.6,10.62,4.6,4.6,7.55,0,1,0,0,0,0,0,1,0,1
864.9,28.0,5.42,198.7,4.12,8.5,1.15,7.55,0,0,0,0,0,0,0,0,1,0
600.0,17.3,6.89,112.8,9.31,7.9,3.44,10.12,0,1,0,0,0,0,1,0,0,1
1055.3,31.3,6.5,75.2,0.74,4.4,3.24,9.34,0,0,1,0,0,1,0,0,0,0
793.9,15.6,7.42,136.5,5.27,7.5,3.74,9.93,1,0,0,0,0,1,0,0,0,0
577.1,21.2,6.91,141.0,2.72,9.3,3.62,9.08,0,0,0,0,0,0,1,0,0,1
330.164,26.0,5.79,23.4,5.89,8.5,10.85,6.79,0,0,1,0,0,0,1,0,0,0
1268.0,30.0,5.98,141.2,7.25,7.6,2.85,10.95,0,0,1,0,0,1,0,0,0,1
1083.3,15.3,7.03,155.3,2.39,6.3,5.48,7.93,0,1,0,0,0,0,1,0,0,0
763.6,33.7,5.81,112.2,6.43,8.4,5.14,9.29,0,1,0,0,0,0,1,0,0,1
755.5,18.5,5.41,152.35999999999999,10.15,5.1,0.69,7.24,0,0,0,0,1,0,0,0,0,1
766.3,21.3,5.2,172.3,6.93,7.8,4.8919999999999995,7.45,0,0,1,0,0,0,1,0,0,0
806.1928,31.2,6.16,252.8,6.62,9.4,7.45,6.88,0,0,0,0,0,0,0,0,1,0
953.2,22.8,6.7,129.99999999999997,7.5,4.9,2.23,9.92,0,1,0,0,0,1,0,0,0,0
658.2,35.9,6.6,228.3,4.87,4.8,3.52,7.41,0,0,0,0,0,0,0,0,1,1
915.5,26.8,5.44,167.1,0.56,6.0,1.13,7.48,0,0,1,0,0,0,1,0,0,1
1043.4,15.8,5.67,51.3,4.63,6.0,6.66,10.02,0,1,0,0,0,1,0,0,0,1
850.7,25.0,5.85,128.3,7.3,7.2,2.68,8.8,1,0,0,0,0,0,0,1,0,1
931.2,20.7,6.8,96.0,2.91,7.1,0.88,5.65,0,0,1,0,1,0,0,0,0,0
1400.3,30.3,5.02,145.9,7.37,8.6,1.89,7.12,0,0,0,1,0,0,0,1,0,1
1133.7,19.6,6.2,112.3,7.9,6.8,1.91,9.9,0,1,0,0,0,1,0,0,0,0
786.9,20.5,6.64,206.1,5.3,7.7,18.81,8.86,0,1,0,0,0,0,1,0,0,0
722.9,20.8,5.6,163.0,6.23,7.9,5.508000000000001,11.46,0,0,1,0,0,1,0,0,0,1
805.5,23.5,6.84,220.3,1.98,6.0,1.72,10.6,1,0,0,0,0,0,1,0,0,1
1292.4,24.2,4.92,148.8,6.91,6.7,1.63,8.31,0,0,0,0,0,0,0,0,1,1
1245.8,18.1,6.65,88.1,3.71,7.4,9.89,6.33,0,0,0,1,1,0,0,0,0,0
1069.4,26.7,6.35,106.8,5.95,7.9,3.06,7.73,0,0,0,1,0,0,0,0,1,0
536.8,27.4,8.09,46.3,9.3,7.3,17.24,6.58,0,1,0,0,1,0,0,0,0,1
810.5,23.2,5.81,188.3,7.05,4.0,1.87,6.66,0,1,0,0,0,0,0,1,0,0
853.8,29.6,7.58,90.8,4.65,9.7,4.03,8.16,0,1,0,0,0,0,0,0,0,1
1174.5,35.8,4.59,256.3,3.39,7.8,4.51,6.12,0,0,0,0,0,0,0,0,1,1
1233.7,28.9,7.04,143.7,3.91,10.6,1.81,9.82,0,0,1,0,0,1,0,0,0,1
1121.0,19.7,6.01,145.0,2.51,6.8,2.84,6.33,0,0,1,0,1,0,0,0,0,0
889.2,17.4,6.03,179.7,7.5,8.5,2.21,9.12,0,0,0,0,0,0,0,0,0,0
790.5,31.3,7.21,70.9,6.14,5.1,1.09,10.59,1,0,0,0,0,1,0,0,0,1
787.3,25.6,7.024000000000001,199.8,1.2,8.6,1.07,9.75,0,0,1,0,0,1,0,0,0,1
686.8,27.2,7.01,169.3,2.4,8.5,12.2,8.96,1,0,0,0,0,0,0,0,0,1
590.5,21.8,6.38,205.8,8.66,4.9,1.92,9.47,1,0,0,0,0,0,0,0,1,1
685.3,30.4,6.21,193.8,1.25,9.4,2.87,7.34,0,0,0,0,0,0,0,1,0,1
789.1,19.639999999999997,7.64,93.7,5.38,5.6,4.84,5.99,0,0,1,0,0,0,0,0,1,1
794.0,22.8,6.33,133.3,4.86,7.4,0.68,7.33,0,0,1,0,0,0,0,0,0,1
865.9,28.0,5.58,89.1,7.07,8.459999999999999,5.87,6.63,1,0,0,0,1,0,0,0,0,0
1012.4,19.0,6.96,220.4,1.0,6.4,2.2,8.34,0,0,1,0,0,0,1,0,0,1
970.3,21.8,7.53,68.1,6.23,7.8,2.46,6.95,0,0,0,0,0,0,0,0,0,0
1090.3,25.3,6.04,149.0,3.68,7.1,18.39,8.6,1,0,0,0,0,0,0,0,0,0
1108.0,20.1,6.07,159.7,0.91,9.0,0.42,7.19,1,0,0,0,1,0,0,0,0,1
1174.7,21.7,6.01,182.35999999999999,3.63,6.8,6.71,7.07,0,1,0,0,0,0,0,1,0,0
989.4,22.1,6.46,120.8,8.35,6.5,4.76,7.85,0,0,0,1,1,0,0,0,0,1
928.9,28.9,5.75,181.2,1.93,7.6,6.96,10.05,0,0,0,0,0,1,0,0,0,1
966.6,20.6,6.88,127.7,4.82,8.7,4.662000000000001,7.9,0,0,0,0,0,0,0,0,0,1
910.6,20.5,5.43,218.7,3.5139999999999993,6.840000000000001,1.83,8.36,0,0,0,1,0,0,1,0,0,0
768.36,23.7,6.96,145.98,7.84,7.0,15.64,10.26,0,0,0,1,0,1,0,0,0,0
906.7,29.6,8.42,129.0,10.857599999999984,6.6,0.52,8.63,1,0,0,0,0,1,0,0,0,0
813.0,22.640000000000004,7.17,128.0,3.78,7.7,8.49,11.42,1,0,0,0,0,1,0,0,0,1
1047.7,25.2,5.79,234.5,5.51,5.9,2.69,7.69,1,0,0,0,0,0,0,0,0,0
481.8,24.8,7.55,92.7,3.7,7.1,1.51,7.09,0,0,0,0,1,0,0,0,0,1
986.0,24.2,4.79,225.4,3.8839999999999995,9.9,3.934,7.93,0,1,0,0,0,0,1,0,0,0
1177.8,21.5,5.13,86.8,1.44,4.6,3.29,7.78,0,0,0,1,0,0,0,0,1,1
1080.5,15.5,7.17,211.3,0.06,6.4,1.76,8.79,0,0,1,0,0,0,1,0,0,0
946.3,21.8,8.15,227.3,7.88,6.0,3.55,8.68,0,0,0,1,0,0,1,0,0,1
1488.4299999999998,20.8,4.83,155.8,0.0,7.2,0.96,8.84,0,0,0,0,0,1,0,0,0,0
1032.7,32.2,6.59,134.5,2.61,5.2,2.79,6.93,0,0,0,0,0,0,0,1,0,1
497.1,24.7,6.28,169.8,2.14,7.7,6.29,9.75,0,0,0,0,0,1,0,0,0,0
695.8,25.6,6.52,286.7380000000001,2.37,7.2,1.83,7.66,0,1,0,0,0,0,0,1,0,1
720.7,22.8,6.35,209.8,7.43,8.6,1.52,8.03,0,1,0,0,0,0,0,1,0,1
908.8,24.1,6.38,16.6,7.61,8.1,2.59,9.12,0,0,0,1,0,1,0,0,0,0
1079.1,25.4,5.85,228.7,5.05,5.7,1.38,8.83,0,0,0,1,0,0,0,0,1,1
801.1,24.2,5.13,139.7,1.14,5.5,1.32,8.68,1,0,0,0,0,0,0,0,1,0
995.4,15.9,7.39,133.0,1.79,7.840000000000001,4.95,10.17,1,0,0,0,0,0,1,0,0,1
1069.1,24.4,6.35,112.2,3.1,8.8,3.17,8.29,0,0,1,0,0,0,0,0,1,1
823.9,21.4,6.24,75.0,6.68,4.0,3.56,10.02,1,0,0,0,0,0,1,0,0,1
1065.2,24.0,6.96,227.8,6.51,5.0,2.67,8.3,1,0,0,0,1,0,0,0,0,1
961.1,24.5,7.31,203.6,9.05,6.5,4.49,10.32,0,0,0,1,0,1,0,0,0,0
839.5,18.8,7.22,125.5,0.66,7.42,1.75,9.43,0,1,0,0,0,0,1,0,0,1
550.2,19.1,7.05,124.1,9.15,9.7,7.56,6.81,0,0,1,0,0,0,0,1,0,0
1050.8,19.0,7.44,266.5,4.89,6.3,0.76,8.65,0,1,0,0,0,0,1,0,0,0
1122.6,18.6,7.48,61.4,5.33,7.4,4.5,8.75,0,0,0,0,0,1,0,0,0,0
1105.7,25.52,7.24,139.5,5.77,7.3,1.74,9.22,1,0,0,0,0,0,0,1,0,1
330.164,32.0,5.95,158.3,4.56,9.6,6.96,8.12,0,0,0,0,0,0,0,0,1,1
988.6,25.9,5.25,244.1,0.34,7.5,1.11,5.56,0,0,1,0,1,0,0,0,0,0
890.1,30.3,7.3,190.3,1.6,8.12,15.88,7.15,0,0,0,0,0,0,0,0,0,1
616.7,23.6,5.7,252.0,3.95,7.7,9.32,7.53,0,1,0,0,1,0,0,0,0,1
919.2,23.7,6.89,286.7380000000001,9.59,8.3,1.74,7.14,0,0,0,0,0,0,0,0,0,0
443.6,22.4,6.6,101.35999999999999,5.34,8.4,4.86,7.82,1,0,0,0,1,0,0,0,0,1
928.1,23.8,7.54,153.8,5.92,7.3,2.41,11.578600000000005,1,0,0,0,0,1,0,0,0,1
1436.4,23.0,6.57,113.2,7.41,8.0,3.24,8.44,0,0,1,0,0,0,1,0,0,1
1066.9,21.3,5.3,245.0,9.47,7.2,4.45,7.62,1,0,0,0,1,0,0,0,0,1
780.7,34.1,8.13,78.9,5.52,7.5,1.25,8.11,0,0,1,0,0,0,1,0,0,1
969.4,23.96,7.09,135.8,4.62,8.0,2.65,9.8,1,0,0,0,0,0,1,0,0,1
866.9,21.5,5.85,92.2,1.84,7.6,4.09,7.95,0,0,0,1,0,0,0,0,1,0
1230.3,12.4,6.64,78.0,3.74,6.3,1.36,9.4,0,1,0,0,0,1,0,0,0,1
1248.8,25.8,7.35,85.0,3.2079999999999997,5.6,0.95,10.64,0,1,0,0,0,1,0,0,0,1
913.4,16.0,4.59,98.16,5.98,8.3,1.64,5.2514,0,0,0,1,1,0,0,0,0,0
798.9,21.2,5.81,125.6,6.37,7.5,3.53,8.02,0,0,1,0,0,0,1,0,0,0
1141.2,25.8,7.31,209.3,1.76,7.7,4.3,9.86,0,0,0,1,0,0,0,0,1,1
1163.2,23.3,5.88,242.6,6.75,7.5,5.29,8.47,1,0,0,0,0,0,0,0,0,1
1060.7,14.5,6.04,79.0,5.21,6.4,7.95,10.73,0,0,0,1,0,1,0,0,0,1
991.5200000000001,27.0,6.35,212.5,3.86,8.2,3.87,9.78,0,1,0,0,0,0,1,0,0,1
876.3,26.1,6.14,73.4,5.05,6.6,1.0,10.71,0,1,0,0,0,1,0,0,0,1
1033.8,34.9,7.84,266.5,6.18,8.0,4.89,6.57,0,0,0,1,0,0,0,1,0,0
1312.1,21.9,5.16,22.2,5.81,8.6,1.0,7.53,0,1,0,0,0,0,0,1,0,1
607.7,30.4,7.13,273.5,4.404000000000001,9.8,4.906000000000001,7.14,0,0,1,0,1,0,0,0,0,1
667.2,17.2,8.42,114.6,8.03,8.3,9.59,6.42,0,0,1,0,0,0,0,0,1,1
562.7,23.1,6.29,170.5,6.6,6.5,1.55,7.84,0,0,0,0,0,0,0,0,0,0
664.0,22.919999999999998,6.56,204.6,3.42,6.5,3.58,6.75,0,0,0,0,0,0,0,0,1,0
1380.4,25.8,5.79,73.3,8.6,8.2,1.8,7.54,1,0,0,0,0,0,0,0,1,0
1043.0,22.9,6.04,92.1,5.55,7.3,0.61,9.74,0,0,0,1,0,0,1,0,0,1
876.7,26.2,6.01,233.3,5.04,8.0,10.31,7.21,0,0,0,1,0,0,0,1,0,0
813.4,25.6,6.12,206.4,0.65,8.2,6.6,6.14,0,0,0,0,1,0,0,0,0,0
1052.4,23.8,6.04,7.624000000000001,7.54,9.0,2.86,7.57,0,0,1,0,0,0,0,0,0,1
956.1,27.6,6.67,227.6,8.17,4.4,1.83,10.63,0,0,0,0,0,1,0,0,0,1
968.2,26.8,6.76,53.4,10.857599999999984,4.0,2.42,5.2514,0,0,1,0,1,0,0,0,0,0
945.9,24.8,5.38,236.7,9.7,9.1,28.908999999999867,6.7,0,1,0,0,1,0,0,0,0,0
828.1328,23.0,7.84,203.88000000000002,1.18,6.0,7.51,5.78,0,0,1,0,1,0,0,0,0,1
798.28,27.3,6.24,152.6,1.9,7.6,1.53,8.16,0,0,1,0,0,0,0,0,1,1
838.6,25.3,6.37,23.8,1.97,9.2,3.89,6.72,0,0,0,1,1,0,0,0,0,1
1258.6,27.0,7.7,141.5,8.69,8.3,1.36,6.34,0,0,0,0,0,0,0,1,0,0
508.5,19.5,6.49,69.5,3.08,8.9,1.92,6.78,0,0,1,0,0,0,0,0,0,0
1437.9,30.7,6.67,116.8,8.53,8.8,1.59,7.31,0,0,0,0,0,0,0,1,0,1
1307.3,21.4,6.43,180.7,5.56,7.8,4.67,10.02,0,0,0,1,0,1,0,0,0,1
686.8,19.1,6.37,106.2,5.03,10.7,5.24,8.95,0,1,0,0,0,0,0,0,1,1
875.8,27.3,6.54,130.8,5.63,8.1,2.55,10.81,0,0,0,1,0,1,0,0,0,1
601.0,25.7,6.52,263.1,2.38,6.4,1.49,8.47,0,0,0,1,0,0,0,0,1,1
901.7,32.8,6.71,286.7380000000001,6.84,6.3,7.64,8.93,0,0,0,1,0,0,1,0,0,0
1192.5,24.4,7.07,224.2,2.19,7.3,1.61,8.1,0,1,0,0,0,0,0,1,0,1
1337.4,19.8,7.1,245.1,3.842,9.7,4.53,11.18,1,0,0,0,0,1,0,0,0,0
1018.9,24.0,7.01,94.1,1.98,6.4,1.07,6.38,1,0,0,0,1,0,0,0,0,0
986.2,26.3,6.32,132.6,7.69,9.1,1.36,7.62,0,1,0,0,1,0,0,0,0,1
639.4,26.3,6.39,113.3,5.62,9.8,1.15,10.38,1,0,0,0,0,0,1,0,0,1
944.1,17.9,6.6,139.5,8.79,8.0,3.84,9.07,0,0,0,1,0,0,0,0,0,1
790.3,21.9,5.49,215.1,6.38,4.9,5.53,9.33,0,0,0,0,0,0,1,0,0,1
814.3,24.2,5.72,107.8,3.12,7.9,4.62,11.37,0,0,0,1,0,1,0,0,0,1
868.5,21.1,5.92,131.0,5.95,7.1,3.52,7.75,0,1,0,0,1,0,0,0,0,1
789.0,14.5,7.36,128.6248,6.76,8.4,3.54,6.83,0,0,0,1,0,0,0,1,0,1
1209.4,22.5,6.11,286.7380000000001,9.4,6.0,5.5,6.66,0,0,0,0,0,0,0,0,0,0
1209.5,20.4,6.96,210.4,4.854000000000001,7.7,0.42,7.23,0,0,1,0,0,0,0,1,0,1
1054.3,22.3,5.5,100.9,5.83,7.24,1.48,8.01,0,1,0,0,0,0,0,0,1,1
1126.5,17.5,5.55,234.3,4.264,7.1,1.61,10.75,1,0,0,0,0,1,0,0,0,0
776.1,25.2,6.72,139.1,5.47,6.5,13.71,10.6,0,1,0,0,0,1,0,0,0,0
731.3,20.5,7.4,152.8,6.32,8.5,0.97,10.26,0,1,0,0,0,0,1,0,0,1
1085.0,27.9,4.59,184.2,3.56,4.0,2.94,9.97,0,0,0,1,0,1,0,0,0,1
1200.9,28.9,6.35,229.8,2.48,7.9,6.87,9.35,1,0,0,0,0,0,0,0,1,1
724.9,24.2,5.09,159.3,5.848,7.4,2.73,7.77,0,0,0,1,0,0,0,1,0,1
693.4,23.2,6.544,129.0,9.78,6.7,1.97,10.71,1,0,0,0,0,1,0,0,0,0
819.0,23.2,5.7,176.5,5.95,6.1,14.06,5.65,0,0,1,0,0,0,0,1,0,0
1100.3,12.4,6.3,146.3,7.42,9.7,2.11,6.98,0,0,0,1,0,0,0,1,0,0
1013.4,19.9,7.22,114.5,4.446,7.3,4.97,9.82,0,0,0,0,0,1,0,0,0,0
876.5,25.72,7.6,187.5,3.28,8.8,0.42,10.83,1,0,0,0,0,1,0,0,0,1
934.2,29.5,5.12,130.6,1.83,9.6,0.95,7.46,1,0,0,0,0,0,0,1,0,1
1310.0,27.7,6.91,142.7,3.52,4.7,3.758,8.04,0,0,1,0,0,0,1,0,0,1
938.6,35.3,7.65,123.1,4.76,6.9,1.13,6.32,1,0,0,0,1,0,0,0,0,0
637.8,20.8,6.308,128.5,7.37,7.6,2.6,9.43,0,0,0,1,0,0,1,0,0,1
446.1,25.2,7.74,93.2,5.21,6.6,0.42,6.08,0,0,1,0,1,0,0,0,0,1
800.1,22.4,6.69,141.4,5.26,8.7,2.34,11.578600000000005,1,0,0,0,0,1,0,0,0,1
897.7,31.4,8.28,184.8,9.98,10.9,0.56,6.02,0,0,0,0,0,0,0,0,0,0
1000.0,20.4,6.86,13.6,4.51,7.6,5.46,5.37,0,1,0,0,1,0,0,0,0,0
659.0,26.3,6.82,206.3,6.92,6.0,1.2,8.5,0,1,0,0,0,0,1,0,0,0
805.5,12.4,6.02,186.3,9.55,9.3,4.242,9.42,0,1,0,0,0,1,0,0,0,0
533.4,17.9,7.37,7.624000000000001,2.79,10.9,0.71,6.21,0,0,1,0,1,0,0,0,0,1
687.3,21.1,6.46,218.1,3.86,10.4,0.58,7.11,0,0,1,0,1,0,0,0,0,1
850.3,30.0,6.07,178.6,1.57,4.0,0.71,8.75,0,1,0,0,0,0,1,0,0,1
937.7,32.5,5.46,141.5,3.95,9.1,5.04,6.42,0,0,1,0,0,0,0,1,0,0
847.6,26.6,7.11,187.0,3.59,7.6,1.22,10.39,0,0,0,1,0,1,0,0,0,0
1246.5,14.9,6.57,150.9,6.92,7.5,2.01,7.05,0,1,0,0,0,0,0,0,0,0
1313.1,22.3,7.53,103.1,2.85,7.2,2.97,6.97,1,0,0,0,1,0,0,0,0,1
795.6,31.5,6.994,226.3,3.96,4.4,3.4,10.3,0,0,0,1,0,1,0,0,0,1
784.9,27.9,7.29,31.2,5.2,7.779999999999999,3.0919999999999996,11.11,1,0,0,0,0,1,0,0,0,1
1024.1,17.9,8.42,168.4,6.61,9.2,25.54,7.9,0,1,0,0,0,0,1,0,0,1
518.6,29.8,6.39,164.5,6.29,7.5,4.17,8.46,0,1,0,0,0,0,0,1,0,1
1347.4,35.7,6.82,179.8,4.21,8.7,3.73,7.88,0,1,0,0,0,0,0,0,1,1
1268.3,16.5,8.11,138.5,3.42,8.5,2.25,7.06,0,0,0,0,0,0,0,0,1,0
982.4,18.3,6.36,148.9,4.0,5.3,13.69,8.11,0,0,0,1,1,0,0,0,0,1
748.6,30.7,5.6,243.6,0.0,6.7,2.16,7.37,0,0,0,0,0,0,0,0,1,1
679.9,22.4,6.9,206.2,0.87,9.4,2.75,9.56,0,0,0,1,0,0,1,0,0,1
983.5,13.5,5.41,171.4,3.22,7.8,1.69,7.96,0,1,0,0,0,0,0,0,1,1
524.3,23.0,6.23,185.7,2.8,8.0,6.24,7.51,0,0,0,0,0,0,0,0,0,0
1041.1,25.7,5.83,85.5,5.63,8.5,3.63,7.3,0,1,0,0,0,0,0,1,0,1
1001.3,23.5,5.5,80.3,6.1,5.3,2.07,9.96,0,0,0,1,0,1,0,0,0,1
447.1,33.2,5.56,63.1,7.7,9.1,2.46,8.98,0,0,0,1,0,1,0,0,0,0
1048.3,23.8,8.37,220.6,10.857599999999984,6.0,1.14,7.57,0,0,0,0,0,0,0,0,0,1
499.8,28.1,7.11,160.6,8.5,8.2,2.27,6.12,0,0,0,1,1,0,0,0,0,0
1029.9,21.6,6.86,278.0,7.03,7.5,3.43,7.12,0,0,1,0,0,0,0,0,0,0
758.3,29.4,6.34,32.4,0.0,6.5,4.83,5.2514,0,0,1,0,1,0,0,0,0,0
686.0,17.2,5.98,89.0,10.22,9.6,16.37,8.73,1,0,0,0,0,0,0,1,0,1
809.8,16.5,7.090000000000001,164.4,7.22,6.4,1.55,6.32,0,0,0,1,1,0,0,0,0,1
783.9,17.0,7.29,162.6,10.01,7.8,3.63,7.95,0,0,0,1,0,0,1,0,0,0
1252.0,19.9,6.4,160.0,10.857599999999984,8.7,4.59,7.83,0,0,1,0,0,0,1,0,0,0
652.2,27.5,6.76,131.3,5.84,8.3,9.54,9.71,1,0,0,0,0,0,1,0,0,0
1120.9,23.3,7.01,65.0,7.61,8.1,8.99,9.14,0,0,0,0,0,0,1,0,0,1
935.1,27.1,5.88,117.8,4.4,8.1,3.81,6.12,1,0,0,0,1,0,0,0,0,0
855.5,32.5,5.8,238.4,3.58,9.3,12.07,8.07,0,0,0,0,0,0,1,0,0,0
678.5,22.8,6.378,158.3,6.55,7.5,16.09,11.18,0,1,0,0,0,1,0,0,0,1
929.4,23.0,5.77,116.3,4.4,8.5,4.89,7.67,0,0,0,1,0,0,0,1,0,0
794.6,20.5,6.08,134.6,5.33,5.9,2.3,11.33,1,0,0,0,0,1,0,0,0,0
1254.0,31.0,7.008,198.2,3.59,8.9,12.02,7.37,0,0,0,0,0,0,0,0,1,1
1230.9,25.6,6.92,183.8,7.13,8.2,5.5,8.8,0,0,0,0,0,0,0,0,1,1
803.8,19.4,6.4319999999999995,207.1,3.964,7.0,3.68,6.69,0,1,0,0,1,0,0,0,0,0
953.1,22.9,6.49,74.9,3.22,7.8,2.76,11.44,1,0,0,0,0,1,0,0,0,1
1113.4660000000001,20.0,6.5,235.1,4.22,7.5,5.25,11.56,1,0,0,0,0,1,0,0,0,1
971.4,22.3,6.7,113.6,4.61,7.0,2.26,6.9,0,0,1,0,1,0,0,0,0,1
972.8,22.78,6.64,173.1,2.93,6.3,1.9,9.07,0,0,0,1,0,0,1,0,0,1
920.8,30.3,7.2,7.624000000000001,5.31,7.9,2.26,5.67,0,0,0,0,1,0,0,0,0,1
723.5,32.9,6.9,126.6,5.18,8.14,13.81,9.0,0,0,0,1,0,0,1,0,0,1
1248.9,27.8,7.07,127.3,4.32,4.7,1.07,6.85,1,0,0,0,1,0,0,0,0,0
669.2,15.2,6.22,106.0,0.83,9.7,2.76,7.15,0,0,0,1,1,0,0,0,0,1
1273.8,16.0,7.27,118.3,1.07,10.3,3.91,7.29,0,1,0,0,0,0,0,1,0,1
952.1,24.2,5.99,177.6,1.33,6.0,5.82,8.38,1,0,0,0,1,0,0,0,0,0
632.5,25.8,5.24,91.1,2.914,4.1,1.91,7.41,1,0,0,0,0,0,0,0,1,0
997.2,29.4,6.3,166.8,6.6,9.4,2.14,8.55,1,0,0,0,0,0,0,0,1,0
576.5,24.3,7.1,36.6,8.6,7.5,3.2,8.21,0,0,0,0,0,0,0,0,0,1
1484.8,22.9,8.3,213.7,2.13,8.9,6.168,7.01,1,0,0,0,0,0,0,0,0,0
330.164,34.3,6.15,267.1,9.78,8.1,2.17,5.2514,0,1,0,0,1,0,0,0,0,0
987.2,23.8,5.88,188.5,6.35,6.7,1.07,7.32,0,0,0,0,1,0,0,0,0,1
1034.7,29.7,5.46,285.9,5.31,6.9,2.18,8.51,0,0,0,1,0,0,1,0,0,0
1168.9,23.2,7.23,278.7,1.91,7.2,4.3500000000000005,8.53,1,0,0,0,0,0,0,0,1,0
929.1,22.2,5.69,173.4,7.56,7.4,5.11,10.5,0,0,0,0,0,1,0,0,0,1
1016.1,19.0,5.74,249.1,1.29,7.4,2.29,10.14,0,1,0,0,0,1,0,0,0,0
671.1,24.4,6.34,91.7,6.94,7.4,24.94,6.52,0,1,0,0,0,0,0,0,1,0
509.8,35.9,6.59,145.9,2.85,7.0,15.6,5.77,0,1,0,0,1,0,0,0,0,1
994.8,19.6,7.96,77.7,2.38,8.7,3.656,10.0,1,0,0,0,0,1,0,0,0,0
1200.1,28.8,7.328,64.6,0.0,5.7,4.77,8.86,0,1,0,0,0,0,1,0,0,1
826.7,24.0,7.58,198.1,0.33,7.4,2.76,6.57,0,0,0,1,1,0,0,0,0,1
836.5,22.6,7.13,162.3,1.78,8.1,11.41,8.06,0,0,1,0,0,0,0,0,0,1
1100.1,20.6,5.67,127.8,2.58,4.6,4.06,5.75,0,0,0,0,1,0,0,0,0,0
681.8,24.54,6.85,163.6,3.98,6.7,6.71,7.26,0,0,0,0,0,0,0,0,0,0
511.6,28.1,7.15,88.9,3.76,7.1,4.47,7.07,0,0,0,0,0,0,0,0,1,0
777.8,22.3,4.59,181.0,3.37,7.6,1.33,5.65,0,0,0,1,1,0,0,0,0,0
1052.6,21.56,5.49,107.7,7.2,8.2,3.21,8.84,0,0,0,1,0,0,0,0,0,1
862.5,17.2,7.25,113.5,1.08,6.0,0.85,7.62,0,0,0,0,0,0,0,1,0,1
714.2,18.4,5.85,152.0,2.29,8.1,1.69,8.6,0,0,0,0,0,0,0,0,1,1
1294.1,28.7,7.52,99.6,2.03,8.7,11.54,10.83,1,0,0,0,0,1,0,0,0,0
777.9,23.1,6.61,153.14000000000001,5.37,8.8,3.16,9.0,1,0,0,0,0,0,0,0,0,1
1331.1,17.0,8.38,174.4,4.29,6.8,5.64,7.84,1,0,0,0,0,0,0,1,0,1
648.7,27.4,5.92,72.6,9.11,9.1,2.59,6.69,0,0,0,0,0,0,0,0,0,0
902.1,20.4,7.21,156.4,6.3,7.9,1.7,7.25,0,0,1,0,0,0,0,0,0,0
991.2,22.0,7.1,68.3,7.17,8.6,2.27,6.41,0,0,1,0,1,0,0,0,0,1
826.7,26.060000000000002,6.87,192.1,8.41,7.5,7.54,8.73,0,0,1,0,0,0,0,0,1,1
517.6,22.8,6.83,184.1,4.08,4.7,0.78,8.87,1,0,0,0,0,0,0,0,0,1
1181.5,26.2,8.42,43.0,1.23,6.2,0.76,9.08,0,0,0,1,0,1,0,0,0,1
948.0,23.6,5.35,173.8,9.03,4.8,11.13,11.05,1,0,0,0,0,0,1,0,0,1
779.0200000000001,23.7,6.18,133.9,3.05,8.6,1.93,7.13,0,0,1,0,0,0,0,0,0,0
1023.7,16.3,7.18,231.1,4.03,7.719999999999999,5.5,7.1,0,0,1,0,1,0,0,0,0,1
1123.5,21.3,6.5,120.7,4.87,4.4,23.0,9.6,1,0,0,0,0,0,0,0,1,1
949.8,27.9,7.15,286.7380000000001,2.08,4.4,1.19,6.99,0,0,0,1,0,0,0,0,1,0
644.0,18.8,6.08,207.3,0.73,6.6,3.77,5.81,0,1,0,0,1,0,0,0,0,0
831.2,23.3,7.79,133.1,5.99,6.7,1.09,9.72,1,0,0,0,0,0,0,0,0,1
623.4,19.7,6.67,140.6,7.56,8.7,5.35,9.7,0,0,0,0,0,0,1,0,0,1
833.3,23.1,5.43,219.6,1.96,9.5,1.14,7.96,0,0,0,0,0,0,0,0,1,1
1225.4,17.2,5.82,92.6,2.98,4.4,2.81,8.15,1,0,0,0,1,0,0,0,0,1
1123.1,23.9,5.98,239.0,0.0,6.1,5.0,9.35,0,0,0,1,0,0,1,0,0,0
995.5,27.4,6.21,229.2,1.79,9.9,6.21,8.5,0,0,1,0,0,0,0,0,1,1
552.8,23.540000000000003,6.25,7.624000000000001,0.0,5.8,10.04,8.37,0,1,0,0,0,0,1,0,0,1
664.5,25.6,5.47,262.5,2.63,6.3,15.94,8.86,1,0,0,0,0,0,1,0,0,0
872.6,27.3,7.49,140.6,1.3,7.859999999999999,2.662,6.87,0,0,1,0,0,0,0,0,0,0
752.3,13.5,6.489999999999999,32.9,4.42,9.8,6.03,6.21,0,0,1,0,0,0,0,1,0,1
1026.1,22.5,7.37,155.3,5.44,6.6,0.7,7.97,0,0,0,1,1,0,0,0,0,1
647.2,23.2,6.34,111.8,2.32,7.4,1.86,9.64,0,0,0,0,0,1,0,0,0,0
539.9,28.7,6.57,184.4,5.52,7.9,0.78,7.52,0,0,0,1,1,0,0,0,0,1
1339.0,32.0,4.59,134.5,1.2,7.5,3.11,6.88,0,0,1,0,0,0,1,0,0,1
671.8,26.22,7.2,87.2,7.6,6.5,2.54,7.71,0,1,0,0,0,0,0,0,0,0
961.1,17.4,7.33,113.7,5.7,8.0,1.13,10.0,0,0,0,1,0,1,0,0,0,0
685.6,23.000000000000004,5.82,86.3,3.18,9.9,14.72,9.27,0,1,0,0,0,0,1,0,0,0
1343.2,21.8,5.47,98.2,6.05,7.5,1.13,9.94,0,0,0,0,0,1,0,0,0,1
1012.5,20.9,6.54,174.4,2.69,6.2,1.09,7.94,0,1,0,0,1,0,0,0,0,1
756.6,27.5,6.04,87.4,2.89,7.1,28.36,6.67,0,1,0,0,1,0,0,0,0,0
467.4,16.1,6.44,61.8,7.69,6.5,1.27,8.16,0,0,1,0,0,1,0,0,0,0
1052.9,33.5,5.66,139.4,7.0,7.1,1.6499999999999997,7.22,0,0,0,0,0,0,1,0,0,0
866.7,26.8,6.66,142.6,6.03,10.4,0.74,7.92,0,0,0,0,0,0,0,0,1,0
1091.8,21.0,6.12,238.8,4.76,4.8,2.4,9.02,0,0,0,1,0,0,0,1,0,1
925.6,15.1,6.31,104.0,8.24,5.3,7.26,6.34,0,0,1,0,1,0,0,0,0,1
476.7,25.4,6.89,195.4,5.41,9.1,1.72,8.0,0,0,0,1,0,0,0,1,0,0
706.3,28.3,5.54,211.7,4.23,5.3,19.34,6.28,0,0,1,0,0,0,0,0,1,0
1196.5,30.0,6.840000000000001,139.5,2.5,7.5,7.43,8.27,0,0,0,0,0,0,0,0,0,1
1185.1,28.2,6.38,192.5,1.26,7.6,2.23,7.95,0,0,0,0,0,0,0,1,0,1
572.5,20.7,5.17,145.3,8.61,8.9,3.26,11.13,1,0,0,0,0,1,0,0,0,1
1340.4,21.6,5.6,215.3,4.01,8.4,1.18,9.43,0,0,0,1,0,0,0,0,1,1
993.1,25.9,6.29,117.67999999999999,1.17,8.4,6.01,6.55,1,0,0,0,1,0,0,0,0,0
977.6,23.4,5.53,200.83999999999997,7.06,7.9,0.47,8.44,0,1,0,0,0,0,0,0,1,1
707.7,20.3,8.42,196.8,9.38,6.3,5.44,7.99,1,0,0,0,0,0,0,0,0,1
1039.94,26.3,6.85,175.1,6.69,6.0,4.27,5.83,0,0,0,0,1,0,0,0,0,0
1215.2,25.8,6.05,92.9,6.82,9.6,3.84,6.73,0,0,0,0,0,0,0,0,0,0
622.2,33.3,5.8,90.5,1.76,8.9,3.26,8.15,0,1,0,0,0,0,1,0,0,1
533.8,24.6,7.3,158.5,6.29,7.1,1.58,7.47,0,0,1,0,0,0,0,1,0,1
1455.8,29.8,4.86,162.4,5.98,9.2,17.31,7.24,0,0,0,1,0,0,0,0,1,0
576.0,25.8,6.45,161.9,7.39,6.0,1.15,7.15,0,0,0,1,1,0,0,0,0,1
789.1,31.8,5.96,233.5,10.857599999999984,9.2,0.8,7.71,0,1,0,0,0,0,1,0,0,0
1248.1,18.2,7.21,162.3,3.19,8.9,2.53,8.1,0,1,0,0,0,0,0,0,1,1
855.5,18.2,6.46,141.4,8.77,7.6,4.86,7.99,0,0,0,1,0,0,0,1,0,0
1341.1,18.0,7.56,219.5,2.29,8.3,0.42,10.27,0,0,0,0,0,1,0,0,0,0
624.0,18.8,6.34,163.9,2.32,9.4,4.99,7.85,0,1,0,0,0,0,0,1,0,1
490.2,22.1,6.96,194.5,5.19,7.7,5.6,7.09,0,0,1,0,1,0,0,0,0,1
661.9,22.0,7.48,89.4,5.39,10.3,1.82,10.45,0,0,0,1,0,1,0,0,0,1
1427.2,22.5,6.08,115.3,6.19,6.4,0.88,10.82,0,0,0,1,0,1,0,0,0,1
1051.3,16.6,5.93,260.0,6.22,5.7,2.19,8.88,0,1,0,0,0,0,1,0,0,1
1469.3,16.8,6.825999999999999,182.7,5.41,6.3,1.33,7.68,1,0,0,0,0,0,0,0,0,0
1044.5,27.9,7.43,163.1,5.14,10.1,8.26,8.92,0,0,0,1,0,0,0,0,1,1
1371.5,29.5,6.53,183.9,6.67,8.9,4.24,6.92,0,0,0,1,0,0,0,1,0,0
860.0,27.0,7.5,157.0,4.23,9.7,4.933999999999999,8.02,1,0,0,0,0,0,0,0,0,0
899.1,20.6,7.33,141.2,3.3400000000000007,6.840000000000001,1.72,9.0,0,0,1,0,0,0,1,0,0,0
860.7,15.7,6.93,179.1,9.1,9.9,18.58,10.08,0,0,0,1,0,0,1,0,0,1
1045.4,21.6,7.56,171.66,2.53,8.4,1.28,11.1,0,0,0,0,0,1,0,0,0,1
1159.0,20.9,6.17,64.3,4.19,5.8,14.98,5.94,0,0,1,0,1,0,0,0,0,0
863.8,19.0,6.97,97.6,5.43,8.1,2.9699999999999998,6.93,0,0,1,0,0,0,0,1,0,0
1234.3,20.4,6.76,284.1,7.61,9.4,4.54,6.81,0,0,1,0,0,0,0,0,0,0
972.8,26.159999999999997,7.77,152.5,0.61,8.9,2.84,8.03,0,0,1,0,0,0,0,1,0,1
492.5,24.259999999999998,7.33,140.5,0.0,7.1,10.56,8.4,0,0,0,1,0,0,0,0,0,1
722.8,24.58,7.61,36.3,1.85,6.2,0.45,7.12,0,0,0,1,0,0,0,0,0,1
1331.2,18.8,5.6,231.5,9.71,7.7,13.52,8.66,0,0,0,1,0,0,0,1,0,1
946.4,13.2,5.7,171.4,2.11,6.2,6.27,6.91,0,0,0,0,0,0,0,0,1,0
1186.9,28.7,5.01,51.7,0.99,6.0,1.53,5.2514,0,0,0,0,1,0,0,0,0,0
1182.8,12.4,7.18,97.1,6.13,7.6,4.69,6.23,0,0,0,0,1,0,0,0,0,1
1104.9,16.1,6.876,140.7,6.87,6.839999999999999,3.46,8.67,1,0,0,0,0,0,0,0,0,1
724.5,20.7,7.27,200.1,7.27,8.6,4.54,11.15,0,0,0,1,0,1,0,0,0,1
1106.7,22.6,7.34,100.0,8.18,9.0,2.59,7.3,0,0,0,1,0,0,0,0,1,0
753.4,17.0,7.88,88.9,4.42,5.8,7.2,10.23,0,0,1,0,0,1,0,0,0,1
781.3,28.2,6.41,105.4,5.32,4.8,4.28,7.92,0,0,0,1,0,0,0,0,1,0
1014.4,25.8,6.2,137.21999999999997,3.982,7.7,16.9,7.53,0,0,1,0,0,0,0,0,1,1
984.5,22.5,7.58,143.5,5.46,6.6,2.28,6.32,0,0,1,0,1,0,0,0,0,1
1248.5,27.4,7.85,63.9,5.0,6.8,2.46,6.46,0,0,0,0,0,0,0,1,0,0
826.8,29.2,6.73,38.0,5.66,8.8,1.37,7.44,1,0,0,0,1,0,0,0,0,1
1073.4,31.9,6.5840000000000005,156.6,5.7,8.9,2.09,9.44,0,0,1,0,0,1,0,0,0,0
909.8,20.9,6.59,215.2,9.11,7.2,16.66,7.85,0,0,1,0,0,0,0,0,1,1
1038.3,26.7,6.85,199.0,2.41,8.2,2.04,8.39,0,0,0,0,0,0,1,0,0,0
907.2,25.4,6.03,59.1,1.9,7.6,9.04,7.87,0,1,0,0,0,0,0,0,1,1
848.6,29.1,6.61,206.6,6.56,7.7,5.048,10.07,0,0,0,1,0,0,1,0,0,1
330.164,35.9,4.78,205.0,6.29,7.7,28.17,5.2514,0,0,0,0,0,0,0,0,0,0
463.3,20.9,6.06,177.3,0.0,6.2,2.32,7.44,0,0,0,1,0,0,0,0,0,1
598.7,26.9,6.78,198.56,4.68,7.9,0.42,9.06,0,1,0,0,0,0,0,0,1,1
1075.7,15.6,6.74,100.0,3.88,8.6,1.4,10.36,0,0,0,0,0,1,0,0,0,0
725.6,28.2,6.86,186.8,5.92,5.8,1.83,8.88,1,0,0,0,0,0,0,0,1,0
995.0,25.7,4.59,96.3,3.27,5.8,2.04,9.96,1,0,0,0,0,1,0,0,0,1
628.0,21.8,5.83,146.18,4.96,7.2,1.76,6.83,0,0,0,1,1,0,0,0,0,1
860.3,24.34,7.82,106.4,1.86,7.9,2.24,6.11,1,0,0,0,0,0,0,1,0,0
1488.1,33.1,7.23,207.5,6.61,6.9,0.93,6.91,0,1,0,0,0,0,0,1,0,0
873.5,23.5,7.8,244.3,10.15,10.6,1.85,7.94,0,0,1,0,0,0,0,0,0,1
967.8,23.2,5.94,148.9,2.74,8.8,2.7,9.79,1,0,0,0,0,0,0,0,0,1
830.6,21.1,7.25,175.4,8.16,5.8,3.428,9.12,0,0,0,1,0,0,0,0,1,1
985.3,21.8,5.64,77.3,2.95,8.2,8.84,6.17,1,0,0,0,1,0,0,0,0,0
752.5,26.3,5.61,267.2,5.18,6.2,0.74,7.09,0,0,0,0,0,0,0,0,0,1
1016.586,30.4,6.85,181.2,6.66,8.5,3.25,6.14,0,0,1,0,1,0,0,0,0,0
971.4,23.0,5.88,146.3,6.44,4.0,11.74,7.29,0,0,0,0,0,0,0,0,0,0
1488.4299999999998,21.1,6.72,215.5,2.48,6.8,21.7,8.35,0,0,0,0,0,0,0,1,0,1
1064.3,27.5,6.13,178.8,9.7,7.1,4.742,11.07,0,0,0,0,0,1,0,0,0,1
913.3,24.9,6.6,212.3,5.89,7.6,6.99,9.06,0,0,0,1,0,0,0,0,1,1
1311.5,26.0,6.9,134.4,3.95,10.3,2.05,10.8,0,0,1,0,0,1,0,0,0,1
702.7,18.7,7.23,119.7,7.93,6.8,1.3,9.76,1,0,0,0,0,0,1,0,0,1
537.8,24.6,4.92,167.6,3.36,9.3,6.4,5.2514,0,0,1,0,1,0,0,0,0,0
851.6,22.9,6.97,149.5,3.42,7.3,2.02,5.48,0,0,1,0,1,0,0,0,0,0
1360.6,32.3,7.59,235.6,2.45,7.2,4.67,5.5,0,0,0,1,1,0,0,0,0,0
992.5,24.8,6.95,149.4,6.26,8.4,5.48,10.75,0,0,1,0,0,1,0,0,0,1
745.5,23.6,5.55,158.4,7.55,7.6,6.13,8.35,0,0,0,0,0,0,0,0,1,0
1295.6,15.1,5.43,166.0,5.47,7.4,3.9560000000000004,7.58,0,0,0,0,0,0,0,0,0,0
830.0,22.5,6.06,180.9,7.93,9.0,6.21,10.91,0,0,0,0,0,1,0,0,0,1
708.8,15.0,6.07,102.8,5.36,5.3,8.92,8.55,1,0,0,0,0,0,0,0,0,1
921.4,33.3,7.63,152.0,5.68,6.9799999999999995,1.3,6.46,0,1,0,0,0,0,0,0,1,0
1055.8,29.7,5.71,138.6,7.06,7.5,3.48,9.98,1,0,0,0,0,0,1,0,0,1
617.1,17.6,6.13,58.4,5.68,6.5,4.01,7.86,0,0,0,0,0,0,0,0,1,1
863.2,26.9,5.75,111.28,5.52,9.8,9.75,6.92,0,1,0,0,1,0,0,0,0,1
864.6,23.6,6.53,184.0,8.07,8.479999999999999,4.76,7.81,0,0,0,0,0,0,0,0,0,1
1027.8,27.6,5.06,114.1,7.39,6.6,14.08,9.98,0,0,1,0,0,1,0,0,0,1
1026.3799999999999,18.1,6.22,149.8,1.31,6.6,9.75,11.24,0,0,0,1,0,0,1,0,0,1
748.8,27.48,6.36,239.3,4.08,6.0,1.1,7.61,0,1,0,0,0,0,0,0,1,1
1039.0,28.9,6.554,169.2,4.02,4.9,1.91,6.94,0,0,1,0,0,0,0,0,0,0
635.0,29.4,5.86,13.1,7.09,7.2,2.86,5.38,0,0,0,0,0,0,0,1,0,0
732.3,25.2,5.54,221.9,4.49,5.7,4.33,7.57,1,0,0,0,0,0,0,0,1,0
684.0728000000001,28.1,6.11,216.2,5.81,6.8,9.43,7.58,0,0,1,0,0,0,0,0,1,0
410.3,22.0,6.75,162.2,5.06,9.1,10.08,7.3,0,1,0,0,0,0,0,0,1,0
1028.4,16.9,6.69,127.71999999999998,7.32,4.6,16.18,7.49,0,0,0,0,0,0,0,1,0,1
670.8,26.1,6.23,62.0,4.05,8.5,0.8,5.84,0,1,0,0,1,0,0,0,0,0
890.0,23.9,7.86,158.5,4.75,9.7,1.92,7.67,0,1,0,0,0,0,0,1,0,1
831.5,31.9,7.11,124.1,3.29,9.0,3.28,7.55,0,0,0,1,1,0,0,0,0,1
1219.1,24.1,5.82,151.6,3.41,7.5,3.61,8.41,1,0,0,0,0,0,0,1,0,1
879.4,27.0,7.48,250.8,1.26,8.0,12.52,11.578600000000005,1,0,0,0,0,1,0,0,0,1
667.9,18.5,5.96,184.8,6.41,7.0,4.27,8.44,0,0,0,0,0,0,0,0,0,1
882.8399999999999,21.4,5.09,174.0,4.630000000000001,4.9,5.68,7.91,0,0,0,1,0,0,0,0,0,1
1049.3,25.36,5.94,180.6,5.13,6.5,17.2,9.79,0,1,0,0,0,0,1,0,0,1
762.3,19.9,6.53,151.5,3.68,5.9,0.91,7.62,0,0,0,0,0,0,0,1,0,1
917.4,22.6,6.76,153.5,3.68,6.4,3.46,7.35,0,0,0,1,0,0,0,0,1,0
1313.8,21.2,5.02,78.0,4.91,5.7,6.82,7.82,1,0,0,0,0,0,0,0,0,1
781.3,23.3,5.82,162.5,3.5379999999999994,7.3,1.34,10.04,1,0,0,0,0,0,0,0,0,1
971.5,23.4,7.0,98.2,6.94,6.4,3.81,7.8,0,0,1,0,0,0,0,1,0,1
941.1,33.8,6.87,162.1,6.02,7.4,1.32,7.22,0,0,1,0,0,0,0,0,1,1
900.8,22.9,6.85,148.4,8.96,9.4,1.47,6.02,0,1,0,0,1,0,0,0,0,0
1130.1,23.6,6.94,86.2,0.0,6.6,2.3,9.19,1,0,0,0,0,0,1,0,0,1
859.5,19.1,6.56,201.8,6.21,7.5200000000000005,10.49,7.25,0,1,0,0,1,0,0,0,0,0
1193.4,25.1,5.27,188.3,5.07,7.3,1.91,6.36,0,1,0,0,1,0,0,0,0,1
955.0,20.5,7.04,170.3,2.8,7.7,1.6,7.29,0,0,0,0,0,0,0,0,0,0
1010.5,25.3,6.59,113.0,7.37,8.3,3.53,6.86,0,1,0,0,0,0,0,1,0,1
828.7,18.6,7.22,61.9,4.27,9.6,1.87,7.73,0,0,0,0,0,0,0,0,1,0
859.4,30.0,6.89,159.8,3.77,8.3,4.2,7.88,0,0,0,0,0,0,0,0,0,0
925.4,17.4,6.01,31.0,2.85,10.6,8.99,9.59,0,0,1,0,0,1,0,0,0,0
563.8,21.8,5.71,56.8,8.34,6.1,6.18,6.8,1,0,0,0,1,0,0,0,0,0
427.7,21.6,6.45,174.4,8.65,7.6,4.67,7.68,1,0,0,0,0,0,0,1,0,0
726.3,26.2,6.54,107.1,2.96,7.9,2.21,9.49,0,0,1,0,0,1,0,0,0,0
738.4,27.4,7.15,49.2,3.22,7.2,10.51,6.83,0,0,1,0,0,0,0,1,0,1
861.7,16.6,7.39,220.3,6.78,7.6,4.0,8.57,0,0,0,1,0,0,0,0,0,1
538.3,26.3,6.12,88.0,7.39,10.1,8.4,9.17,1,0,0,0,0,0,1,0,0,0
1212.8,28.1,5.6,7.624000000000001,6.12,8.6,2.45,5.95,0,1,0,0,1,0,0,0,0,1
691.0,30.4,5.33,185.1,3.05,10.5,1.54,7.5,1,0,0,0,0,0,0,1,0,0
1236.0,28.4,6.32,126.5,3.08,7.3,1.39,8.14,0,0,0,1,0,0,1,0,0,0
901.6,26.6,6.35,177.2,2.25,6.8,3.58,8.63,1,0,0,0,1,0,0,0,0,1
723.5,24.3,5.99,205.1,6.32,7.4,3.82,11.28,0,0,1,0,0,1,0,0,0,1
509.7,23.5,6.84,192.3,8.08,5.7,5.29,8.51,0,0,0,0,0,0,0,0,0,1
679.6,26.4,6.533999999999999,134.5,6.45,7.4,2.82,8.46,1,0,0,0,0,0,0,0,1,0
784.5,26.7,4.85,62.3,2.45,10.3,1.78,5.89,0,0,1,0,0,0,0,0,1,0
638.1,14.1,6.55,132.0,3.37,5.6,1.22,8.72,0,0,0,0,0,1,0,0,0,0
330.164,28.5,6.21,115.3,7.26,7.0,4.21,9.95,0,0,1,0,0,1,0,0,0,1
1024.8,23.8,6.79,60.0,1.97,7.3,5.86,6.92,0,1,0,0,0,0,0,1,0,0
492.8,35.2,7.08,146.9,2.39,5.5,12.33,6.3,0,1,0,0,1,0,0,0,0,1
982.2,32.2,7.16,116.1,0.82,5.5,2.7,7.23,1,0,0,0,0,0,0,0,0,0
963.6,22.8,5.46,97.5,3.87,7.3,4.21,6.13,0,0,1,0,1,0,0,0,0,0
1159.0,32.5,6.58,77.0,2.88,5.9,12.24,5.66,0,1,0,0,0,0,0,1,0,0
1052.5,21.4,6.13,155.48,2.2,6.2,3.08,8.68,0,0,0,0,0,0,0,0,1,0
651.7,27.8,6.59,176.0,5.27,6.0,2.8,11.578600000000005,1,0,0,0,0,1,0,0,0,1
1015.8,28.2,6.34,42.3,8.74,6.660000000000001,0.94,8.54,1,0,0,0,0,0,1,0,0,1
895.8,27.2,6.69,135.0,5.62,6.0,2.08,6.97,0,0,0,0,0,0,0,1,0,0
1200.6,29.5,6.54,139.0,3.45,8.4,2.62,6.88,0,0,0,1,1,0,0,0,0,0
1173.6,24.7,6.17,184.26,6.95,6.4,11.34,8.96,0,0,0,0,0,0,1,0,0,0
998.9,26.6,6.29,143.2,5.94,8.1,7.75,6.86,0,1,0,0,1,0,0,0,0,0
1086.5,22.3,6.62,183.8,3.19,6.8,10.73,8.65,0,0,0,0,0,0,0,1,0,1
814.2,26.0,6.13,216.4,6.71,7.32,3.22,8.04,0,0,0,1,1,0,0,0,0,1
652.2,31.3,6.68,77.4,5.58,7.0,5.13,6.36,1,0,0,0,1,0,0,0,0,0
803.4,34.7,7.01,154.7,8.65,8.8,1.84,8.47,1,0,0,0,0,0,0,0,1,1
892.3,20.1,6.4,165.7,7.14,7.5,1.86,10.41,0,0,0,0,0,1,0,0,0,1
908.22,31.7,6.04,185.9,7.46,7.9,5.84,8.53,0,0,1,0,0,1,0,0,0,0
398.7,29.9,5.17,118.3,4.41,6.3,3.13,8.85,0,0,1,0,0,1,0,0,0,1
923.5,25.7,5.71,7.624000000000001,6.34,7.2,2.89,7.67,0,0,0,0,0,0,0,0,0,1
849.1,28.0,6.87,94.1,5.51,6.4,15.95,10.84,0,0,0,0,0,1,0,0,0,1
946.7,20.7,8.42,148.5,7.51,7.3,2.29,5.54,0,0,1,0,1,0,0,0,0,0
350.6,25.6,5.13,101.1,1.44,8.6,13.65,6.69,0,0,0,0,0,0,0,0,1,1
949.9,21.7,6.15,132.5,4.764,7.7,12.88,7.55,0,0,1,0,0,0,0,0,0,0
806.2,14.6,7.62,88.8,8.18,7.3,2.44,9.14,0,0,0,1,0,0,1,0,0,1
1418.6,26.3,5.57,137.8,4.98,5.0,1.7,7.59,0,1,0,0,0,0,0,1,0,1
1113.8,20.4,7.02,119.1,7.21,5.8,4.56,9.75,0,0,0,1,0,0,1,0,0,1
1050.9,25.4,7.27,45.9,1.23,9.1,5.54,8.45,0,1,0,0,0,0,1,0,0,0
848.1,26.5,6.38,212.6,6.83,7.8,1.41,11.01,0,0,0,1,0,1,0,0,0,1
1405.2,24.580000000000002,4.91,130.5,5.66,6.3,2.88,5.61,0,0,0,0,0,0,0,1,0,0
757.6,26.1,6.94,214.4,8.74,10.3,1.26,8.82,0,1,0,0,0,0,1,0,0,0
1015.3,35.3,6.73,116.9,3.52,6.9,1.47,6.78,0,0,0,1,1,0,0,0,0,1
730.2,27.3,6.44,7.624000000000001,2.62,7.4,2.09,6.28,0,0,0,1,0,0,0,0,1,0
899.1,22.18,4.93,164.4,5.1,7.3,3.45,9.66,0,1,0,0,0,0,1,0,0,1
705.4,23.7,5.93,269.3,7.04,5.6,6.33,6.51,0,0,1,0,1,0,0,0,0,1
1345.2,24.2,6.19,124.4,5.76,8.2,5.62,6.66,0,0,1,0,1,0,0,0,0,1
880.7,31.1,7.0,83.8,6.98,8.4,1.39,7.45,0,1,0,0,0,0,0,0,0,1
979.7,24.5,7.05,145.4,5.17,7.4,5.51,8.82,0,1,0,0,0,0,0,0,0,1
1057.0,20.0,6.2,106.3,3.12,6.2,3.35,8.8,0,0,0,0,0,0,1,0,0,0
1108.1,24.0,7.19,137.0,4.59,8.5,5.4,7.82,0,0,1,0,0,0,0,1,0,1
1086.3,19.1,6.11,157.5,2.53,8.8,1.41,7.94,0,0,1,0,0,0,0,0,0,1
894.6,26.8,5.89,65.1,6.25,6.0,6.31,6.92,0,0,0,1,1,0,0,0,0,0
699.3,32.6,7.51,119.04,4.91,7.7,6.35,6.79,0,1,0,0,0,0,0,1,0,1
1106.9,27.9,8.09,136.95999999999998,6.82,8.0,7.45,6.85,0,0,0,0,1,0,0,0,0,1
433.4,18.2,6.2,171.6,2.01,10.8,5.14,7.41,0,1,0,0,0,0,0,0,0,0
580.4,28.8,7.78,162.5,6.19,8.8,0.85,6.04,0,0,1,0,1,0,0,0,0,1
721.0,27.5,7.15,166.45999999999998,9.17,5.7,4.12,6.28,0,0,0,0,1,0,0,0,0,0
979.9,28.1,6.632000000000001,269.1,2.88,4.8,4.3,8.39,0,0,0,1,0,0,1,0,0,0
1012.5,21.1,5.16,152.5,5.97,5.5,3.4,10.99,0,0,0,0,0,1,0,0,0,1
956.0,29.1,4.59,184.3,4.76,7.3,3.59,6.56,0,0,1,0,0,0,0,0,0,1
817.7,25.4,7.02,174.5,6.19,6.9,3.94,7.07,0,0,1,0,1,0,0,0,0,1
408.3,18.4,6.31,184.1,7.1,5.6,0.42,5.89,0,0,1,0,0,0,0,0,0,0
702.3,26.6,5.82,65.8,7.02,8.2,1.11,6.39,0,0,1,0,1,0,0,0,0,1
534.0,29.3,5.55,144.6,4.89,9.3,13.54,7.67,0,0,0,0,0,0,1,0,0,0
776.4,23.3,5.62,135.0,4.825999999999999,6.5,2.39,7.54,0,1,0,0,1,0,0,0,0,1
961.1,15.6,8.42,49.9,0.0,9.0,13.64,6.65,0,0,1,0,0,0,0,1,0,1
762.8,24.1,6.79,109.0,2.16,8.1,5.04,7.34,1,0,0,0,0,0,0,1,0,0
1181.7,23.9,6.68,120.3,4.488,7.959999999999999,19.2,7.36,1,0,0,0,1,0,0,0,0,1
787.0,26.3,6.81,119.3,2.61,6.3,2.82,7.79,0,0,0,0,1,0,0,0,0,1
435.7,26.5,5.9,251.2,4.92,7.9,2.91,7.62,0,0,0,1,0,0,0,1,0,1
989.5,21.8,6.38,251.6,5.05,7.8,0.73,7.25,0,0,0,0,0,0,0,0,0,0
1279.7,25.2,6.1,176.4,5.5,7.3,15.25,7.51,0,1,0,0,0,0,0,1,0,0
1137.3,18.5,5.99,198.1,0.0,6.8,1.83,6.85,0,1,0,0,1,0,0,0,0,1
1093.3,27.3,6.46,238.6,5.17,7.8,2.21,11.29,0,0,0,0,0,1,0,0,0,1
449.7,27.6,5.84,190.5,4.38,6.9,28.908999999999867,5.89,0,0,0,1,1,0,0,0,0,0
800.7,27.2,7.56,229.66760000000005,4.92,5.9,3.7520000000000002,8.13,1,0,0,0,0,0,0,0,1,0
935.0,22.660000000000004,7.67,141.1,6.63,10.6,6.35,9.66,0,1,0,0,0,0,1,0,0,0
752.5,29.6,7.18,116.88,2.48,7.1,1.84,10.41,1,0,0,0,0,1,0,0,0,1
1020.8,30.9,6.6,112.4,8.54,7.5200000000000005,28.908999999999867,6.36,0,0,1,0,0,0,0,1,0,0
1118.4,26.2,5.75,142.9,5.37,5.5,0.63,7.53,1,0,0,0,0,0,0,1,0,0
739.3,22.9,7.47,84.5,2.68,8.139999999999999,0.91,9.19,0,0,0,0,0,1,0,0,0,0
1015.8,22.0,6.4,149.5,0.95,7.3,7.27,8.34,0,1,0,0,0,0,0,1,0,1
559.8,25.920000000000005,7.38,167.5,5.21,6.4,1.21,8.13,0,1,0,0,0,0,0,0,0,1
765.2,19.6,5.37,57.5,4.94,8.1,14.88,8.29,0,0,0,0,0,0,0,0,1,1
1111.3,21.2,5.6,179.5,0.68,6.9,2.18,7.31,0,0,1,0,0,0,0,0,0,0
1456.6,25.7,7.7,219.8,2.83,7.5,0.73,7.5,1,0,0,0,0,0,0,0,0,1
837.5,20.9,6.54,259.5,3.33,9.0,24.63,7.05,0,0,1,0,1,0,0,0,0,1
800.86,26.2,5.39,181.8,3.62,7.5,10.44,8.39,0,0,0,1,0,0,0,0,1,1
848.1,33.5,5.37,9.2,9.56,7.8,2.73,5.32,0,0,1,0,0,0,0,0,0,0
1063.7,30.3,6.67,166.9,4.0,5.3,8.28,7.03,0,0,0,1,0,0,0,1,0,0
1078.1,24.1,8.42,127.7,7.44,7.0,1.04,9.22,0,0,0,0,0,0,1,0,0,1
1179.1,23.2,5.87,130.3,4.284000000000001,6.7,8.18,7.56,0,0,0,1,0,0,0,0,0,0
1070.1,19.0,6.15,122.2,6.97,8.3,4.4,7.86,0,1,0,0,0,0,0,1,0,1
1400.6,21.6,5.47,177.7,3.47,7.7,6.22,9.32,0,0,0,1,0,0,1,0,0,0
1103.8,23.3,5.31,176.6,6.84,8.3,6.68,10.43,0,0,0,0,0,1,0,0,0,0
951.9,22.4,5.82,153.6,2.69,7.8,2.97,8.96,0,0,0,0,0,0,0,0,0,1
684.5,23.5,4.65,188.8,5.79,8.2,6.29,8.06,0,0,0,0,0,0,0,0,1,1
630.4,25.6,5.55,111.6,4.69,8.2,5.9,8.85,0,0,1,0,0,0,1,0,0,0
792.7,24.36,6.63,179.2,8.64,7.4,5.06,9.6,0,0,0,1,0,1,0,0,0,0
698.5,23.6,7.92,221.3,9.21,4.6,8.13,7.37,1,0,0,0,0,0,0,1,0,0
554.2,24.0,7.18,136.06,0.0,5.4,6.05,8.34,0,0,0,1,0,0,0,0,1,1
887.7,26.779999999999994,6.948,187.8,2.58,10.0,1.89,10.0,1,0,0,0,0,0,0,0,1,1
1263.5,16.2,6.64,157.2,4.15,7.5,0.64,8.44,0,0,0,0,0,0,0,0,0,1
774.9,22.5,7.65,81.7,6.21,7.9,3.71,6.74,0,0,1,0,1,0,0,0,0,1
881.7,24.4,5.72,103.4,6.69,6.6,3.48,9.29,0,1,0,0,0,1,0,0,0,0
907.3,26.9,6.61,121.4,3.7560000000000002,8.1,5.08,9.37,1,0,0,0,0,0,0,0,1,1
1212.4,25.2,5.96,175.0,2.57,8.8,9.05,10.52,0,1,0,0,0,0,1,0,0,1
1223.3,26.2,5.63,177.80760000000004,4.28,5.8,4.76,8.13,1,0,0,0,0,0,0,1,0,1
731.2,23.4,6.87,73.9,3.61,7.6,2.52,6.3,0,1,0,0,1,0,0,0,0,1
537.7,26.3,4.59,250.6,1.698,7.3,1.48,7.91,1,0,0,0,0,0,0,0,0,1
868.2,22.3,7.09,131.9,7.94,8.0,1.44,7.63,1,0,0,0,1,0,0,0,0,1
714.1199999999999,22.3,5.62,231.0,3.52,9.1,1.32,7.87,0,1,0,0,0,0,0,0,1,0
710.3,24.5,6.2,130.0,7.2,8.1,3.92,7.71,1,0,0,0,1,0,0,0,0,1
803.8,24.9,5.55,133.8,6.04,9.0,0.85,10.74,0,0,0,1,0,1,0,0,0,0
935.7,30.3,8.42,169.1,3.27,8.2,10.58,6.44,0,0,0,1,0,0,0,0,0,1
915.3,21.8,6.79,166.23999999999998,0.0,5.6,2.07,8.7,0,0,1,0,0,0,1,0,0,1
985.7,33.2,7.02,170.5,6.53,8.5,8.2,6.12,0,1,0,0,0,0,0,1,0,0
751.6,26.6,6.93,51.9,8.96,6.6,4.3,10.58,0,1,0,0,0,1,0,0,0,1
908.2,24.0,5.9,270.8,2.94,9.3,0.42,6.64,0,0,0,0,0,0,0,1,0,0
1035.3,22.6,7.44,176.9,7.98,6.9,2.68,7.25,0,0,0,1,1,0,0,0,0,0
825.6,21.8,7.33,207.0,9.27,7.1,1.68,11.42,0,1,0,0,0,1,0,0,0,1
763.1,23.82,5.62,166.8,10.25,6.5,5.74,9.21,0,1,0,0,0,0,1,0,0,1
837.8599999999999,28.0,5.49,133.6,0.0,5.7,4.69,8.23,0,0,0,0,0,0,1,0,0,0
688.0,19.5,6.92,286.7380000000001,7.72,8.4,0.83,8.69,0,1,0,0,0,0,1,0,0,0
1190.1,21.6,7.0,48.4,3.24,7.4,1.71,10.17,0,1,0,0,0,1,0,0,0,0
617.2,31.8,5.84,169.5,2.94,6.9,6.75,7.01,0,0,0,0,0,0,0,1,0,1
646.4,23.9,5.66,158.2,5.59,8.8,5.39,7.16,0,0,0,0,0,0,0,1,0,1
1202.3,21.2,7.52,213.2,9.56,7.6,0.93,5.9,0,0,1,0,1,0,0,0,0,1
536.3,22.6,5.26,153.16,2.14,7.4,2.18,6.9,0,1,0,0,0,0,0,1,0,0
813.3,26.0,7.59,148.8,3.02,6.6,1.13,8.71,0,0,0,0,0,0,1,0,0,0
1488.4299999999998,30.0,5.68,167.92760000000004,6.56,7.5,2.85,5.6,0,1,0,0,1,0,0,0,0,0
1054.8,28.8,5.88,78.9,4.3740000000000006,6.9,8.48,7.81,1,0,0,0,0,0,0,1,0,1
920.4,19.2,6.33,124.6,3.07,9.0,10.96,6.74,0,0,1,0,0,0,0,1,0,0
927.9,26.0,7.42,188.1,0.0,6.0,3.01,5.72,0,0,1,0,1,0,0,0,0,0
1051.4,31.9,6.39,209.5,3.68,8.4,1.49,10.9,0,1,0,0,0,1,0,0,0,1
1098.9,25.0,6.2,84.2,2.8,7.0,0.81,6.38,0,1,0,0,1,0,0,0,0,1
1057.8,27.3,6.4719999999999995,242.0,3.78,6.5,1.95,8.93,0,0,0,1,0,0,1,0,0,1
756.5,30.2,6.75,210.6,6.58,7.1,0.61,7.63,0,0,0,0,0,0,0,1,0,1
775.9,31.8,7.91,7.624000000000001,2.16,5.2,1.24,5.7,0,0,0,0,0,0,0,0,0,1
711.9,18.9,7.13,198.0,5.16,10.2,1.25,8.44,0,0,0,0,0,0,0,0,0,1
818.9,19.6,5.54,163.8,8.49,9.9,2.67,7.95,0,0,0,1,1,0,0,0,0,1
933.2,19.6,6.97,22.0,4.91,6.9,1.18,5.93,0,1,0,0,1,0,0,0,0,0
1237.6,21.9,7.4,136.6,4.0,9.4,6.453999999999999,9.79,0,0,1,0,0,1,0,0,0,0
843.4,33.2,7.03,93.6,8.84,9.0,5.66,6.84,0,0,1,0,1,0,0,0,0,1
1180.2,30.2,7.1,124.7,3.2,8.2,1.36,9.97,1,0,0,0,0,1,0,0,0,0
980.1,24.1,6.5,194.6,5.92,8.3,10.84,7.63,0,0,0,0,0,0,0,1,0,1
925.8,18.8,6.7,150.1,4.4,6.6,6.25,6.29,0,0,0,0,0,0,0,1,0,0
963.0,23.9,6.12,181.0,3.01,7.2,2.45,8.73,0,0,1,0,0,0,0,0,0,1
880.8,21.7,6.83,132.8,0.0,5.8,16.71,7.31,1,0,0,0,1,0,0,0,0,0
565.8,24.2,6.21,119.7,5.69,9.6,2.91,6.91,0,0,1,0,0,0,0,1,0,0
744.3,17.5,5.0,173.3,3.19,6.2,6.75,7.85,0,1,0,0,0,0,0,1,0,1
505.3,29.1,5.03,144.34,3.88,6.9,4.05,5.81,0,0,0,0,1,0,0,0,0,1
997.7,32.0,7.11,146.4,5.05,8.5,0.88,10.12,1,0,0,0,0,1,0,0,0,0
792.5,20.7,5.41,127.7,4.51,6.7,6.3,10.59,0,0,0,1,0,1,0,0,0,1
1246.9,23.5,6.06,142.0,5.73,8.1,3.56,8.58,0,1,0,0,0,0,0,0,1,1
816.3,35.7,6.32,177.2,4.79,7.2,5.06,6.89,1,0,0,0,0,0,0,0,0,0
1356.6,29.2,7.08,182.1,5.48,6.5,1.91,6.52,0,1,0,0,0,0,0,1,0,0
1092.5,27.4,7.16,119.1,6.97,7.9,2.33,6.86,0,0,0,0,1,0,0,0,0,1
837.6,31.7,5.75,126.1,4.97,5.1,0.61,9.05,1,0,0,0,0,0,1,0,0,0
822.4,25.5,6.63,180.9,6.35,9.5,1.89,7.12,0,0,1,0,0,0,0,0,1,0
554.9,15.9,5.54,184.2,9.1,9.9,1.03,6.39,1,0,0,0,1,0,0,0,0,0
948.3,23.54,6.89,160.2,5.72,11.0,0.97,11.43,0,1,0,0,0,1,0,0,0,1
1004.2,24.9,6.7,176.9,4.66,8.0,3.1,6.43,0,0,0,0,1,0,0,0,0,0
897.1,23.2,6.76,75.3,2.12,9.3,5.01,7.29,0,0,0,1,0,0,0,0,0,0
679.1,20.7,6.52,218.7,8.41,7.4,1.66,11.51,0,0,0,0,0,1,0,0,0,1
610.3,31.3,6.839999999999999,95.8,3.37,7.32,0.86,7.92,0,0,0,0,0,1,0,0,0,0
929.4,24.3,7.28,192.2,3.97,5.6,2.52,9.34,0,0,1,0,0,0,1,0,0,1
1054.4,28.7,7.11,229.1,4.68,5.9,1.6,8.58,0,0,0,1,0,0,0,0,1,1
1323.3,19.6,6.94,139.6,5.05,8.4,4.26,9.26,0,0,0,1,0,0,1,0,0,1
1165.8,21.7,6.93,182.0,4.768000000000001,4.8,4.31,8.32,0,0,0,1,0,0,0,0,0,1
892.8,25.5,7.27,101.5,6.16,8.0,1.23,6.68,0,0,1,0,0,0,0,1,0,1
912.2,21.4,6.93,178.7,9.27,4.9,1.16,7.05,0,0,0,0,0,0,0,0,0,0
1341.4,23.2,6.4,106.9,5.3,8.2,4.91,8.8,0,1,0,0,0,0,1,0,0,0
1233.3,32.4,6.2,134.3,5.01,9.1,2.79,7.95,0,0,0,0,0,0,0,0,0,1
792.7,13.5,6.93,146.3,3.0,7.8,5.6,8.97,0,0,0,0,0,0,0,0,1,1
728.6,13.4,7.2,187.7,7.75,5.8,0.95,7.72,0,0,0,1,0,0,0,0,0,0
1263.5,20.0,7.13,238.1,2.63,4.5,6.2,7.33,0,0,0,0,0,0,0,1,0,1
1054.3,23.1,6.789999999999999,76.2,4.166,6.0,2.41,7.99,0,0,0,1,0,0,0,0,0,1
723.7,19.2,6.67,93.9,0.04,10.0,5.86,8.29,1,0,0,0,1,0,0,0,0,1
1346.6,29.1,7.39,207.0,2.58,9.0,0.73,7.34,0,0,0,0,1,0,0,0,0,1
670.9,23.9,7.05,207.0,7.67,6.5,6.33,7.83,0,1,0,0,0,0,0,1,0,1
640.2,23.4,6.99,134.3,6.58,6.3,4.24,7.79,0,0,0,0,0,0,0,0,1,0
1276.9,32.3,6.76,41.3,6.35,6.7,0.85,7.68,0,0,0,0,0,0,0,0,0,1
913.1,21.4,6.52,126.2,3.19,4.7,4.19,9.38,0,0,0,1,0,1,0,0,0,0
725.1,20.0,7.1,59.0,1.32,8.139999999999999,5.2,11.29,0,0,0,1,0,1,0,0,0,1
825.8,27.3,5.52,155.57999999999998,4.04,5.5,2.43,6.2,0,0,0,1,1,0,0,0,0,0
965.3,23.9,6.65,149.8,2.16,8.4,2.73,8.14,0,0,1,0,0,0,0,1,0,1
920.6,18.0,5.59,176.9,1.06,6.2,3.74,10.01,0,0,0,1,0,1,0,0,0,0
969.1,34.8,6.52,149.8,8.96,9.5,3.85,8.36,0,0,0,1,0,0,0,1,0,1
1395.0,16.7,6.3,167.0,4.88,7.0,5.45,9.65,0,0,1,0,0,1,0,0,0,0
1121.7,35.6,5.33,156.2,5.68,6.0,1.04,5.62,0,0,0,0,1,0,0,0,0,1
704.0,22.8,7.79,127.1,4.726000000000001,10.6,3.79,7.33,1,0,0,0,0,0,0,1,0,0
786.8,19.4,4.88,92.9,6.18,8.2,2.34,7.87,0,0,0,0,0,0,0,0,0,1
573.6,23.9,6.34,170.0,4.23,7.0,2.12,6.59,0,1,0,0,1,0,0,0,0,0
645.1,20.1,5.29,173.9,6.53,7.280000000000001,5.94,8.78,1,0,0,0,0,0,0,1,0,1
890.2,19.0,5.46,233.2,6.2,6.8,1.05,5.83,0,0,0,0,0,0,0,1,0,0
891.0,27.0,5.95,75.5,6.92,7.0,1.63,7.37,0,0,0,0,0,0,0,0,0,1
886.1,18.6,6.72,206.8,3.69,10.3,6.85,7.41,0,0,1,0,1,0,0,0,0,1
757.4,32.5,6.58,112.8,9.53,10.9,1.46,7.25,1,0,0,0,0,0,0,0,1,0
894.4,27.6,7.3,210.6,4.36,7.5,3.34,8.54,0,0,0,1,0,0,1,0,0,0
1144.5,25.6,7.6,197.3,7.13,6.1,5.11,6.13,0,1,0,0,1,0,0,0,0,0
1165.7,20.7,7.4,162.6,4.86,8.6,5.950000000000001,9.68,0,0,0,0,0,0,1,0,0,1
1122.5,24.5,6.75,157.7,4.72,7.1,0.82,8.79,0,0,1,0,0,0,0,0,1,1
739.9,28.6,5.71,163.7,7.23,4.9,2.11,8.3,0,0,0,0,0,0,0,0,0,1
917.72,17.6,5.1,70.2,5.45,9.5,1.53,6.45,0,1,0,0,1,0,0,0,0,1
1169.1,25.8,7.58,34.4,6.11,6.9,3.04,7.71,0,0,0,0,0,0,1,0,0,0
651.9,21.1,6.51,140.5,3.01,8.0,7.01,9.88,1,0,0,0,0,0,1,0,0,1
1048.1,22.1,6.06,16.1,6.72,5.8,2.68,10.85,1,0,0,0,0,1,0,0,0,1
1318.9,28.3,7.2,149.8,7.71,4.4,1.52,7.2,1,0,0,0,1,0,0,0,0,1
997.2,20.6,7.04,66.5,3.73,7.5,4.54,7.21,0,0,0,0,1,0,0,0,0,1
996.3,17.6,5.91,143.5,0.92,8.1,0.42,8.91,1,0,0,0,0,0,0,0,0,1
1488.4299999999998,25.4,7.21,186.2,4.71,9.1,3.09,7.14,0,0,0,1,0,0,0,0,0,0
829.2,24.1,5.54,185.4,8.59,11.0,9.23,8.39,0,1,0,0,0,0,1,0,0,0
829.1,22.1,5.59,212.3,4.48,4.7,7.67,10.98,0,0,0,0,0,1,0,0,0,1
1017.5,26.3,6.09,86.4,0.64,8.4,25.54,6.48,0,0,1,0,0,0,0,1,0,0
754.4,19.4,7.07,83.0,4.88,5.6,12.39,10.93,1,0,0,0,0,1,0,0,0,0
719.2,19.3,6.29,118.9,2.87,7.3,7.93,7.44,0,0,0,0,0,0,0,1,0,0
971.4,22.6,6.316,159.5,2.68,8.0,3.65,10.09,1,0,0,0,0,0,1,0,0,1
540.6,24.9,7.087999999999999,172.9,5.16,4.5,17.53,8.77,0,1,0,0,0,0,1,0,0,1
631.3,20.4,7.73,152.4,4.44,6.1,1.57,8.04,0,0,1,0,0,0,1,0,0,0
993.8,31.3,5.42,76.7,5.02,8.4,1.94,7.96,0,1,0,0,0,0,0,0,0,1
821.8,25.639999999999997,6.0,183.1,4.33,7.2,7.075999999999999,10.21,0,0,0,1,0,1,0,0,0,1
795.0,29.3,6.62,173.2,0.9,9.2,0.64,7.64,0,1,0,0,0,0,0,0,0,1
552.1,32.5,6.53,126.0,3.11,6.9,6.32,5.2514,0,1,0,0,1,0,0,0,0,0
861.2,30.9,6.46,219.8,0.0,6.9,3.412,7.14,0,0,0,0,0,0,0,1,0,1
647.7,24.4,7.09,118.5,3.36,7.9,3.55,8.63,0,1,0,0,0,0,1,0,0,0
1017.8,23.2,5.09,171.6,5.19,9.5,13.31,7.7,0,0,1,0,0,0,0,0,0,1
1072.2,24.9,6.86,217.4,9.29,8.3,0.68,7.96,1,0,0,0,1,0,0,0,0,1
1125.1,22.9,7.21,169.3,5.46,8.2,2.61,7.83,0,1,0,0,0,0,0,1,0,0
976.5,20.3,7.03,147.38000000000002,5.17,8.5,3.7,8.89,0,0,0,1,0,0,0,0,0,1
690.3,22.6,7.53,209.5,4.29,7.1,0.84,8.13,0,0,1,0,0,0,0,0,1,1
1015.7,27.2,5.95,18.3,0.33,8.22,6.94,6.88,0,1,0,0,1,0,0,0,0,1
845.7,23.7,7.72,233.5,5.71,8.3,9.63,11.27,0,0,0,0,0,1,0,0,0,1
998.1,27.5,6.76,271.9,10.857599999999984,4.9,2.96,8.57,0,0,1,0,0,0,1,0,0,1
1142.8,24.2,6.49,186.9,5.68,9.8,1.09,8.35,1,0,0,0,0,0,0,0,0,0
773.0,16.5,7.67,207.3,7.63,5.9,4.08,5.89,0,1,0,0,1,0,0,0,0,0
1033.0,20.9,7.49,202.5,7.78,9.1,1.14,7.64,0,0,0,1,0,0,0,1,0,1
932.5,15.2,5.5,149.44,0.84,8.0,2.47,6.92,1,0,0,0,1,0,0,0,0,1
836.8,14.1,8.42,61.8,1.54,7.0,2.45,7.3,0,0,0,0,0,1,0,0,0,0
1035.4,29.1,7.48,59.2,4.47,8.8,0.42,6.78,0,0,0,1,0,0,0,1,0,1
1032.5,21.4,5.81,201.5,8.26,8.7,1.63,10.8,0,0,0,0,0,1,0,0,0,1
1028.9,24.3,4.74,189.54000000000002,5.37,6.9,1.64,7.45,0,0,0,1,0,0,0,1,0,0
871.2,26.7,4.91,67.3,4.17,9.0,0.7,6.93,0,0,0,0,1,0,0,0,0,1
1488.4,23.0,7.46,181.61999999999998,5.22,8.06,7.47,8.06,0,1,0,0,0,0,0,0,1,1
491.7,33.9,6.07,199.5,6.18,5.6,2.77,10.05,0,0,0,0,0,1,0,0,0,1
1238.3,12.4,7.94,194.0,5.44,9.6,1.61,5.67,0,0,0,0,1,0,0,0,0,0
1161.0,30.4,5.81,65.8,2.07,6.9,6.63,6.85,0,1,0,0,1,0,0,0,0,1
706.6,23.6,6.58,98.8,3.01,7.1,2.62,8.09,0,0,1,0,0,0,1,0,0,0
894.0,16.0,7.63,192.4,5.92,5.2,0.42,7.76,0,1,0,0,0,0,0,0,1,1
1153.6,23.26,6.8,139.7,1.1,7.4,10.48,10.78,0,0,0,0,0,1,0,0,0,1
497.3,27.7,7.43,70.4,3.02,8.6,5.37,10.53,0,0,0,1,0,1,0,0,0,1
1454.7,31.7,6.48,125.2,6.23,6.9,9.05,7.47,1,0,0,0,0,0,0,1,0,0
530.6,21.7,5.98,267.3,7.05,5.7,8.048,11.34,1,0,0,0,0,1,0,0,0,0
636.9,22.4,6.85,123.2,3.17,7.5,1.16,9.42,0,0,0,0,0,0,1,0,0,1
549.3,22.4,6.26,144.7,4.31,6.6,3.52,6.55,0,0,0,0,0,0,0,0,0,0
1141.6,25.6,6.6,193.5,8.41,7.7,1.8,7.55,0,1,0,0,0,0,0,0,1,0
927.5,21.5,5.5,146.2,7.8,7.6,2.18,9.89,0,0,0,0,0,1,0,0,0,1
922.7,20.2,5.92,73.2,6.24,9.6,3.15,11.38,0,0,0,1,0,1,0,0,0,1
1059.1,26.4,5.86,124.1,6.12,5.9,3.35,10.44,0,1,0,0,0,1,0,0,0,1
1384.6,23.580000000000002,5.14,142.28000000000003,6.77,5.8,4.41,6.86,0,0,0,0,0,0,0,0,1,1
1050.7,25.6,5.4,149.6,5.73,6.1,5.1659999999999995,7.61,0,0,0,1,1,0,0,0,0,1
824.7,19.5,7.73,65.6,1.54,4.9,14.88,6.15,0,0,0,0,0,0,0,0,0,0
768.9,24.6,6.22,24.0,4.01,8.1,2.86,8.43,0,0,0,0,0,0,1,0,0,0
757.5,30.3,5.59,121.5,5.84,8.7,11.257799999999973,8.76,1,0,0,0,0,0,0,0,1,1
1055.1,18.4,6.29,154.5,6.17,11.0,5.81,10.49,0,0,0,0,0,0,1,0,0,1
942.9,31.8,6.09,119.9,10.16,6.4,5.84,9.21,1,0,0,0,0,0,1,0,0,0
1124.98,31.4,7.55,286.7380000000001,3.91,8.9,2.72,5.26,0,0,0,1,1,0,0,0,0,0
847.3,16.2,6.4,229.4,3.15,9.8,1.62,6.91,0,0,0,1,0,0,0,0,1,0
1488.4299999999998,20.8,7.01,152.5,2.8,7.3,3.81,7.46,0,0,0,1,0,0,0,0,0,0
557.1,19.5,5.892,224.2,2.87,9.4,5.2,9.87,1,0,0,0,0,0,1,0,0,0
748.3,27.22,8.21,43.9,6.62,4.0,2.21,5.2514,1,0,0,0,1,0,0,0,0,0
1068.2,26.6,7.05,157.2,6.03,9.4,28.908999999999867,8.86,1,0,0,0,0,0,0,0,1,0
625.8,29.4,5.17,153.4,0.63,7.9,0.87,9.57,0,0,0,1,0,1,0,0,0,0
998.1,30.3,7.15,8.6,0.0,9.6,6.59,7.82,0,0,0,1,0,0,0,0,1,1
877.0,18.3,6.64,131.38,4.99,6.8,4.2,7.6,0,0,0,0,1,0,0,0,0,1
868.5,23.3,7.84,191.3,6.45,6.6,0.71,5.56,0,0,0,0,1,0,0,0,0,0
502.6,22.4,6.73,151.2,0.87,6.4,1.49,6.47,0,0,1,0,0,0,0,0,0,0
1488.4299999999998,30.7,7.59,176.0,4.79,8.6,6.142,8.71,0,1,0,0,0,1,0,0,0,0
1102.0,29.4,6.01,142.2,2.53,10.4,1.15,6.15,0,0,0,0,1,0,0,0,0,0
471.9,21.4,6.83,143.9,4.84,9.2,2.19,8.11,0,0,0,0,0,0,1,0,0,0
362.2,24.0,6.39,118.4,4.63,7.5,5.95,5.36,0,1,0,0,1,0,0,0,0,0
978.1,21.759999999999998,7.12,182.7,7.97,6.9,6.01,9.86,1,0,0,0,0,0,1,0,0,0
916.1,23.880000000000003,5.13,120.7,0.96,8.7,1.91,5.84,0,0,0,0,1,0,0,0,0,0
1053.6,23.8,8.42,165.2,0.0,6.2,0.42,6.43,0,1,0,0,0,0,0,1,0,1
975.5,26.7,5.96,48.0,5.93,8.8,3.69,7.02,0,0,1,0,0,0,0,0,0,0
788.9,24.7,7.66,166.6,10.857599999999984,8.2,4.7,7.6,0,1,0,0,0,0,0,0,0,0
1004.0,22.7,5.77,192.2,6.64,8.120000000000001,1.67,8.19,0,0,0,0,0,0,0,0,1,0
1020.5,15.7,6.55,162.2,6.34,7.0,1.86,7.37,0,1,0,0,0,0,0,0,0,0
963.8,20.5,7.69,67.6,2.01,7.9,3.974,7.46,0,1,0,0,0,0,0,0,1,1
1218.8,26.4,6.49,179.0,0.0,10.3,7.047999999999999,11.578600000000005,0,1,0,0,0,1,0,0,0,1
1001.2,17.1,5.45,131.9,5.74,7.0,3.77,6.15,0,0,0,0,1,0,0,0,0,1
886.4,16.2,6.34,170.4,4.538,8.7,9.96,8.95,0,0,0,1,0,0,0,0,0,1
934.2,27.4,6.23,33.7,1.72,8.2,2.45,7.57,0,0,0,0,0,0,0,0,0,1
888.6,20.4,6.52,165.8,3.53,7.5,6.58,7.66,1,0,0,0,1,0,0,0,0,1
1063.086,29.7,5.56,286.7380000000001,7.12,9.3,4.0440000000000005,6.09,0,0,0,1,1,0,0,0,0,0
1101.1,19.9,6.49,122.7,1.2,5.2,2.11,8.4,0,0,0,0,0,0,0,0,1,1
421.9,29.1,6.64,202.2,5.22,8.9,7.59,7.49,1,0,0,0,1,0,0,0,0,0
949.0,18.7,6.94,155.26,6.83,6.7,1.67,7.22,0,0,1,0,0,0,0,0,1,0
551.4,26.6,6.840000000000001,144.1,5.74,10.0,1.96,9.94,0,0,0,0,0,1,0,0,0,0
789.8,31.7,6.71,269.8,6.27,8.8,0.87,10.44,0,1,0,0,0,1,0,0,0,1
1014.3,23.5,6.17,126.1,5.69,7.3,2.18,10.42,0,0,1,0,0,1,0,0,0,1
471.2,29.3,6.07,179.4,0.0,8.9,0.73,7.86,1,0,0,0,0,0,1,0,0,0
740.6,15.9,6.55,150.5,1.66,9.3,3.38,8.84,0,0,1,0,0,0,1,0,0,1
814.24,29.7,6.1,121.8,4.46,8.6,2.77,5.65,0,0,0,1,1,0,0,0,0,0
886.7,26.76,6.93,7.624000000000001,3.81,8.7,1.25,6.59,0,0,0,1,0,0,0,1,0,1
923.2,21.7,7.3,164.2,3.18,6.4,1.96,8.38,0,0,0,0,0,0,0,1,0,1
369.0,18.5,6.33,119.9,3.12,5.0,2.14,7.56,1,0,0,0,1,0,0,0,0,1
722.4,23.8,5.41,137.6,2.18,7.0,8.67,8.78,0,0,0,0,0,0,1,0,0,0
1073.9,19.4,7.53,173.9,1.89,7.2,1.17,8.42,1,0,0,0,0,0,0,0,1,0
1118.1,21.6,7.34,145.0,9.93,6.5,1.7,5.52,0,0,1,0,1,0,0,0,0,0
708.6,21.1,4.59,117.5,2.04,7.0,19.73,5.93,0,0,1,0,0,0,0,1,0,1
676.9,26.0,6.97,144.04000000000002,0.0,7.2,3.03,7.3,1,0,0,0,0,0,0,0,1,0
906.1,24.8,8.4,198.8,8.02,8.9,1.19,10.54,0,0,0,1,0,1,0,0,0,0
1250.2,27.0,6.72,44.0,4.75,7.7,1.93,8.16,0,0,0,0,0,0,0,0,0,1
733.0,23.2,8.28,128.1,5.26,7.9,5.42,9.03,0,0,1,0,0,1,0,0,0,0
1135.1,21.9,6.34,147.8,8.81,7.5,5.73,9.43,1,0,0,0,0,0,0,0,0,1
708.4,27.1,7.93,124.2,0.0,6.3,0.62,5.68,0,1,0,0,1,0,0,0,0,0
796.9,20.959999999999997,4.59,103.4,1.04,6.9,4.78,6.29,0,0,0,0,0,0,0,0,0,0
808.3,35.9,6.83,135.07999999999998,5.48,6.6,1.3,7.86,0,1,0,0,0,0,1,0,0,1
448.9,25.3,5.82,193.21999999999997,6.5,6.9399999999999995,1.7,7.99,1,0,0,0,0,0,0,0,0,1
895.9,15.7,6.37,130.2,3.24,6.8,4.6,6.1,0,1,0,0,1,0,0,0,0,0
1094.7,21.7,6.67,201.0,10.16,7.3,0.66,10.14,1,0,0,0,0,0,1,0,0,1
1342.9,18.3,5.6,98.5,5.0,7.9,3.95,7.54,0,0,0,0,0,0,0,1,0,1
837.4,30.9,6.8,87.9,6.02,8.4,1.08,5.4,0,1,0,0,1,0,0,0,0,0
1229.9,31.5,6.92,226.3,4.34,6.659999999999999,0.8,6.97,0,0,1,0,0,0,0,0,0,0
897.6,24.4,5.88,90.4,2.54,6.8,6.38,5.99,0,0,1,0,0,0,0,0,0,0
1140.0,28.7,4.89,66.7,6.89,7.1,14.28,7.61,0,0,0,1,0,0,0,1,0,1
973.3,17.4,6.01,207.6,4.788,7.1,6.46,8.51,0,1,0,0,0,0,0,1,0,1
961.8,23.3,6.712000000000001,220.5,0.0,8.3,3.01,11.578600000000005,1,0,0,0,0,1,0,0,0,1
969.7,22.1,5.58,253.8,5.05,7.0,4.56,7.17,0,0,0,1,1,0,0,0,0,1
1048.8,17.9,6.5,220.2,6.64,6.8,1.02,7.85,0,0,0,0,0,0,0,0,0,0
660.4,23.0,6.7,196.8,2.55,8.0,3.7520000000000002,9.33,0,1,0,0,0,0,1,0,0,1
636.2,20.6,6.02,121.42,6.06,10.8,28.908999999999867,6.21,0,0,0,1,1,0,0,0,0,0
1039.9,21.98,5.52,170.64,5.68,6.6,13.19,7.12,1,0,0,0,1,0,0,0,0,1
922.4,28.1,5.64,130.0,6.25,8.0,1.57,10.41,0,0,1,0,0,1,0,0,0,1
500.5,28.1,6.01,164.58,6.77,7.4,3.12,9.66,0,0,0,1,0,1,0,0,0,0
750.3,23.6,6.81,73.8,2.57,6.1,2.83,6.16,1,0,0,0,1,0,0,0,0,0
783.1,22.0,6.76,140.6,4.81,9.3,3.55,9.24,0,0,0,0,0,0,1,0,0,0
1173.2,19.3,6.39,194.7,5.76,6.8,2.63,10.76,0,0,0,0,0,1,0,0,0,1
769.7,19.2,6.26,129.1,5.482000000000001,5.8,6.44,8.23,0,0,0,1,0,0,0,0,1,0
628.9,21.5,6.24,154.2,4.82,6.9,5.52,8.52,1,0,0,0,0,0,0,0,1,0
1158.6,25.8,7.63,136.7,7.4,10.8,3.53,7.32,0,0,0,1,0,0,0,1,0,1
1344.5,20.1,6.57,63.7,4.098000000000001,7.7,0.89,9.27,0,0,0,0,0,0,1,0,0,1
1176.2,24.9,7.36,173.0,3.57,8.3,4.97,8.95,0,0,0,1,0,0,0,0,1,1
1182.6,24.2,5.82,266.6,3.91,4.7,5.29,8.32,0,0,0,1,0,0,0,0,1,1
1142.8,29.0,6.02,217.5,3.5700000000000003,8.0,1.84,7.82,0,0,0,0,0,0,0,1,0,1
1433.7,18.6,7.14,73.8,2.6900000000000004,6.2,3.86,7.92,0,0,0,1,0,0,0,0,1,0
1311.4,27.6,6.63,114.6,5.91,6.840000000000001,2.89,7.97,0,0,0,0,0,0,0,0,0,1
994.0,17.9,6.7,171.6,3.53,5.3,2.74,7.28,0,0,0,0,1,0,0,0,0,1
899.6,25.7,7.56,81.8,3.73,8.8,4.03,8.14,0,0,0,0,0,0,0,0,0,0
786.6,25.4,6.272,189.2,7.28,4.0,2.75,6.42,0,0,0,0,1,0,0,0,0,0
1488.4299999999998,31.8,5.7,183.7,6.5,6.1,5.3,6.75,0,0,1,0,0,0,0,0,1,0
967.8,25.8,6.17,196.7,8.34,8.2,0.7,11.578600000000005,0,1,0,0,0,1,0,0,0,1
810.0,27.8,5.3,114.2,6.78,6.9,6.34,8.04,0,0,0,0,0,0,1,0,0,0
1240.6,27.9,8.42,141.6,0.0,8.5,8.01,8.35,0,0,0,0,0,1,0,0,0,0
1326.6,23.9,7.09,186.1,3.16,6.2,3.14,6.41,0,0,0,0,0,0,0,0,0,0
727.0,24.199999999999996,6.88,156.1,7.55,7.6,3.51,8.27,0,0,1,0,0,0,0,0,0,1
330.164,26.0,4.94,156.4,0.0,8.0,6.56,8.33,1,0,0,0,0,0,0,0,1,1
1138.7,30.1,5.43,204.5,7.83,6.1,21.47,8.86,0,1,0,0,0,0,1,0,0,1
1000.9,21.1,6.66,142.3,5.18,7.8,0.76,11.39,0,1,0,0,0,1,0,0,0,1
904.3,18.2,7.5,103.2,7.72,7.7,18.36,11.42,0,1,0,0,0,1,0,0,0,1
827.6,20.4,6.82,166.2,7.13,7.0,7.11,8.39,0,0,0,0,0,0,0,0,1,1
1256.3,26.8,7.47,94.7,10.49,7.2,1.85,5.66,0,0,1,0,1,0,0,0,0,0
951.6,30.1,6.71,55.8,5.73,7.3,4.75,7.6,0,0,1,0,0,0,1,0,0,1
600.8,26.0,5.68,221.7,9.71,5.7,3.13,10.73,0,0,0,0,0,1,0,0,0,1
1359.3,20.3,6.83,153.98,0.8,8.7,0.53,7.6,0,0,0,0,0,0,0,1,0,1
833.6,27.7,5.65,91.0,4.23,7.1,3.37,8.03,0,0,0,0,0,0,1,0,0,1
976.9,21.6,6.1,85.9,7.03,5.3,2.4,7.2,0,0,1,0,0,0,1,0,0,0
1208.1,23.380000000000003,8.42,158.2,0.0,6.8,2.06,6.22,1,0,0,0,1,0,0,0,0,1
1306.4,19.3,5.93,58.0,4.58,8.8,12.07,8.74,0,1,0,0,0,0,1,0,0,1
942.6,19.0,8.24,88.2,4.85,6.8,3.79,7.5,0,0,0,1,0,0,0,0,0,1
973.3,20.7,8.28,117.5,3.68,8.0,2.94,7.29,0,1,0,0,0,0,0,1,0,0
776.7,27.9,6.27,96.8,2.73,7.8,27.99,9.54,0,0,0,0,0,0,1,0,0,0
880.6,24.419999999999998,7.99,281.0,2.33,7.3,4.256,6.14,0,1,0,0,0,0,0,1,0,0
829.9,24.0,7.17,84.1,0.0,10.2,6.27,7.39,0,1,0,0,0,0,0,0,1,0
784.8,26.1,5.57,215.2,4.2,9.3,6.72,11.19,0,1,0,0,0,1,0,0,0,1
1352.2,23.7,7.35,86.8,6.95,7.2,0.96,5.96,0,1,0,0,0,0,0,0,0,0
603.4,22.9,6.44,255.1,10.857599999999984,6.4,0.48,5.91,0,0,1,0,1,0,0,0,0,0
1113.9,15.3,5.89,181.1,2.04,5.7,0.85,7.67,0,1,0,0,0,0,0,1,0,1
543.1,25.1,6.04,123.3,5.48,6.0,2.16,7.75,0,0,0,1,0,0,1,0,0,0
592.6,28.4,5.9,158.0,6.77,9.4,14.23,11.13,0,0,0,1,0,1,0,0,0,1
1150.0,20.7,7.18,117.1,2.76,7.3,6.28,7.31,0,0,0,1,0,0,0,0,0,0
1059.2,20.5,6.6,121.3,5.88,6.9,5.55,6.73,0,0,1,0,1,0,0,0,0,1
997.7,23.4,6.88,88.0,4.33,8.5,3.64,8.99,0,0,1,0,0,0,1,0,0,1
878.2,19.3,4.59,140.1,3.27,6.3,1.36,8.25,0,1,0,0,0,0,1,0,0,0
959.7,23.4,6.45,77.7,6.388,7.3,1.61,7.23,0,0,0,0,0,0,0,0,1,0
777.9399999999999,23.0,7.32,165.82,8.67,8.7,1.38,6.01,0,0,1,0,0,0,0,1,0,0
1178.0,27.3,6.97,38.2,9.92,7.5,3.68,8.61,0,0,1,0,0,0,1,0,0,0
559.9,23.3,6.44,125.7,4.34,10.1,4.6,7.74,0,0,0,1,0,0,0,0,1,0
1013.1,27.1,5.21,51.8,1.82,4.4,1.6,5.94,0,0,0,1,0,0,0,1,0,0
1319.8,26.2,6.94,169.5,5.67,11.0,1.14,9.32,0,0,0,1,0,0,1,0,0,0
574.3,17.9,7.94,170.2,4.03,10.0,3.26,7.69,0,0,0,1,0,0,0,0,1,0
801.8,15.9,7.67,210.5,2.28,6.8,2.74,8.37,0,1,0,0,0,0,0,0,1,1
1132.2,20.4,6.55,77.2,4.59,7.5,4.38,8.73,0,0,0,0,0,0,0,0,0,1
1214.3,22.1,6.69,31.5,0.45,7.5,3.04,8.78,1,0,0,0,0,0,1,0,0,1
464.4,25.4,6.74,87.0,3.5,7.1,0.78,9.22,0,0,0,1,0,0,1,0,0,1
1488.4299999999998,22.9,6.83,239.9,9.29,6.3,1.36,7.98,0,1,0,0,0,0,1,0,0,0
1254.8,26.0,7.35,196.7,4.1,6.3,15.25,9.9,0,0,1,0,0,1,0,0,0,1
617.7,23.7,6.06,153.7,4.3,8.0,1.28,6.65,0,0,0,0,1,0,0,0,0,0
643.0,29.3,6.79,148.5,7.67,8.1,6.89,9.4,0,0,0,0,0,1,0,0,0,0
996.0,32.6,6.76,188.7,6.6,8.4,2.19,7.79,0,0,0,0,0,0,0,0,0,1
363.6,26.0,5.62,140.4,3.56,7.9,5.38,6.9,0,0,1,0,0,0,0,1,0,0
985.8,28.8,7.51,123.9,0.85,6.8,28.908999999999867,7.65,0,1,0,0,0,0,0,0,0,0
922.8,29.4,6.9,181.7,7.26,7.2,0.73,6.83,0,0,0,1,1,0,0,0,0,0
849.4,17.3,5.85,125.4,7.4,9.6,6.98,9.78,0,1,0,0,0,1,0,0,0,0
1047.9,25.8,5.78,121.5,6.17,8.4,4.84,9.36,1,0,0,0,0,0,1,0,0,1
1122.9,16.6,5.97,149.6,5.02,6.9,2.68,9.25,1,0,0,0,0,0,0,0,1,1
370.9,27.9,5.0,161.2,6.19,10.0,2.41,6.28,0,1,0,0,0,0,0,0,1,0
995.8,29.6,6.57,201.4,0.92,7.0,2.65,7.36,0,1,0,0,0,0,0,0,1,0
1055.3,17.8,6.87,94.6,8.06,8.9,4.54,9.11,0,0,0,0,0,0,1,0,0,0
1025.5,30.2,6.29,218.2,3.16,9.0,3.93,8.16,1,0,0,0,0,0,0,0,0,0
684.7,24.1,6.11,119.2,5.37,7.1,2.95,8.75,0,0,1,0,0,0,0,0,1,1
1075.2,23.0,6.83,129.07999999999998,3.32,9.4,3.95,11.16,1,0,0,0,0,1,0,0,0,0
680.4,16.3,7.49,111.1,5.87,8.3,4.22,6.71,0,0,0,1,0,0,0,0,1,0
1037.8,28.1,7.76,130.2,1.12,6.0,1.36,5.89,0,0,1,0,0,0,0,1,0,0
741.1,28.7,5.47,59.8,4.91,8.4,7.56,9.9,0,0,0,1,0,1,0,0,0,0
788.0,33.2,6.35,238.5,6.77,4.0,28.908999999999867,7.38,0,0,0,1,0,0,1,0,0,0
536.8,32.9,7.59,124.4,5.77,6.5200000000000005,3.23,8.77,0,1,0,0,0,0,1,0,0,1
697.9,25.4,6.25,263.3,10.09,10.8,5.18,11.24,0,0,0,1,0,1,0,0,0,1
608.4,28.0,7.28,109.7,5.82,7.2,3.0,7.17,0,0,0,1,0,0,0,1,0,0
904.0,20.6,7.28,139.04,2.76,4.0,5.78,10.66,1,0,0,0,0,1,0,0,0,1
1088.7,23.2,5.23,188.0,4.42,9.1,3.5780000000000003,8.1,0,1,0,0,0,0,0,1,0,1
774.9,19.1,6.77,121.5,2.53,8.3,1.14,10.03,0,0,0,0,0,1,0,0,0,0
707.6,19.6,5.97,131.6,4.529999999999999,10.0,0.76,6.78,0,0,0,0,1,0,0,0,0,0
1065.2,18.6,4.72,7.624000000000001,9.09,7.6,1.56,5.47,0,0,1,0,1,0,0,0,0,1
884.2,26.3,7.29,181.0,7.61,7.9,2.06,8.34,1,0,0,0,0,0,0,0,1,1
1089.8,29.0,6.53,187.5,3.96,11.0,0.69,9.34,1,0,0,0,0,0,1,0,0,0
718.6,19.4,6.79,105.7,3.0,7.8,4.61,6.75,0,1,0,0,0,0,0,1,0,1
955.0,16.6,6.14,123.3,1.91,6.1,0.78,5.69,0,0,1,0,1,0,0,0,0,0
1078.8,22.8,6.74,149.1,6.66,8.7,4.24,6.89,0,1,0,0,0,0,0,0,0,0
1019.9,24.4,7.52,74.0,6.23,7.0,4.5,8.38,0,0,1,0,0,0,1,0,0,0
1306.1,33.3,5.57,180.4,5.912,7.9,2.23,7.61,0,0,0,0,0,0,0,0,0,1
716.4,12.4,5.11,37.9,4.21,9.4,3.84,6.87,0,0,1,0,0,0,1,0,0,0
896.6,28.3,6.004,192.6,8.07,7.5,2.91,9.27,1,0,0,0,0,0,0,1,0,1
965.3,21.4,6.41,105.3,9.56,7.7,2.31,9.15,1,0,0,0,0,0,0,0,1,1
693.7,29.9,6.18,194.2,2.58,7.7,3.71,7.6,0,0,0,0,0,0,0,0,1,0
937.9,32.3,6.64,128.9,7.46,5.5,19.01,8.74,0,0,0,1,0,0,1,0,0,0
1037.9,19.8,6.65,197.9,7.64,4.8,4.93,9.18,0,0,0,0,0,0,0,0,1,0
768.1,21.8,6.52,170.7,2.66,5.1,2.4,7.17,0,0,0,1,1,0,0,0,0,1
895.8,26.1,8.42,136.7,4.91,8.5,1.74,7.7,0,0,0,0,0,0,0,0,0,1
671.7,24.2,7.05,183.1,7.96,8.2,10.21,8.81,0,0,1,0,0,0,1,0,0,0
701.8,18.3,6.01,101.4,0.0,7.4,28.908999999999867,5.52,0,0,0,1,1,0,0,0,0,0
758.6,21.2,6.72,137.0,6.37,5.0,7.25,11.578600000000005,0,0,0,1,0,1,0,0,0,1
882.1,19.9,6.71,161.3,3.89,8.5,10.02,8.59,1,0,0,0,0,0,0,1,0,0
404.1,15.5,6.82,7.624000000000001,3.79,8.3,3.41,7.28,0,0,1,0,0,0,1,0,0,1
451.5,21.5,6.53,129.16,5.48,4.6,2.66,9.85,0,0,1,0,0,1,0,0,0,0
720.8,22.6,5.65,102.1,0.88,9.2,15.89,7.52,0,0,0,1,1,0,0,0,0,1
960.5,24.1,7.14,79.0,8.99,6.0,11.06,7.75,1,0,0,0,0,0,1,0,0,0
712.4,21.0,7.81,147.0,5.97,5.1,4.86,8.39,1,0,0,0,0,0,0,0,0,1
792.7,18.4,6.96,80.9,7.96,6.8,13.25,8.65,0,0,0,1,0,0,0,1,0,1
1163.7,28.0,7.01,273.3,3.31,6.3,16.15,8.14,0,0,0,0,0,0,0,0,0,1
1184.5,23.3,6.65,85.1,3.44,6.6,3.14,6.68,0,0,0,1,1,0,0,0,0,0
1033.2,23.9,5.82,62.7,0.0,4.9,9.01,8.66,0,1,0,0,0,0,1,0,0,1
1167.5,15.0,5.35,239.0,3.81,11.0,1.72,9.37,1,0,0,0,0,0,0,0,0,1
1389.2,26.2,6.03,76.6,6.48,8.9,7.95,9.72,0,0,1,0,0,1,0,0,0,0
883.9,30.5,5.78,130.5,4.82,8.9,20.66,8.12,0,0,0,1,0,0,0,0,0,0
1130.3,15.6,4.69,155.0,5.32,7.3,0.79,9.34,1,0,0,0,0,0,1,0,0,1
1138.9,22.8,6.73,209.6,1.51,8.1,4.31,11.55,0,0,1,0,0,1,0,0,0,1
1466.0,22.8,5.17,174.7,6.35,7.8,4.26,9.04,1,0,0,0,0,0,1,0,0,0
838.8,29.3,7.08,128.1,5.63,8.2,2.62,8.76,0,0,0,0,0,0,1,0,0,1
849.7800000000001,20.6,6.05,238.3,5.68,6.2,28.908999999999867,9.26,1,0,0,0,0,0,0,0,1,1
404.9,21.7,5.62,157.5,4.48,5.2,1.7,7.17,0,0,1,0,0,0,0,0,0,1
842.2,22.7,6.34,165.5,7.38,4.0,1.07,8.76,0,0,0,1,0,0,0,0,1,1
835.2199999999999,20.1,5.69,181.72760000000002,0.21,6.7,0.9,7.19,0,0,1,0,0,0,0,0,0,1
947.5,15.9,6.06,160.0,5.56,6.6,9.51,7.52,0,0,1,0,0,0,0,0,1,0
842.7,25.6,7.54,119.8,5.76,11.0,11.0,9.97,0,0,0,1,0,0,1,0,0,1
894.0200000000001,20.3,8.06,189.9,5.63,5.7,1.72,8.95,0,0,1,0,0,1,0,0,0,0
818.7,26.8,7.68,123.46,6.87,7.9,4.12,7.01,0,0,0,0,1,0,0,0,0,1
1016.5,29.2,6.02,208.8,6.88,6.640000000000001,1.12,10.25,0,1,0,0,0,1,0,0,0,0
400.8,25.779999999999994,6.396000000000001,124.1,10.55,9.0,7.06,6.22,0,0,1,0,0,0,0,1,0,0
878.7,27.8,6.13,200.8,4.25,7.2,2.35,7.29,0,0,0,1,0,0,0,1,0,0
833.6,22.2,5.74,117.0,4.03,9.5,5.01,7.1,0,0,0,0,1,0,0,0,0,1
599.7,34.3,6.8,126.6,6.12,9.2,4.68,9.06,1,0,0,0,0,0,1,0,0,1
1297.4,16.2,7.75,224.2,6.37,9.8,0.69,9.12,0,0,0,0,0,0,1,0,0,1
330.164,25.2,5.87,121.8,5.12,9.2,1.67,10.21,0,0,0,1,0,1,0,0,0,1
886.3,28.3,7.44,201.5,2.57,6.3,3.16,7.14,0,0,0,1,0,0,0,1,0,0
927.46,21.7,6.81,148.9,5.37,5.7,4.03,11.578600000000005,1,0,0,0,0,1,0,0,0,1
735.1,29.7,6.0,112.9,5.43,7.5,8.16,6.86,1,0,0,0,1,0,0,0,0,0
611.6,26.9,7.15,36.2,5.03,9.5,1.82,9.93,0,0,0,0,0,1,0,0,0,0
1053.6,19.7,7.33,86.4,2.11,7.9,6.67,10.95,1,0,0,0,0,1,0,0,0,1
796.9,28.6,6.19,210.1,0.89,10.6,1.69,6.12,0,0,0,1,1,0,0,0,0,0
1185.3,19.0,6.54,27.7,3.8299999999999996,10.0,2.39,8.4,0,0,0,0,0,0,1,0,0,1
1433.0,26.7,5.98,181.9,7.2,6.8,0.49,7.79,1,0,0,0,0,0,0,0,0,0
534.6,25.0,6.35,116.8,4.91,5.5,1.2,9.77,1,0,0,0,0,1,0,0,0,0
796.4,23.9,6.44,77.9,3.75,10.0,4.2,9.91,0,0,0,0,0,1,0,0,0,0
954.4,18.1,7.21,193.6,0.0,10.5,2.74,6.96,1,0,0,0,1,0,0,0,0,0
715.6,26.6,4.95,53.5,7.48,9.4,7.92,7.38,0,0,0,0,0,0,0,0,1,1
1062.2,23.4,7.6,122.5,7.38,4.2,1.53,8.15,0,0,0,1,0,0,0,0,0,1
921.28,35.9,5.96,170.3,6.1,7.0,4.17,6.9,1,0,0,0,1,0,0,0,0,1
794.76,19.3,6.41,94.2,5.04,6.3,1.92,7.26,0,1,0,0,0,0,0,0,0,1
1488.4299999999998,30.2,6.13,266.9,3.35,6.9,2.08,5.2514,0,0,1,0,1,0,0,0,0,0
823.2,35.6,5.0,98.7,1.23,9.7,3.82,7.17,0,0,0,1,0,0,0,1,0,1
541.4,30.8,5.6,111.2,5.34,5.6,5.8,10.12,0,0,0,0,0,1,0,0,0,0
721.7,26.4,7.24,118.6,4.48,7.0,11.42,9.6,1,0,0,0,0,0,1,0,0,1
351.4,22.4,5.54,100.5,0.87,6.1,0.79,7.87,1,0,0,0,0,0,0,0,1,0
875.5,21.2,7.94,80.0,8.21,7.1,3.11,10.89,1,0,0,0,0,1,0,0,0,1
791.9,23.7,5.47,196.7,4.11,7.0,1.83,6.13,0,0,1,0,0,0,0,1,0,0
1144.2,25.9,6.343999999999999,200.0,3.98,7.9,3.628,8.17,0,0,0,0,0,0,0,0,1,1
920.5,26.3,6.55,214.7,5.96,8.8,5.822,7.74,0,1,0,0,0,0,0,1,0,1
1142.9,16.9,5.57,225.4,4.9,8.4,3.55,8.52,0,0,0,0,0,0,0,0,1,1
745.9,26.5,6.39,155.6,4.566,7.3,20.76,11.578600000000005,1,0,0,0,0,1,0,0,0,1
1022.8,26.3,8.37,169.2,6.34,11.0,1.52,7.83,1,0,0,0,0,0,0,0,1,0
1271.5,30.3,5.31,152.1,3.97,8.0,3.26,11.27,1,0,0,0,0,1,0,0,0,1
1226.5,31.0,6.16,134.44,1.64,8.0,7.77,9.61,0,0,0,0,0,0,1,0,0,1
721.2,21.9,6.33,114.7,3.68,8.3,1.66,7.67,0,0,0,0,0,0,0,1,0,1
692.4,20.8,6.242,174.4,7.78,8.7,5.51,6.14,0,0,1,0,1,0,0,0,0,0
1243.9,31.9,8.01,96.7,3.59,6.5,6.32,6.88,0,1,0,0,0,0,0,1,0,1
355.6,18.9,6.43,157.0,6.29,7.9,1.73,9.3,0,0,1,0,0,1,0,0,0,1
721.0,13.4,6.47,228.1,1.96,8.1,0.74,8.35,1,0,0,0,0,0,0,0,1,0
988.3,21.2,7.38,29.5,3.82,10.3,10.97,6.06,0,0,1,0,1,0,0,0,0,0
918.0,20.7,6.81,98.8,1.43,5.6,10.39,7.54,0,0,0,0,0,0,0,1,0,1
1335.2,20.6,7.0,195.5,3.37,5.7,4.7,8.25,0,0,1,0,0,0,0,0,1,1
1080.0,26.6,6.71,133.8,2.81,8.3,2.524,9.71,0,1,0,0,0,0,1,0,0,1
1092.0,28.2,7.03,89.5,7.44,5.8,2.84,7.7,0,0,0,0,0,0,0,0,0,1
1020.0,22.4,7.55,92.0,5.436,7.1,1.03,7.61,1,0,0,0,0,0,0,0,0,0
620.9,16.1,6.27,98.4,4.93,9.2,8.2,10.26,0,0,0,0,0,1,0,0,0,0
1023.9,27.0,7.17,151.6,6.12,8.0,2.95,10.63,0,0,1,0,0,1,0,0,0,1
642.7,29.1,5.99,89.8,2.53,4.8,1.02,7.19,0,1,0,0,0,0,0,0,1,1
1128.8,17.3,6.11,267.3,4.4,7.0,9.84,7.11,0,0,1,0,0,0,0,0,1,0
551.2,17.9,5.67,229.6,5.82,7.960000000000001,3.87,8.66,0,0,0,1,0,0,0,0,1,1
1100.06,19.6,7.73,77.6,1.25,6.6,2.15,6.87,0,0,1,0,0,0,0,0,1,1
1139.2,18.9,6.73,204.8,8.74,9.3,5.8,10.77,0,0,0,0,0,0,1,0,0,1
977.3,18.5,5.86,251.1,3.36,6.6,4.21,7.28,0,0,1,0,1,0,0,0,0,1
421.7,24.9,6.25,107.4,6.46,7.2,28.908999999999867,10.09,0,1,0,0,0,1,0,0,0,0
700.7,32.6,6.95,81.6,5.86,6.9,4.66,5.63,1,0,0,0,1,0,0,0,0,0
901.8,25.6,6.44,167.0,2.77,8.6,2.22,7.98,0,0,0,0,0,0,0,0,0,1
861.4,25.5,6.38,197.00000000000003,5.5,6.1,3.35,10.82,0,0,0,0,0,1,0,0,0,1
1108.1,34.0,5.84,74.5,8.16,5.8,1.5,7.24,0,0,0,1,0,0,0,0,0,1
1033.4,25.000000000000004,5.53,180.34,5.61,9.0,12.49,7.39,0,0,0,0,0,0,0,0,0,0
836.9,26.1,7.67,114.4,8.23,7.0,7.82,8.82,0,0,0,1,0,0,0,0,0,1
828.2,23.5,5.83,7.624000000000001,4.39,8.5,2.25,5.36,0,0,1,0,1,0,0,0,0,0
1006.5,25.7,5.72,177.4,3.7060000000000004,6.4,22.73,6.73,0,0,0,0,0,0,0,0,0,0
1421.5,22.8,6.73,140.8,3.31,5.9,1.28,6.14,0,0,0,0,1,0,0,0,0,1
514.8,22.9,7.34,220.3,3.43,9.1,4.62,7.07,1,0,0,0,0,0,0,0,0,0
875.9,25.6,6.25,148.1,5.06,8.1,5.09,8.2,1,0,0,0,0,0,0,0,1,0
817.88,24.8,6.39,123.1,2.3,7.2,4.48,7.32,0,0,0,0,0,0,0,0,0,1
659.8,24.1,7.02,103.3,1.81,8.2,15.8,8.24,0,1,0,0,0,0,0,0,1,0
1187.4,21.0,6.11,228.4,0.0,11.0,2.01,8.31,0,0,0,1,0,0,0,1,0,1
812.9,18.7,6.98,75.8,7.5,7.9,5.66,6.05,0,0,1,0,0,0,0,1,0,0
618.62,22.5,6.31,153.5,2.36,7.2,2.78,7.64,0,1,0,0,1,0,0,0,0,1
825.6,27.5,6.65,26.0,6.11,9.4,2.46,11.02,0,0,0,0,0,1,0,0,0,1
965.4,28.7,6.288,74.7,4.27,5.6,2.29,6.72,0,0,0,0,0,0,0,0,0,0
536.4,15.0,5.49,189.8,2.09,8.2,1.82,6.89,1,0,0,0,1,0,0,0,0,0
1389.4,26.1,6.75,200.8,9.84,7.4,4.94,11.26,0,1,0,0,0,1,0,0,0,1
882.7,20.3,6.7,177.0,7.94,9.3,3.82,6.7,0,0,0,1,1,0,0,0,0,0
1076.8,20.4,6.11,58.2,3.31,7.2,2.37,10.28,0,1,0,0,0,1,0,0,0,1
841.4,15.1,7.26,191.04,7.79,7.5,10.21,7.11,0,0,1,0,0,0,0,1,0,1
1015.0799999999999,22.1,5.59,204.0,6.6,6.5,6.87,11.11,0,0,1,0,0,1,0,0,0,1
877.8,27.9,7.31,84.0,3.76,6.4,3.77,8.83,0,0,1,0,0,0,1,0,0,1
555.7,26.7,7.49,215.6,2.68,7.68,3.16,7.4,0,0,0,1,0,0,0,1,0,1
892.2,25.8,5.53,143.8,7.01,8.2,3.56,6.62,0,1,0,0,0,0,0,1,0,0
620.6,27.2,5.19,189.0,7.77,7.5,11.68,6.5,0,0,1,0,0,0,0,0,1,0
426.6,28.3,7.62,67.8,4.28,6.5,4.64,6.8,1,0,0,0,1,0,0,0,0,0
1421.6,18.4,6.19,187.7,1.73,8.0,2.27,10.86,1,0,0,0,0,1,0,0,0,0
1264.4,12.4,7.72,64.3,4.06,6.3,2.89,5.2514,0,0,0,0,1,0,0,0,0,0
881.8,24.8,5.85,210.5,3.25,6.5,28.908999999999867,8.28,1,0,0,0,0,0,0,0,1,0
600.7,35.9,7.51,131.78,5.31,8.6,4.69,6.48,0,0,1,0,0,0,1,0,0,1
925.1,21.9,7.82,188.1,7.52,7.5,1.9,9.6,0,1,0,0,0,0,1,0,0,1
743.5,27.7,6.53,137.9,5.27,7.6,2.02,7.3,0,1,0,0,0,0,0,0,0,1
906.54,30.6,6.56,192.8,9.18,7.8,3.52,11.12,0,1,0,0,0,1,0,0,0,1
775.98,26.3,7.15,192.5,7.71,4.0,1.88,9.0,1,0,0,0,0,0,1,0,0,0
733.7,24.1,5.58,238.8,4.47,7.8,4.22,7.85,0,1,0,0,0,0,0,0,1,0
799.8,26.9,7.45,217.6,4.33,5.3,3.36,8.41,1,0,0,0,0,0,0,1,0,1
916.9,13.9,7.88,105.5,4.537999999999999,6.8,3.83,6.67,0,0,0,1,0,0,0,0,1,0
1000.1,12.4,6.54,196.5,3.95,7.6,1.92,7.76,1,0,0,0,0,0,0,1,0,1
1374.5,15.5,5.71,208.9,5.45,7.4,0.86,7.07,0,0,0,0,0,0,0,0,1,0
900.6,21.46,7.05,104.9,1.51,8.8,4.03,10.41,0,0,1,0,0,1,0,0,0,1
1329.8,23.4,5.99,114.6,8.07,6.7,5.412000000000001,8.12,1,0,0,0,0,0,0,1,0,0
867.5600000000001,20.5,5.61,140.6,0.0,6.9,3.24,8.11,0,1,0,0,0,0,0,0,0,1
758.8,20.3,7.28,69.1,7.56,5.5,10.54,9.0,0,0,0,0,0,1,0,0,0,0
635.2,12.4,8.42,167.6,0.0,8.3,1.17,7.31,0,0,0,0,0,0,1,0,0,1
902.2,23.02,5.74,133.2,4.43,8.6,0.5,9.05,0,0,1,0,0,0,1,0,0,1
1052.44,27.8,6.95,162.3,5.2700000000000005,8.0,8.55,10.05,0,0,1,0,0,1,0,0,0,0
1073.4,18.4,7.25,123.9,4.39,9.1,7.43,7.84,0,0,0,1,0,0,0,1,0,1
1007.5,24.7,5.63,263.1,3.84,7.6,2.66,7.43,0,0,0,0,0,0,0,1,0,0
885.3,17.2,7.74,114.0,8.97,10.7,5.3,8.14,0,1,0,0,0,0,0,0,1,1
991.8,29.6,7.76,227.5,9.25,6.8,2.83,10.9,1,0,0,0,0,1,0,0,0,1
1258.8,19.3,5.78,113.6,6.65,5.9,2.46,8.58,0,0,0,0,0,0,0,0,0,1
1181.6,22.9,7.23,184.3,8.04,8.0,1.96,7.42,0,1,0,0,0,0,0,1,0,0
1390.5,28.4,6.92,76.2,5.88,7.7,0.64,9.79,0,0,1,0,0,1,0,0,0,1
824.6,27.7,7.94,114.1,1.3,4.2,2.424,6.89,0,1,0,0,0,0,0,0,1,0
998.0,25.2,7.51,222.4,3.9,7.5,13.66,8.74,1,0,0,0,1,0,0,0,0,1
930.6,20.9,5.69,60.9,2.19,6.1,19.85,7.37,0,1,0,0,0,0,0,0,1,1
718.8,20.5,5.14,66.7,4.47,6.1,7.42,9.4,0,0,0,0,0,1,0,0,0,0
1257.7,22.5,7.45,145.4,6.66,4.4,3.73,7.22,0,0,1,0,0,0,0,0,0,1
1033.5,12.6,7.1,172.1,3.03,7.8,3.47,9.43,0,0,0,0,0,1,0,0,0,0
1133.3,23.6,6.46,134.78000000000003,5.86,6.6,3.192,8.13,0,0,0,0,0,0,0,0,0,1
714.4,27.8,7.42,222.1,3.99,7.4,2.18,8.17,0,0,1,0,0,0,0,0,1,1
990.7,17.9,7.38,97.1,5.113999999999999,6.7,2.54,8.85,0,0,0,1,0,0,1,0,0,0
1168.6,33.1,6.64,132.2,7.9,6.9,0.72,7.61,0,0,0,1,0,0,0,1,0,1
595.2,26.7,7.39,204.0,2.55,9.3,3.42,9.78,1,0,0,0,0,0,1,0,0,0
776.6,22.9,7.16,185.8,9.32,7.760000000000001,9.84,8.8,0,0,0,0,0,0,0,0,1,1
885.4400000000002,19.7,5.68,102.7,5.57,7.9,28.908999999999867,7.53,0,0,0,0,1,0,0,0,0,1
854.2,29.4,6.77,84.7,5.32,6.1,3.1,7.68,1,0,0,0,1,0,0,0,0,1
793.2,21.3,6.83,161.1,6.26,7.6,3.83,8.69,0,0,0,0,0,0,0,0,0,1
662.9,25.959999999999997,6.32,83.3,5.3,6.9,5.7,9.03,0,0,0,1,0,1,0,0,0,0
642.2,27.4,7.73,98.8,4.68,9.1,1.88,8.35,0,0,1,0,0,1,0,0,0,0
669.9,25.9,6.76,151.4,6.76,6.7,3.91,6.57,0,0,0,0,0,0,0,1,0,0
854.2,23.1,7.04,135.6,2.4,7.3,13.17,9.95,1,0,0,0,0,0,1,0,0,1
1103.8,25.2,5.43,139.6,3.13,10.7,3.69,7.85,0,0,0,1,0,0,0,0,0,1
1163.6,21.6,7.07,39.0,7.68,6.3,0.59,6.86,0,0,1,0,1,0,0,0,0,1
898.2,32.2,6.47,154.0,5.61,4.9,1.35,8.46,0,0,0,1,0,0,1,0,0,0
926.9,28.1,5.88,92.6,4.77,10.4,0.66,7.86,1,0,0,0,0,0,0,1,0,1
818.0,24.4,7.34,205.4,4.55,7.0,1.28,8.28,1,0,0,0,1,0,0,0,0,1
536.1,16.7,7.8,181.1,2.12,8.1,2.05,8.04,0,0,0,0,0,0,0,1,0,1
626.4,20.8,6.13,250.1,5.5,8.2,13.33,7.98,0,0,0,1,0,0,0,0,0,1
1050.3,28.4,4.59,137.9,3.946,9.1,5.88,8.28,0,0,0,0,0,0,1,0,0,1
501.8,21.0,8.29,152.8,7.02,8.7,2.92,6.54,0,1,0,0,0,0,0,0,0,0
971.1199999999999,20.1,5.85,268.4,8.02,9.4,2.13,9.17,0,0,0,1,0,0,0,0,0,1
1359.8,33.3,6.26,81.1,0.0,7.8,10.8,7.68,1,0,0,0,0,0,0,0,1,1
527.2,21.5,6.86,231.5,8.45,4.8,4.75,7.97,0,0,0,0,0,0,0,0,0,1
899.3,28.9,6.99,99.3,2.33,5.9,2.5119999999999996,6.76,0,0,0,0,1,0,0,0,0,1
662.0,12.4,7.6,131.3,1.61,6.4,5.11,9.78,1,0,0,0,0,1,0,0,0,0
1211.7,28.9,7.51,194.8,6.91,7.6,3.5620000000000003,6.82,0,0,0,0,0,0,0,1,0,0
330.164,24.8,5.81,105.5,4.54,7.4,2.13,6.77,0,0,0,0,0,0,0,1,0,1
895.6,23.9,6.13,157.3,8.08,6.0,1.61,10.38,0,0,0,0,0,1,0,0,0,1
837.1,16.5,6.77,59.6,4.66,9.0,0.95,7.22,0,0,1,0,0,0,0,0,1,0
849.4,27.860000000000003,5.6,190.1,6.44,6.3,3.36,8.36,0,1,0,0,0,0,0,0,0,0
586.1,20.2,6.26,42.5,4.18,8.2,1.49,6.98,0,0,0,0,0,0,0,1,0,0
918.1,27.6,7.22,227.3,4.58,7.9,21.17,8.48,0,0,0,1,0,0,0,1,0,1
1196.2,23.3,6.19,197.7,3.16,6.7,2.42,8.35,0,0,0,0,0,0,0,1,0,1
930.1800000000001,27.1,6.45,70.6,2.98,9.4,4.5,7.7,0,0,0,0,0,0,0,1,0,1
814.2,24.3,6.01,124.0,5.17,10.1,2.75,6.76,0,0,1,0,0,0,0,1,0,0
561.8,24.8,6.45,210.2,5.82,6.4,4.77,8.23,0,1,0,0,0,0,0,0,0,0
536.5,22.4,5.46,213.0,7.89,6.3,1.84,6.46,0,1,0,0,0,0,0,0,1,0
916.6,19.0,6.52,96.1,10.857599999999984,9.0,5.73,8.61,0,0,0,1,1,0,0,0,0,1
767.3,24.74,6.3,168.5,2.41,4.0,2.01,6.87,0,0,1,0,0,0,0,1,0,0
1016.4,18.8,7.25,201.2,2.89,9.2,2.59,8.63,0,0,0,0,0,0,0,0,1,1
1007.9,19.2,5.62,138.3,5.97,6.4,7.09,7.22,0,0,1,0,0,0,0,0,1,1
890.82,17.8,6.85,170.7,6.87,6.4,1.4,8.51,1,0,0,0,0,0,0,0,0,0
999.2,24.3,6.71,113.6,5.58,9.2,1.31,7.1,0,0,1,0,0,0,0,0,1,0
905.9,28.4,7.27,34.7,3.0200000000000005,6.6,2.93,7.19,0,1,0,0,0,0,0,1,0,1
770.2,23.8,5.81,129.3,3.758,8.9,1.69,9.59,0,0,1,0,0,1,0,0,0,1
1160.7,22.46,6.43,227.0,8.81,5.8,10.39,8.45,0,0,0,1,0,0,0,0,0,1
947.4,31.8,5.97,124.3,1.92,7.3,4.04,6.93,0,0,0,1,0,0,0,0,0,0
710.3,28.3,5.72,173.0,10.22,8.8,13.98,10.56,0,0,0,0,0,1,0,0,0,1
1048.6,26.6,6.57,164.4,4.35,7.0,2.24,8.03,0,0,0,1,1,0,0,0,0,1
935.2,26.5,6.4319999999999995,160.2,6.09,7.7,0.9,9.48,0,0,1,0,0,1,0,0,0,0
635.4,25.640000000000004,5.43,179.3,5.72,8.8,4.21,7.3,0,1,0,0,0,0,0,1,0,1
796.0,27.7,5.8,141.9,1.95,8.8,11.29,7.2,0,0,1,0,0,0,0,0,0,0
977.6,15.4,5.36,119.4,3.7,7.2,1.69,7.09,0,0,0,1,0,0,0,1,0,1
1017.3,26.1,6.31,203.8,6.65,11.0,1.48,9.55,0,0,1,0,0,0,1,0,0,1
1366.8,28.3,7.27,84.8,4.19,7.1,5.15,8.57,0,0,0,0,0,0,1,0,0,0
1315.5,25.2,5.4,108.5,1.99,9.0,7.969999999999999,8.64,1,0,0,0,0,0,1,0,0,0
715.3,12.8,5.54,132.02760000000004,4.029999999999999,8.0,18.71,7.75,0,0,0,0,1,0,0,0,0,1
748.7,21.7,7.98,137.0,1.08,7.9,2.59,8.66,0,0,0,1,0,0,1,0,0,1
1158.5,22.4,5.6,143.6,3.18,6.4,19.1,9.58,0,1,0,0,0,0,0,0,1,1
679.7,24.3,6.59,105.9,5.14,7.3,6.55,8.81,0,1,0,0,0,0,0,0,1,0
803.88,27.8,5.38,101.1,6.61,5.0,4.14,10.3,0,1,0,0,0,1,0,0,0,1
857.6,24.1,6.5,82.2,6.73,6.8,7.64,10.8,0,0,0,0,0,1,0,0,0,1
394.4,28.6,4.99,101.5,6.17,5.4,5.33,8.86,1,0,0,0,0,0,1,0,0,1
901.6,28.1,4.96,151.8,2.12,7.6,2.58,9.73,1,0,0,0,0,0,1,0,0,1
821.9,30.2,6.91,100.2,6.04,7.0,1.81,8.52,0,1,0,0,0,0,0,0,1,1
1022.4,21.6,6.89,191.8,4.8,7.619999999999999,9.78,9.06,0,0,1,0,0,0,1,0,0,1
955.0,27.2,7.29,133.6,3.198,6.8,26.75,9.87,1,0,0,0,0,0,1,0,0,1
984.0599999999998,26.9,6.2,264.2,5.82,11.0,2.38,7.94,0,0,1,0,0,0,0,1,0,1
888.0,29.3,7.15,145.8,4.63,7.7,9.66,10.31,1,0,0,0,0,0,1,0,0,1
1037.0,27.5,6.57,104.4,6.31,7.2,0.95,9.07,0,1,0,0,0,0,0,0,0,1
910.6,16.6,5.83,173.4,6.59,7.0,9.06,7.64,0,0,1,0,0,0,0,0,0,1
895.0,28.3,6.99,98.3,2.25,8.1,1.03,7.44,0,1,0,0,0,0,0,0,0,1
1126.5,16.6,5.33,161.6,6.75,7.6,1.44,8.18,0,1,0,0,0,0,0,0,0,1
529.4,28.2,7.43,166.8,0.0,6.4,1.15,7.08,0,0,0,0,0,0,0,0,1,1
825.4,27.8,6.97,210.5,2.69,7.7,1.32,8.49,0,0,0,1,0,0,1,0,0,0
706.6,19.6,7.0,168.62,5.46,6.6,12.12,8.39,0,1,0,0,0,0,0,0,0,1
816.2,22.9,6.62,99.7,2.49,9.3,1.69,8.17,1,0,0,0,0,0,0,0,0,0
1069.5,31.8,6.88,115.6,7.01,5.8,4.26,7.71,0,0,1,0,0,0,1,0,0,0
729.0,22.7,7.05,143.7,4.66,7.3,2.36,7.2,0,0,0,1,0,0,0,0,0,0
1132.0,24.9,7.0,129.0,2.46,7.0,0.94,6.95,0,0,1,0,1,0,0,0,0,1
695.4,27.7,6.04,159.5,4.61,7.2,3.82,7.3,0,1,0,0,0,0,0,0,0,0
587.2,20.0,6.29,96.3,3.9619999999999997,5.2,3.89,7.79,0,0,1,0,0,0,0,0,1,1
732.6,24.5,6.26,81.7,4.12,8.7,3.22,7.11,0,0,0,0,1,0,0,0,0,0
1091.5,23.2,5.4,187.6,6.322,8.0,3.31,7.73,0,0,0,0,0,0,0,0,1,0
1177.6,20.0,6.34,70.0,8.87,9.4,1.89,8.53,0,0,0,1,0,0,1,0,0,0
770.9,26.7,6.1,145.6,5.72,6.8,1.23,7.83,0,0,0,1,0,0,0,0,0,0
404.4,23.0,7.13,58.2,10.4,10.2,18.35,7.51,0,0,0,0,0,0,0,0,0,1
824.5,23.6,5.61,67.1,1.85,8.9,1.29,9.5,0,0,0,1,0,0,1,0,0,1
967.5,18.6,7.35,177.8,10.79,10.9,0.86,9.04,0,0,0,0,0,0,1,0,0,1
746.8,21.4,4.73,219.5,4.07,11.0,5.58,8.23,1,0,0,0,0,0,0,0,0,1
627.9,27.8,7.06,192.98,2.45,6.2,3.94,9.57,1,0,0,0,0,0,1,0,0,1
711.6,26.3,5.73,124.8,8.01,7.5,2.13,6.96,0,0,0,1,0,0,0,1,0,0
909.9,25.8,7.48,91.2,6.65,7.3,16.26,6.94,0,0,1,0,1,0,0,0,0,1
851.8,18.7,8.18,103.1,3.12,8.5,9.071799999999971,6.73,0,0,0,1,0,0,0,1,0,0
911.0,28.9,7.5,182.58,4.65,5.5,5.57,9.08,1,0,0,0,0,0,1,0,0,0
1155.7,26.4,7.46,82.9,6.43,8.1,1.57,8.24,1,0,0,0,0,0,0,0,1,1
657.0,26.7,5.91,108.8,4.39,7.3,2.23,9.08,1,0,0,0,0,0,0,0,0,1
965.3,30.8,4.59,135.2,6.57,7.3,6.41,9.33,0,1,0,0,0,1,0,0,0,0
781.3,24.18,6.41,161.0,2.44,7.0,3.59,7.71,0,0,0,0,0,0,0,1,0,0
976.8,24.020000000000003,6.48,123.6,4.28,9.4,3.43,8.22,0,0,1,0,0,0,0,0,1,0
711.6,27.1,5.65,156.5,4.53,5.0,2.69,10.41,0,0,1,0,0,1,0,0,0,1
1231.6,22.9,6.39,69.6,3.49,7.8,2.74,9.96,0,0,0,0,0,1,0,0,0,0
877.4,24.5,5.45,201.1,7.03,8.2,0.66,9.75,0,0,0,0,0,0,1,0,0,1
856.6,30.9,6.52,141.1,5.91,8.9,1.34,7.16,0,0,1,0,0,0,0,1,0,1
703.9,24.8,5.24,179.3,6.04,10.0,2.83,7.13,0,1,0,0,1,0,0,0,0,1
1153.1,28.5,5.84,135.5,7.07,7.3,2.1,7.67,1,0,0,0,1,0,0,0,0,1
702.6,20.8,6.38,134.4,1.5,6.7,4.48,8.72,0,0,1,0,0,0,0,0,1,1
845.7,22.7,5.44,87.6,2.59,9.8,3.62,8.09,0,0,0,0,0,0,0,0,1,1
632.5,25.4,7.02,271.8,3.06,6.6,2.95,6.48,0,0,1,0,0,0,0,0,0,0
1076.4,13.1,7.46,178.1,8.01,8.1,6.0,8.86,0,1,0,0,0,0,1,0,0,0
1087.0,22.8,6.11,125.5,4.09,7.1,3.1,7.84,0,0,0,1,0,0,0,0,0,1
945.9,21.0,4.59,136.7,9.96,8.3,3.31,6.2,0,0,0,0,0,0,0,1,0,1
1015.6200000000001,24.2,7.01,147.1,5.49,8.4,2.39,10.96,0,0,0,1,0,1,0,0,0,1
330.164,26.7,6.95,220.9,7.15,7.7,28.908999999999867,7.28,0,0,0,0,0,0,1,0,0,0
1020.8059999999999,19.7,5.69,167.2,6.87,9.3,2.83,9.96,0,0,1,0,0,1,0,0,0,1
1000.5,24.8,6.72,258.4,5.49,6.3,2.96,7.59,0,0,0,1,0,0,0,0,0,0
1176.8,20.9,6.69,115.0,7.56,6.2,1.11,8.57,0,0,1,0,0,0,1,0,0,0
958.7,21.7,6.09,126.4,5.83,7.4,8.04,9.67,0,1,0,0,0,0,1,0,0,1
1406.5,34.3,5.91,197.7,7.67,9.0,0.64,7.89,0,0,0,1,0,0,0,0,1,1
1100.2,35.0,7.03,155.1,1.91,8.4,15.3,7.75,1,0,0,0,1,0,0,0,0,1
1340.7,31.9,6.19,158.8,4.0,6.2,5.59,6.74,0,1,0,0,0,0,0,0,0,0
1014.8,25.3,4.59,134.2,2.77,7.0,4.16,7.56,0,0,1,0,0,0,1,0,0,1
914.22,24.3,5.92,167.5,4.89,7.4,0.92,7.58,0,0,0,1,0,0,0,0,1,0
1488.4299999999998,23.2,6.51,101.3,5.58,7.1,2.29,6.85,0,0,1,0,0,0,0,0,0,0
908.6,25.7,5.97,159.5,5.52,7.2,5.576,8.2,0,0,1,0,0,0,1,0,0,0
1449.4,29.6,5.96,100.7,2.8899999999999997,9.8,2.07,10.23,0,1,0,0,0,1,0,0,0,1
705.7,20.1,6.75,88.5,5.04,6.2,0.75,8.05,0,0,0,1,0,0,0,0,0,1
1166.8,24.5,7.01,167.52,4.31,7.9799999999999995,1.42,10.5,0,0,0,0,0,1,0,0,0,1
339.8,17.7,7.61,233.7,2.22,6.7,1.56,6.61,0,0,0,1,0,0,0,0,0,0
842.8,23.3,7.11,259.9,2.0,7.9,18.07,8.55,0,0,0,0,0,0,0,1,0,1
1368.1,22.2,6.74,139.5,3.06,7.1,15.95,9.16,0,1,0,0,0,0,0,0,0,1
979.4,12.4,6.11,156.7,6.67,10.7,5.57,8.7,0,0,1,0,0,0,1,0,0,1
903.7400000000001,20.6,6.46,44.7,1.67,6.9,2.98,7.14,0,1,0,0,0,0,0,1,0,0
781.8,22.0,7.72,150.18,4.17,7.3,1.09,8.27,0,0,0,0,0,0,0,0,1,1
796.9,25.2,7.2,79.8,1.52,8.0,7.78,7.75,0,0,1,0,0,0,1,0,0,0
700.9,23.0,6.96,183.9,5.65,7.7,4.57,11.25,1,0,0,0,0,1,0,0,0,0
859.6,26.9,5.12,119.2,4.43,6.5,1.17,8.12,0,0,0,1,0,0,0,1,0,1
706.2,26.0,6.39,149.4,1.88,5.5,4.3,8.81,0,0,0,0,0,0,1,0,0,0
908.1,30.9,7.36,46.6,6.57,8.9,10.11,9.38,0,1,0,0,0,1,0,0,0,1
1079.7,23.1,7.61,204.9,5.52,7.0,2.344,8.08,0,0,0,1,0,0,0,0,1,0
1272.0,16.7,6.6,126.3,5.99,6.9,1.02,7.33,0,0,0,0,0,0,0,0,1,0
972.2,21.8,7.48,135.6,4.6,7.4,6.14,7.49,0,0,0,0,1,0,0,0,0,1
905.4,21.9,7.06,133.1,4.16,6.5,4.742,7.99,0,0,1,0,0,0,1,0,0,0
920.5,32.1,6.05,204.1,7.23,7.3,7.14,7.44,0,0,0,0,0,0,0,1,0,0
880.2,23.1,6.34,147.5,4.37,7.5,28.908999999999867,10.56,0,0,0,1,0,0,1,0,0,1
669.3,25.8,6.704000000000001,157.1,7.25,5.3,2.19,8.79,0,0,1,0,0,0,1,0,0,1
640.0,20.2,6.48,100.4,2.31,6.5,1.35,8.79,1,0,0,0,0,0,0,1,0,1
1371.7,28.8,5.7,178.1,8.98,7.1,11.07,6.57,0,0,0,0,1,0,0,0,0,1
1296.1,29.4,6.82,191.1,7.88,8.7,1.59,9.03,0,0,0,1,0,0,0,0,1,1
687.6,21.9,6.4719999999999995,145.1,7.0,8.1,7.0,7.3,0,0,1,0,1,0,0,0,0,1
1227.4,12.6,6.82,99.9,7.0,5.4,2.46,6.41,0,0,0,0,0,0,0,0,0,0
846.8,21.9,6.7379999999999995,144.8,6.6,5.7,0.96,7.77,1,0,0,0,1,0,0,0,0,0
879.2,29.5,6.79,123.8,6.25,8.8,1.32,6.16,0,0,1,0,1,0,0,0,0,0
706.3199999999999,27.5,6.71,180.4,4.16,7.9,2.57,7.71,0,1,0,0,1,0,0,0,0,1
1376.3,14.4,6.54,133.4,7.94,8.8,2.88,7.72,1,0,0,0,0,0,0,1,0,0
741.3,18.1,7.27,236.4,5.4,6.8,9.57,10.64,0,0,0,1,0,1,0,0,0,1
425.7,33.5,7.13,175.8,3.59,7.1,5.35,5.73,1,0,0,0,1,0,0,0,0,0
949.6,27.3,7.51,208.4,3.85,5.4,3.18,7.17,0,1,0,0,0,0,0,1,0,0
700.4,25.5,6.2,100.6,9.78,7.6,2.03,8.15,0,1,0,0,0,0,0,0,0,0
847.8,27.8,6.49,150.6,3.92,6.4,13.42,10.36,0,0,1,0,0,1,0,0,0,1
850.6,20.6,7.27,72.7,2.59,7.9,3.27,9.03,1,0,0,0,0,0,0,0,1,1
886.0,18.4,7.33,51.1,7.47,9.7,4.21,6.62,0,0,0,1,1,0,0,0,0,1
1035.0,28.5,5.84,231.2,7.93,7.4,2.51,7.33,0,1,0,0,0,0,0,0,1,0
812.3,16.6,5.89,198.5,3.06,6.9,0.83,11.578600000000005,1,0,0,0,0,1,0,0,0,1
697.0,20.8,5.97,26.7,5.69,4.8,12.89,10.47,1,0,0,0,0,1,0,0,0,1
406.0,20.5,6.9,61.0,5.58,6.8,2.3,9.74,0,1,0,0,0,1,0,0,0,0
1168.6,28.8,7.29,166.1,3.04,6.6,0.94,8.34,0,0,1,0,0,0,0,0,0,1
1018.6,15.5,6.0,145.9,2.05,8.6,5.26,10.17,1,0,0,0,0,0,1,0,0,1
558.3,23.9,6.76,174.6,6.24,5.9,6.4159999999999995,11.3,0,0,0,0,0,1,0,0,0,1
591.9,22.6,8.09,161.4,8.9,6.4,6.41,6.0,0,1,0,0,0,0,0,1,0,0
1090.9,20.4,6.5,125.7,7.13,7.9,5.32,7.74,0,0,0,0,0,0,0,1,0,0
562.3,29.5,6.87,102.1,5.87,8.1,1.19,5.76,0,0,0,1,1,0,0,0,0,0
961.3,21.9,6.31,179.5,0.1,6.2,2.92,8.37,0,0,0,1,0,0,1,0,0,0
800.5,16.5,6.91,114.5,3.89,8.1,11.57,8.8,0,1,0,0,0,0,1,0,0,1
440.3,24.6,6.55,129.2,9.31,8.6,0.98,8.66,0,0,1,0,0,0,1,0,0,1
1257.4,16.5,6.03,180.7,1.41,6.6,2.51,9.2,0,0,0,1,0,0,1,0,0,1
1200.1,32.0,7.03,152.8,3.93,5.9,1.96,8.05,1,0,0,0,0,0,0,0,1,1
746.0,25.0,6.7,168.3,6.33,7.6,0.75,6.71,0,0,1,0,0,0,0,1,0,0
708.3,27.32,7.47,138.3,7.13,7.3,1.22,7.67,1,0,0,0,0,0,0,1,0,0
1211.5,27.9,5.55,175.2,8.24,7.1,3.592,8.57,0,0,1,0,0,0,1,0,0,1
1155.0,30.9,5.47,188.7,8.6,5.9,3.45,6.94,0,0,1,0,0,0,0,0,1,0
919.4,29.5,5.81,145.8,3.17,10.3,5.31,7.45,0,1,0,0,0,0,0,1,0,1
801.1,20.339999999999996,5.85,140.42000000000002,0.37,4.7,2.96,8.07,0,0,0,1,0,0,0,0,1,0
800.1,25.6,5.08,142.5,7.54,6.5,2.31,7.06,1,0,0,0,0,0,0,1,0,0
993.4,30.3,6.78,109.2,7.05,7.7,4.06,10.32,0,0,0,0,0,1,0,0,0,0
833.1,22.2,5.95,158.0,6.04,7.9,2.63,9.12,0,0,1,0,0,0,0,0,0,1
813.8,25.9,5.25,241.6,7.22,9.2,0.99,10.59,0,0,0,1,0,1,0,0,0,1
625.7,19.2,6.47,82.4,6.92,9.8,11.82,7.5,0,0,0,1,0,0,0,1,0,0
577.1,23.5,6.8,88.1,4.95,5.4,1.02,6.99,0,0,0,0,0,0,0,0,0,0
997.3,14.4,7.49,71.8,3.92,10.9,9.28,6.93,0,1,0,0,0,0,0,0,0,0
533.3,21.3,5.94,118.9,7.92,6.3,1.03,7.31,0,0,0,0,0,0,0,0,1,1
653.3,28.0,6.51,230.6,3.3,5.5,6.04,6.68,0,1,0,0,0,0,0,1,0,0
787.9,22.7,7.07,135.5,4.46,6.8,4.42,8.6,0,0,1,0,0,0,0,0,0,1
1044.7,25.1,6.77,121.7,6.4,7.2,3.42,7.24,0,0,0,1,1,0,0,0,0,1
685.1,26.8,5.05,252.7,1.7939999999999998,6.0,0.51,6.4,0,1,0,0,0,0,0,1,0,0
763.8,26.9,6.91,203.5,0.97,9.2,13.5,10.71,0,0,0,0,0,1,0,0,0,1
1230.3,25.3,5.57,145.48000000000002,2.84,8.6,3.44,7.37,0,0,0,0,1,0,0,0,0,1
1136.8,31.3,6.49,265.7,7.44,9.0,2.65,7.7,0,1,0,0,0,0,0,0,1,1
1352.5,15.3,6.38,104.2,9.15,6.5,2.37,6.52,0,0,0,0,1,0,0,0,0,1
1072.4,24.3,6.55,83.5,4.07,7.8,2.56,10.9,0,0,0,1,0,1,0,0,0,0
677.0,28.7,7.34,190.0,9.15,6.7,2.95,8.63,0,0,0,1,0,0,1,0,0,0
702.7,23.5,7.58,192.5,9.63,5.9,8.58,5.64,0,0,1,0,1,0,0,0,0,0
986.7,20.4,7.38,129.6848,8.02,8.5,6.29,8.56,0,0,0,1,0,0,0,0,1,1
1310.8,29.9,5.75,270.9,1.68,7.4,0.83,7.25,1,0,0,0,1,0,0,0,0,1
919.9,28.0,7.99,233.5,3.24,8.44,4.32,10.83,0,0,0,0,0,1,0,0,0,0
845.5,23.4,7.04,88.0,3.468,4.1,12.6,9.42,0,0,1,0,0,1,0,0,0,0
1226.1,24.1,6.09,102.0,5.412,6.3,2.6559999999999997,7.85,1,0,0,0,0,0,0,1,0,0
1145.3,27.9,7.22,186.7,7.23,6.9,3.37,7.74,0,0,1,0,0,0,0,1,0,1
693.1,33.7,6.98,266.2,6.15,7.1,1.44,10.12,1,0,0,0,0,1,0,0,0,0
870.8,20.7,6.23,70.7,0.99,6.6,1.75,7.93,0,1,0,0,0,0,0,0,0,0
681.3,34.6,7.04,161.5,0.0,7.5,8.31,5.96,0,0,1,0,1,0,0,0,0,1
1233.8,28.6,7.206,120.0,1.38,6.2,2.322,7.88,1,0,0,0,0,0,0,0,1,0
710.5,24.4,7.16,225.1,5.53,6.9,5.68,8.22,1,0,0,0,0,0,0,0,1,0
659.0,23.2,5.15,156.1,5.13,5.8,7.0177999999999745,5.6,0,0,0,0,1,0,0,0,0,0
491.9,16.6,5.9,163.8,4.19,4.8,2.66,9.68,0,0,1,0,0,1,0,0,0,0
1055.5,21.2,6.73,132.3,4.25,8.0,2.12,6.5,0,0,1,0,1,0,0,0,0,0
1290.7,27.9,6.51,98.6,4.54,6.4,3.86,10.94,1,0,0,0,0,1,0,0,0,1
946.8,17.6,7.15,181.1,5.69,5.8,1.21,8.65,0,0,1,0,0,0,1,0,0,1
891.7,25.2,6.35,90.7,3.82,4.4,3.5,8.31,0,0,1,0,0,1,0,0,0,0
893.0,17.4,5.66,151.6,2.18,8.6,1.21,8.6,0,0,0,0,0,0,0,1,0,1
1150.6,20.2,7.17,95.9,6.45,7.4,7.77,11.49,1,0,0,0,0,1,0,0,0,0
903.0,20.0,7.03,100.9,4.7,6.7,3.87,7.32,0,0,0,0,0,0,0,1,0,0
964.1,32.0,7.7,39.8,4.66,6.3,2.71,7.47,0,1,0,0,0,0,1,0,0,1
1092.6,25.9,7.83,179.61999999999998,5.7,7.7,21.27,8.98,1,0,0,0,0,0,0,1,0,1
411.2,28.6,6.51,173.1,1.76,8.1,2.33,8.91,0,1,0,0,0,0,0,0,0,1
1277.0,23.8,6.32,136.3,6.02,8.4,15.46,11.23,0,0,0,0,0,1,0,0,0,1
940.7,31.6,6.65,170.1,7.6,4.0,2.63,7.5,0,0,0,0,0,0,1,0,0,0
810.0,27.4,6.01,131.9,9.0,6.3,3.16,6.8,0,0,0,1,1,0,0,0,0,0
1210.3,28.7,5.87,179.6,2.85,8.0,4.202,11.578600000000005,1,0,0,0,0,1,0,0,0,1
1022.7,26.6,7.54,186.1,7.98,6.1,0.49,8.22,0,0,1,0,0,0,1,0,0,0
776.8,29.9,6.98,123.4,4.86,10.1,12.8,7.71,0,0,0,1,0,0,0,1,0,0
648.7,26.1,5.85,182.2,3.29,8.4,0.55,9.18,0,0,0,1,0,0,1,0,0,0
330.164,31.4,6.77,218.8,4.27,7.1,2.27,7.26,0,0,0,0,0,0,1,0,0,1
591.5,23.6,7.02,187.5,1.3,8.7,3.92,9.92,0,0,1,0,0,1,0,0,0,0
1154.0,23.9,6.16,140.8,5.72,7.6,3.59,8.51,0,0,0,1,0,0,0,0,1,0
809.3,30.6,6.5,175.6,7.71,6.0,28.908999999999867,9.65,0,0,0,1,0,1,0,0,0,0
539.3,30.0,6.05,128.3,1.16,7.8,4.43,6.57,0,0,0,0,0,0,0,0,0,0
1237.1,22.3,6.73,143.2,4.46,8.0,28.908999999999867,8.03,0,0,0,1,0,0,0,1,0,1
873.8,29.6,5.24,183.7,3.67,8.6,11.72,9.64,0,0,0,1,0,0,1,0,0,1
812.5,20.3,7.0,286.7380000000001,6.85,6.3,10.01,5.85,0,0,0,1,1,0,0,0,0,0
1488.4299999999998,33.5,7.37,153.8,3.73,6.7,4.49,8.78,0,0,0,1,0,0,1,0,0,1
1294.9,18.9,6.72,158.3,3.61,7.9,8.93,8.96,0,0,1,0,0,0,0,0,0,1
897.8,21.1,8.09,107.6,2.18,7.6,10.38,5.2514,0,0,1,0,1,0,0,0,0,0
940.8,31.3,7.03,213.0,3.77,7.2,1.8,7.87,0,1,0,0,0,0,0,1,0,1
330.164,23.3,5.88,241.6,3.29,10.7,1.88,5.73,0,0,0,0,1,0,0,0,0,1
425.4,24.5,5.5,109.38,5.52,8.7,9.387799999999974,5.99,0,0,1,0,0,0,0,0,0,0
1068.7,28.8,5.9,142.2,10.29,9.9,3.31,7.78,1,0,0,0,1,0,0,0,0,1
662.2,23.9,5.56,100.2,0.0,7.5,2.4,8.49,1,0,0,0,0,0,1,0,0,1
1134.9,17.2,6.28,137.2,9.54,5.0,4.33,8.58,1,0,0,0,0,0,0,0,1,0
689.9,24.119999999999997,6.83,128.1,6.23,5.7,3.4,8.19,1,0,0,0,0,0,0,0,0,1
1185.5,20.6,7.28,117.05999999999999,4.104,7.0,3.98,7.36,0,0,1,0,0,0,0,1,0,1
1186.7,20.8,6.65,204.9,1.45,7.8,2.48,8.25,0,0,0,1,0,0,0,1,0,0
1186.8,25.1,5.58,218.4,3.12,7.2,4.42,7.48,0,0,0,0,0,0,0,0,0,0
716.5,23.5,5.61,211.9,4.27,7.6,10.01,11.26,0,0,1,0,0,1,0,0,0,1
1119.6,24.2,4.65,225.9,7.37,7.8,1.07,5.91,0,0,1,0,1,0,0,0,0,0
888.9,22.4,5.77,157.3,7.57,6.6,0.5,8.32,0,0,0,0,0,0,0,0,0,1
1072.6,22.0,6.8,101.7,1.85,8.4,4.18,7.48,0,1,0,0,0,0,0,1,0,0
761.7,28.919999999999998,4.82,219.4,5.79,5.4,1.99,6.34,0,0,0,1,0,0,0,1,0,0
1041.1,20.6,6.444,179.0,6.71,7.0,5.11,10.43,0,0,1,0,0,1,0,0,0,1
783.5,23.4,5.9,153.9,3.71,8.9,2.36,7.36,0,0,0,0,0,0,0,0,1,0
1125.6,12.4,6.36,273.0,6.136,6.6,11.74,8.15,0,0,0,0,0,0,0,0,1,1
1192.1,28.5,6.33,116.1,9.2,7.5,3.56,7.61,1,0,0,0,1,0,0,0,0,1
1488.4299999999998,18.3,6.5,136.8,5.13,5.6,2.03,5.86,0,0,0,0,1,0,0,0,0,1
872.1,31.7,6.04,107.0,6.47,7.3,5.8,8.39,0,0,1,0,0,0,1,0,0,0
600.5,25.8,7.04,174.5,4.21,6.2,2.54,9.05,1,0,0,0,0,0,0,0,0,1
771.0,27.0,7.14,172.64000000000001,4.32,6.5,2.98,11.56,0,1,0,0,0,1,0,0,0,1
590.2,25.3,8.07,98.2,4.02,7.2,28.908999999999867,9.33,0,1,0,0,0,1,0,0,0,0
778.1,26.2,6.5,213.2,2.79,5.8,4.0,7.49,0,0,0,1,0,0,0,0,0,0
1336.2,13.3,6.85,254.7,3.48,7.7,2.14,7.13,0,1,0,0,0,0,0,0,1,0
1076.7,19.4,7.54,30.3,5.93,4.2,9.46,7.06,0,0,1,0,0,0,0,0,0,1
731.2,25.280000000000005,6.73,155.5,5.02,8.2,1.23,6.46,0,0,0,0,1,0,0,0,0,0
814.6,30.5,5.56,70.6,4.48,9.1,3.74,5.57,0,0,1,0,1,0,0,0,0,0
856.2,15.6,6.7,106.8,5.04,6.1,5.75,6.58,0,1,0,0,1,0,0,0,0,1
812.8,22.5,5.29,146.7,2.17,7.8,1.39,8.04,0,0,0,0,0,0,0,0,0,1
330.164,24.8,6.5,278.4,6.46,7.0,9.03,9.23,0,1,0,0,0,0,1,0,0,1
660.5,25.4,7.34,213.4,8.39,5.8,1.45,8.4,0,0,0,0,0,0,1,0,0,1
957.8,23.5,6.43,215.2,3.82,8.3,6.88,9.53,1,0,0,0,0,0,0,1,0,1
728.0,34.7,5.51,86.7,2.72,6.9,2.75,7.0,0,0,0,1,0,0,0,0,1,0
864.4,23.9,6.43,229.5,1.9,7.3,2.05,8.12,0,0,0,0,0,0,0,0,0,1
565.7,17.3,7.26,58.9,5.04,5.4,3.004,5.82,0,0,0,1,1,0,0,0,0,0
1266.5,21.0,7.22,103.4,4.05,6.6,9.02,7.44,0,0,0,0,0,0,0,1,0,0
731.2,21.2,6.65,204.3,6.93,9.5,1.8,9.63,1,0,0,0,0,0,0,0,0,0
1285.0,21.6,4.97,96.7,2.84,7.1,2.39,6.94,0,1,0,0,0,0,0,0,1,0
1227.3,30.3,6.81,56.1,0.61,5.0,6.56,6.89,0,0,1,0,0,0,0,1,0,1
548.8,24.9,4.63,197.5,1.55,8.5,5.88,8.08,0,0,0,1,0,0,1,0,0,0
1220.5,23.6,6.94,96.5,5.57,5.6,6.587999999999999,8.76,0,0,0,1,0,0,1,0,0,1
1001.9,25.1,6.4,131.5,0.0,5.9,27.43,5.9,0,0,1,0,1,0,0,0,0,0
742.7,20.0,5.56,133.64000000000001,5.69,7.9,3.05,8.18,0,1,0,0,0,0,0,0,0,1
645.4,35.9,5.9,226.0,3.554,4.7,6.99,7.72,1,0,0,0,0,0,0,0,0,1
537.7,22.2,7.6,265.8,2.33,8.9,4.6259999999999994,10.9,0,0,0,1,0,1,0,0,0,1
718.7,23.7,5.67,185.7,2.02,9.3,0.64,9.23,0,0,0,1,0,0,1,0,0,1
754.58,25.9,5.19,105.1,3.59,6.3,1.88,8.77,1,0,0,0,0,0,0,0,1,1
1195.3,21.5,8.35,144.5848,6.62,7.8,5.11,8.56,0,0,0,1,0,1,0,0,0,0
1122.8,20.3,6.07,188.8,2.43,5.7,1.06,7.15,0,0,0,0,0,0,0,1,0,0
923.8,24.4,5.72,230.7,1.6,9.3,2.29,7.95,0,1,0,0,0,0,0,0,1,0
851.2,22.1,4.59,183.2,8.91,7.2,0.84,5.31,0,0,1,0,0,0,0,1,0,0
1099.606,21.2,4.59,105.5,3.87,9.4,8.04,8.86,0,0,0,0,0,1,0,0,0,0
787.3,24.9,6.36,180.73999999999998,5.31,7.4,2.14,7.43,0,1,0,0,0,0,0,0,1,0
515.2,31.8,6.33,146.68,6.27,7.8,5.35,8.8,0,1,0,0,0,0,1,0,0,1
993.2,23.14,6.14,186.42,3.58,8.3,1.29,7.72,0,0,1,0,0,0,0,1,0,1
998.5,29.4,7.81,182.5876,10.47,9.0,28.14,7.7,0,0,0,1,0,0,1,0,0,0
754.1,20.5,6.53,172.0,5.01,5.2,19.61,9.68,1,0,0,0,0,0,1,0,0,1
902.1,21.4,7.19,224.1,3.58,7.2,4.904,8.13,0,1,0,0,0,0,0,0,0,1
1036.0,19.0,6.72,206.1,2.83,7.7,13.59,7.73,0,0,0,1,0,0,0,0,0,0
993.6,24.7,5.35,142.1,7.86,7.1,5.4,5.99,0,0,1,0,0,0,0,0,0,0
740.34,17.1,6.71,115.8,6.78,7.4,2.32,10.07,0,0,1,0,0,1,0,0,0,0
859.4,25.1,5.87,150.1,4.87,7.9,7.95,9.1,0,0,1,0,0,0,1,0,0,1
934.5,29.7,5.76,155.0,0.0,8.6,8.01,7.6,1,0,0,0,1,0,0,0,0,1
942.0,19.0,5.89,193.0,2.2,5.2,0.92,7.92,0,0,1,0,0,0,0,0,1,1
809.8,32.9,6.17,27.0,7.68,8.3,2.44,8.16,0,0,0,1,0,0,1,0,0,0
810.8,23.9,6.07,119.3,6.09,7.1,7.44,7.9,0,0,1,0,0,0,0,0,1,0
1020.1,15.8,6.67,166.5,4.17,8.4,8.55,9.67,1,0,0,0,0,0,0,0,0,1
418.5,24.5,6.59,100.6,2.79,6.1,1.1,8.13,0,0,0,1,0,0,0,0,0,1
1026.6,21.0,5.39,61.9,1.31,6.459999999999999,2.21,5.79,0,0,0,0,1,0,0,0,0,0
774.0,20.7,5.89,61.8,4.84,7.2,1.44,9.61,1,0,0,0,0,0,1,0,0,1
1290.7,22.020000000000003,4.59,92.1,6.18,9.4,5.2,5.27,0,0,0,0,1,0,0,0,0,1
1218.7,22.3,6.33,193.9,6.83,6.5,1.84,8.99,0,0,0,0,0,0,1,0,0,0
892.2,24.3,6.92,21.0,1.03,9.1,4.46,10.29,0,0,0,1,0,1,0,0,0,1
920.7,21.1,6.654000000000001,240.7,4.58,8.9,5.2,8.58,0,0,0,1,0,0,0,0,0,1
776.0,22.0,6.23,7.624000000000001,3.41,8.9,0.81,6.65,0,0,1,0,0,0,0,1,0,1
991.7,20.2,6.35,56.2,4.0,5.5,1.06,6.18,0,0,0,0,1,0,0,0,0,0
1488.4299999999998,24.7,6.87,84.4,4.29,8.6,1.5,8.5,0,0,0,1,0,0,1,0,0,0
671.0,27.7,6.52,161.9,7.4,5.7,7.74,7.07,0,0,1,0,1,0,0,0,0,1
1080.8,24.8,6.57,169.3,10.0,4.9,4.86,8.19,0,1,0,0,0,0,0,0,0,1
802.3,17.8,5.58,181.3,8.26,8.1,5.83,8.33,0,0,1,0,0,0,0,0,0,1
830.36,23.5,6.13,218.4,4.198,8.8,1.01,8.43,0,0,0,1,0,0,0,1,0,1
1300.7,25.0,5.79,170.6,5.47,5.5,1.22,7.85,0,0,0,1,0,0,0,0,1,1
1109.4,15.7,5.93,201.1,5.94,6.9,10.78,8.08,0,0,0,1,0,0,0,0,0,1
976.0,25.2,6.04,84.3,3.0,9.0,7.63,8.86,0,1,0,0,0,0,1,0,0,0
1104.2,15.7,7.54,110.58000000000001,0.0,8.8,8.598,10.75,1,0,0,0,0,1,0,0,0,0
826.7,24.6,7.08,185.5,7.11,7.2,2.58,6.82,0,0,0,1,0,0,0,1,0,0
650.3,23.8,6.62,166.6,3.13,5.6,7.32,7.3,0,0,0,1,0,0,0,0,1,0
897.7,24.4,5.15,63.4,3.26,4.8,11.96,10.53,0,0,0,1,0,1,0,0,0,1
1019.9199999999998,33.3,7.03,94.4,5.74,6.94,28.62,7.56,0,0,0,1,0,0,0,0,0,1
977.5,27.6,6.98,128.8,6.59,9.2,4.34,11.578600000000005,1,0,0,0,0,1,0,0,0,1
1102.72,19.5,5.65,98.0,9.95,11.0,0.85,8.32,0,1,0,0,0,0,0,1,0,1
571.4,19.0,6.47,161.5,6.85,5.9,28.908999999999867,8.26,0,1,0,0,0,0,0,1,0,1
1488.4299999999998,31.4,7.24,211.6,4.23,8.0,26.37,10.52,0,0,0,1,0,1,0,0,0,0
891.8,24.7,5.74,286.7380000000001,5.1,8.0,1.24,9.54,1,0,0,0,0,0,1,0,0,0
990.9,30.4,7.03,37.8,0.0,7.7,3.01,6.41,0,0,0,0,0,0,0,0,0,0
1116.9,35.3,6.4,99.7,8.43,9.3,3.12,7.39,0,0,1,0,0,0,1,0,0,1
686.5,21.2,6.81,102.9,3.01,7.1,1.41,8.9,1,0,0,0,0,0,0,1,0,1
678.5,20.7,6.55,172.5,3.53,11.0,13.03,8.07,0,0,1,0,0,0,0,0,0,1
838.7,25.4,7.01,78.4,7.57,5.7,8.21,8.08,0,0,0,0,0,0,0,0,0,1
643.4,12.4,7.85,7.624000000000001,3.1,7.0,0.7,6.65,1,0,0,0,0,0,0,0,0,0
1084.7,26.8,6.81,191.9,3.04,7.5,3.52,9.29,0,1,0,0,0,0,1,0,0,0
738.7,19.2,7.7,45.5,5.05,7.8,1.55,7.26,0,0,0,1,0,0,1,0,0,0
861.3799999999999,29.7,5.78,167.6,5.45,5.6,1.66,6.92,0,0,0,0,0,0,0,0,0,1
1195.4,25.3,7.19,187.42,6.97,4.0,10.29,6.7,0,1,0,0,0,0,0,0,0,0
1206.4,15.5,7.328,205.4,3.83,6.9,2.75,10.83,0,1,0,0,0,1,0,0,0,1
721.8,22.0,6.38,165.2,8.45,7.0,1.32,6.55,0,0,1,0,0,0,0,1,0,0
872.0,34.3,6.01,157.3,1.29,9.4,0.92,9.01,0,1,0,0,0,1,0,0,0,0
1398.3,22.8,6.34,77.5,3.9,8.2,0.53,7.9,1,0,0,0,0,0,0,0,0,0
760.5,31.3,8.4,173.5,5.73,8.4,1.74,6.71,0,1,0,0,0,0,0,0,0,1
741.6,25.2,6.27,172.4,2.83,5.9,1.82,6.37,0,0,1,0,0,0,0,0,0,0
844.8,29.9,5.7,145.02000000000004,5.122000000000001,6.3,6.72,6.85,0,1,0,0,0,0,0,0,1,0
644.9,24.0,5.29,142.4,8.15,7.5,1.97,8.56,1,0,0,0,0,0,0,0,1,1
453.7,24.8,6.49,227.2,4.37,8.1,6.48,8.18,0,1,0,0,0,0,0,0,0,0
881.1,24.0,6.14,158.95999999999998,2.93,5.7,2.1,7.65,1,0,0,0,1,0,0,0,0,1
927.1600000000001,21.1,6.88,145.6,6.44,5.3,6.37,8.56,0,1,0,0,0,0,0,0,1,1
860.5,18.1,6.42,108.0,8.97,10.6,1.04,9.22,1,0,0,0,0,0,0,0,1,1
932.0,21.3,5.31,124.3,5.12,6.1,2.24,7.34,0,0,1,0,0,0,1,0,0,0
806.6,25.7,7.66,213.0,2.93,9.6,1.78,10.29,1,0,0,0,0,0,0,0,1,1
1148.2,24.4,5.38,41.8,6.75,8.8,2.74,7.41,0,1,0,0,0,0,1,0,0,0
1248.0,30.4,4.71,156.1,10.857599999999984,5.1,2.1340000000000003,6.31,0,0,0,1,0,0,0,0,0,0
875.0599999999998,30.7,6.74,172.2,6.42,7.9,17.87,7.82,0,0,0,0,0,0,0,0,1,1
539.4,21.52,6.61,181.7,4.61,5.6,6.66,6.92,0,0,1,0,1,0,0,0,0,1
1019.7,27.3,6.7,212.92,3.62,6.0,8.84,7.8,1,0,0,0,1,0,0,0,0,0
997.0,32.1,6.25,206.5,3.4,10.1,7.46,6.7,0,0,1,0,0,0,0,0,1,0
894.8,22.5,7.31,128.56,8.73,9.4,11.32,10.27,0,1,0,0,0,1,0,0,0,0
330.164,13.7,5.41,100.3,3.278,5.4,3.99,8.53,1,0,0,0,0,0,1,0,0,1
898.2,27.9,5.88,221.4,6.78,4.0,2.76,7.52,0,0,0,0,0,0,0,1,0,1
834.5,24.8,6.58,115.4,4.79,6.9,6.46,7.93,0,1,0,0,0,0,0,0,0,1
513.8,21.6,5.76,114.3,3.008,11.0,28.36,9.02,0,0,1,0,0,0,1,0,0,1
619.5,27.9,7.1,130.2,3.8280000000000003,5.5,3.03,9.96,0,1,0,0,0,1,0,0,0,1
693.6,29.0,7.090000000000001,162.5,2.22,7.2,20.78,7.46,0,0,0,0,1,0,0,0,0,1
658.9,20.0,8.01,256.9,5.83,6.6,3.03,10.41,1,0,0,0,0,1,0,0,0,0
1065.6,21.6,5.79,181.7,5.51,6.8,1.52,10.18,0,0,0,1,0,0,1,0,0,1
1051.0,28.3,6.66,103.9,9.42,5.6,0.76,7.21,0,0,0,1,0,0,0,1,0,0
1021.4,23.2,6.15,176.4,8.43,5.2,3.01,9.47,0,0,0,1,0,0,1,0,0,1
1100.8,18.8,6.784000000000001,171.7,6.82,6.1,1.25,11.578600000000005,1,0,0,0,0,1,0,0,0,1
1156.5,26.24,6.438,107.0,5.632,6.7,1.25,9.34,1,0,0,0,0,0,1,0,0,1
873.3,20.6,5.93,165.8,7.43,7.3,4.69,7.46,0,0,0,0,1,0,0,0,0,1
1071.5,35.9,7.59,92.9,2.36,7.6,5.61,6.68,0,0,0,0,0,0,0,0,0,1
659.4,21.1,5.71,143.3,5.96,6.1,1.18,11.27,1,0,0,0,0,1,0,0,0,0
1283.9,30.8,5.93,163.06760000000003,9.0,10.0,25.92,8.89,0,1,0,0,0,0,1,0,0,0
1195.9,27.0,6.44,125.0,9.07,7.6,3.64,8.59,0,0,0,0,0,0,0,1,0,1
1011.76,25.0,6.9,285.7,2.3440000000000003,7.1,1.42,6.36,0,0,0,1,1,0,0,0,0,0
849.8,20.3,8.35,143.8,3.97,8.1,1.44,7.45,0,0,0,1,0,0,0,1,0,1
792.6,23.3,6.73,103.9,0.03,6.7,0.42,6.95,0,0,0,1,1,0,0,0,0,1
740.7,16.6,5.84,156.7,7.18,5.3,3.33,7.61,1,0,0,0,0,0,0,1,0,0
730.0,19.7,8.16,111.5,0.55,6.5,3.56,10.1,0,0,0,1,0,1,0,0,0,0
1116.6,19.1,7.75,123.96000000000001,3.17,6.1,2.01,7.42,1,0,0,0,1,0,0,0,0,1
1126.0,22.3,5.49,225.6,3.67,9.7,2.42,8.0,0,1,0,0,0,0,0,0,0,0
716.5,21.8,6.574000000000001,80.4,3.75,7.5,6.35,8.13,0,1,0,0,0,0,1,0,0,0
1069.9,22.7,7.12,194.4,6.18,6.7,2.04,8.06,0,0,0,0,0,0,0,0,1,1
1101.0,16.5,7.0,140.1,9.2,6.5,2.8,8.81,1,0,0,0,0,0,0,0,0,1
898.9,12.4,5.16,178.33999999999997,4.132,6.9799999999999995,0.42,6.64,0,0,0,1,1,0,0,0,0,0
1325.5,15.6,5.61,204.3,8.05,6.7,3.46,7.25,0,0,0,0,0,0,0,0,0,1
607.8,20.5,5.23,138.6,3.96,11.0,6.31,11.31,0,0,0,0,0,1,0,0,0,1
489.1,29.1,7.66,41.2,1.93,8.3,23.27,5.2514,0,0,1,0,1,0,0,0,0,0
850.7,20.3,5.52,210.4,4.42,7.8,11.77,7.07,0,0,0,1,1,0,0,0,0,0
927.1,29.8,6.04,240.5,5.88,6.0,5.95,8.08,0,1,0,0,0,0,1,0,0,0
825.0,21.2,7.37,202.0,0.65,6.7,0.93,9.48,0,0,1,0,0,1,0,0,0,1
1047.8,27.8,7.186,252.7,3.0,6.5,16.12,9.08,0,0,0,0,0,0,1,0,0,1
648.0,26.2,5.94,115.9,3.48,6.3,7.36,9.81,1,0,0,0,0,0,1,0,0,0
1487.7,35.9,8.34,203.5,5.97,7.2,2.1559999999999997,6.67,0,0,1,0,0,0,1,0,0,1
1374.3,25.0,7.14,196.3,3.4,6.4,26.3,8.17,0,0,0,0,0,0,0,0,1,0
415.3,22.8,5.96,189.2,2.5,8.2,4.19,7.47,0,1,0,0,0,0,0,1,0,0
849.1,29.9,7.04,286.7380000000001,5.42,6.9,15.27,9.61,0,1,0,0,0,0,1,0,0,1
874.4,35.9,5.74,137.6,4.29,7.5,0.44,5.2514,0,1,0,0,1,0,0,0,0,1
838.5,23.1,6.172,234.5,10.857599999999984,6.9,5.81,8.56,0,0,1,0,0,0,0,1,0,1
841.2,25.98,7.2,132.1,1.15,8.3,5.39,8.04,0,0,1,0,0,0,0,0,0,1
998.8,24.059999999999995,7.49,69.1,5.21,6.2,4.46,10.48,0,1,0,0,0,1,0,0,0,1
855.4,26.6,6.59,124.3,5.1,9.4,4.27,9.56,0,0,0,0,0,0,1,0,0,0
976.6,20.7,6.81,163.64000000000001,0.0,6.9,1.65,8.38,1,0,0,0,0,0,0,0,1,0
941.8,22.3,7.85,123.9,0.0,7.0,6.51,9.26,0,0,1,0,0,0,1,0,0,1
1055.9,27.0,6.36,130.0,0.43,7.1,1.5,8.73,0,0,0,0,0,0,0,0,0,1
994.1,26.6,6.2,154.1,1.77,6.2,5.48,8.23,0,0,1,0,0,0,0,0,1,1
751.46,24.2,7.33,184.8,4.884,8.7,1.43,7.8,0,0,0,1,0,0,0,0,0,0
727.1,22.8,7.03,167.17999999999998,5.78,7.8,2.44,8.41,0,0,0,1,0,0,0,0,1,0
888.7,29.6,6.63,214.9,10.21,6.7,20.72,10.01,0,1,0,0,0,0,1,0,0,1
1108.0,19.8,4.59,179.2,2.524,6.3,2.65,8.42,0,0,0,0,0,0,1,0,0,1
871.0,25.0,5.93,35.0,9.28,9.5,9.49,6.5,0,0,0,1,1,0,0,0,0,0
547.5,19.2,7.116,71.3,7.32,7.6,0.79,7.64,0,0,0,0,0,0,0,0,1,1
882.9,32.2,5.77,128.44,3.52,9.4,3.16,7.99,0,1,0,0,0,0,0,1,0,1
617.4,24.0,7.59,111.7,8.44,8.3,6.56,8.14,0,1,0,0,0,0,0,0,0,0
881.5,16.5,5.43,207.5,5.33,8.5,5.14,8.46,0,1,0,0,0,0,0,1,0,1
575.9,16.2,6.74,219.2,2.85,7.8,4.62,8.11,1,0,0,0,0,0,0,0,1,1
1321.7,21.7,5.71,171.9,8.23,8.5,1.08,8.36,0,0,0,1,0,0,1,0,0,0
1052.0,22.6,6.45,185.08,5.67,8.7,5.078,7.68,0,0,0,0,0,0,0,0,0,0
868.4,33.4,5.96,151.0,2.05,5.4,3.02,7.25,1,0,0,0,1,0,0,0,0,1
758.0,24.4,6.9,72.1,6.82,6.4,0.79,8.05,0,0,0,1,0,0,0,0,1,1
1079.4,25.3,6.03,210.8,8.1,8.0,3.94,6.9,1,0,0,0,1,0,0,0,0,0
809.9,27.2,6.21,207.1,5.95,7.8,3.53,8.22,0,0,0,1,0,0,0,0,0,0
841.4,23.6,6.65,195.7,4.03,6.2,3.98,9.6,1,0,0,0,0,0,1,0,0,0
1127.6,25.4,6.83,78.0,3.41,7.8,2.69,6.55,0,0,1,0,1,0,0,0,0,1
638.7,25.2,5.56,272.6,2.51,8.2,5.61,6.93,0,0,1,0,0,0,1,0,0,0
978.5,28.9,6.53,178.7,3.29,11.0,2.05,6.89,0,0,1,0,0,0,0,1,0,1
1146.6,26.1,5.06,136.9,3.06,6.2,3.32,6.13,0,1,0,0,1,0,0,0,0,0
937.8,31.0,6.86,113.4,1.2,4.9,3.73,8.68,1,0,0,0,0,0,0,0,1,1
694.4,34.5,6.18,153.1,6.16,4.5,10.98,7.29,1,0,0,0,0,0,0,0,0,0
846.7,25.2,6.828,28.0,2.52,5.8,8.31,5.88,0,0,0,0,1,0,0,0,0,0
586.5,19.9,7.05,82.1,6.93,7.1,9.77,7.84,0,0,0,0,0,0,0,0,1,1
711.4,14.4,6.53,136.1,7.54,8.4,0.57,10.97,1,0,0,0,0,1,0,0,0,1
960.6,21.979999999999997,6.61,189.9,3.66,6.9,1.33,7.23,0,0,0,0,1,0,0,0,0,1
1064.1,22.5,5.1,188.3,5.82,7.7,0.94,6.09,0,0,0,0,0,0,0,1,0,0
1078.6,22.4,5.58,155.8,2.36,6.4,1.49,11.23,0,0,1,0,0,1,0,0,0,1
1065.6,29.3,6.81,186.1,1.1,8.0,6.67,9.41,0,1,0,0,0,0,0,0,1,1
1159.5,29.3,6.11,141.8,8.07,8.5,2.43,7.79,0,0,0,0,0,0,0,0,0,0
864.2,16.0,7.04,161.5,6.82,7.0,13.05,7.25,0,0,0,0,0,0,0,0,1,0
867.5,24.08,7.09,250.0,7.04,5.9,3.34,11.578600000000005,0,0,0,0,0,1,0,0,0,1
996.6,15.1,6.79,95.0,9.69,5.4,3.13,10.12,0,1,0,0,0,1,0,0,0,1
447.3,24.2,6.99,189.5,4.89,7.7,1.76,7.16,0,0,0,0,0,0,0,1,0,0
701.4,28.7,6.82,7.624000000000001,6.45,7.0,2.9479999999999995,6.16,0,0,0,0,0,0,0,1,0,0
1224.4,32.6,6.28,178.1,4.42,4.9,5.4,9.78,0,0,0,1,0,1,0,0,0,1
569.5,26.2,6.87,148.8,4.91,7.6,0.78,11.3,1,0,0,0,0,1,0,0,0,1
770.8799999999999,22.7,7.8,106.5,4.53,7.9,2.1,7.45,0,0,0,1,0,0,0,0,1,0
1130.2199999999998,26.2,7.66,125.8,7.56,7.3,7.41,7.48,1,0,0,0,1,0,0,0,0,1
997.3,26.3,5.53,160.8,9.77,7.6,14.85,7.33,0,0,0,0,0,0,0,0,1,0
815.9,29.0,6.03,200.3,2.94,8.2,4.42,9.79,0,1,0,0,0,1,0,0,0,0
870.3,14.7,5.86,202.9,2.66,11.0,14.01,10.55,1,0,0,0,0,1,0,0,0,0
861.2,18.0,6.25,243.1,2.95,5.5,5.48,9.84,0,0,1,0,0,0,1,0,0,1
842.86,29.9,6.79,104.2,5.3340000000000005,6.4,7.86,9.48,0,0,0,1,0,1,0,0,0,0
681.1,18.1,5.55,176.4,3.48,6.8,1.94,7.29,0,0,1,0,0,0,0,0,0,1
739.7,25.2,7.01,174.6,2.78,8.4,1.22,7.99,0,0,0,1,0,0,0,1,0,0
1115.6,28.8,7.37,133.7,2.22,6.5,0.94,6.79,0,0,0,1,1,0,0,0,0,1
1004.0,21.5,5.08,105.23999999999998,3.07,10.8,6.6,7.66,0,0,0,0,0,0,0,1,0,1
1058.7,28.0,7.89,133.8,4.92,5.5,5.14,7.77,0,0,0,0,0,0,0,0,0,1
925.6,17.6,5.56,190.6,2.63,9.9,1.32,7.46,0,1,0,0,0,0,0,1,0,0
461.7,17.8,7.31,160.3,9.23,8.4,1.72,8.28,1,0,0,0,0,0,0,0,1,0
1226.9,28.1,6.13,208.7,2.46,9.0,9.57,10.34,0,0,0,1,0,1,0,0,0,0
721.6,31.5,7.14,74.4,9.15,8.0,17.45,6.47,0,0,0,0,0,0,0,1,0,0
807.0,26.0,7.27,217.4,0.0,7.3,1.948,11.09,0,0,1,0,0,1,0,0,0,1
551.7,20.3,6.63,144.5,3.98,7.9,4.21,10.62,0,0,0,1,0,0,1,0,0,1
560.5,20.6,5.72,223.0,2.12,5.8,4.29,8.15,0,0,0,0,0,0,0,1,0,1
923.4,22.5,7.78,205.9,5.62,8.6,0.95,7.63,0,0,0,0,0,0,0,0,1,0
1003.6,21.0,5.897999999999999,154.0,2.76,8.0,4.55,10.19,0,1,0,0,0,0,1,0,0,1
903.7,32.2,6.15,161.4,10.27,7.8,24.0,8.26,0,0,0,1,0,0,0,0,1,1
1405.6,16.1,7.66,40.3,2.63,6.0,2.2760000000000002,6.32,0,0,1,0,0,0,0,0,1,1
719.6,23.2,6.7,119.2,4.03,6.2,4.06,5.44,0,0,0,1,1,0,0,0,0,0
702.28,28.4,7.73,96.9,5.85,9.0,3.44,7.16,0,0,1,0,0,0,0,1,0,1
330.3,28.7,6.968000000000001,142.8,0.0,5.7,2.09,7.96,0,0,1,0,0,1,0,0,0,0
961.4,12.4,7.28,32.4,2.14,5.6,2.44,8.06,0,1,0,0,0,1,0,0,0,0
732.8,20.4,6.61,129.4,5.48,8.2,3.412,7.66,1,0,0,0,0,0,0,1,0,0
763.1,25.2,5.76,138.6,10.21,8.2,3.81,7.77,1,0,0,0,0,0,0,1,0,0
1019.9,19.0,4.59,182.4,6.19,7.0,1.7,7.46,0,0,0,0,0,0,1,0,0,0
756.78,15.7,7.08,175.7,2.06,7.8,1.92,7.36,0,0,0,1,0,0,0,0,0,1
851.3,18.2,8.42,191.2,4.81,6.1,7.72,6.54,0,0,0,0,0,0,0,0,1,0
1196.2,25.1,6.39,108.5,2.99,9.4,1.4,10.91,0,0,0,1,0,1,0,0,0,1
1100.7,16.1,5.88,123.4,8.8,7.0,2.96,7.41,0,0,1,0,0,0,0,1,0,1
735.9,20.5,6.2,219.4,8.6,9.3,3.67,10.99,0,1,0,0,0,1,0,0,0,0
896.5,15.8,6.21,177.4,5.75,5.8,1.34,8.48,0,1,0,0,0,0,0,0,0,1
537.6,19.4,5.43,147.68,8.42,6.3,0.42,9.97,0,0,0,0,0,1,0,0,0,1
857.1,21.8,7.55,217.1,5.066000000000001,7.8,3.16,9.76,0,0,0,0,0,1,0,0,0,0
724.8,20.5,6.57,186.8,5.43,8.2,17.07,5.71,0,0,1,0,1,0,0,0,0,0
1146.2,16.3,7.11,166.7,4.33,9.3,16.16,11.43,1,0,0,0,0,1,0,0,0,0
725.6,22.2,6.61,212.4,6.84,8.4,11.72,10.69,0,0,0,0,0,1,0,0,0,0
330.164,18.9,6.54,104.9,8.58,10.2,2.34,9.15,1,0,0,0,0,0,1,0,0,1
1047.4,28.6,6.93,181.2,2.86,7.0,5.77,8.15,0,0,1,0,0,0,1,0,0,0
819.2,24.9,8.42,265.8,5.3,6.5,5.43,6.79,0,0,0,1,0,0,1,0,0,0
1055.1,24.6,6.92,206.5,5.05,7.4,17.89,8.79,0,0,1,0,0,0,0,0,0,1
907.4,27.4,7.04,180.1,4.6,9.4,3.36,8.2,0,0,1,0,0,0,0,0,1,1
959.8,25.6,5.3,161.0,7.22,4.6,2.61,6.18,0,0,1,0,0,0,0,1,0,0
981.6,22.4,7.57,179.4,6.34,8.7,0.48,11.578600000000005,1,0,0,0,0,1,0,0,0,1
637.7,22.3,5.41,230.6,4.072,7.5,2.38,7.56,0,0,0,1,1,0,0,0,0,1
761.7,29.9,6.39,217.4,2.9,8.2,5.25,6.56,0,0,1,0,1,0,0,0,0,1
898.0,21.1,7.23,105.9,7.08,7.040000000000001,1.04,9.41,0,0,1,0,0,0,1,0,0,1
626.78,18.4,5.08,183.6,6.19,5.5,3.24,9.01,0,0,0,1,0,0,1,0,0,1
1130.7,26.4,7.13,142.2,8.2,4.9,3.58,8.9,0,1,0,0,0,0,0,0,1,1
968.2,17.0,4.85,108.8,10.37,6.6,7.548,6.67,0,0,1,0,0,0,0,1,0,1
797.64,33.2,6.65,77.8,5.79,6.7,2.06,7.03,0,0,0,1,0,0,0,0,1,1
1062.0,28.5,7.59,234.2,5.82,8.7,6.77,8.28,0,0,0,0,0,0,0,1,0,1
808.5,31.8,5.95,217.2,5.754,5.7,0.77,7.91,1,0,0,0,0,0,0,0,1,0
818.2,27.0,6.87,128.1,0.69,6.4,15.81,9.26,0,0,1,0,0,1,0,0,0,0
1123.4,28.9,7.02,116.4,6.27,6.9,0.79,8.69,0,0,0,1,0,0,0,1,0,1
706.4,31.1,6.53,230.7,4.8,5.7,1.05,6.35,0,0,1,0,0,0,0,1,0,0
840.2,23.8,6.05,233.4,5.4,8.2,13.85,8.16,0,0,0,0,0,0,0,0,1,0
1270.4,28.6,6.71,155.2,3.97,9.1,3.91,8.17,0,1,0,0,0,0,0,0,1,1
954.6,28.7,5.94,132.7,4.8,9.9,2.46,9.12,0,0,0,1,0,0,1,0,0,1
907.5,26.7,7.46,74.9,2.34,7.5,0.66,6.28,0,0,0,0,0,0,0,0,0,0
768.6,28.5,6.52,158.6,6.64,7.8,2.24,8.76,1,0,0,0,0,0,0,0,0,1
629.0,30.6,6.93,158.6,6.61,6.32,4.68,7.49,0,0,0,0,0,0,0,0,0,1
917.1600000000001,18.7,6.82,218.1,8.01,7.5,9.77,8.44,0,0,0,0,0,0,0,0,1,0
387.2,22.8,7.31,154.9,7.8,8.2,0.42,7.77,0,0,0,1,0,0,0,1,0,1
1163.1,15.0,6.61,112.2,4.41,9.0,2.49,8.74,0,0,0,0,0,0,0,0,0,1
730.2,28.8,5.6,208.9,5.5,7.2,4.54,7.35,0,0,1,0,0,0,0,0,1,0
820.2,27.479999999999997,5.97,194.1,5.99,8.5,1.65,11.4,0,0,0,1,0,1,0,0,0,1
629.6,22.2,5.32,118.9,5.51,5.1,0.42,6.96,0,0,0,0,0,0,0,0,1,0
956.7,18.7,4.59,154.1,4.52,8.4,1.52,6.8,0,1,0,0,0,0,0,1,0,1
929.2,24.9,6.15,86.2,2.52,8.6,2.0,10.64,0,0,0,0,0,1,0,0,0,0
821.8,22.5,7.13,142.6,4.09,8.2,6.94,7.82,0,0,1,0,0,0,0,1,0,1
778.6199999999999,20.5,6.14,154.3,4.87,6.1,3.53,8.69,0,0,0,0,0,0,0,1,0,1
589.3,29.6,5.41,172.0,5.17,7.3,5.24,9.59,0,0,0,1,0,0,1,0,0,1
1022.1,17.5,6.71,133.7,4.41,7.2,4.58,8.66,0,1,0,0,0,0,0,0,0,1
504.1,17.3,6.37,170.1,2.2,8.4,1.98,7.24,0,0,0,0,0,0,0,0,0,1
820.5,22.0,5.92,121.5,4.38,7.0,0.99,6.0,0,0,1,0,1,0,0,0,0,0
692.1,22.2,4.59,153.2,4.7,8.4,8.4,6.68,0,0,0,0,0,0,0,0,0,0
1280.2,19.7,6.48,64.6,8.25,10.6,3.37,10.78,0,1,0,0,0,1,0,0,0,0
1140.0,21.4,6.76,119.7,3.38,6.7,6.68,9.21,1,0,0,0,0,0,0,0,1,1
951.7,24.2,5.72,134.78,4.58,7.3,2.0,7.49,0,0,0,0,1,0,0,0,0,1
706.3,16.3,5.74,117.4,6.09,7.5,8.16,9.37,1,0,0,0,0,0,0,0,0,1
948.1,23.4,7.18,135.1,2.89,8.0,2.6,8.16,0,1,0,0,0,0,0,0,0,1
584.6,24.5,6.41,95.4,1.78,8.4,0.53,6.3,0,0,1,0,1,0,0,0,0,1
753.4,15.2,7.94,104.2,5.35,8.8,5.08,8.03,1,0,0,0,0,0,0,0,1,0
775.6,25.5,7.32,286.7380000000001,4.55,6.5,3.18,8.25,0,1,0,0,0,0,0,0,0,1
1034.14,33.4,5.78,145.8,10.23,7.9,1.6,6.52,0,0,0,0,1,0,0,0,0,1
1363.9,18.1,6.09,128.2,4.53,8.6,4.01,6.08,0,0,1,0,1,0,0,0,0,0
828.4,24.9,5.96,286.7380000000001,5.74,7.7,7.25,10.07,0,0,1,0,0,1,0,0,0,0
1078.0,22.5,7.04,126.1,1.58,7.4,0.78,6.65,0,0,1,0,1,0,0,0,0,1
1315.6,17.3,6.94,159.0,6.19,7.6,4.14,7.2,0,0,1,0,0,0,0,0,1,0
1267.2,16.4,6.33,99.1,5.09,8.0,6.58,8.52,0,0,0,0,0,0,1,0,0,1
1051.4,26.1,6.95,153.7,6.68,4.8,6.86,7.08,0,0,0,0,0,0,0,0,0,0
991.5,25.7,5.14,118.7,6.15,8.0,2.15,8.52,0,0,0,0,0,0,0,0,1,1
1253.2,26.0,6.27,238.8,4.59,8.7,4.608,11.39,1,0,0,0,0,1,0,0,0,1
542.0,27.1,7.23,186.0,6.39,6.1,1.07,8.81,1,0,0,0,0,0,1,0,0,0
857.9,17.9,7.25,176.2,6.28,5.6,6.8,10.38,0,1,0,0,0,1,0,0,0,0
755.7,17.6,7.08,105.3,10.857599999999984,9.2,2.13,8.32,0,0,0,0,0,0,0,0,0,1
1280.9,15.2,5.88,285.3,6.91,7.5,0.52,6.65,0,0,1,0,1,0,0,0,0,1
423.2,27.1,7.57,180.3,1.11,6.6,2.508,8.63,0,1,0,0,0,0,1,0,0,0
960.5,24.7,7.16,149.3,2.65,7.7,4.04,8.21,0,0,1,0,0,0,0,1,0,1
576.9,28.4,5.84,125.9,6.87,5.5,16.48,7.52,0,0,0,0,0,0,0,0,0,1
716.3,26.1,5.68,156.4,2.59,4.8,3.604,9.16,0,0,0,1,0,0,1,0,0,1
938.1,21.9,7.41,95.2,4.31,4.0,2.04,7.37,0,0,0,0,0,0,0,0,1,1
798.4,25.5,5.9,112.5,3.53,6.6,6.91,7.85,0,0,0,0,0,0,0,0,0,1
650.7,34.3,6.06,162.28,2.26,5.8,3.89,9.12,0,0,0,1,0,1,0,0,0,0
1061.8,31.5,7.08,145.3,9.48,7.2,0.69,8.17,0,0,1,0,0,0,1,0,0,1
702.0,26.0,5.75,219.4,3.61,10.1,2.76,8.28,0,1,0,0,0,0,1,0,0,0
911.5,31.3,5.82,124.1,2.91,8.0,10.86,7.1,0,0,0,0,1,0,0,0,0,1
810.2,20.7,6.8,213.4,3.89,5.1,1.48,9.17,0,1,0,0,0,0,1,0,0,1
923.3,20.2,7.85,136.5,7.75,5.3,28.908999999999867,7.52,0,0,0,0,0,0,0,1,0,1
904.5,21.8,6.82,106.1,8.65,6.0,0.42,7.21,0,0,0,0,1,0,0,0,0,1
1433.7,15.1,7.28,204.0,9.67,10.1,3.4,6.4,0,1,0,0,1,0,0,0,0,0
1091.6,19.8,5.34,254.8,1.59,8.1,3.6019999999999994,7.49,1,0,0,0,0,0,0,0,0,0
915.0,26.4,6.18,187.5,2.74,7.4,1.39,7.82,0,0,0,1,0,0,0,0,1,0
913.6,26.3,6.15,135.0,2.25,9.7,1.55,7.15,0,1,0,0,0,0,0,1,0,0
997.1,30.3,6.48,200.7,3.46,7.4,2.27,7.14,0,0,0,0,0,0,0,0,0,0
1100.4,31.7,7.9,210.1,1.14,9.9,3.91,6.26,0,0,0,1,1,0,0,0,0,0
723.3,26.4,6.39,120.0,4.28,9.1,7.09,9.76,0,0,1,0,0,1,0,0,0,0
1234.9,28.6,7.17,123.8,2.02,11.0,0.42,7.69,0,0,1,0,0,0,0,0,1,1
1098.8,31.0,5.36,173.52000000000004,7.09,7.0,3.95,7.23,0,1,0,0,0,0,0,1,0,1
986.5,35.9,5.48,137.4,7.35,7.6,4.04,5.54,0,1,0,0,1,0,0,0,0,0
1215.7,20.5,7.61,15.5,5.12,4.9,6.19,7.16,0,0,0,0,0,0,0,0,0,1
640.0,30.5,6.26,148.5,3.84,9.4,15.94,6.23,0,0,0,1,1,0,0,0,0,0
941.5599999999998,25.3,7.12,191.0,8.53,7.1,11.16,7.6,0,0,1,0,0,0,0,1,0,1
1296.9,17.8,6.51,92.3,4.7,5.7,6.22,8.86,1,0,0,0,0,0,0,0,0,1
1124.0,24.0,7.09,149.0,0.0,8.3,2.85,7.57,1,0,0,0,1,0,0,0,0,1
804.8,33.0,7.47,39.1,5.81,9.1,8.53,7.3,0,1,0,0,0,0,0,1,0,1
895.2,20.3,6.97,171.36000000000004,4.95,6.2,1.86,8.86,0,0,0,1,0,0,0,1,0,1
1115.7,12.4,6.5,186.1,2.36,6.3,5.34,7.57,0,0,0,0,0,0,0,1,0,0
1183.4,33.2,5.32,154.4676,4.77,8.7,3.64,5.76,0,0,1,0,1,0,0,0,0,1
821.0,14.1,4.95,74.3,4.49,8.0,22.41,7.36,0,1,0,0,0,0,0,0,0,1
582.3,12.4,6.78,212.3,4.09,5.6,3.24,9.15,0,0,0,0,0,0,1,0,0,1
529.8,22.7,6.93,235.8,8.56,7.5,1.0,7.8,0,0,1,0,0,0,0,0,0,1
1458.5,22.4,6.69,91.0,4.876,7.1,0.64,7.76,1,0,0,0,1,0,0,0,0,1
800.9,22.1,6.98,112.3,4.67,6.4,1.17,7.45,0,0,1,0,0,0,0,1,0,1
1028.0,24.3,6.56,122.78,5.68,7.1,5.69,7.75,0,0,0,1,0,0,0,1,0,1
1134.0,16.5,7.23,7.624000000000001,3.7,7.8,9.75,5.59,0,0,0,0,1,0,0,0,0,0
584.1,31.3,7.66,263.4,0.0,6.2,4.08,6.51,0,0,0,0,0,0,0,0,1,0
1175.8,24.8,5.55,7.624000000000001,4.63,7.980000000000001,2.2,7.65,0,1,0,0,0,0,0,0,1,1
824.5,31.6,5.86,36.5,3.95,8.9,6.18,5.41,0,1,0,0,1,0,0,0,0,1
1082.2,30.8,6.74,276.6,6.3,7.4,1.88,7.64,0,0,0,1,0,0,0,0,1,1
916.2,15.7,6.27,182.4,3.68,7.7,1.46,8.4,0,0,0,0,0,0,0,0,0,1
620.5,15.9,7.07,135.7,6.46,6.5,1.02,7.89,1,0,0,0,0,0,0,1,0,1
1100.0,26.7,7.39,203.6,1.04,5.8,2.37,7.56,0,0,0,1,0,0,0,1,0,1
1021.5,24.8,5.86,126.8,5.0,5.7,11.1,7.44,0,0,0,0,0,0,0,0,1,0
853.4,27.1,5.15,104.75999999999999,6.48,6.0,1.21,6.13,0,0,1,0,1,0,0,0,0,1
888.9,20.0,6.22,138.0,3.49,7.3,1.8,11.16,0,1,0,0,0,1,0,0,0,1
1442.4,18.0,6.04,89.6,2.52,7.5,2.16,9.08,0,0,0,0,0,0,1,0,0,1
923.7,19.2,6.73,78.7,9.45,6.6,3.88,7.03,0,0,0,0,0,0,0,0,1,0
832.2,18.3,5.99,184.6,4.32,7.2,0.97,7.57,1,0,0,0,0,0,0,0,0,0
947.4,21.02,7.42,198.4,2.45,6.9,12.04,9.36,1,0,0,0,0,0,0,0,1,1
1352.1,20.1,6.53,203.1,8.24,4.5,2.4,7.72,0,0,0,0,0,0,0,0,1,0
806.5,19.0,5.76,172.2,8.77,7.8,0.98,7.26,0,0,0,1,0,0,0,1,0,0
931.5,22.3,6.97,221.9,6.12,6.7,4.4,8.62,1,0,0,0,1,0,0,0,0,1
649.9,29.4,7.02,160.8,6.76,8.1,1.8,9.74,0,0,0,1,0,0,1,0,0,1
852.1,19.6,6.59,196.5,8.1,9.5,0.95,11.47,0,1,0,0,0,1,0,0,0,1
887.6,21.9,6.32,194.8,5.264,8.3,9.16,8.19,0,1,0,0,0,0,0,1,0,1
1014.7,30.9,6.13,103.5,3.15,7.8,17.83,7.78,0,0,0,1,0,0,0,0,1,1
1090.0,21.8,6.04,199.1,9.27,5.5,2.19,6.96,1,0,0,0,1,0,0,0,0,0
1237.8,13.4,6.02,226.5,6.57,5.5,0.67,8.77,0,0,1,0,0,0,1,0,0,0
655.6,28.7,6.19,129.5,5.58,7.0,1.6,5.2514,0,0,1,0,1,0,0,0,0,0
796.5,28.7,6.46,177.3,2.73,10.1,1.13,10.61,0,0,0,1,0,1,0,0,0,1
1357.8,23.24,7.94,184.0,2.11,7.5,1.11,8.56,0,1,0,0,0,0,1,0,0,1
330.164,22.68,6.47,107.9,6.91,8.8,15.03,6.63,0,0,1,0,0,0,0,0,1,0
1314.1,33.8,4.85,39.4,10.32,4.8,1.46,6.0,0,0,0,0,0,0,0,0,0,1
1127.9,35.0,6.89,286.7380000000001,6.84,7.6,5.15,7.83,0,0,0,0,0,0,0,1,0,1
1190.2,25.9,7.1,190.0,1.16,4.7,2.25,10.7,0,0,0,1,0,1,0,0,0,1
702.6,21.1,5.52,191.0,7.69,6.0,2.61,10.77,0,0,0,0,0,1,0,0,0,1
637.8,20.5,6.79,105.6,6.11,8.3,2.7,9.33,1,0,0,0,0,0,1,0,0,0
1025.4,20.8,7.28,211.6,5.792,9.3,0.92,7.69,0,0,0,0,0,0,0,1,0,1
460.8,22.52,6.15,121.8,0.86,6.8,0.88,8.76,1,0,0,0,0,0,1,0,0,1
1002.1,26.2,7.3,146.9,5.46,8.6,4.56,11.24,0,0,1,0,0,1,0,0,0,1
868.4,18.8,6.37,188.8,5.99,6.3,13.09,8.96,1,0,0,0,1,0,0,0,0,1
1068.9,19.3,6.52,29.7,3.75,6.42,2.38,6.83,0,0,0,0,0,0,0,1,0,0
1060.6,21.6,6.758,44.2,4.86,7.3,2.41,5.34,0,0,1,0,1,0,0,0,0,1
809.7199999999999,25.380000000000003,5.87,115.6,7.74,7.359999999999999,2.21,8.57,1,0,0,0,0,0,0,0,0,1
1126.8,24.0,5.59,147.4,7.21,6.0,4.7,6.24,0,0,1,0,1,0,0,0,0,0
1102.0,21.0,7.36,157.9,1.45,7.8,1.61,8.66,0,0,0,0,0,0,0,0,1,1
812.4,25.2,7.93,159.7,4.39,8.0,18.32,8.2,0,0,0,0,0,0,1,0,0,0
677.0,15.0,5.57,110.7,3.3,6.2,2.82,9.73,1,0,0,0,0,0,1,0,0,1
1322.1,22.8,6.58,140.8,0.0,7.3,2.06,7.14,0,0,0,0,0,0,0,1,0,0
602.0,31.9,5.36,109.7,5.76,7.5,4.3,7.57,1,0,0,0,0,0,0,1,0,1
922.5,23.1,6.77,203.5,6.28,8.1,4.936000000000001,9.05,0,0,0,0,0,0,0,0,0,1
1062.2,14.0,7.96,285.5,3.74,10.7,4.67,6.93,0,0,0,1,0,0,0,1,0,1
788.4,25.2,6.63,172.3,9.12,9.2,7.25,10.64,1,0,0,0,0,0,1,0,0,1
648.4,21.6,6.2,92.4,6.98,9.0,5.82,10.76,0,0,0,1,0,1,0,0,0,0
1000.1,24.7,8.04,174.2,0.44,9.7,10.87,7.21,0,0,0,1,0,0,0,0,0,0
1016.9,23.7,6.45,53.6,5.46,4.7,2.7,8.08,0,0,0,1,0,0,1,0,0,0
1364.8,25.240000000000002,6.74,162.0,3.95,8.6,2.59,7.74,0,0,1,0,0,0,0,0,1,1
743.0,28.9,5.92,185.0,4.94,7.6,28.908999999999867,10.1,0,1,0,0,0,1,0,0,0,0
690.3,23.7,7.18,286.7380000000001,3.8,7.3,3.21,8.62,1,0,0,0,0,0,0,0,1,1
558.8,29.7,5.48,172.7,2.88,6.2,7.394,9.33,0,0,1,0,0,1,0,0,0,1
1285.7,18.7,6.81,158.5,3.18,7.4,4.08,7.38,0,1,0,0,0,0,0,0,1,0
1015.4,18.7,4.8,205.3,2.94,8.7,5.01,7.93,0,0,0,1,0,0,0,0,0,1
1155.6,17.2,5.32,195.9,6.72,6.9,8.55,9.68,1,0,0,0,0,0,1,0,0,0
935.1,24.0,6.1,184.3,2.25,5.5,17.56,7.73,0,0,0,1,1,0,0,0,0,1
902.5,25.1,7.42,239.5,8.07,8.4,4.28,10.8,0,1,0,0,0,1,0,0,0,0
1164.5,26.3,6.51,190.9,3.36,8.1,1.94,10.55,0,0,0,1,0,1,0,0,0,0
792.1,22.7,6.578,202.4,5.69,10.1,1.23,11.29,0,0,0,0,0,1,0,0,0,0
1328.4,27.2,5.92,107.6,1.44,8.1,3.55,8.16,0,0,0,0,0,0,0,0,1,0
1025.1,21.4,6.4,146.9,8.2,5.1,1.0,7.15,0,1,0,0,0,0,0,0,0,0
1046.3,30.8,7.22,133.34,1.87,6.0,5.02,10.17,0,0,0,0,0,1,0,0,0,0
1125.3,22.9,5.06,132.9,5.09,6.4,1.55,6.45,0,0,0,0,1,0,0,0,0,1
631.5,20.9,6.59,235.6,8.45,8.0,3.4,6.27,0,0,0,0,1,0,0,0,0,1
894.5,18.1,5.96,106.9,5.19,10.9,1.26,10.93,0,0,1,0,0,1,0,0,0,1
857.0,26.9,6.26,163.6,3.21,8.8,0.74,10.98,1,0,0,0,0,1,0,0,0,0
707.3,30.9,6.93,48.3,4.81,7.7,0.48,9.36,1,0,0,0,0,0,1,0,0,1
988.7,18.0,7.07,112.3,2.368,8.6,1.91,8.74,0,0,0,1,0,0,0,0,1,1
511.9,26.7,5.78,139.8,0.0,7.7,4.4,7.23,1,0,0,0,0,0,0,1,0,0
490.2,24.240000000000002,6.19,100.4,5.78,9.2,4.18,8.96,0,1,0,0,0,0,1,0,0,1
694.9,21.4,5.31,205.2,3.83,8.9,13.65,11.37,0,0,1,0,0,1,0,0,0,1
979.2,24.7,5.48,146.1,6.23,7.3,2.38,10.73,0,0,0,1,0,1,0,0,0,0
940.4,27.8,5.07,181.6,1.98,6.5,2.67,8.44,0,0,0,0,0,0,0,0,0,1
833.0,21.3,6.67,82.0,8.59,8.1,2.87,11.578600000000005,1,0,0,0,0,1,0,0,0,1
383.3,26.9,5.57,85.3,7.25,7.6,0.78,7.03,0,0,0,0,0,0,1,0,0,0
834.8,15.0,6.05,185.4,5.79,6.7,2.25,7.92,0,0,0,1,0,0,0,1,0,1
975.6,21.0,6.46,146.1,2.09,5.2,13.67,6.82,0,1,0,0,1,0,0,0,0,1
932.7,31.5,6.35,192.1,8.53,10.3,2.27,9.47,0,0,0,0,0,0,1,0,0,1
819.9,15.4,5.26,233.7,3.21,9.0,0.58,10.02,1,0,0,0,0,0,1,0,0,1
751.0,12.4,6.04,89.5,5.05,7.82,8.73,8.2,0,1,0,0,0,1,0,0,0,0
771.3,24.2,8.07,115.7,3.76,6.5,4.02,9.48,1,0,0,0,0,1,0,0,0,0
1131.2,32.1,7.0,140.8,5.94,9.9,0.62,7.07,0,0,1,0,0,0,0,0,1,1
858.1,27.0,5.34,176.6,8.96,6.7,6.55,10.88,0,0,0,1,0,1,0,0,0,1
1104.3,23.4,6.9,88.0,4.51,8.3,3.316,8.07,0,1,0,0,0,0,0,0,0,0
961.8,28.8,6.81,142.3,6.12,6.7,0.97,8.0,0,0,0,0,0,0,0,0,1,1
642.9,25.6,7.82,256.6,7.37,6.7,10.74,7.22,0,1,0,0,1,0,0,0,0,1
782.9,16.8,5.96,194.1,3.83,6.0,5.01,9.15,0,0,0,1,0,0,0,0,0,1
876.1,31.9,6.18,227.4,3.68,7.4,3.48,7.91,0,0,0,1,0,0,0,1,0,1
527.4,34.3,6.68,104.1,5.87,9.8,3.82,7.51,0,1,0,0,0,0,0,1,0,1
968.6,20.0,6.74,174.9,3.52,11.0,1.68,8.24,0,0,1,0,0,0,0,1,0,1
798.6,21.0,5.67,140.1,4.74,5.2,2.13,7.48,0,0,0,1,1,0,0,0,0,1
833.7,26.4,5.98,146.7,4.06,7.6,4.99,6.48,0,0,1,0,0,0,0,1,0,0
1290.9,19.5,7.53,136.3,2.45,7.0,5.49,10.52,0,0,1,0,0,1,0,0,0,1
749.9,25.9,6.55,158.1,5.28,6.3,5.91,8.71,0,0,0,1,0,0,0,0,1,1
1113.5,23.7,6.74,70.4,6.85,5.5,6.5,8.21,0,0,0,0,0,0,0,1,0,1
564.9,28.9,6.48,146.4,4.68,5.6,1.06,9.09,0,1,0,0,0,0,1,0,0,1
647.9,27.4,6.84,115.0,4.9,8.8,3.96,7.31,0,0,1,0,0,0,0,0,0,0
1007.2,23.9,6.398,66.9,3.69,7.220000000000001,0.94,8.21,1,0,0,0,0,0,0,0,1,0
653.1,26.5,5.56,169.3,5.33,8.0,4.46,7.85,0,1,0,0,1,0,0,0,0,1
1241.5,22.7,7.23,248.3,5.38,6.3,1.03,7.12,0,0,0,0,0,0,0,0,1,0
747.4,27.0,6.1,214.5,3.13,7.2,2.29,11.44,0,0,0,0,0,1,0,0,0,1
728.5,23.26,6.8,114.8,3.33,7.6,5.34,8.77,1,0,0,0,0,0,0,1,0,1
852.0,29.3,6.09,175.8,5.65,5.0,8.55,7.36,0,0,0,0,0,0,0,0,0,0
1001.4,28.9,6.87,186.9,3.06,7.5,6.89,8.93,0,1,0,0,0,0,1,0,0,0
922.8,20.7,7.02,107.5,3.15,6.9,1.84,8.07,0,0,1,0,0,0,0,0,1,1
922.8,19.5,6.73,78.6,6.6,6.9,1.37,8.33,1,0,0,0,1,0,0,0,0,1
347.6,24.4,5.24,183.3,5.95,7.7,2.252,6.5,0,1,0,0,1,0,0,0,0,1
1319.8,23.2,6.7,172.92000000000002,2.43,8.3,2.58,10.37,1,0,0,0,0,1,0,0,0,1
931.2,22.7,7.2,252.6,3.74,5.0,7.81,8.05,0,0,0,1,0,0,0,0,1,0
863.7,31.0,5.77,39.4,0.0,9.9,5.46,9.0,0,0,0,1,0,0,1,0,0,1
1134.8,19.6,7.44,7.624000000000001,7.64,7.7,3.68,6.46,0,0,0,0,0,0,0,0,0,1
666.8,28.8,7.15,129.6,3.9800000000000004,10.3,4.7,7.23,0,1,0,0,0,0,0,1,0,0
884.9,20.8,6.58,156.0,2.27,6.5,2.47,7.42,1,0,0,0,0,0,0,0,0,0
532.4,22.5,5.81,192.7,6.18,7.5,3.57,7.47,0,1,0,0,0,0,0,1,0,0
947.1,21.4,6.38,76.9,6.84,7.9,3.67,6.97,0,0,0,0,1,0,0,0,0,0
868.5,23.1,4.59,60.9,5.41,7.6,5.58,6.03,1,0,0,0,0,0,0,1,0,0
1195.8,23.1,6.51,7.624000000000001,3.67,8.5,0.64,8.68,0,1,0,0,0,1,0,0,0,0
512.4,25.4,6.59,81.5,6.94,8.1,8.86,8.2,1,0,0,0,0,0,0,0,0,1
1334.5,25.2,6.32,268.3,7.99,6.6,1.29,5.94,0,0,0,0,1,0,0,0,0,0
1124.6,25.1,6.29,279.9,4.49,7.8,4.24,8.17,0,0,0,0,0,0,0,0,0,1
715.0,31.8,7.35,245.9,5.37,7.0,6.28,10.14,0,1,0,0,0,1,0,0,0,1
1005.3,21.2,5.92,187.6,3.4,8.0,1.18,10.28,0,1,0,0,0,1,0,0,0,0
404.4,18.8,6.79,128.5,8.22,7.9,1.43,10.5,1,0,0,0,0,1,0,0,0,1
910.3,28.5,6.55,229.5,5.21,4.9,1.55,7.33,0,0,1,0,0,0,0,0,1,1
740.8,25.0,6.83,135.5,3.07,7.280000000000001,1.718,7.05,0,0,1,0,0,0,0,1,0,0
1032.1,19.0,7.23,141.8,10.34,9.0,3.59,8.3,0,0,0,1,0,0,0,0,0,0
839.8,16.9,6.17,123.6,7.3,7.7,4.83,8.43,1,0,0,0,1,0,0,0,0,1
1220.8,24.1,7.62,97.2,8.04,9.5,8.01,7.87,1,0,0,0,0,0,0,0,0,0
1063.7,28.8,6.56,120.7,9.45,6.4,3.35,8.59,0,0,1,0,0,0,1,0,0,1
488.5,22.1,7.89,79.1,4.67,7.9,7.07,9.78,0,0,0,1,0,1,0,0,0,0
970.4,21.5,6.38,77.9,0.82,9.0,3.44,8.67,0,0,0,0,0,0,0,0,0,1
874.5200000000001,16.8,7.16,116.9,4.35,11.0,9.56,8.6,0,0,0,0,0,0,0,0,1,1
1107.5,26.2,6.32,156.0,5.05,7.3,7.84,6.73,0,0,1,0,1,0,0,0,0,1
1245.5,31.1,6.18,166.5,7.81,6.9,4.16,6.11,0,1,0,0,1,0,0,0,0,0
931.1,22.8,6.26,207.2,6.86,7.9,6.66,7.63,0,0,1,0,1,0,0,0,0,1
975.4,20.2,6.54,168.3,6.06,8.3,2.77,9.48,1,0,0,0,0,0,0,1,0,0
819.4,16.8,6.65,130.6,4.3,7.1,7.61,8.17,1,0,0,0,0,0,0,1,0,1
1234.5,28.8,6.67,88.5,5.64,6.9,1.13,8.28,0,0,0,1,0,0,0,1,0,1
993.7,27.0,5.21,242.0,10.857599999999984,11.0,9.66,9.41,0,0,0,1,0,0,1,0,0,0
1395.9,25.2,7.56,245.7,6.56,8.3,1.89,7.03,0,0,1,0,0,0,0,1,0,1
676.5,27.4,5.08,221.2,4.39,6.0,3.17,8.18,0,0,1,0,0,0,1,0,0,1
913.9,23.8,6.78,51.9,10.3,6.2,10.68,5.77,0,0,0,1,1,0,0,0,0,0
882.7,13.9,6.3,57.2,6.98,7.5,0.45,6.89,0,0,0,1,1,0,0,0,0,1
1046.2,20.4,6.88,131.0,5.006,5.6,4.97,7.1,0,0,0,0,0,0,0,0,0,0
900.8,24.6,7.24,180.7,5.82,7.4,6.37,7.58,0,1,0,0,0,0,0,1,0,0
1143.7,30.8,7.15,162.14000000000001,5.24,6.0,9.46,7.01,0,0,0,0,0,0,0,0,1,0
846.0,24.7,6.97,259.6,6.21,8.1,2.23,8.88,0,0,0,1,0,0,0,1,0,1
595.9,21.9,4.59,134.7,8.02,9.0,1.33,6.57,0,1,0,0,0,0,0,0,0,1
885.9,26.7,6.718000000000001,177.5,5.53,7.1,17.32,7.62,0,0,0,0,0,0,0,1,0,1
795.0,20.7,4.68,155.9,4.82,10.6,1.13,5.77,0,0,1,0,1,0,0,0,0,1
682.7,17.8,5.22,217.2,9.29,7.1,6.63,8.8,0,0,0,1,0,0,0,0,1,1
904.3,28.9,6.766,137.9,7.87,6.7,0.58,9.59,0,0,0,0,0,1,0,0,0,0
1307.9,26.2,6.97,176.1,2.274,10.2,7.11,8.54,0,0,0,1,0,0,0,0,1,0
1477.2,12.4,6.43,279.1,4.5,9.8,2.16,6.52,0,0,0,1,0,0,0,1,0,0
704.9,31.2,7.62,184.4,10.39,8.1,8.95,6.79,0,0,1,0,0,0,0,0,1,1
1027.6,19.1,5.84,161.2,2.24,6.8,1.57,7.44,0,0,1,0,1,0,0,0,0,1
655.3,26.9,7.41,284.4,5.82,8.6,3.36,9.01,0,1,0,0,0,0,1,0,0,1
1062.0,20.5,6.03,44.8,7.02,6.4,4.5,9.95,0,1,0,0,0,1,0,0,0,0
944.8,27.0,8.08,143.5,4.8,8.0,3.99,6.8,0,1,0,0,1,0,0,0,0,1
646.5,29.1,7.73,153.7,5.41,8.0,1.59,7.69,0,0,1,0,0,0,0,0,1,1
785.1,22.8,6.2,208.0,1.46,6.4,14.67,7.34,0,0,1,0,0,0,0,1,0,0
714.2,22.1,5.88,118.1,1.81,8.6,3.84,10.61,0,0,0,1,0,1,0,0,0,0
982.3,27.7,6.69,235.1,0.0,6.8,1.81,10.0,0,0,0,1,0,1,0,0,0,1
978.9,16.7,6.86,144.0,3.28,7.0,22.94,10.61,0,1,0,0,0,1,0,0,0,0
1100.1,32.3,6.89,77.8,5.59,9.2,1.14,6.34,0,0,0,1,1,0,0,0,0,1
907.4,15.3,6.71,171.2,5.76,7.0,4.46,11.21,0,0,1,0,0,1,0,0,0,1
976.1,26.4,7.26,153.3,5.26,9.8,4.94,8.08,0,0,0,0,0,0,0,0,0,1
762.24,35.8,7.84,146.5,2.76,6.8,9.57,8.97,1,0,0,0,0,1,0,0,0,0
1125.22,20.5,8.04,187.1,6.292,7.0,2.69,7.58,0,0,0,0,0,0,0,0,0,0
1047.0,30.18,7.1,113.8,4.99,7.1,1.94,7.6,0,0,0,1,0,0,0,1,0,0
1464.7,22.4,5.2,138.2,4.696,4.4,0.53,6.45,0,0,0,0,1,0,0,0,0,0
1093.7,25.7,6.96,109.8,1.23,10.8,8.12,10.68,0,0,1,0,0,1,0,0,0,1
829.0,21.1,6.6,184.5,5.74,8.7,0.79,9.72,0,0,0,0,0,0,1,0,0,1
634.7,24.5,6.54,97.9,2.44,8.0,10.04,6.47,0,0,1,0,0,0,0,1,0,0
898.5,22.8,6.48,183.9,7.35,9.3,0.42,7.5,0,0,1,0,0,0,0,1,0,0
1084.1,16.8,5.08,150.3,9.75,9.5,0.94,6.91,0,0,0,1,0,0,0,0,1,0
564.9,30.7,5.805999999999999,202.4,6.04,7.0,7.16,7.16,0,0,0,0,0,0,0,1,0,1
936.8,26.7,8.35,98.7,6.7,8.0,1.51,9.75,1,0,0,0,0,1,0,0,0,0
1267.2,25.2,6.14,140.7,8.82,10.6,1.3,8.36,0,0,0,1,0,0,0,0,1,1
1219.5,25.4,6.92,85.2,5.63,7.7,4.17,10.04,0,0,0,0,0,1,0,0,0,1
873.0600000000001,34.0,6.51,68.3,5.12,9.1,2.68,6.43,0,0,0,0,0,0,0,0,0,0
1045.8,19.5,7.73,10.6,4.49,8.8,5.93,8.11,0,0,1,0,0,0,1,0,0,1
1008.8,28.7,6.697999999999999,86.8,7.68,5.9,1.1,7.35,1,0,0,0,0,0,0,0,0,0
514.0,23.1,6.21,151.5,4.11,6.7,12.17,8.27,0,0,0,0,0,0,0,0,1,1
799.0,29.7,7.16,114.1,6.73,9.4,13.79,7.87,1,0,0,0,0,0,0,1,0,1
1047.0,22.4,5.96,176.7,7.62,8.5,8.38,9.39,0,1,0,0,0,0,0,0,1,1
431.0,15.1,6.37,81.4,6.09,8.4,10.51,7.66,0,0,1,0,0,0,0,0,0,1
976.1,22.1,6.84,222.4,0.54,7.2,4.88,9.52,0,0,0,1,0,0,0,0,0,1
881.8,24.0,6.39,272.2,2.15,7.0,2.02,7.34,0,0,0,1,1,0,0,0,0,1
1035.7,20.6,5.87,188.22,3.49,5.3,7.72,7.06,0,0,0,0,1,0,0,0,0,1
874.8,20.7,6.812,39.8,9.51,7.8,6.23,8.02,0,0,0,1,0,0,0,0,0,1
890.7,13.1,7.3,143.4,6.67,8.6,2.7,10.81,1,0,0,0,0,0,1,0,0,1
1165.7,27.6,6.62,137.8,7.53,7.4,6.79,8.93,0,0,1,0,0,0,1,0,0,0
886.1600000000001,22.6,6.06,25.1,8.18,10.3,11.28,9.5,0,0,0,0,0,1,0,0,0,0
1342.3,20.9,6.57,84.3,8.74,11.0,1.57,10.26,0,0,1,0,0,1,0,0,0,1
1045.9,29.6,7.23,110.2,4.16,7.4,27.58,7.91,0,0,1,0,0,0,1,0,0,0
659.2,26.1,6.95,198.0,2.13,8.7,1.64,9.83,1,0,0,0,0,0,0,0,0,1
1321.2,18.8,7.23,47.4,2.08,8.3,1.77,8.01,0,0,0,0,0,0,0,0,1,1
400.1,28.5,6.98,109.4,3.43,7.4,2.48,11.22,1,0,0,0,0,1,0,0,0,1
686.6,28.9,7.92,120.0,3.15,9.3,1.05,9.29,0,0,0,1,0,0,1,0,0,1
1003.0,24.8,7.45,152.8,6.14,9.5,1.19,7.82,0,0,0,0,0,0,0,1,0,1
908.8,19.5,5.75,100.1,3.14,7.7,4.28,8.86,1,0,0,0,0,0,1,0,0,0
825.6,20.76,5.73,116.42,7.5,6.1,5.716,7.66,0,0,1,0,0,0,1,0,0,0
1020.8,28.5,6.57,148.6,7.06,7.7,1.29,7.73,1,0,0,0,0,0,0,0,0,0
772.3,22.7,6.42,94.6,1.83,4.8,9.94,8.84,1,0,0,0,0,0,0,0,1,1
933.4,35.9,6.56,225.1,9.74,9.9,1.51,7.33,0,0,0,1,0,0,0,0,1,1
1133.0,31.7,6.42,136.0,3.09,6.8,1.59,10.71,1,0,0,0,0,1,0,0,0,1
1165.6,35.9,8.42,116.9,10.43,8.0,5.27,7.02,0,0,0,1,0,0,1,0,0,1
756.0,32.4,4.64,85.6,5.8,7.6,6.11,5.44,0,1,0,0,0,0,0,0,1,0
769.4,22.6,5.68,153.85999999999999,3.63,7.6,2.11,10.47,1,0,0,0,0,1,0,0,0,0
763.0600000000001,28.9,6.39,183.5,4.81,6.4,3.34,10.97,1,0,0,0,0,1,0,0,0,0
1185.0,33.3,7.58,237.4,5.04,6.1,8.46,7.45,0,0,0,0,0,0,1,0,0,0
811.8199999999999,17.0,5.75,144.8,6.68,9.2,16.91,8.22,0,0,0,1,1,0,0,0,0,1
808.8,18.5,6.21,286.7380000000001,4.38,8.4,7.21,8.37,0,0,1,0,0,0,0,0,1,1
1114.4,18.0,4.59,179.9,4.61,6.5,2.59,6.15,0,0,0,1,0,0,0,0,0,0
837.3399999999999,20.0,7.17,144.3,1.04,8.1,7.94,7.32,0,0,1,0,0,0,0,1,0,0
728.6,26.660000000000004,6.99,190.9,5.21,7.4,3.2020000000000004,7.94,0,1,0,0,0,0,0,0,1,0
829.0,30.8,8.0,103.2,2.24,5.4,1.8,8.34,1,0,0,0,0,0,1,0,0,1
1189.9,27.5,7.83,166.8,2.29,8.1,2.96,9.55,0,0,0,1,0,0,1,0,0,1
849.4,25.0,6.07,203.8,8.27,4.9,1.69,8.6,0,0,0,0,0,0,0,0,1,1
915.9,26.5,6.54,56.4,2.86,6.5,2.53,6.79,0,1,0,0,0,0,0,1,0,0
835.7,20.6,6.11,100.5,4.67,6.6,3.01,6.42,0,1,0,0,1,0,0,0,0,0
1146.4,20.4,5.56,226.3,1.4620000000000002,4.0,6.06,5.49,0,1,0,0,1,0,0,0,0,0
977.7,20.6,6.13,122.7,7.24,10.0,2.65,7.96,0,0,1,0,0,0,0,0,0,1
790.4,24.3,6.25,64.0,3.64,6.1,3.4,6.96,0,0,0,0,0,0,0,0,1,0
883.5,21.1,7.07,167.1,1.72,7.3,0.77,7.56,0,0,1,0,0,0,0,0,0,1
1025.0,25.1,6.25,166.6,5.32,9.9,5.97,8.85,0,1,0,0,0,0,0,1,0,0
1084.1,23.9,6.5,168.0,4.42,7.6,7.07,8.58,0,0,0,0,0,0,0,0,0,1
390.0,24.9,5.77,230.2,3.48,7.4,0.74,6.33,0,0,1,0,0,0,0,1,0,0
982.6,19.5,7.7,198.5,2.79,5.1,3.24,7.04,0,0,0,0,1,0,0,0,0,1
905.2,13.0,7.58,121.4,6.32,6.8,1.42,6.05,1,0,0,0,1,0,0,0,0,0
849.0,20.5,7.85,151.8,7.98,6.0,4.05,7.19,0,1,0,0,0,0,0,1,0,1
616.5,18.6,5.71,15.5,10.25,10.8,1.52,6.3,0,0,0,0,0,0,0,0,0,0
579.1,23.9,6.46,115.6,2.44,8.5,7.62,7.02,0,0,0,0,1,0,0,0,0,1
1025.2,16.7,6.35,207.8,4.51,8.2,2.07,9.02,0,0,0,1,0,0,0,0,1,1
900.7,31.0,6.16,208.9,4.75,7.0,1.93,9.04,0,1,0,0,0,0,1,0,0,0
1089.9,21.3,5.98,181.6,0.0,10.5,1.22,7.24,0,0,1,0,0,0,0,0,0,0
536.5,19.3,6.16,117.1,3.78,7.5,1.21,8.3,0,1,0,0,0,0,0,1,0,1
832.4,22.8,5.14,142.8,7.21,7.0,0.74,7.71,0,1,0,0,0,0,0,0,1,1
763.9,29.7,6.57,132.1,6.0,5.4,3.17,7.51,0,1,0,0,0,0,0,1,0,1
950.3,24.1,6.93,123.5,5.58,7.6,2.33,7.78,0,0,0,0,0,0,0,0,1,1
1262.4,16.7,5.8,172.2,5.93,6.3,4.55,7.2,0,0,1,0,0,0,0,0,0,1
652.0,25.9,7.54,131.4,5.57,6.5,3.38,7.05,0,0,0,0,1,0,0,0,0,0
974.6,27.8,6.944,139.4,5.086,6.719999999999999,1.83,7.66,0,0,0,0,0,0,0,0,1,0
1401.3,23.6,6.98,85.5,5.29,7.1,1.3,5.32,0,0,0,0,1,0,0,0,0,0
685.2,32.4,6.76,69.9,3.05,7.2,0.6,5.88,0,0,0,1,1,0,0,0,0,1
1051.8,18.5,6.77,147.84,3.57,9.3,4.16,8.84,0,0,0,1,0,0,0,0,1,1
760.1,21.3,5.18,206.4,4.87,8.459999999999999,12.51,7.31,0,0,1,0,0,0,0,0,1,0
888.8,18.9,6.78,132.2,5.162,5.4,28.908999999999867,7.31,0,0,0,0,0,0,0,0,0,0
827.7,20.4,5.88,173.85999999999999,0.3,6.4,7.55,7.96,1,0,0,0,1,0,0,0,0,1
780.4,33.3,6.07,226.1,4.436,4.7,1.6,5.5,0,0,1,0,0,0,0,1,0,0
760.9,24.7,5.6,71.6,4.07,7.3,28.908999999999867,7.56,0,1,0,0,0,0,0,0,1,1
1173.3,23.2,7.48,173.3,4.93,7.9,2.67,8.73,1,0,0,0,0,0,0,0,1,0
1256.6,28.2,5.98,203.2,7.07,7.6,2.59,8.31,1,0,0,0,0,0,0,1,0,1
1488.4299999999998,26.5,7.32,286.7380000000001,0.0,6.8,1.86,8.39,0,1,0,0,0,1,0,0,0,1
804.7,26.5,7.94,120.0,3.79,8.4,10.45,7.59,1,0,0,0,0,0,0,0,0,0
885.1,25.919999999999998,6.313999999999999,167.12,4.1,8.1,3.78,7.89,0,1,0,0,0,0,0,0,1,0
733.0,28.5,5.66,161.2,8.81,5.3,2.16,6.64,0,0,0,0,0,0,0,0,0,0
814.0,19.4,5.9,103.1,0.86,6.2,9.77,6.83,0,1,0,0,0,0,0,0,0,0
874.8,22.6,6.78,7.624000000000001,5.9,9.6,3.03,9.32,1,0,0,0,0,1,0,0,0,1
1139.0,12.4,7.68,63.5,3.59,9.1,2.11,8.98,0,1,0,0,0,1,0,0,0,0
507.1,25.22,6.38,197.2,4.15,9.8,1.11,8.23,0,0,0,0,0,0,1,0,0,0
859.0,23.6,7.48,161.0,2.4579999999999997,8.1,9.0,6.93,0,0,0,1,0,0,0,1,0,0
744.4,14.0,6.22,186.8,7.58,8.0,1.42,6.49,0,1,0,0,1,0,0,0,0,0
1222.7,25.8,6.07,131.4248,10.53,6.0,1.35,8.0,0,1,0,0,0,0,0,0,1,1
442.1,22.8,5.48,191.7,2.14,7.3,2.61,10.05,0,0,1,0,0,1,0,0,0,1
1270.4,26.6,6.19,111.8,2.52,10.2,1.97,8.49,0,0,0,1,0,0,0,0,1,0
1488.4299999999998,19.3,6.94,189.74760000000003,5.77,8.8,1.68,10.44,0,0,0,1,0,1,0,0,0,1
1443.1,35.9,6.61,187.6,8.17,6.5,4.72,8.0,0,0,1,0,0,0,1,0,0,1
926.9,32.3,5.14,110.6,7.3,6.8,6.23,7.25,1,0,0,0,0,0,0,0,0,0
874.0,30.2,6.79,111.9,3.64,9.2,5.162,5.94,0,0,0,0,1,0,0,0,0,0
787.1,23.0,4.98,131.1,8.39,7.1,3.55,7.41,1,0,0,0,1,0,0,0,0,0
398.4,24.1,6.57,194.5,9.26,6.3,1.37,7.94,0,1,0,0,0,0,1,0,0,0
1425.9,26.3,6.34,189.9,3.61,6.8,2.14,8.49,0,1,0,0,0,0,1,0,0,0
662.4,25.7,7.13,7.624000000000001,7.02,7.0,28.908999999999867,8.26,0,0,1,0,0,0,1,0,0,1
854.1,28.3,7.33,88.7,1.38,7.1,2.26,8.07,0,0,0,0,0,0,0,0,1,1
997.0,25.7,5.61,122.9,2.98,5.5,2.04,7.66,0,0,0,0,0,0,0,0,1,1
1057.4,19.2,4.73,148.1,0.92,6.9,1.9,6.7,0,0,1,0,0,0,0,1,0,1
990.4,21.1,6.63,167.8,8.5,4.7,0.54,7.51,0,0,0,0,0,0,0,0,1,0
1009.3,25.1,5.68,118.2,4.04,5.5,0.85,7.82,0,0,0,1,0,0,0,0,1,0
1196.1,23.3,5.14,129.0,1.82,8.1,3.65,7.56,0,0,0,0,1,0,0,0,0,0
902.3,22.9,7.19,260.4,5.09,7.8,6.05,9.04,0,0,0,1,0,0,0,0,0,1
1000.0,23.7,6.66,218.1,0.32,6.7,4.08,10.37,0,0,1,0,0,1,0,0,0,1
508.7,24.3,5.71,127.1,5.11,7.6,1.64,7.98,0,0,0,1,0,0,0,0,1,0
705.6200000000001,21.6,6.42,188.1,0.99,6.9,6.27,10.93,0,0,0,0,0,1,0,0,0,0
1166.4,32.6,6.38,92.5,6.69,6.4,0.77,8.38,0,0,0,0,0,0,1,0,0,0
1048.1,17.3,6.36,139.8,3.57,7.2,18.68,9.93,0,0,0,0,0,0,1,0,0,0
699.9,18.5,6.118,153.6,1.76,5.7,27.07,7.64,0,1,0,0,0,0,0,1,0,0
663.8,28.6,7.19,211.82760000000002,4.09,6.6,8.206,6.49,0,1,0,0,0,0,0,0,0,0
826.4,26.5,6.44,118.7,4.1,7.1,2.11,6.58,0,1,0,0,0,0,0,1,0,0
852.6,24.6,4.83,64.2,8.97,8.8,8.3,7.95,0,1,0,0,0,0,1,0,0,0
747.3,28.1,5.77,182.0,2.39,8.1,1.57,7.13,0,1,0,0,1,0,0,0,0,1
389.7,25.3,7.19,221.3,6.28,7.3,2.62,7.67,0,0,1,0,0,0,1,0,0,1
1006.2800000000001,22.8,5.5,219.7,1.0,8.2,9.42,8.54,0,1,0,0,0,0,0,0,1,1
1046.5,16.9,6.37,48.5,7.36,5.0,23.02,6.22,0,0,0,1,0,0,0,0,0,0
1232.9,20.6,6.29,186.3,1.33,7.6,5.38,9.11,0,1,0,0,0,0,0,0,1,1
993.3,22.1,6.15,178.5,3.942,8.4,23.04,7.6,0,1,0,0,0,0,0,1,0,1
931.8,25.0,6.31,120.7,4.59,4.0,6.67,11.4,1,0,0,0,0,1,0,0,0,1
1024.2,25.839999999999996,6.874,242.4,3.93,8.8,0.81,9.87,1,0,0,0,0,0,0,0,0,1
1176.8,23.8,6.47,180.0,1.58,4.8,2.75,8.01,0,1,0,0,0,0,0,0,0,0
909.1200000000001,31.2,6.476000000000001,20.1,6.2,7.4,7.52,6.3,0,0,0,1,1,0,0,0,0,1
1014.8,17.6,5.5,286.7380000000001,3.75,7.8,7.58,8.29,1,0,0,0,0,0,0,1,0,0
602.8,35.9,6.14,160.7,4.97,7.9,4.43,6.21,0,0,0,1,0,0,0,1,0,0
912.5,26.0,6.4,215.4,10.857599999999984,9.2,6.684,10.33,0,1,0,0,0,1,0,0,0,1
663.8,31.9,6.7,128.8,5.56,9.5,27.38,11.48,1,0,0,0,0,1,0,0,0,1
1071.96,23.12,6.14,150.9,3.8,8.7,2.83,8.78,0,0,1,0,0,1,0,0,0,0
932.4,25.0,6.85,163.5,5.89,9.7,2.29,7.75,0,0,1,0,0,0,0,1,0,1
1057.0,24.1,8.1,283.4,0.25,8.0,1.37,6.69,0,0,1,0,0,0,0,0,0,0
1070.4,17.8,6.89,58.0,5.136,8.4,5.78,6.32,0,0,0,0,1,0,0,0,0,1
1155.4,26.96,6.57,213.8,3.76,6.4,3.69,10.9,0,0,0,0,0,1,0,0,0,1
771.3,26.3,6.29,158.5,3.16,5.5,1.05,9.04,0,1,0,0,0,0,0,0,0,1
1158.8,21.6,5.25,54.1,3.35,4.3,6.108,7.66,1,0,0,0,0,0,0,0,0,1
973.9,23.4,6.79,83.8,3.87,6.1,1.45,7.89,1,0,0,0,0,0,0,0,0,0
738.1,20.7,6.08,174.9,6.07,6.8,1.24,7.92,0,0,1,0,0,0,0,0,0,1
932.1,24.3,6.884,91.8,7.68,7.4,1.9,6.94,0,0,1,0,0,0,0,0,1,1
938.6,18.6,6.44,166.8,3.44,8.6,2.26,7.78,0,0,1,0,0,0,0,0,1,0
1255.6,22.2,5.16,193.7,2.5,7.0,3.32,8.61,0,0,0,1,0,0,0,0,1,1
619.7,27.4,5.65,202.3,3.2,9.4,2.66,9.04,0,0,0,1,0,0,1,0,0,1
786.4,15.7,7.79,137.2,4.51,7.7,1.6,7.89,0,0,0,0,0,0,0,0,0,1
887.5,20.2,6.62,140.0,4.84,6.9,3.1,10.32,0,0,0,1,0,1,0,0,0,0
725.4,29.7,5.83,216.0,5.31,4.0,4.63,7.42,1,0,0,0,0,0,0,0,0,0
1190.7,29.3,5.89,94.2,4.52,7.9,4.12,7.06,0,0,1,0,0,0,0,0,1,0
404.9,20.6,5.82,176.7,6.42,7.6,1.87,6.68,0,1,0,0,1,0,0,0,0,0
1193.8,20.6,6.228,158.8,0.59,7.7,0.42,10.9,0,1,0,0,0,1,0,0,0,1
1247.3,32.2,6.55,187.7,7.74,8.1,3.0,8.12,0,1,0,0,0,0,0,0,1,1
843.8,28.9,4.76,171.8,3.38,6.8,3.27,10.93,0,0,0,1,0,1,0,0,0,1
971.9,29.4,6.4,120.6,6.04,4.6,1.15,5.5,0,0,1,0,1,0,0,0,0,0
767.6,25.0,5.39,169.1,10.857599999999984,8.8,2.01,7.67,0,0,1,0,0,0,0,1,0,1
857.4,29.3,6.56,173.2,2.4,8.5,13.85,8.37,0,0,0,0,0,0,0,0,0,0
1115.5,25.3,7.69,85.5,5.43,5.9,4.36,10.12,0,0,0,1,0,0,1,0,0,1
1016.7,29.1,6.32,150.6,4.65,8.3,2.95,8.45,0,0,0,1,1,0,0,0,0,1
632.5,24.6,5.62,151.3,5.17,7.8,0.87,8.75,0,0,0,0,0,0,1,0,0,0
663.8,28.3,7.48,198.0,8.01,7.4,0.67,6.99,0,0,0,0,1,0,0,0,0,1
372.9,21.1,7.49,227.6,4.02,8.8,1.17,6.91,0,0,0,1,0,0,0,0,0,0
952.3,24.1,6.66,144.1,5.78,7.6,2.976,7.12,0,1,0,0,0,0,0,1,0,0
854.4,29.3,5.65,70.4,4.67,8.5,3.496,7.82,0,0,0,0,0,0,1,0,0,0
400.8,24.52,7.64,184.2,9.63,6.9,2.16,5.71,0,0,1,0,0,0,0,0,0,0
650.7,32.0,7.11,168.8,3.82,5.8,3.7,7.74,0,0,1,0,0,0,0,0,1,1
633.8,14.7,6.53,53.7,5.22,5.9,8.99,7.93,0,0,0,1,0,0,0,0,1,1
979.7,20.3,6.91,129.6,4.03,6.9,2.74,7.82,1,0,0,0,0,0,0,0,0,0
586.7,21.8,5.47,37.9,4.306,5.8,4.37,6.93,0,0,0,0,0,0,1,0,0,0
722.9,20.0,6.47,156.5,4.52,9.9,1.66,8.7,0,0,0,0,0,0,1,0,0,1
649.2,25.4,5.95,124.9,6.59,8.3,2.12,7.61,0,0,0,1,1,0,0,0,0,1
1095.3,27.1,4.59,139.4,3.18,8.4,1.64,7.32,0,0,0,0,0,0,0,0,1,0
1044.2,22.9,7.27,149.0,3.75,5.1,1.91,10.82,0,0,0,1,0,1,0,0,0,1
910.4,26.1,7.02,177.5,3.46,5.9,10.37,6.58,0,1,0,0,1,0,0,0,0,1
426.5,22.48,7.43,118.0,3.78,5.2,1.56,5.91,0,0,0,0,1,0,0,0,0,1
688.1,27.120000000000005,5.89,164.8,3.1,9.1,1.02,9.47,0,1,0,0,0,0,1,0,0,1
959.5200000000001,21.1,7.23,257.4,4.55,8.2,7.1,8.19,0,0,0,1,0,0,0,0,1,1
999.3,27.9,6.5,280.1,4.92,5.9,6.99,7.77,0,0,0,0,0,0,0,1,0,0
843.6,26.5,7.3,177.5,3.4,6.5,9.01,7.79,0,0,1,0,0,0,0,0,1,0
917.9,25.4,6.898000000000001,72.8,8.41,6.0,9.97,8.15,0,0,0,1,0,0,0,0,0,1
1095.0,27.5,5.93,173.8,1.03,9.7,2.59,7.92,0,0,0,0,0,0,0,0,1,0
927.3,30.1,6.15,196.0,4.61,6.9,1.26,6.85,0,0,0,1,0,0,0,1,0,0
1103.0,22.2,6.22,113.3,6.08,6.6,7.71,9.66,0,1,0,0,0,0,1,0,0,1
934.2,19.0,5.52,175.9,7.23,7.4,0.42,7.67,0,0,0,1,1,0,0,0,0,1
1472.7,26.1,7.266,57.3,1.46,9.2,1.22,5.2514,0,1,0,0,0,0,0,0,0,0
918.7,12.9,6.55,76.5,8.5,9.0,0.78,10.37,0,1,0,0,0,1,0,0,0,1
1108.3,23.74,5.57,204.8,3.69,6.4,9.58,6.01,0,0,0,1,1,0,0,0,0,0
774.9,21.1,6.22,176.6,6.57,8.6,4.828,7.92,0,0,0,0,0,0,0,0,0,0
890.9,21.2,5.92,28.8,2.88,6.0,3.48,6.81,0,0,0,1,0,0,0,0,0,0
1125.4,29.8,6.09,131.3,1.63,8.7,8.99,7.87,0,0,0,0,0,0,0,0,0,1
508.7,21.7,5.93,130.2,5.32,7.1,17.2,7.74,1,0,0,0,1,0,0,0,0,1
1052.7,23.6,6.06,94.2,1.26,7.1,2.75,6.49,0,1,0,0,1,0,0,0,0,1
1344.8,25.4,6.08,111.3,4.81,4.9,0.66,9.52,0,0,1,0,0,1,0,0,0,1
802.9,17.8,7.2,250.2,7.33,8.0,4.288,8.73,1,0,0,0,1,0,0,0,0,1
543.3,20.3,5.1,236.7,7.92,9.2,1.26,7.16,0,0,0,0,1,0,0,0,0,1
964.3399999999999,18.0,7.1,110.0,1.03,8.6,9.4,10.53,0,1,0,0,0,1,0,0,0,0
486.9,18.6,5.1,97.3,1.89,7.1,1.92,7.34,1,0,0,0,0,0,0,0,1,1
1057.9,20.9,5.819999999999999,176.8,0.24,7.2,6.04,5.88,0,0,1,0,1,0,0,0,0,0
911.3,26.3,6.42,107.1,3.55,8.0,7.04,7.33,0,0,0,0,0,0,0,0,0,0
758.3,15.5,7.32,286.7380000000001,4.12,5.3,5.44,8.13,0,0,1,0,0,0,1,0,0,0
1281.2,15.5,7.61,53.1,5.12,7.6,3.36,8.05,0,0,0,1,0,0,1,0,0,1
803.0,22.7,7.44,94.8,2.26,8.2,4.07,8.68,1,0,0,0,0,0,0,0,0,0
730.3,25.72,5.34,254.6,8.74,10.9,6.36,7.93,1,0,0,0,0,0,0,0,1,0
530.6,17.3,5.92,173.3,4.21,8.8,2.43,8.3,0,0,0,1,0,0,0,1,0,1
965.8,19.2,7.31,247.3,6.36,11.0,3.69,9.57,0,0,1,0,0,1,0,0,0,0
1016.0,28.3,6.43,155.5,4.6,6.5,1.95,10.3,0,0,0,1,0,1,0,0,0,0
755.8,26.7,6.59,166.1,8.23,6.5,14.3,8.97,1,0,0,0,0,0,0,0,1,1
888.1,26.8,5.72,194.5,6.13,7.7,3.66,8.3,0,0,1,0,0,0,0,0,0,1
1029.7,24.7,6.77,190.8,4.5,6.4,1.67,10.96,1,0,0,0,0,1,0,0,0,0
1389.3,21.3,8.42,171.2,3.6,7.2,0.97,7.07,0,0,0,0,0,0,0,0,1,1
1077.4,23.8,7.68,265.8,3.1,6.2,2.77,8.63,0,1,0,0,0,0,0,0,0,1
370.2,26.3,8.11,122.62,4.2,9.1,0.67,7.38,0,0,0,1,0,0,0,0,1,1
668.7,21.3,5.55,113.1,2.53,6.9,3.04,8.19,0,0,0,1,0,0,1,0,0,0
990.2,23.8,7.65,116.7,7.87,7.8,13.32,9.17,0,0,0,1,0,0,1,0,0,0
902.2,19.0,7.52,118.12,6.09,8.3,1.85,8.03,0,0,0,1,0,0,0,0,0,0
668.4,22.5,6.29,200.5,4.97,6.9,2.0,8.51,1,0,0,0,0,0,0,1,0,0
646.7,24.9,7.5,83.9,7.36,7.0,3.27,7.38,1,0,0,0,1,0,0,0,0,0
597.8,33.0,6.72,158.2,2.76,8.7,2.64,7.54,0,0,0,0,0,0,0,1,0,1
1288.7,26.7,5.08,166.6,7.54,5.2,6.46,6.94,1,0,0,0,0,0,0,1,0,0
655.6,15.0,5.38,182.6,4.11,10.1,0.48,9.22,0,0,0,1,0,0,1,0,0,1
791.2,18.1,5.19,71.0,1.58,7.3,0.71,9.95,0,0,0,1,0,1,0,0,0,1
964.8,31.4,6.08,198.2,7.14,9.0,1.63,7.04,0,0,1,0,1,0,0,0,0,1
330.164,30.3,5.35,123.6,3.23,8.3,28.908999999999867,8.53,0,0,0,1,0,0,1,0,0,1
705.8,22.1,5.96,215.2,2.96,9.8,1.55,8.99,1,0,0,0,0,0,0,0,1,0
960.1,17.3,7.97,220.9,6.52,8.1,3.04,9.94,0,0,0,1,0,0,1,0,0,1
1155.3,26.1,6.98,105.6,3.76,7.9,0.59,9.67,0,1,0,0,0,1,0,0,0,0
662.5,27.1,6.5,179.6,3.54,8.2,4.71,7.24,0,1,0,0,1,0,0,0,0,1
800.5,17.6,6.86,54.8,2.34,7.5,2.68,8.32,0,0,1,0,0,0,1,0,0,0
899.1,26.4,6.11,109.8,4.82,7.5,1.13,11.578600000000005,1,0,0,0,0,1,0,0,0,1
1266.7,28.5,6.24,257.8,6.81,6.9,3.69,7.16,0,0,1,0,0,0,0,0,0,0
1150.1,31.3,5.73,58.8,4.67,4.2,1.84,5.93,0,1,0,0,0,0,0,0,1,0
765.4,26.6,6.49,115.9,8.48,7.4,3.26,8.07,0,0,1,0,0,0,0,0,1,1
1061.76,33.3,6.5,47.0,3.61,8.6,3.98,6.15,0,0,0,1,0,0,0,0,1,0
1013.2,29.6,6.97,116.6,6.024,5.2,1.68,6.82,0,0,0,1,0,0,0,0,1,0
568.5,23.3,5.41,222.8,5.74,6.2,5.68,7.96,0,0,0,0,0,0,1,0,0,1
630.5,17.1,7.97,168.38000000000002,2.48,6.1,8.63,8.5,0,1,0,0,0,0,1,0,0,1
1430.4,27.9,6.56,172.9,5.24,7.8,7.9,7.32,0,0,1,0,0,0,0,1,0,1
1155.0,29.3,7.79,187.8,7.96,6.6,5.42,7.32,0,0,1,0,0,0,0,0,1,1
704.6,28.6,5.15,170.6,8.21,9.2,0.96,7.4,0,1,0,0,1,0,0,0,0,1
958.1,27.3,5.51,94.9,3.95,7.2,7.72,9.52,0,0,0,1,0,0,1,0,0,1
428.5,27.7,6.79,72.3,1.6179999999999999,9.4,3.22,7.12,0,1,0,0,0,0,0,1,0,1
658.9,14.4,6.54,268.3,4.34,6.659999999999999,11.32,6.43,0,1,0,0,0,0,0,1,0,0
736.0,30.9,6.23,60.0,0.38,9.0,14.55,6.33,0,0,0,0,1,0,0,0,0,1
940.3,19.0,7.15,223.5,7.5,7.1,2.96,6.93,0,0,0,1,1,0,0,0,0,1
1229.7,28.4,5.54,240.4,6.76,6.7,1.06,8.7,0,0,1,0,0,0,1,0,0,1
1141.3,18.4,7.05,18.2,5.11,6.1,27.55,8.24,0,0,0,0,0,0,0,0,0,1
736.6,25.1,5.62,115.4,5.558000000000001,7.9,7.57,10.98,1,0,0,0,0,1,0,0,0,0
1004.2,16.1,6.34,94.5,3.0,7.5,2.28,6.49,0,0,0,1,1,0,0,0,0,0
690.0,26.2,7.61,134.1,3.65,4.9,1.66,7.89,0,0,0,0,0,0,1,0,0,0
1189.9,22.2,5.8,135.5,3.7,10.4,4.28,5.74,0,0,1,0,1,0,0,0,0,0
570.8,22.2,8.23,125.4,0.0,9.1,5.09,6.26,1,0,0,0,1,0,0,0,0,1
814.4,25.0,7.11,135.2,6.04,7.1,3.06,8.34,1,0,0,0,1,0,0,0,0,1
802.1,35.9,5.66,121.14000000000001,3.1260000000000003,10.2,3.68,5.26,0,0,0,1,1,0,0,0,0,1
1322.8,29.6,5.8,233.9,3.72,4.7,15.94,8.45,0,1,0,0,0,0,1,0,0,0
1204.0,12.4,7.07,88.9,8.19,10.9,1.66,9.41,0,0,0,0,0,0,1,0,0,1
832.1,28.0,5.22,226.4,5.53,8.3,8.13,9.27,0,1,0,0,0,0,1,0,0,0
889.4,26.0,8.18,190.8,5.99,8.9,7.0680000000000005,8.84,0,0,1,0,0,0,1,0,0,1
490.2,32.5,6.81,205.2,7.41,7.1,4.44,7.46,0,0,1,0,0,0,0,0,0,1
851.2,25.9,6.66,82.3,4.38,7.5,1.54,8.22,0,0,0,0,0,0,1,0,0,1
1210.5,28.7,6.11,119.1,4.31,6.4,2.58,9.88,0,0,0,1,0,1,0,0,0,0
1368.2,30.6,7.13,61.9,7.34,7.9,5.87,6.77,0,0,1,0,0,0,0,0,1,0
780.4,26.0,7.84,185.7,7.51,7.2,1.29,6.43,1,0,0,0,1,0,0,0,0,0
584.7,21.2,6.33,174.9,5.754,11.0,6.14,10.05,0,0,1,0,0,1,0,0,0,0
1042.9,19.3,6.43,151.9,0.94,4.2,2.59,7.55,0,0,1,0,0,0,0,1,0,1
558.5,19.3,6.88,145.14000000000001,3.56,5.9,15.64,8.64,0,1,0,0,0,1,0,0,0,0
706.2,33.3,5.56,96.7,10.857599999999984,8.3,4.69,7.43,0,0,0,1,0,0,0,0,1,0
872.6,22.5,5.79,158.0,4.03,8.1,5.2620000000000005,11.46,1,0,0,0,0,0,1,0,0,1
1139.8,31.2,6.28,163.9,0.52,6.9,0.7,7.93,0,0,0,0,0,0,0,1,0,1
643.5,27.4,6.99,222.9,6.38,5.4,1.51,8.15,0,0,0,1,0,0,0,0,0,0
740.2,26.6,5.92,27.9,2.81,7.1,5.82,8.26,1,0,0,0,0,0,0,1,0,0
982.3399999999999,23.2,6.81,178.8,7.41,8.1,0.61,7.89,0,0,0,1,1,0,0,0,0,1
1242.3,26.9,7.98,176.1,7.41,8.2,8.0,5.55,0,0,0,0,1,0,0,0,0,0
1356.7,20.3,6.33,148.3,8.05,8.1,20.12,6.7,0,0,0,0,0,0,0,1,0,0
1208.5,26.3,7.0,109.6,9.97,8.2,1.61,8.07,0,0,0,0,0,0,0,1,0,1
959.4,19.8,6.18,107.0,2.5,9.1,1.21,10.9,0,0,0,1,0,1,0,0,0,0
877.8,24.8,5.26,177.5,4.79,7.0,1.54,10.48,0,0,0,0,0,1,0,0,0,1
1026.5,26.2,7.64,196.6,8.33,4.6,14.51,8.47,0,0,0,0,0,0,1,0,0,0
1078.5,21.3,6.03,160.3,2.8,5.0,2.04,9.29,0,0,1,0,0,1,0,0,0,0
997.4,19.8,5.56,111.1,5.15,6.2,4.86,10.96,0,0,0,1,0,1,0,0,0,0
863.28,25.3,6.12,185.8,0.31,7.8,0.89,8.03,0,1,0,0,0,0,0,0,1,0
757.0,20.6,5.85,223.0,4.97,9.3,4.24,7.54,0,0,1,0,0,0,0,0,1,0
801.2,24.4,7.04,93.4,1.762,5.6,2.21,7.7,1,0,0,0,0,0,0,0,0,0
464.3,17.4,7.07,94.1,5.94,6.5,3.89,8.15,1,0,0,0,0,0,0,0,1,0
1114.6,30.7,8.39,32.6,7.54,6.7,8.62,5.89,0,1,0,0,0,0,0,1,0,1
1315.1,22.8,6.3,88.5,4.62,6.7,2.09,6.96,0,0,0,0,0,0,0,0,1,0
1095.9,23.2,6.72,149.16,4.63,4.1,11.53,8.32,0,0,0,1,0,0,0,1,0,1
1212.7,24.1,5.67,192.1,5.02,7.5,1.73,8.32,1,0,0,0,0,0,0,1,0,1
514.1,20.3,6.63,132.1,8.64,8.3,12.19,8.69,0,0,0,1,0,0,0,0,0,1
1188.3,19.6,6.24,18.0,0.89,6.2,2.68,7.64,0,0,1,0,0,0,1,0,0,0
1118.1,25.0,5.28,104.3,8.17,9.6,5.45,10.48,0,0,1,0,0,1,0,0,0,1
330.164,13.7,6.19,136.4,5.56,5.7,10.08,10.45,0,0,0,1,0,1,0,0,0,1
1174.4,22.7,6.51,183.6,4.41,11.0,3.49,7.22,0,1,0,0,0,0,0,1,0,0
844.6,20.9,6.07,59.4,0.14,7.8,3.47,6.89,0,1,0,0,1,0,0,0,0,0
918.4,22.5,7.59,187.8,4.51,7.5,1.41,8.45,0,0,0,1,0,0,0,1,0,1
521.2,29.1,6.7,170.3,10.1,6.3,2.19,11.22,0,0,0,0,0,1,0,0,0,1
1058.2,22.8,6.15,91.5,8.1,6.8,4.08,7.64,0,0,1,0,0,0,0,0,0,1
1463.9,20.9,7.57,191.6,5.438,7.3,3.5,5.93,0,0,0,0,1,0,0,0,0,0
517.4,23.8,5.7,234.1,3.8935199999999965,7.3,2.02,8.68,0,0,0,0,0,0,1,0,0,0
902.3,29.7,6.87,184.22760000000002,8.32,9.2,0.74,5.59,0,0,1,0,1,0,0,0,0,0
1055.5,24.1,6.4,239.8,5.12,7.6,5.96,9.18,0,1,0,0,0,0,1,0,0,0
1274.5,25.1,6.59,117.2,4.63,5.8,6.6579999999999995,9.59,0,0,0,0,0,0,1,0,0,1
1289.0,21.7,5.56,158.9,3.22,5.7,0.44,8.45,0,0,0,0,0,0,1,0,0,0
1251.4,23.0,6.93,183.5,5.36,7.2,2.65,7.54,0,0,0,0,0,0,0,0,1,0
1373.1,29.4,6.0,125.2,7.38,4.0,15.19,7.89,0,1,0,0,0,0,0,0,1,1
518.5,17.7,6.64,190.7,0.0,7.9,3.48,6.43,0,0,1,0,1,0,0,0,0,0
1403.4,17.4,6.89,56.7,4.26,6.1,2.46,9.04,0,1,0,0,0,1,0,0,0,0
1082.6,24.4,6.21,177.3,10.37,9.0,3.35,6.95,0,0,0,0,0,0,0,0,1,0
1121.6,14.3,6.16,134.2,6.97,8.4,1.32,7.25,0,0,0,0,1,0,0,0,0,1
961.0,21.4,5.04,189.2,7.74,4.2,3.9,7.42,0,0,1,0,0,0,0,0,0,1
870.5,16.5,4.94,159.2,3.536,7.0,2.77,7.51,0,0,1,0,0,0,0,0,0,1
623.7,31.5,7.33,227.9,1.26,7.0,4.17,8.52,1,0,0,0,0,0,1,0,0,0
519.6,24.8,6.67,98.4,3.3379999999999996,7.2,28.908999999999867,10.95,0,0,0,0,0,1,0,0,0,1
1237.1,28.5,8.42,171.0,7.19,5.6,14.85,5.42,0,0,1,0,0,0,0,0,1,1
799.8,23.2,5.9,148.9,0.0,8.1,4.99,8.46,1,0,0,0,0,0,0,1,0,0
706.2,35.0,5.93,134.9,3.39,7.4,3.22,5.65,0,0,0,0,1,0,0,0,0,0
1488.4299999999998,26.6,6.91,100.0,6.54,4.5,2.69,5.49,0,1,0,0,1,0,0,0,0,1
1234.0,27.4,6.47,154.8,1.86,4.9,1.31,7.38,0,1,0,0,0,0,0,1,0,1
911.1,24.740000000000002,5.37,213.0,6.1739999999999995,7.7,6.7,11.04,0,1,0,0,0,1,0,0,0,1
529.9,23.2,6.55,169.64000000000001,0.11,7.3,5.81,10.41,0,0,0,1,0,1,0,0,0,1
384.9,14.5,6.254,120.1,1.5,6.2,3.2,6.7,0,0,0,0,0,0,0,1,0,0
810.8,18.8,6.26,70.9,3.79,6.0,3.77,9.93,1,0,0,0,0,0,1,0,0,1
474.1,23.8,6.44,156.2,5.92,7.6,1.53,8.04,0,0,1,0,0,0,0,0,1,1
1485.7,31.0,5.41,128.2,1.26,6.2,4.92,6.69,0,0,0,1,0,0,0,1,0,1
988.9,28.9,6.74,150.7,2.93,6.8,3.67,7.32,0,1,0,0,0,0,0,1,0,0
975.3,28.4,5.69,168.0,9.26,7.1,1.31,11.578600000000005,0,0,0,0,0,1,0,0,0,1
757.3,31.7,6.67,139.5,4.43,9.1,1.11,7.18,0,0,0,1,1,0,0,0,0,1
996.8,25.48,6.63,127.6,3.346,8.1,8.85,6.09,0,1,0,0,1,0,0,0,0,0
1345.8,29.1,7.17,82.3,5.98,7.7,3.81,7.4,0,0,0,1,0,0,0,1,0,1
984.0,24.72,8.42,129.9,2.75,4.1,9.41,7.93,0,0,0,0,0,0,1,0,0,0
769.3,26.2,7.09,214.7,7.59,9.0,3.31,8.59,0,1,0,0,0,0,0,0,0,1
787.8,17.8,5.94,189.6,5.67,4.2,3.96,7.19,0,0,0,1,1,0,0,0,0,1
962.0,19.1,6.07,162.9,6.18,7.9,3.58,8.56,1,0,0,0,0,0,0,0,1,0
815.0,22.0,7.37,160.1,3.76,7.3,16.96,8.65,0,0,0,0,0,0,1,0,0,0
891.8,17.4,6.52,152.9,2.43,8.0,2.63,7.42,0,0,1,0,1,0,0,0,0,1
632.5,19.4,7.09,115.3,5.3,8.6,1.07,8.85,0,0,0,0,0,1,0,0,0,0
858.5,30.5,6.46,164.4,3.55,5.1,2.26,6.75,0,0,1,0,0,0,0,0,0,0
1002.4,22.1,6.66,143.4,3.04,4.6,2.66,10.76,0,0,0,0,0,1,0,0,0,1
1024.7,26.6,5.0,186.4,5.56,9.1,0.97,8.97,0,0,1,0,0,0,1,0,0,1
330.164,26.0,5.7,87.5,3.67,11.0,3.56,7.71,0,0,1,0,0,0,1,0,0,1
1052.7,25.7,6.23,145.3,7.3,6.1,10.54,6.96,0,0,0,1,1,0,0,0,0,0
626.8,29.9,5.68,230.3,7.34,7.1,2.77,10.01,0,1,0,0,0,1,0,0,0,1
687.0,25.7,6.7,198.2,0.88,7.3,11.36,7.32,0,1,0,0,0,0,0,0,0,0
753.2,21.1,6.63,122.3,6.62,9.7,2.3099999999999996,7.12,0,0,1,0,0,0,0,0,1,0
545.1,27.6,5.74,114.6,8.61,8.0,1.75,5.45,0,1,0,0,1,0,0,0,0,0
644.1,33.0,5.55,128.1,4.31,6.4,1.09,6.88,1,0,0,0,1,0,0,0,0,1
1170.3,24.9,6.581999999999999,205.8,3.74,6.4,2.78,9.44,0,0,1,0,0,0,1,0,0,0
848.9,20.0,4.59,148.8,6.05,10.1,5.372,6.98,0,0,0,1,0,0,0,1,0,1
937.2,20.8,7.62,134.9,3.522,6.7,8.11,6.2,0,0,0,1,1,0,0,0,0,0
864.4,23.6,6.35,7.624000000000001,7.24,7.140000000000001,2.16,9.58,0,0,1,0,0,1,0,0,0,0
942.6,26.080000000000002,6.39,117.0,8.11,6.4,28.908999999999867,8.37,0,0,0,0,0,0,0,0,0,0
690.1,31.1,6.01,159.3,0.57,6.0,8.75,7.37,0,1,0,0,1,0,0,0,0,1
1093.7,23.6,6.13,179.5,4.142,9.1,2.25,11.578600000000005,1,0,0,0,0,1,0,0,0,1
893.6,22.6,6.48,187.2,8.79,5.9,14.5,7.4,0,0,0,0,1,0,0,0,0,1
862.6,25.8,6.56,242.5,10.34,6.0,1.16,8.05,0,0,0,0,0,0,0,0,0,1
1212.0,25.1,4.96,199.5,5.19,8.3,11.39,6.95,0,0,0,1,1,0,0,0,0,1
948.1,27.6,6.53,179.7,3.34,6.6,2.22,7.94,0,0,0,1,0,0,0,0,1,0
673.7,31.3,5.26,183.1,5.27,7.4,1.04,5.92,0,0,0,1,1,0,0,0,0,1
618.0,27.0,6.15,200.6,6.08,6.3,22.36,8.41,1,0,0,0,0,0,0,0,0,1
1027.0,18.3,6.37,214.0,5.76,5.7,6.82,10.35,0,1,0,0,0,0,1,0,0,1
1156.7,24.4,7.13,41.3,3.15,9.5,2.46,6.35,0,0,1,0,0,0,0,1,0,0
1282.7,16.6,5.88,136.64,4.02,8.8,2.49,8.78,0,0,0,1,0,0,0,0,1,1
917.4,27.8,6.8,102.1,6.03,6.0,2.35,10.22,0,0,0,1,0,1,0,0,0,1
814.5,23.7,6.540000000000001,44.0,5.28,8.0,3.56,5.86,0,0,0,1,1,0,0,0,0,0
739.0,26.4,8.06,54.0,8.61,7.4,2.74,6.53,0,0,0,0,0,0,1,0,0,0
1319.1,30.9,6.17,173.6,7.63,6.6,6.73,9.4,0,0,0,0,0,1,0,0,0,0
761.4,35.6,6.22,95.5,6.1240000000000006,8.0,9.64,7.15,0,0,1,0,0,0,1,0,0,0
773.2,25.0,5.83,233.3,4.42,5.8,2.03,8.87,0,0,0,0,0,0,1,0,0,1
808.1,21.0,6.78,178.8,7.0,6.3,2.9,8.44,1,0,0,0,0,0,0,1,0,1
892.3,27.0,5.28,122.9,5.02,7.1,2.11,7.69,0,1,0,0,0,0,0,0,1,1
610.0,20.4,7.35,64.9,3.0,6.9,2.85,11.55,1,0,0,0,0,1,0,0,0,1
740.0,24.5,6.01,94.4,0.5,6.0,2.11,10.35,0,0,0,1,0,0,1,0,0,1
1156.2,24.6,5.82,11.1,3.3259999999999996,8.7,0.97,6.68,0,0,0,1,1,0,0,0,0,1
739.5928,25.6,4.77,123.9,5.55,10.2,2.26,9.71,0,0,1,0,0,1,0,0,0,0
994.0,27.7,6.88,108.9,5.75,8.7,2.13,8.47,0,1,0,0,0,0,1,0,0,0
417.6,22.6,6.2,153.3,2.88,6.8,2.79,6.45,0,0,0,1,1,0,0,0,0,0
1207.2,28.5,6.25,144.1,5.98,6.6,3.41,8.22,0,1,0,0,0,0,0,1,0,1
765.2,31.4,6.64,198.9,2.89,7.2,13.81,6.39,0,1,0,0,1,0,0,0,0,0
1100.6,28.5,6.99,174.72760000000002,6.4,8.3,1.05,6.27,0,1,0,0,1,0,0,0,0,1
1488.4299999999998,23.4,7.56,271.5,8.25,5.7,12.35,10.13,1,0,0,0,0,0,1,0,0,1
1294.8,20.2,6.1,149.5,4.15,6.4,3.95,8.01,0,1,0,0,0,0,0,0,0,1
1104.0,31.0,5.36,177.94,8.63,6.0,2.57,7.07,0,1,0,0,0,0,0,0,1,0
855.6,24.4,7.95,106.4,8.92,7.3,0.45,6.82,0,0,0,1,0,0,0,1,0,0
1124.5,27.3,6.06,209.0,2.04,7.1,10.61,7.34,0,0,0,0,1,0,0,0,0,1
1008.9,24.2,5.9,135.7,9.47,11.0,1.18,5.58,0,1,0,0,1,0,0,0,0,0
1034.96,24.0,7.38,81.3,3.614,7.4,5.59,6.92,0,0,0,0,0,0,0,0,0,0
798.5,34.1,7.09,184.1,4.95,7.5,2.19,10.47,1,0,0,0,0,1,0,0,0,0
989.0,24.5,5.71,146.7,4.2,8.8,5.43,11.578600000000005,1,0,0,0,0,1,0,0,0,1
1081.7,13.2,6.42,115.9,3.66,9.8,7.83,7.03,0,0,0,1,0,0,0,0,0,0
1282.9,16.8,8.42,178.06,7.44,7.6,1.92,6.52,0,0,0,0,0,0,0,0,1,0
1137.3,24.2,6.23,275.6,7.75,7.7,3.8579999999999997,7.54,0,0,0,1,0,0,0,0,1,0
838.3,15.6,7.74,178.5,5.93,7.4,2.64,7.31,0,0,1,0,0,0,0,0,1,0
1398.7,23.5,8.33,157.4,5.51,7.1,4.1,8.06,0,0,1,0,0,0,1,0,0,1
1244.6,31.5,6.97,98.7,5.3,7.0,4.0,6.79,0,0,0,1,0,0,0,0,0,0
773.8,21.6,6.08,110.6,4.59,8.5,5.13,8.83,0,1,0,0,0,0,0,0,1,1
807.4,22.9,6.31,174.3,1.25,11.0,20.23,7.17,0,0,0,1,1,0,0,0,0,0
960.1,28.0,7.87,198.9,5.86,7.5200000000000005,1.03,10.02,1,0,0,0,0,1,0,0,0,0
781.5,22.4,6.57,193.4,5.16,8.2,3.93,9.92,1,0,0,0,0,0,1,0,0,0
1162.2,26.4,7.24,92.5,3.68,8.9,4.02,7.44,0,0,0,1,0,0,0,0,0,0
1209.0,35.4,5.75,63.5,3.09,8.5,6.76,7.25,0,0,1,0,0,0,1,0,0,0
744.9,20.4,5.21,139.7,1.8220000000000003,6.3,2.83,7.24,0,0,0,0,0,0,0,0,0,0
959.3,21.9,5.22,228.9,3.18,9.0,9.64,6.17,0,0,1,0,1,0,0,0,0,0
1236.7,26.0,5.52,44.5,8.19,6.4,4.66,9.93,0,0,0,0,0,1,0,0,0,1
1101.0,19.0,7.0,211.8,2.23,10.0,4.95,11.41,0,0,0,1,0,1,0,0,0,1
628.7,22.6,7.37,146.7,7.03,6.7,2.87,11.51,0,1,0,0,0,1,0,0,0,1
468.5,26.8,6.68,240.6,6.1,7.0,0.56,7.75,1,0,0,0,0,0,0,0,0,0
1168.1,33.3,6.38,158.9,0.06,6.6,3.32,5.43,0,0,1,0,1,0,0,0,0,1
330.164,22.8,6.45,165.7,0.71,6.7,3.9480000000000004,6.73,0,0,1,0,0,0,0,1,0,0
627.3,29.5,6.84,131.3,7.11,4.3,8.99,7.07,0,0,1,0,0,0,0,0,1,0
717.5,35.9,7.17,146.26,4.74,6.8,11.47,8.4,1,0,0,0,0,0,1,0,0,1
1155.0,12.4,7.24,183.7,2.19,8.2,13.66,8.62,0,0,0,0,0,0,1,0,0,1
841.7,29.1,7.96,149.4,7.1,7.0,0.56,9.2,0,0,1,0,0,1,0,0,0,1
906.9,20.5,5.67,164.10000000000002,4.46,5.8,2.51,10.8,1,0,0,0,0,1,0,0,0,1
1024.1,20.8,6.64,95.0,5.2,6.6,5.14,8.24,0,1,0,0,0,0,1,0,0,0
901.7,22.3,6.04,21.4,6.31,8.6,1.66,8.94,1,0,0,0,0,0,1,0,0,0
842.4,29.1,5.76,46.7,7.83,7.4,3.89,7.93,1,0,0,0,0,0,0,0,0,0
1060.4,20.7,6.96,110.1,4.0,7.6,2.21,6.37,0,0,1,0,1,0,0,0,0,0
824.3,21.4,6.92,177.2,0.37,7.9,6.03,8.28,0,1,0,0,0,0,0,0,0,1
360.6,14.4,6.75,45.8,6.9,9.3,7.66,8.26,0,1,0,0,0,0,1,0,0,1
1338.3,23.2,6.56,102.0,0.96,7.0,6.97,10.23,0,0,0,1,0,1,0,0,0,0
1388.0,19.7,6.47,237.7,7.94,7.9,3.0,8.55,1,0,0,0,0,0,0,1,0,0
812.1,23.9,6.11,168.5,4.56,7.6,2.88,7.01,0,0,0,1,1,0,0,0,0,1
1027.3,19.9,4.99,169.1,4.23,6.3,5.67,5.79,0,0,0,0,1,0,0,0,0,0
1106.2,26.259999999999998,7.04,7.624000000000001,7.58,7.0,3.57,8.81,0,1,0,0,0,0,1,0,0,1
1052.7,24.0,6.42,106.1,6.19,8.7,18.7,7.18,0,0,0,0,0,0,0,1,0,0
1040.7,16.1,7.6,158.3,7.57,9.8,3.12,8.01,1,0,0,0,0,0,0,1,0,0
1303.4,17.1,6.73,178.8,7.92,7.44,3.37,6.2,0,0,1,0,0,0,0,0,1,0
422.0,18.1,7.07,196.7,3.56,5.7,0.66,7.58,0,0,0,0,0,0,0,0,0,1
1029.3,30.5,6.37,59.2,5.19,9.1,3.63,8.19,0,0,0,0,0,0,1,0,0,1
666.3,22.3,7.9,156.3,5.54,5.4,3.04,6.3,0,0,1,0,0,0,0,1,0,0
1062.7,20.6,6.23,217.8,3.03,9.0,3.4,6.05,0,0,0,0,1,0,0,0,0,0
1173.9,15.0,5.07,123.3,5.1259999999999994,9.5,3.68,7.09,0,0,1,0,0,0,1,0,0,0
546.1,28.5,7.14,145.7,7.22,9.3,2.05,7.15,1,0,0,0,1,0,0,0,0,0
1324.6,22.1,5.15,226.7,4.87,9.4,1.82,6.83,1,0,0,0,0,0,0,1,0,0
423.0,25.1,6.75,140.0,3.9,7.8,2.43,6.61,0,1,0,0,0,0,0,1,0,0
840.3,28.5,5.32,230.1,6.57,8.0,1.42,10.8,0,0,0,0,0,1,0,0,0,1
906.9,31.3,5.7,192.6,5.065999999999999,8.5,1.86,7.8,0,0,0,0,0,0,1,0,0,0
1488.4299999999998,35.9,5.67,146.0,4.77,8.3,5.14,5.2514,0,0,0,0,1,0,0,0,0,0
752.2,26.2,4.95,219.5,5.65,6.7,2.6919999999999997,8.05,0,1,0,0,0,0,0,1,0,1
828.1,22.1,6.14,106.9,3.35,7.4,4.21,8.8,0,0,0,1,0,0,0,0,1,1
683.28,26.28,6.27,142.9,4.32,7.1,3.13,7.97,1,0,0,0,0,0,0,0,0,0
459.6,26.7,7.81,153.8,8.57,7.7,1.24,7.04,0,0,0,0,0,0,0,0,0,1
1055.7,32.1,7.31,178.9,6.6,9.5,3.08,5.63,1,0,0,0,1,0,0,0,0,0
419.0,22.6,6.12,183.7,6.2,6.6,1.3,8.64,0,1,0,0,0,0,0,0,1,0
1072.8,24.5,6.93,167.94,6.8,8.9,2.2,8.75,1,0,0,0,0,0,0,0,0,1
1302.2,21.8,5.6,175.2,7.36,8.5,6.214,9.61,0,0,1,0,0,1,0,0,0,0
983.9,19.6,4.78,161.7,8.48,7.0,3.03,8.34,0,0,0,1,0,0,0,0,0,1
1266.4,21.4,7.54,32.8,6.69,7.2,1.9560000000000002,6.87,0,1,0,0,0,0,0,0,0,0
892.1,19.9,7.61,110.7,7.29,7.8,4.04,7.59,1,0,0,0,0,0,0,1,0,1
1034.4,24.5,5.46,140.7,2.41,10.8,9.09,7.33,1,0,0,0,1,0,0,0,0,0
831.2,34.5,7.81,153.7,2.27,6.1,4.03,9.34,0,0,0,0,0,1,0,0,0,1
773.3,29.0,6.09,286.7380000000001,4.75,5.9,3.98,7.99,1,0,0,0,0,0,0,1,0,1
821.7,23.9,5.83,158.2,5.55,4.7,2.056,6.72,0,1,0,0,1,0,0,0,0,1
1021.6,25.9,7.43,141.4,4.92,8.1,1.46,10.72,0,1,0,0,0,1,0,0,0,0
852.9,21.4,6.81,40.3,2.9,8.0,8.16,7.11,0,0,0,0,1,0,0,0,0,1
960.2400000000001,24.5,7.28,230.3,3.87,5.6,3.85,7.55,0,1,0,0,0,0,0,1,0,1
1382.6,22.4,7.29,159.22,5.52,4.9,5.08,6.37,0,0,1,0,0,0,0,0,1,0
1043.1,22.1,5.14,111.2,1.53,5.6,7.19,5.2514,0,0,0,0,1,0,0,0,0,0
844.5,15.4,5.95,92.0,5.97,6.9,1.41,10.44,0,1,0,0,0,1,0,0,0,1
743.4,25.2,5.28,86.1,1.93,8.2,0.46,6.0,0,1,0,0,1,0,0,0,0,1
1065.8,21.7,7.19,131.5,7.72,7.9,5.21,10.27,0,0,0,1,0,1,0,0,0,0
538.5,24.8,6.87,57.7,1.77,7.6,0.54,7.06,1,0,0,0,0,0,0,1,0,0
809.2,26.7,6.89,136.6,6.99,7.3,7.31,6.23,0,0,1,0,0,0,0,0,1,0
909.0,28.2,6.38,104.3,8.81,4.5,4.52,6.96,0,0,0,1,1,0,0,0,0,0
1338.0,34.5,6.441999999999998,200.4,6.46,10.5,3.28,7.8,0,1,0,0,0,0,1,0,0,1
1220.9,19.9,6.04,182.8,4.41,4.3,9.81,8.26,0,0,0,1,0,0,0,1,0,1
829.2,21.1,6.284,215.8,3.8,7.1,7.74,10.19,0,0,0,0,0,0,1,0,0,1
1056.1,22.3,6.236,142.5,2.18,10.4,1.75,10.61,0,1,0,0,0,1,0,0,0,0
730.7,23.5,6.82,139.6,2.51,6.6,2.02,7.97,0,0,0,1,0,0,0,1,0,0
1054.6,30.3,7.32,172.6,4.33,9.8,0.73,7.62,0,0,1,0,0,0,0,0,1,0
1376.5,31.2,5.92,38.3,6.41,6.9,2.25,8.97,0,1,0,0,0,1,0,0,0,1
651.7,23.2,7.15,76.4,6.84,10.0,2.33,6.92,0,1,0,0,0,0,0,0,0,0
600.9,20.9,7.29,135.5,4.37,7.0,3.86,9.26,0,0,0,1,0,0,1,0,0,1
892.9,23.6,6.05,84.6,3.99,9.5,7.74,7.28,0,0,0,1,1,0,0,0,0,1
782.0,16.7,6.4,182.5,7.25,6.5,2.52,9.95,0,0,0,0,0,1,0,0,0,1
340.3,33.8,5.2,94.0,6.49,7.1,10.14,9.33,1,0,0,0,0,1,0,0,0,0
956.4,18.4,5.88,122.3,4.53,7.3,2.22,7.78,0,0,1,0,0,0,0,0,1,1
774.2,25.0,6.5,101.3,7.74,4.9,2.33,9.04,1,0,0,0,0,0,1,0,0,1
1085.8,25.54,6.41,56.9,4.35,10.6,1.45,6.92,0,0,0,0,0,0,0,1,0,0
1054.1,18.3,6.48,207.5,4.99,7.1,4.154,11.578600000000005,1,0,0,0,0,1,0,0,0,1
914.4,22.0,5.51,138.9,3.18,5.2,28.908999999999867,9.56,0,1,0,0,0,0,1,0,0,1
1284.3,23.4,7.21,254.1,5.18,5.9,1.98,10.46,0,0,0,1,0,1,0,0,0,1
836.8,19.0,6.78,199.5,7.38,7.2,0.42,7.52,0,0,0,0,0,0,0,0,0,0
988.9,22.5,6.02,175.1,5.5,9.2,3.98,8.96,1,0,0,0,0,0,0,1,0,1
695.2,26.6,6.4319999999999995,118.9,6.28,8.0,5.14,11.34,1,0,0,0,0,1,0,0,0,0
623.2,18.5,6.98,146.9,8.51,8.0,6.35,6.39,0,0,0,1,1,0,0,0,0,0
737.3,22.1,6.35,168.3,5.91,4.8,7.06,6.17,0,0,1,0,0,0,0,1,0,0
1023.7,24.3,5.49,119.1,4.36,9.2,4.52,8.71,0,0,1,0,0,0,1,0,0,0
627.0,33.0,6.26,101.7,0.0,8.0,1.8,6.89,0,0,0,1,1,0,0,0,0,1
883.4,23.1,8.03,223.0,4.88,7.4,1.71,6.72,0,0,0,1,0,0,0,1,0,0
1268.2,21.4,7.41,138.8,5.31,4.7,6.36,7.6,1,0,0,0,0,0,0,1,0,0
772.9,28.4,7.15,223.3,3.58,6.6,1.6,6.53,1,0,0,0,1,0,0,0,0,0
1038.8,17.4,6.8,167.6,5.1,9.3,5.05,7.95,0,0,0,1,0,0,0,1,0,0
706.6,20.9,6.39,146.7,4.83,6.6,2.23,10.12,0,1,0,0,0,1,0,0,0,0
1155.4,15.2,6.01,141.18,7.81,9.1,0.87,8.06,0,1,0,0,0,0,0,0,1,1
1122.7,22.4,6.63,57.3,10.857599999999984,8.1,7.57,8.54,0,0,0,1,0,0,0,0,1,1
532.0,23.2,5.73,162.1,0.24,8.4,6.93,9.97,0,0,0,1,0,0,1,0,0,1
766.2,21.0,5.59,100.9,6.34,8.7,6.47,8.47,0,0,0,1,0,0,1,0,0,0
778.7,15.5,6.99,124.7,4.48,9.1,0.91,6.85,1,0,0,0,1,0,0,0,0,0
1038.3,32.9,6.56,78.9,1.99,7.4,4.582,6.73,0,0,0,1,1,0,0,0,0,1
1488.4299999999998,26.6,5.6,220.1,6.52,8.9,2.648,8.83,0,0,0,1,0,0,1,0,0,0
703.0,23.0,6.33,148.4,3.21,9.8,5.11,8.42,0,0,0,0,0,0,1,0,0,0
978.4,21.3,5.78,157.9,7.0,11.0,0.63,7.74,0,0,1,0,0,0,0,0,1,0
1264.9,20.1,6.89,137.6,2.88,6.7,4.537999999999999,7.27,0,1,0,0,1,0,0,0,0,1
1488.4299999999998,20.1,6.0,51.9,3.44,10.0,2.18,6.54,0,0,0,0,0,0,0,0,1,1
1082.5,22.1,6.23,204.3,2.23,4.0,5.95,8.14,1,0,0,0,0,0,0,0,1,0
787.04,27.7,6.5,209.7,2.76,4.8,3.83,9.05,0,0,0,1,0,0,0,0,1,1
810.9,17.2,7.34,178.8,2.64,4.6,0.86,9.04,0,0,1,0,0,0,1,0,0,1
1134.8,14.6,6.51,221.2,4.28,6.5,2.78,8.76,0,0,0,1,0,0,0,0,1,0
637.0,22.8,7.27,210.5,4.71,10.9,1.96,9.81,0,0,0,0,0,0,1,0,0,1
1150.8,29.2,6.9879999999999995,115.5,4.39,6.5,3.67,10.66,0,0,0,1,0,1,0,0,0,0
1241.1,24.9,6.66,133.6,2.35,7.7,0.69,8.39,0,0,0,1,0,0,0,1,0,1
671.5,26.2,5.51,200.37999999999997,5.11,4.7,11.04,5.2514,0,0,0,0,0,0,0,1,0,0
570.0,24.3,5.79,220.0,1.0,6.1,1.28,6.85,0,0,1,0,0,0,0,0,0,0
1240.2,14.4,6.74,72.4,5.62,8.9,5.54,7.03,0,1,0,0,0,0,0,0,0,1
1143.4,15.0,6.86,143.0,4.97,6.9,1.91,9.14,0,1,0,0,0,0,1,0,0,1
854.3,27.919999999999998,6.62,123.0,3.58,7.7,2.03,7.35,1,0,0,0,0,0,0,0,0,0
538.1,17.4,6.52,7.624000000000001,4.66,7.1,2.81,9.52,0,1,0,0,0,1,0,0,0,0
1069.7,21.5,6.61,216.6,0.71,8.1,3.87,10.54,1,0,0,0,0,0,1,0,0,1
1119.9,28.0,5.96,146.7,3.36,7.4,1.3,6.16,0,0,0,0,1,0,0,0,0,0
649.4,21.2,6.08,248.1,4.5,5.1,1.31,10.13,0,0,0,1,0,1,0,0,0,1
685.4,20.6,6.58,100.22,5.84,10.2,10.39,10.12,0,0,0,0,0,1,0,0,0,1
584.1,21.3,7.33,233.5,0.0,6.1,3.5380000000000003,7.42,1,0,0,0,1,0,0,0,0,1
487.1,19.4,6.17,54.1,8.93,7.3,7.3,6.99,0,1,0,0,0,0,0,0,1,1
813.54,23.6,4.93,135.61999999999998,0.65,9.2,0.92,9.98,0,1,0,0,0,1,0,0,0,0
1488.4299999999998,21.2,6.59,50.4,5.57,6.5,20.75,7.4,0,0,0,0,0,0,0,0,0,1
614.3,20.0,6.95,177.2,3.96,6.7,2.15,8.58,0,0,0,0,0,0,0,0,0,0
969.3,27.7,6.918000000000001,164.8,5.25,7.3,0.95,6.57,0,0,1,0,0,0,0,0,0,0
1018.36,23.0,6.15,127.9,4.25,7.9,1.32,10.98,0,1,0,0,0,1,0,0,0,1
1160.8,17.3,8.42,206.8,6.09,6.2,6.57,6.76,0,0,0,0,0,0,0,0,1,1
1166.7800000000002,27.7,6.82,244.1,6.4,6.7,0.71,8.58,0,0,0,0,0,0,0,0,1,1
945.5,24.0,5.46,196.3,4.36,7.0,2.75,7.24,0,0,1,0,0,0,0,1,0,0
1040.1,24.5,6.23,115.8,2.54,8.1,1.85,10.49,1,0,0,0,0,1,0,0,0,0
1319.5,26.4,5.45,110.0,4.7,8.6,5.71,8.88,0,0,1,0,0,1,0,0,0,0
680.3,25.5,6.77,22.8,6.72,4.2,8.05,6.31,0,1,0,0,0,0,0,0,1,0
863.0,25.3,5.83,125.4,5.494,6.2,9.98,8.14,1,0,0,0,1,0,0,0,0,1
1238.1,23.8,6.98,25.2,0.29,9.2,1.64,6.83,0,0,1,0,0,0,0,1,0,1
330.164,29.1,6.44,195.7,4.82,6.1,3.69,9.18,0,0,0,1,0,1,0,0,0,1
866.2,22.5,7.65,117.2,3.87,6.7,1.94,5.7,1,0,0,0,1,0,0,0,0,0
1156.6,21.18,6.28,213.0,5.28,6.340000000000001,8.79,6.42,0,0,0,0,1,0,0,0,0,0
630.8,25.3,7.36,169.38,0.73,7.1,4.62,10.73,0,1,0,0,0,1,0,0,0,1
899.1,23.6,7.1,69.2,5.46,8.7,1.15,9.55,0,0,0,0,0,0,1,0,0,1
942.4,24.3,6.81,184.2,0.0,9.3,9.19,7.24,0,0,0,0,0,0,0,1,0,0
704.0,17.7,7.29,221.9,6.12,7.6,6.354,7.17,0,1,0,0,0,0,0,1,0,1
768.1,28.2,5.98,94.2,0.63,9.4,3.5,8.13,0,0,0,1,0,0,0,0,1,1
805.1,32.0,5.87,74.2,10.857599999999984,7.5,6.05,8.11,1,0,0,0,0,0,0,0,0,1
1135.4,24.7,6.88,132.5,5.59,8.0,3.72,7.46,0,1,0,0,0,0,0,0,0,0
1128.7,30.3,6.16,7.624000000000001,3.82,7.8,1.93,10.01,0,0,0,1,0,1,0,0,0,1
959.7,27.4,5.92,215.1,5.2,6.7,2.68,8.08,0,0,0,0,0,0,1,0,0,0
619.9,26.3,6.25,154.8,5.05,7.4,12.21,11.31,1,0,0,0,0,0,1,0,0,1
1343.4,28.8,6.89,169.7,4.57,7.7,5.59,7.2,0,0,0,1,0,0,0,0,1,0
407.0,28.7,6.05,93.0,1.63,8.3,1.6,7.85,0,0,1,0,0,0,0,1,0,1
1076.9,26.0,5.14,109.7,6.99,8.5,6.27,11.578600000000005,1,0,0,0,0,1,0,0,0,1
592.8,22.7,6.52,164.4,6.29,7.0,14.91,7.81,0,1,0,0,0,0,0,1,0,1
728.9,33.4,5.82,204.0,4.69,7.5,0.69,7.58,1,0,0,0,0,0,0,1,0,1
1453.6,25.9,6.2,286.7380000000001,6.51,5.2,1.19,6.18,0,0,0,0,0,0,0,0,1,0
1139.7,27.5,6.72,156.7,5.62,7.8,6.68,11.578600000000005,0,0,0,0,0,1,0,0,0,1
1057.8,29.7,6.35,211.4,2.95,7.9,0.56,9.94,1,0,0,0,0,0,1,0,0,1
915.8,12.7,6.39,150.2,8.38,6.3,10.52,7.52,0,0,0,1,0,0,0,0,0,0
933.8,23.3,6.71,145.8,3.46,8.6,3.114,7.09,0,1,0,0,1,0,0,0,0,1
1104.9,23.8,6.49,226.9,2.38,4.4,5.498,8.21,0,0,0,1,0,0,0,1,0,1
1101.5,21.5,6.35,95.4,4.7,9.6,1.06,8.94,1,0,0,0,0,0,0,1,0,1
648.3,30.82,6.47,193.7,6.62,5.7,4.1,8.59,0,1,0,0,0,0,0,1,0,1
1094.5,31.7,4.59,145.2,4.43,7.3,7.14,7.21,0,1,0,0,0,0,0,1,0,1
839.7,16.8,7.11,154.7,2.53,7.9,1.11,8.33,0,0,1,0,0,0,1,0,0,1
902.3,27.0,5.36,187.4,1.78,9.1,2.73,6.64,0,0,1,0,0,0,0,0,0,0
870.9,20.9,4.59,151.3,2.98,8.1,2.55,7.03,0,0,0,1,0,0,0,1,0,1
1488.4299999999998,24.8,7.01,121.9,3.3,7.7,0.42,7.95,0,1,0,0,0,0,0,0,0,1
1082.0,23.7,6.66,167.1,1.88,9.1,2.22,10.08,0,0,0,1,0,0,1,0,0,1
584.4,14.1,7.82,176.7,4.15,6.5,2.44,6.64,0,0,0,0,0,0,0,0,0,0
1342.0,25.3,6.81,98.8,7.67,8.2,6.98,11.12,1,0,0,0,0,0,1,0,0,1
726.5,23.8,5.37,99.4,7.04,5.8,2.61,8.45,1,0,0,0,0,0,0,0,1,1
408.0,23.1,7.3,153.8,4.06,7.8,8.41,8.39,0,0,0,1,0,0,0,0,1,0
826.1,23.6,6.71,102.9,5.93,8.7,24.22,10.16,0,1,0,0,0,0,1,0,0,1
844.6,19.8,7.54,169.5,4.428,6.6,3.44,7.22,0,0,1,0,0,0,0,1,0,1
967.9,23.4,7.14,90.7,8.86,6.6,7.9,10.12,0,0,0,1,0,1,0,0,0,0
1042.3,34.6,6.59,246.6,9.18,7.9,9.55,9.67,0,0,1,0,0,1,0,0,0,1
1425.0,18.5,6.8,198.0,6.47,6.5,3.18,8.06,1,0,0,0,1,0,0,0,0,0
916.14,23.8,7.21,196.2,3.58,10.3,6.84,10.11,0,0,0,1,0,1,0,0,0,0
1033.5,15.4,6.86,84.0,7.02,7.3,0.84,9.59,1,0,0,0,0,0,0,0,0,1
1157.1,34.4,6.84,100.1,7.24,6.5,6.08,6.26,0,0,1,0,0,0,0,0,0,1
1109.5,31.8,6.34,106.7,0.26,7.8,2.43,7.57,0,0,0,0,0,0,0,0,1,0
1116.1200000000001,23.5,7.01,165.3,7.03,5.8,3.08,11.578600000000005,1,0,0,0,0,1,0,0,0,0
907.4,28.3,7.248,67.7,4.82,6.2,1.37,11.33,1,0,0,0,0,1,0,0,0,1
710.3,24.359999999999996,6.99,194.7,5.88,8.3,3.6320000000000006,9.01,1,0,0,0,0,0,0,1,0,1
1049.2,23.3,6.25,132.83999999999997,1.23,10.3,2.05,8.51,1,0,0,0,1,0,0,0,0,1
880.6,21.3,7.03,161.3,2.3,7.8,1.32,11.55,1,0,0,0,0,1,0,0,0,0
1413.7,23.5,8.42,117.4,5.78,8.7,0.42,7.04,0,0,0,0,0,0,0,1,0,1
416.0,17.5,7.51,232.0,6.65,7.6,2.82,7.58,0,0,1,0,0,0,0,0,0,1
657.1,27.4,6.72,114.0,8.49,7.4,4.1,10.81,0,0,1,0,0,1,0,0,0,1
680.6,25.4,5.73,239.0,0.0,8.2,2.31,8.16,1,0,0,0,1,0,0,0,0,1
580.2,24.459999999999997,7.37,215.0,8.17,8.3,3.29,7.65,0,0,1,0,0,0,0,1,0,0
948.7,14.9,6.43,141.6,4.97,7.0,5.04,9.25,1,0,0,0,0,0,1,0,0,0
645.1,22.9,7.07,87.3,5.78,8.9,3.88,7.66,0,0,1,0,0,0,1,0,0,0
977.6,29.2,7.87,167.1,3.08,9.4,2.44,6.4,0,0,1,0,1,0,0,0,0,0
615.4,35.9,5.2,171.7,6.62,8.1,2.26,5.2514,0,0,0,1,0,0,0,0,0,0
830.2,12.4,6.81,143.6,6.57,6.2,5.08,8.5,0,0,0,0,0,0,1,0,0,0
567.2,21.7,7.63,166.5,1.1,5.7,3.85,7.15,0,0,0,1,0,0,0,1,0,0
833.3,21.9,5.78,195.4,7.31,6.6,2.95,8.53,0,0,0,0,0,0,0,0,1,1
719.8,24.7,6.03,69.6,3.11,5.0,4.91,7.8,0,0,0,1,0,0,0,0,1,0
913.7,18.0,5.82,169.0,8.54,7.4,1.87,9.02,0,0,0,1,0,0,0,0,0,1
1118.5,30.1,5.53,119.3,3.35,7.3,5.5,7.4,0,0,0,1,1,0,0,0,0,1
1145.9,26.6,6.43,71.3,4.108,7.7,7.34,7.75,0,0,0,1,0,0,1,0,0,0
856.3,23.2,6.16,213.8,5.79,7.0,11.42,7.88,0,0,1,0,0,0,0,0,1,0
393.4,29.6,5.42,50.1,4.77,6.4,3.21,5.85,1,0,0,0,0,0,0,0,1,0
593.7,28.4,5.02,91.2,2.77,6.8,11.85,7.71,0,1,0,0,0,0,1,0,0,0
1025.7399999999998,18.0,6.2,152.9,4.29,9.1,2.52,8.6,1,0,0,0,0,0,0,0,1,0
754.8,26.3,6.9,85.6,3.91,8.6,0.99,8.43,0,0,0,1,0,0,0,0,0,1
974.8,34.5,6.55,189.5,4.63,7.8,1.71,6.87,0,0,0,0,1,0,0,0,0,1
1036.1,30.2,5.73,56.4,4.69,6.2,12.33,7.0,1,0,0,0,0,0,0,1,0,1
997.6,29.4,5.96,182.4,5.78,5.8,1.9,8.6,0,0,1,0,0,0,0,0,1,1
423.0,30.1,6.34,171.3,4.046,8.8,1.71,6.53,0,1,0,0,1,0,0,0,0,1
962.3,22.3,6.998,85.4,7.69,8.9,3.53,6.15,0,0,0,1,0,0,0,0,1,0
535.9,24.7,5.03,131.1,4.06,7.0,7.66,8.28,1,0,0,0,0,0,0,1,0,1
884.0,21.360000000000003,4.78,202.4,7.89,8.8,6.52,8.32,1,0,0,0,0,0,0,0,0,1
882.5,25.020000000000003,6.91,191.8,0.0,7.8,1.29,6.21,0,0,0,0,0,0,0,0,1,0
646.4,21.0,6.07,214.9,4.01,5.4,2.49,6.96,0,0,0,1,1,0,0,0,0,1
977.3400000000001,32.8,6.81,183.02,7.62,6.4,1.65,8.22,1,0,0,0,0,0,0,0,1,1
330.164,29.5,7.16,30.3,6.14,5.5,11.09,6.64,0,0,1,0,0,0,0,0,1,1
416.6,24.0,6.62,101.0,9.48,5.3,7.29,9.28,1,0,0,0,0,0,1,0,0,1
1092.5,22.0,7.39,10.5,6.65,5.5,1.81,7.81,1,0,0,0,1,0,0,0,0,1
466.5,22.0,6.99,67.7,5.44,9.0,6.55,7.21,0,0,0,0,0,0,0,0,0,0
842.1,20.0,5.14,228.0,4.38,8.8,5.3,9.14,0,1,0,0,0,0,1,0,0,0
1276.4,23.1,8.1,195.68,0.86,8.6,1.29,7.83,0,0,1,0,0,0,0,0,1,1
700.5,16.2,6.43,7.624000000000001,9.51,6.0,2.18,5.86,0,0,0,0,0,0,0,0,1,0
1348.9,25.419999999999998,5.62,26.6,1.69,8.8,3.83,7.55,0,1,0,0,0,0,1,0,0,0
960.6,21.9,7.23,137.0,7.98,8.0,2.44,6.9,0,1,0,0,0,0,0,1,0,0
885.2,20.5,5.54,181.7,4.44,5.8,1.05,9.38,0,0,0,0,0,0,1,0,0,1
664.1,26.2,7.75,163.6,7.21,8.2,2.16,8.8,0,0,0,1,0,0,1,0,0,0
667.8,21.3,6.09,136.68,3.1,8.1,1.9380000000000002,7.81,0,0,1,0,0,0,1,0,0,0
772.0,29.8,5.96,138.3,5.59,8.5,0.91,9.91,1,0,0,0,0,0,0,0,0,1
839.4,22.1,5.93,127.9,3.11,10.0,1.17,7.01,0,0,0,0,0,0,0,0,1,0
800.3,24.2,5.11,155.9,2.57,4.0,1.8,6.33,0,0,0,0,1,0,0,0,0,0
1358.0,24.5,6.68,20.5,5.56,6.0,2.18,7.79,1,0,0,0,0,0,0,1,0,1
886.8,29.8,6.28,81.3,3.43,5.6,4.78,7.54,0,0,0,1,0,0,0,1,0,1
759.5,25.7,6.94,122.1,6.47,7.7,3.56,7.46,0,0,0,0,0,0,0,0,0,0
736.1,18.9,6.59,58.1,8.46,8.0,2.87,8.13,0,0,0,1,0,0,0,0,1,1
1027.6,28.7,7.47,41.6,3.24,6.9,3.61,6.3,0,0,0,0,0,0,0,0,0,0
969.2,24.119999999999997,7.81,118.5,10.47,7.0,8.02,7.71,1,0,0,0,0,0,0,0,0,0
605.0,28.7,7.07,160.5,5.15,11.0,1.35,8.36,1,0,0,0,0,0,0,0,1,0
1278.9,28.0,6.42,236.6,8.56,6.7,4.01,11.38,1,0,0,0,0,1,0,0,0,0
758.2,22.4,6.77,168.9,6.23,6.9,4.79,9.53,0,0,0,0,0,0,1,0,0,0
1272.3,30.8,6.24,166.4,6.86,7.9,7.13,7.3,0,0,0,0,0,0,0,0,0,0
889.6,21.3,5.64,83.8,3.62,8.1,1.82,8.38,0,0,0,1,0,0,0,0,1,1
674.2,25.2,6.71,221.1,2.68,9.2,12.2,8.88,0,1,0,0,0,0,0,0,0,1
622.2,28.8,7.65,113.4,3.65,6.2,2.29,8.55,0,0,0,0,0,0,1,0,0,1
879.8,20.0,6.07,84.0,7.43,7.9,4.11,7.97,1,0,0,0,0,0,0,1,0,0
1004.8,15.0,6.92,117.88000000000002,3.66,9.8,1.77,6.07,0,0,1,0,0,0,0,1,0,0
952.2,19.1,7.14,201.7,8.53,5.1,2.03,8.29,1,0,0,0,0,0,0,0,0,0
1009.2,23.1,6.68,97.9,6.54,6.2,3.87,9.06,1,0,0,0,0,0,0,0,0,1
1040.0,24.2,5.85,139.27999999999997,4.23,6.0,7.12,8.33,0,0,0,0,0,0,0,0,0,1
1043.8,33.1,6.16,243.1,3.58,8.7,28.908999999999867,5.2514,0,0,1,0,1,0,0,0,0,0
915.9,24.4,5.55,99.18,7.66,6.2,8.54,7.87,0,1,0,0,0,0,0,1,0,1
1020.7,27.2,7.7,239.8,4.23,8.4,0.42,11.57,1,0,0,0,0,1,0,0,0,1
980.7,22.3,5.21,101.8,5.81,7.0,2.11,6.49,0,1,0,0,1,0,0,0,0,0
589.5,25.7,7.43,131.6,2.87,7.7,2.846,7.2,0,0,1,0,0,0,0,1,0,1
1103.9,26.0,6.776000000000001,126.9,3.07,7.9,1.64,8.22,0,0,0,0,0,0,0,0,0,0
1178.1,23.5,5.93,211.0,4.5,7.3,8.5,7.72,0,0,0,1,0,0,0,0,1,0
482.9,28.2,6.35,164.8,1.74,8.2,1.58,8.78,0,1,0,0,0,0,1,0,0,0
983.4,18.9,7.39,92.3,5.05,6.9,3.34,7.07,0,1,0,0,0,0,0,0,0,1
827.8,29.4,6.39,69.0,5.88,10.8,3.43,8.71,1,0,0,0,0,0,0,0,0,1
1017.6,18.3,5.66,226.9,8.93,8.1,1.7,9.54,1,0,0,0,0,0,1,0,0,0
1149.4,22.8,7.07,89.3,8.44,7.8,0.42,8.37,0,0,0,0,0,0,1,0,0,1
1246.9,35.8,4.76,150.0,6.43,7.0,2.096,6.74,0,1,0,0,0,0,0,1,0,1
714.9,32.5,5.98,180.2,1.8,6.0,5.11,8.08,1,0,0,0,0,0,1,0,0,0
1178.6,24.8,6.336,145.7,3.03,6.7,11.37,8.58,0,0,0,0,0,0,0,0,0,1
973.4,28.1,6.62,76.8,4.76,8.0,1.72,7.64,0,0,0,0,0,0,0,0,0,1
806.3,31.7,6.79,164.3,8.23,7.6,8.21,7.63,0,0,1,0,0,0,0,0,1,1
918.0,35.8,7.1,117.9,4.3,4.3,1.53,5.32,0,0,1,0,1,0,0,0,0,1
928.1,28.9,5.73,70.1,5.54,8.1,12.33,6.23,1,0,0,0,1,0,0,0,0,0
847.4,17.1,6.13,158.0,7.28,11.0,1.78,8.51,0,0,0,1,0,0,0,0,0,1
1037.8,26.3,6.56,178.8,4.33,7.1,1.68,8.38,0,0,0,0,0,0,0,0,1,1
736.2,22.4,5.41,137.7,3.2,4.0,28.908999999999867,9.15,0,0,0,0,0,0,1,0,0,1
523.4,22.0,6.53,171.06,6.86,7.9,3.53,6.52,0,1,0,0,0,0,0,1,0,0
1290.9,12.4,7.33,197.4,5.83,7.6,3.47,6.24,0,0,0,1,1,0,0,0,0,1
854.4,25.7,5.8,144.6,9.69,6.5,3.93,6.94,0,0,0,1,1,0,0,0,0,1
807.4,26.9,6.89,123.9,6.4,7.7,1.55,8.09,0,0,0,0,0,0,0,0,1,0
1125.0,12.4,6.38,131.6,3.23,4.2,0.89,10.34,0,0,0,0,0,1,0,0,0,1
1064.6,21.8,6.48,127.6,0.46,6.9,10.6,7.93,0,0,0,0,0,0,0,0,1,1
1220.7,19.1,6.98,61.6,5.36,8.1,1.18,6.65,0,0,0,0,0,0,0,0,1,0
619.5,28.9,6.35,69.9,3.71,6.5,6.26,7.54,0,0,1,0,0,0,0,0,0,1
1242.8,14.4,7.51,106.5,3.82,7.0,0.76,7.65,0,0,0,1,0,0,0,0,0,0
947.4,24.4,6.8,286.7380000000001,4.2,5.0,0.43,7.53,0,0,1,0,0,0,0,0,0,1
843.8,29.3,6.87,117.3,6.56,7.7,6.07,8.28,0,0,0,0,0,0,1,0,0,0
786.9,28.7,6.8,174.7,5.99,8.0,0.71,8.37,0,0,0,1,0,0,0,0,0,1
929.7,15.1,7.03,147.7,6.36,6.8,3.96,7.11,0,0,1,0,0,0,0,0,0,0
1405.7,27.3,7.04,246.0,3.01,7.6,6.33,6.96,0,0,0,1,1,0,0,0,0,1
868.7,27.7,5.58,157.0,5.34,7.0,3.81,7.8,1,0,0,0,1,0,0,0,0,1
586.1,29.1,7.62,149.7,5.38,6.2,0.42,5.5,0,0,0,0,1,0,0,0,0,0
1376.6,24.1,6.35,187.7,7.08,7.3,4.3,11.29,0,0,0,0,0,1,0,0,0,1
832.68,18.4,6.47,114.9,5.23,4.2,3.66,8.2,0,0,0,0,0,0,0,0,1,1
1156.4,22.4,6.35,195.5,4.75,7.1,3.46,8.96,0,0,1,0,0,0,1,0,0,1
1005.6,17.5,6.54,172.9,1.81,7.3,4.37,10.33,1,0,0,0,0,0,1,0,0,1
1236.5,31.1,6.91,133.8,6.58,9.1,0.79,7.74,1,0,0,0,0,0,0,1,0,0
754.7,25.22,7.22,187.9,5.18,7.5,3.46,6.96,0,1,0,0,0,0,0,0,0,1
840.4,23.6,6.02,187.8,7.15,9.1,1.18,6.72,0,1,0,0,1,0,0,0,0,0
794.1,35.9,6.01,41.2,7.51,6.1,2.42,7.05,0,0,0,0,0,1,0,0,0,0
877.8,26.6,6.46,265.3,4.66,4.3,4.44,9.12,0,0,0,1,0,0,1,0,0,1
992.9,24.9,6.75,200.1,7.41,7.9,1.31,9.38,0,0,0,0,0,0,1,0,0,0
1392.4,25.9,8.42,188.1,2.89,8.5,18.67,7.18,1,0,0,0,0,0,1,0,0,0
815.4,21.9,5.56,132.4,7.98,5.6,2.59,7.02,0,0,1,0,0,0,0,0,1,1
736.0,28.4,6.36,161.7,4.71,8.6,25.51,7.4,0,0,1,0,0,0,0,1,0,0
807.5,25.5,8.05,111.0,5.51,6.3,1.58,7.02,0,0,0,1,0,0,0,1,0,0
1135.5,26.4,6.87,159.6,4.11,7.2,3.53,10.57,0,0,0,0,0,1,0,0,0,1
484.7,24.1,7.11,127.3,7.5,7.4399999999999995,2.43,7.37,0,1,0,0,0,0,0,0,1,0
750.7,19.3,6.09,193.4,3.04,8.2,10.74,8.79,0,0,0,1,0,0,0,0,1,1
814.2,23.9,5.26,222.8,4.54,7.2,6.14,8.65,0,0,0,1,0,0,0,0,0,1
669.7,24.8,6.98,124.3,2.846,8.6,2.38,8.27,0,0,0,1,0,0,0,1,0,1
890.4,24.2,7.2,125.2,6.82,6.3,5.8100000000000005,7.46,0,1,0,0,0,0,0,0,1,0
1114.0,23.3,6.21,198.1,2.49,7.5200000000000005,0.96,7.7,0,0,1,0,0,0,0,0,1,0
1003.1,17.6,6.55,154.8,4.56,7.0,1.64,6.25,0,0,0,1,1,0,0,0,0,0
627.4,25.6,6.82,147.66,3.81,5.8,8.38,7.18,0,0,0,0,0,0,0,1,0,0
995.3,21.7,5.92,187.6,6.69,5.1,15.21,7.96,0,0,0,1,0,0,0,1,0,0
877.1,23.5,7.06,180.3,3.284,8.9,12.63,8.76,1,0,0,0,0,0,0,0,0,0
839.6,29.1,7.24,158.2,4.01,8.2,24.86,8.3,0,0,0,1,1,0,0,0,0,1
1183.1,28.8,7.11,203.2,5.93,7.3,2.15,6.17,0,0,0,1,1,0,0,0,0,0
700.1,28.5,5.58,154.9,5.119999999999999,6.4,2.1,9.11,0,0,1,0,0,1,0,0,0,1
937.2,32.5,5.75,130.8,1.3,7.8,4.64,8.82,1,0,0,0,0,0,0,0,0,1
937.4,20.5,6.28,154.98000000000002,0.05,6.6,9.91,6.37,0,0,1,0,1,0,0,0,0,0
1144.5,26.5,6.53,158.8,6.24,8.7,0.9,8.3,0,1,0,0,0,0,1,0,0,0
1075.4,21.2,6.8,29.4,3.248,8.3,6.37,8.21,0,0,0,1,0,0,0,1,0,1
933.6,22.4,8.05,113.0,2.59,5.5,1.68,9.18,0,0,1,0,0,1,0,0,0,1
768.7,28.1,6.69,79.0,4.87,7.3,5.22,10.4,1,0,0,0,0,1,0,0,0,0
721.8,22.3,6.442,140.6,6.51,6.8,2.39,8.28,0,0,1,0,0,0,0,0,0,1
1339.1,17.6,6.57,172.1,1.93,9.4,1.24,8.12,1,0,0,0,0,0,0,0,0,0
828.1,35.9,7.11,59.1,6.29,8.8,3.1,6.17,0,0,0,0,0,0,0,1,0,1
1488.4299999999998,24.4,7.44,7.624000000000001,0.0,6.7,3.22,5.2514,0,0,1,0,1,0,0,0,0,0
798.7,24.1,7.46,169.3,4.33,8.8,4.18,10.87,0,0,0,0,0,1,0,0,0,1
955.4,25.7,5.65,133.2,7.87,7.3,8.33,7.97,0,0,1,0,0,0,0,0,1,1
1200.2,22.5,6.72,144.6,3.45,7.4,2.89,11.47,0,0,0,0,0,1,0,0,0,1
853.5,28.6,6.7,90.2,8.77,7.1,3.03,9.57,0,1,0,0,0,1,0,0,0,0
966.3,16.6,5.99,210.7,5.77,7.5,1.28,11.16,0,1,0,0,0,1,0,0,0,1
809.3,15.8,7.16,231.1,10.18,8.7,2.48,11.53,0,0,0,0,0,1,0,0,0,1
1488.4299999999998,23.7,7.29,128.0,4.22,5.8,0.98,8.0,1,0,0,0,1,0,0,0,0,1
1309.9,20.0,6.55,135.7,4.54,6.1,2.97,7.43,0,0,0,1,1,0,0,0,0,0
1189.9,20.7,6.14,227.3,6.28,9.3,1.3,9.5,0,0,1,0,0,0,1,0,0,1
646.9,26.8,6.68,145.7,6.04,4.9,6.69,6.72,0,0,0,0,0,0,0,1,0,0
908.8,26.1,6.72,106.6,3.54,6.1,4.94,9.54,0,0,0,0,0,1,0,0,0,0
980.0,32.4,7.24,105.6,9.66,7.5,7.079799999999975,6.12,0,0,1,0,0,0,0,1,0,0
746.7,18.6,6.63,176.9,0.95,8.0,1.47,7.89,0,0,1,0,0,0,0,1,0,0
1302.7,25.28,6.62,211.6,6.13,4.0,3.5,7.71,0,1,0,0,0,0,0,0,1,1
823.9,17.9,6.55,100.6,3.64,8.3,1.83,7.6,0,0,1,0,0,0,0,1,0,1
920.1,21.2,7.19,94.0,5.1,8.4,4.07,6.64,0,0,0,1,1,0,0,0,0,0
583.3,26.7,6.84,130.5,9.96,6.9,3.26,7.41,0,0,0,1,0,0,0,0,0,0
1096.4,23.160000000000004,6.19,25.4,3.12,5.7,4.81,7.97,1,0,0,0,0,0,0,1,0,1
802.0,24.1,6.82,114.0,8.72,7.5,7.6,9.5,0,1,0,0,0,0,1,0,0,1
853.6,23.9,6.55,120.2,2.67,7.7,0.93,7.42,0,0,0,0,0,0,0,0,0,0
920.5,23.6,6.17,203.3,1.49,7.8,2.03,6.31,0,0,0,0,1,0,0,0,0,0
893.8,28.9,5.93,137.2,6.25,8.0,2.56,11.578600000000005,1,0,0,0,0,1,0,0,0,1
1021.2,25.7,6.87,226.6,4.37,8.5,3.368,9.02,0,1,0,0,0,0,0,1,0,1
925.3,27.9,7.13,76.9,3.75,8.3,9.08,8.36,0,0,0,0,0,0,1,0,0,0
894.7,25.9,7.22,212.2,6.441999999999998,8.9,14.17,7.68,0,0,0,1,1,0,0,0,0,0
855.5,22.7,6.53,159.2,9.31,9.2,4.51,9.53,1,0,0,0,0,0,0,0,0,1
538.3,26.4,5.86,167.1,4.53,5.7,5.81,9.04,0,0,0,1,0,0,0,0,1,1
890.2,32.5,5.64,51.5,8.33,8.0,10.92,6.83,1,0,0,0,0,0,0,1,0,0
387.7,24.8,7.01,71.5,8.69,5.5,1.04,6.01,0,0,1,0,1,0,0,0,0,1
838.1,33.0,6.21,108.3,3.41,7.3,10.33,10.29,0,1,0,0,0,1,0,0,0,1
678.1,27.8,7.5,209.5,6.71,8.1,3.36,10.11,0,0,0,0,0,1,0,0,0,1
935.8,35.6,7.58,63.1,3.69,5.8,3.7920000000000003,9.57,1,0,0,0,0,1,0,0,0,1
969.8,23.8,6.69,96.0,7.77,8.3,4.57,8.2,0,0,0,0,0,0,0,1,0,1
1021.8,30.9,7.38,121.4,2.46,5.4,3.88,6.56,0,0,1,0,1,0,0,0,0,1
1004.9,19.7,7.08,226.8,4.63,6.4,6.214,10.23,0,0,0,1,0,1,0,0,0,0
565.7,30.4,4.59,99.4,6.77,6.0,16.18,8.23,1,0,0,0,0,0,1,0,0,0
988.5,22.9,6.2,67.4,1.69,7.3,5.37,8.02,0,0,0,1,0,0,0,0,1,1
923.6,23.2,8.42,239.3,1.42,4.0,2.16,6.25,0,0,1,0,0,0,0,1,0,1
642.3,20.0,6.67,221.7,4.52,7.4,1.56,10.25,0,0,1,0,0,1,0,0,0,1
878.2,20.2,6.56,187.8,5.83,8.6,5.21,8.18,0,0,0,0,0,0,0,0,0,0
603.6,28.4,6.15,167.8,4.43,6.1,4.236,6.85,0,0,0,0,1,0,0,0,0,1
942.8,20.0,6.06,57.8,4.91,8.3,7.83,8.55,0,1,0,0,0,0,0,0,0,1
971.1,24.9,6.81,169.1,2.29,5.3,3.56,6.95,0,0,0,1,1,0,0,0,0,0
1133.0,20.7,7.62,210.0,5.12,8.2,1.85,8.89,0,1,0,0,0,0,1,0,0,1
786.4200000000001,26.2,6.55,163.6,3.2879999999999994,8.9,4.51,7.61,0,0,1,0,0,0,0,0,0,1
830.6200000000001,24.2,5.98,155.5,1.68,7.7,1.48,8.07,1,0,0,0,1,0,0,0,0,1
584.6,20.4,6.19,106.9,3.14,8.1,4.17,8.8,0,0,0,0,0,0,1,0,0,0
1148.5,29.0,6.75,106.6,4.0,7.8,1.76,8.53,0,0,0,0,0,0,1,0,0,0
796.7,17.2,5.66,66.5,2.61,7.9,6.68,7.86,0,0,0,0,0,0,0,1,0,0
997.7,22.5,4.59,286.7380000000001,3.57,7.9,4.12,7.16,0,0,0,1,0,0,0,0,1,1
1043.7,21.1,7.31,223.7,3.4,8.2,6.12,11.44,0,0,1,0,0,1,0,0,0,1
1046.0,35.9,5.54,129.57999999999998,7.51,5.1,28.59,7.05,0,1,0,0,0,0,0,0,0,1
837.0,20.9,6.4,41.8,5.35,5.3,2.23,6.12,0,1,0,0,1,0,0,0,0,1
496.3,21.0,7.51,147.5,7.08,8.2,5.11,10.54,0,0,0,0,0,1,0,0,0,1
1123.9,26.4,6.43,154.1,8.25,5.2,2.16,6.0,0,0,1,0,0,0,0,0,1,0
966.2,15.4,7.66,202.2,5.19,6.1,5.47,6.96,0,0,0,0,0,0,0,0,0,0
1013.5,31.5,7.58,205.8,5.13,6.9,0.95,8.08,1,0,0,0,0,0,0,0,0,0
780.7,25.8,6.52,103.3,3.56,9.6,5.73,8.39,0,1,0,0,0,0,0,0,1,1
1045.3,26.8,5.54,150.6,5.99,8.6,4.41,10.89,1,0,0,0,0,1,0,0,0,0
805.3799999999999,30.8,6.78,127.7,1.9,8.9,17.3,7.26,0,1,0,0,0,0,0,1,0,0
886.8399999999999,22.6,6.34,171.1,4.81,6.2,5.7,7.29,0,0,0,0,1,0,0,0,0,1
795.4,28.1,5.47,240.4,2.882,8.3,2.2,9.12,0,0,0,1,0,0,1,0,0,1
558.9,20.2,6.55,72.2,2.62,7.5,6.52,8.16,0,1,0,0,0,0,1,0,0,0
812.9,16.8,6.09,170.2,4.75,8.0,7.78,6.96,0,1,0,0,1,0,0,0,0,0
789.0,26.9,7.71,77.5,4.89,9.0,6.72,7.38,0,1,0,0,0,0,0,0,1,0
1124.1,23.8,6.03,114.5,7.77,8.2,3.2,8.42,0,0,0,0,0,0,0,0,1,0
939.6,25.4,7.91,138.8,3.75,7.3,14.42,7.39,0,1,0,0,1,0,0,0,0,0
701.9,30.3,7.04,204.6,6.539999999999999,6.8,1.57,10.94,1,0,0,0,0,1,0,0,0,1
879.8,21.9,5.996,115.8,5.52,8.2,5.12,6.9,0,0,1,0,1,0,0,0,0,0
1053.1,22.0,7.3,189.95999999999998,4.88,8.7,8.27,6.25,0,0,1,0,1,0,0,0,0,1
1488.4299999999998,28.8,5.72,207.8,6.28,6.4,4.96,6.82,0,1,0,0,0,0,0,1,0,0
755.1,18.0,5.79,158.2,8.67,4.0,7.421799999999974,7.98,0,1,0,0,0,0,0,0,0,1
1047.3,19.5,7.16,142.1,2.7780000000000005,8.2,2.1,7.88,0,0,0,0,0,0,0,0,0,0
822.1,25.7,6.91,241.4,0.74,7.2,4.49,6.27,0,0,0,0,1,0,0,0,0,0
1102.1,32.3,6.43,122.7,5.9,6.6,1.27,8.47,0,0,1,0,0,0,1,0,0,1
972.7,22.7,8.02,115.9,5.819999999999999,7.5,4.43,9.94,0,0,1,0,0,1,0,0,0,1
1157.3,26.3,6.22,130.3,4.92,7.4,9.05,10.43,0,0,0,1,0,1,0,0,0,0
1221.0,18.4,5.93,9.5,2.94,9.4,20.98,6.69,0,1,0,0,0,0,0,0,1,0
849.7,25.3,5.94,7.624000000000001,7.39,8.6,5.65,6.98,0,0,1,0,0,0,0,0,1,0
886.2,24.4,5.51,188.6,7.24,6.8,4.21,6.83,0,0,0,1,1,0,0,0,0,1
855.7,18.1,6.01,107.6,5.478,6.7,15.91,10.61,1,0,0,0,0,1,0,0,0,0
964.3,25.3,5.67,191.4,4.93,4.0,0.62,11.578600000000005,1,0,0,0,0,1,0,0,0,1
890.9,34.9,6.11,189.0,7.14,7.5,6.53,9.21,0,0,0,0,0,1,0,0,0,0
1110.3,19.4,7.38,199.24,3.49,8.6,0.99,7.48,0,0,0,0,0,0,0,0,1,0
834.0,17.7,6.64,260.4,6.97,8.5,4.91,11.17,0,0,0,1,0,1,0,0,0,1
790.2,27.1,6.936,146.4,5.53,8.46,2.21,8.74,0,0,0,0,0,0,1,0,0,0
953.4,35.9,7.49,196.0,3.44,7.8,6.38,7.69,1,0,0,0,0,0,0,0,0,1
832.1,24.7,5.86,94.8,4.42,6.5,1.36,5.93,0,0,0,0,1,0,0,0,0,0
1191.4,26.3,6.37,96.1,5.92,6.0,1.97,6.94,0,0,0,1,0,0,0,0,0,0
935.7,27.6,6.28,286.7380000000001,1.65,10.6,4.28,9.46,1,0,0,0,0,0,0,0,0,1
1022.3,17.4,6.67,67.3,8.19,6.4,5.37,7.84,0,0,1,0,0,0,0,1,0,1
1410.8,18.4,4.59,85.1,0.88,7.9,3.69,6.46,1,0,0,0,0,0,0,0,1,0
878.2,24.1,7.32,77.6,2.08,7.4,0.98,9.29,0,0,1,0,0,1,0,0,0,0
1193.9,32.2,6.81,144.4,3.72,6.7,1.22,9.61,0,0,0,0,0,0,1,0,0,1
787.6,28.3,5.79,185.5,4.23,7.9,3.53,9.51,0,0,0,0,0,1,0,0,0,1
1257.4,19.8,6.89,207.3,7.4,5.3,5.3,5.94,0,0,0,0,1,0,0,0,0,0
629.3,31.8,5.83,258.6,2.71,6.2,2.25,7.07,0,1,0,0,0,0,0,0,1,0
1172.7,25.7,5.92,259.6,4.56,7.2,3.26,11.578600000000005,1,0,0,0,0,1,0,0,0,1
809.2,24.5,6.28,103.9,3.46,9.8,7.99,10.07,0,1,0,0,0,0,1,0,0,0
1488.4299999999998,26.3,7.21,118.0,4.6,9.0,14.73,6.09,0,0,0,1,1,0,0,0,0,0
541.7,24.1,8.42,112.9,4.62,9.9,4.33,8.65,0,1,0,0,0,1,0,0,0,0
429.7,28.4,6.11,142.5,3.5260000000000007,7.2,7.32,7.7,0,0,0,1,1,0,0,0,0,1
726.9,21.3,6.24,199.45999999999998,4.56,7.4,4.32,6.76,0,0,1,0,0,0,0,1,0,1
692.7,25.4,5.69,236.6,4.04,10.7,5.76,7.73,0,0,0,0,0,0,0,1,0,1
879.46,25.8,6.14,122.1,8.15,5.9,7.46,8.9,0,0,0,0,0,0,1,0,0,0
917.1,19.0,7.68,208.2,3.66,8.1,2.61,6.73,0,1,0,0,1,0,0,0,0,1
539.2,25.2,5.53,196.1,5.04,5.8,5.6,8.26,0,0,0,1,0,0,0,0,1,1
889.5,23.4,5.8,176.7,8.77,6.6,4.85,8.72,0,1,0,0,0,0,1,0,0,0
651.4,25.2,7.92,163.8,10.857599999999984,6.4,10.3,9.68,0,1,0,0,0,1,0,0,0,1
1121.8,19.7,7.66,138.94,6.45,8.4,3.97,9.1,0,1,0,0,0,0,1,0,0,0
629.6,20.9,5.52,234.8,7.81,8.0,1.45,7.85,0,1,0,0,1,0,0,0,0,1
837.2,18.8,6.21,113.7,7.36,7.7,3.5140000000000002,7.53,0,0,1,0,0,0,0,0,0,1
1174.3,19.6,6.89,185.2,3.67,5.4,1.12,9.44,0,0,0,0,0,0,1,0,0,1
973.3,22.3,6.3,132.1,3.64,7.6,0.42,9.55,1,0,0,0,0,0,1,0,0,0
1019.1,28.6,6.09,124.5,0.67,6.6,2.8,10.04,1,0,0,0,0,1,0,0,0,0
825.5,28.4,8.4,285.0,2.44,6.9,2.68,9.94,1,0,0,0,0,1,0,0,0,0
997.1,33.8,6.3,221.4,4.39,6.8,0.98,6.81,1,0,0,0,1,0,0,0,0,0
592.0,26.5,7.82,203.8,7.67,5.7,6.32,9.97,1,0,0,0,0,0,1,0,0,1
837.5,18.4,7.84,117.0,4.68,7.1,8.47,8.1,0,0,0,0,0,0,0,0,1,1
819.1,19.3,5.999999999999999,133.5,3.46,6.6,1.71,7.29,0,1,0,0,0,0,1,0,0,0
1278.1,22.5,5.25,164.66000000000003,8.5,5.9,2.65,10.59,0,1,0,0,0,1,0,0,0,0
951.7,22.7,5.71,121.3,2.12,9.3,3.08,7.5,0,0,0,0,0,0,0,0,1,0
985.7,21.3,7.19,36.0,6.2,7.239999999999999,2.22,5.88,0,0,0,0,1,0,0,0,0,0
847.8,20.3,6.35,59.0,7.88,9.8,5.87,9.39,0,1,0,0,0,0,1,0,0,1
783.0,23.3,6.58,119.9,5.77,8.7,3.29,8.05,1,0,0,0,0,0,0,1,0,0
1063.0,30.1,7.26,195.1,5.12,7.4,2.618,6.33,0,1,0,0,1,0,0,0,0,0
719.6,17.4,7.44,41.0,9.55,6.3,1.2,6.62,0,0,0,0,0,0,0,0,1,0
651.8,18.7,6.64,129.72,6.42,6.4,1.48,7.55,0,0,0,1,1,0,0,0,0,0
969.5,18.1,6.992,200.5,3.66,8.0,7.99,10.71,0,1,0,0,0,1,0,0,0,0
724.9,24.8,7.04,94.8,1.03,10.2,2.48,5.49,0,0,1,0,1,0,0,0,0,0
1334.6,34.4,5.83,198.8,0.0,7.58,3.26,6.54,0,1,0,0,1,0,0,0,0,1
330.164,26.4,6.3,63.8,7.39,5.4,5.5,6.71,0,0,1,0,0,0,0,0,0,1
906.7,14.5,6.618,115.4,6.38,5.7,4.69,7.11,0,0,1,0,0,0,0,0,0,1
453.3,23.74,7.64,86.5,10.04,8.3,9.6,7.45,0,0,1,0,0,0,1,0,0,0
1009.7,30.9,6.08,264.5,2.55,5.3,4.94,6.55,0,0,0,0,0,0,0,0,0,0
841.0,22.8,5.78,271.9,4.05,6.8,4.39,7.41,0,1,0,0,1,0,0,0,0,1
1107.1,28.9,6.92,117.6,1.04,7.3,0.95,8.5,0,0,0,0,0,0,1,0,0,1
835.9,23.2,6.81,82.0,1.72,7.9,1.32,7.46,0,0,0,0,0,0,0,0,0,1
1053.4,25.5,5.71,142.7,2.12,5.7,3.95,9.5,0,0,0,0,0,1,0,0,0,0
518.9,16.5,6.24,144.5,0.0,5.3,3.34,9.25,0,0,1,0,0,1,0,0,0,0
1148.08,25.3,5.85,203.0,9.18,7.9,3.94,11.12,0,1,0,0,0,1,0,0,0,0
1077.1,18.5,5.8,48.1,6.47,5.8,3.596,6.91,0,0,0,0,0,0,0,1,0,0
959.4,26.9,7.06,218.4,3.43,7.0,0.55,7.53,0,0,0,0,0,0,0,1,0,1
848.9,24.119999999999997,6.258,143.2,7.53,7.4,6.11,8.31,0,0,0,1,0,0,0,1,0,0
772.9,24.3,7.22,64.0,5.4,5.1,4.79,7.34,0,1,0,0,0,0,1,0,0,0
726.9,26.9,6.65,176.3,2.94,7.4,4.46,11.16,0,0,0,1,0,1,0,0,0,1
1140.0,15.9,7.55,47.9,5.83,9.2,3.7600000000000002,6.36,0,0,0,1,1,0,0,0,0,1
1229.1,26.6,7.47,143.6,5.99,5.0,1.48,7.89,0,0,1,0,0,0,0,0,1,1
489.5,29.0,5.84,187.7,6.28,8.8,4.18,7.74,1,0,0,0,1,0,0,0,0,1
629.9,18.6,6.06,128.3,6.89,6.4,4.17,8.35,0,0,0,1,0,0,1,0,0,0
873.5799999999999,24.9,6.41,195.7,6.519999999999999,10.0,6.99,10.1,0,0,1,0,0,0,1,0,0,1
874.2,32.0,7.38,196.1,9.73,8.2,1.25,5.34,0,0,1,0,1,0,0,0,0,0
760.4599999999999,26.4,6.47,135.7,6.39,7.0,3.57,7.89,0,0,1,0,0,0,1,0,0,0
1051.7,23.0,5.83,201.7,5.64,5.4,5.14,8.22,0,1,0,0,0,0,0,0,0,1
864.4,30.3,7.21,101.2,4.56,7.5,5.45,5.2514,0,0,1,0,1,0,0,0,0,0
917.1,17.7,4.8,211.9,3.83,8.4,3.07,8.49,1,0,0,0,0,0,0,0,1,1
1269.4,24.4,7.15,117.4,7.16,7.1,0.85,11.02,0,1,0,0,0,1,0,0,0,1
1399.9,13.4,8.42,127.8,5.55,5.8,3.59,7.78,0,0,1,0,0,1,0,0,0,1
642.2,23.2,6.33,105.9,0.97,7.9799999999999995,7.91,8.6,0,0,0,1,0,0,0,0,1,1
936.7,23.4,6.34,80.8,10.857599999999984,6.1,11.04,9.94,0,1,0,0,0,0,1,0,0,1
731.1,23.4,6.42,261.7,5.54,8.4,1.32,9.78,1,0,0,0,0,0,0,0,1,1
899.6,27.6,7.18,176.7,4.69,8.4,3.2459999999999996,8.46,1,0,0,0,0,0,0,1,0,1
592.5,29.8,7.82,84.9,5.56,8.5,5.65,5.86,0,0,0,1,1,0,0,0,0,0
725.3,24.8,6.96,142.0,4.22,8.3,8.17,9.33,0,0,0,0,0,0,1,0,0,0
1016.0,21.240000000000002,8.42,187.6,5.88,4.3,4.99,10.22,1,0,0,0,0,1,0,0,0,0
794.4,16.3,6.68,181.9,4.3,8.6,2.61,11.2,1,0,0,0,0,1,0,0,0,0
1259.9,27.0,6.98,131.3,10.03,6.6,10.12,8.63,0,0,1,0,0,0,1,0,0,0
1132.1,29.2,6.55,160.45999999999998,3.37,7.1,7.56,8.34,0,0,0,1,0,0,0,0,0,1
1208.3,26.0,6.24,200.4,8.28,6.4,2.01,9.06,1,0,0,0,0,0,0,0,0,1
1248.4,21.0,5.9,207.6,9.21,9.0,0.8,7.73,0,0,0,1,1,0,0,0,0,1
1367.5,18.1,6.33,99.0,9.94,8.3,1.56,8.43,0,0,0,1,0,0,0,0,0,1
1093.0,27.1,6.15,74.7,6.26,9.1,4.15,6.92,0,0,1,0,0,0,0,1,0,1
1002.3,21.72,6.05,52.1,0.0,8.7,16.39,9.59,0,1,0,0,0,1,0,0,0,0
1428.8,23.7,5.8,93.6,2.97,10.0,9.727799999999975,6.15,0,0,0,1,1,0,0,0,0,1
964.1,27.1,5.28,125.5,8.41,4.5,1.61,6.24,0,1,0,0,1,0,0,0,0,0
1028.7,26.5,5.51,41.4,1.2,7.8,10.88,6.45,0,0,0,1,0,0,0,1,0,0
964.6,27.9,5.57,229.4,5.66,7.1,2.706,8.0,0,0,0,0,0,0,1,0,0,0
1306.4,28.7,5.66,144.7,5.13,6.6,6.57,8.98,0,0,0,1,0,0,1,0,0,0
1197.2,14.6,6.432,219.7,3.77,7.3,10.39,7.09,0,0,1,0,0,0,0,0,1,0
1076.7,20.1,6.82,121.1,5.128,7.2,1.42,8.61,1,0,0,0,0,0,0,0,1,0
1040.9,23.2,5.27,113.3,3.9,9.0,4.03,9.03,1,0,0,0,0,0,1,0,0,0
882.9,31.8,6.58,80.5,2.4,10.8,3.78,11.578600000000005,1,0,0,0,0,1,0,0,0,1
1056.2,16.9,6.38,270.5,4.67,7.9,2.6,6.9,0,0,1,0,0,0,0,1,0,0
748.0,16.4,5.31,233.0,7.28,6.0,2.36,6.93,0,1,0,0,0,0,0,0,0,1
794.2,23.4,5.62,111.3,6.13,6.4,15.33,9.37,0,0,1,0,0,1,0,0,0,0
1103.5,27.3,5.87,174.1,1.06,6.3,1.88,7.4,0,0,0,0,0,0,0,0,0,1
1114.1,17.9,6.46,154.8,5.04,9.6,2.41,8.84,0,0,0,1,0,0,0,1,0,1
341.9,34.0,6.23,122.2,4.05,5.9,6.12,5.2514,0,0,1,0,0,0,0,0,0,0
973.8,27.7,5.4,230.3,1.58,5.9,2.41,8.05,0,1,0,0,0,0,0,0,1,0
1123.4,24.5,7.42,186.8,2.19,7.5,2.15,7.01,0,0,1,0,1,0,0,0,0,1
1033.9,34.8,7.05,138.58,10.11,10.3,1.52,6.57,0,1,0,0,0,0,0,0,0,0
878.8,29.3,6.32,236.9,1.77,8.34,2.65,8.27,0,0,0,1,0,0,0,0,1,1
893.5,19.8,5.24,286.7380000000001,0.83,5.7,1.35,7.13,0,1,0,0,0,0,0,0,0,0
1236.8,35.9,5.6,118.0,6.65,8.1,17.4,7.64,0,1,0,0,0,0,1,0,0,1
931.4,16.3,6.31,155.1,7.22,9.5,2.71,6.88,0,0,0,0,1,0,0,0,0,1
747.3,25.6,5.69,162.57999999999998,6.93,7.6,0.78,7.87,0,0,0,0,0,0,0,0,1,1
965.1,23.1,5.56,48.2,3.19,6.8,2.93,5.6,0,1,0,0,1,0,0,0,0,0
935.8,26.0,6.84,149.9,4.98,8.3,5.644,8.12,0,1,0,0,0,0,0,0,1,0
1436.4,24.2,7.21,206.2,7.5,7.68,8.54,8.52,0,0,0,1,0,0,0,0,0,0
1252.1,29.4,5.44,276.9,6.36,6.7,2.96,7.51,0,0,0,0,0,0,1,0,0,0
1090.6,27.9,5.47,222.9,10.05,7.3,2.44,8.19,0,0,0,1,0,0,0,1,0,1
582.2,17.2,6.86,270.0,2.11,10.3,2.6,9.21,0,0,1,0,0,1,0,0,0,0
720.3,21.8,6.14,153.5,3.73,4.8,0.58,8.14,0,0,1,0,0,0,0,0,1,1
1153.0,29.7,6.0,286.7380000000001,3.62,5.7,0.79,6.78,1,0,0,0,1,0,0,0,0,1
691.9,19.2,7.99,143.9,3.86,8.4,10.47,7.92,0,1,0,0,0,0,0,0,0,1
1243.7,21.2,6.593999999999999,134.9,4.44,6.7,2.21,7.81,1,0,0,0,0,0,0,1,0,0
477.9,26.0,6.62,264.0,0.0,8.3,5.12,9.35,0,0,1,0,0,1,0,0,0,1
353.3,19.0,6.04,170.1,7.71,8.3,0.76,6.41,0,0,0,0,1,0,0,0,0,1
691.2,27.9,6.9,234.1,3.43,7.9,3.58,11.15,0,0,0,1,0,1,0,0,0,1
1292.4,28.0,7.06,241.6,7.7,7.3,2.07,7.5,0,0,1,0,0,0,0,1,0,1
1427.6,24.32,7.44,203.9,1.02,7.3,3.57,10.17,0,0,1,0,0,1,0,0,0,1
567.6,31.5,7.09,173.8,3.09,7.8,5.14,6.96,1,0,0,0,0,0,0,1,0,0
1271.8,23.8,6.46,132.2,2.3,6.5,2.26,8.83,0,0,0,1,0,0,1,0,0,1
563.5,20.2,6.39,113.6,5.29,7.0,1.13,8.56,0,0,0,1,0,0,0,0,1,1
1068.1,23.7,7.31,139.7,1.31,7.1,2.982,7.83,0,0,0,0,0,0,0,1,0,0
1005.8,24.3,6.89,135.6,6.51,6.92,0.63,8.91,1,0,0,0,0,0,0,1,0,1
779.0,29.0,8.01,156.0,4.92,6.8,1.06,9.32,0,0,0,0,0,0,1,0,0,1
1110.6,27.7,7.04,153.6,4.36,7.4,4.456,7.72,0,1,0,0,0,0,0,0,1,0
1000.2,24.3,6.35,152.0,8.68,6.4,1.38,10.58,1,0,0,0,0,1,0,0,0,0
939.6,29.2,6.41,198.9,8.26,8.4,2.52,7.89,0,0,0,1,0,0,1,0,0,0
893.3,25.6,6.5,163.5,1.71,6.0,2.73,9.2,0,0,0,1,0,0,1,0,0,0
1043.3799999999999,29.6,5.79,114.3,2.53,11.0,9.56,10.5,0,0,0,0,0,1,0,0,0,1
848.2,22.9,5.27,128.4,2.94,9.9,8.74,7.06,1,0,0,0,1,0,0,0,0,0
820.7,18.7,6.95,13.6,6.61,4.7,15.9,10.16,1,0,0,0,0,1,0,0,0,0
765.2,22.3,7.01,68.6,4.74,7.4,3.35,6.96,1,0,0,0,1,0,0,0,0,1
1223.5,26.5,5.15,83.5,7.21,7.9,2.46,5.2514,0,0,0,0,1,0,0,0,0,0
1060.8,23.0,5.16,118.9,5.328,8.1,2.19,6.59,0,1,0,0,0,0,0,1,0,0
832.5,25.6,6.37,156.7,0.0,6.9,14.13,8.77,0,0,0,0,0,0,0,0,1,1
390.1,33.6,7.71,161.0,5.79,8.1,2.7,6.09,0,0,0,1,0,0,0,0,1,0
886.3,22.7,5.24,194.6,2.26,6.3,0.92,6.55,0,0,1,0,0,0,0,0,1,0
831.9,25.7,8.21,7.624000000000001,7.4,4.9,2.87,5.2514,0,0,0,1,1,0,0,0,0,0
789.1,24.0,7.19,153.2,8.24,5.8,0.57,8.23,0,1,0,0,0,0,0,0,0,1
729.2,19.4,6.3,60.8,8.68,4.6,0.79,7.41,1,0,0,0,1,0,0,0,0,1
1064.1,24.7,6.946000000000001,122.9,9.43,6.4,1.94,8.51,0,1,0,0,0,0,1,0,0,0
630.2,19.3,5.97,143.4,1.99,8.3,5.53,9.13,1,0,0,0,0,0,0,0,0,1
496.0,22.5,6.4,227.0,3.88,6.5,4.106,9.62,1,0,0,0,0,0,1,0,0,0
1068.2,31.1,6.63,168.9,3.89,6.3,4.63,7.92,1,0,0,0,0,0,0,0,0,0
967.4,18.9,4.59,69.9,4.93,9.6,1.26,6.07,0,0,0,0,0,0,0,0,0,0
870.6,22.9,6.25,183.1,5.69,6.3,1.57,7.94,0,0,0,0,0,0,0,1,0,1
1007.3,22.7,7.16,152.7,3.94,7.1,2.34,6.41,0,1,0,0,1,0,0,0,0,0
1010.0,22.7,7.23,117.4,5.77,7.3,3.93,8.72,0,0,1,0,0,0,1,0,0,0
742.9,27.7,6.79,153.8,6.53,8.2,10.41,9.53,0,1,0,0,0,0,1,0,0,1
976.9,32.6,4.65,179.5,6.2,5.7,3.62,7.77,0,0,0,0,0,0,1,0,0,0
829.4,29.7,8.3,175.06,6.0,6.8,0.94,6.53,0,1,0,0,1,0,0,0,0,1
1011.9200000000001,23.4,5.84,144.7,4.69,6.8,6.25,7.84,0,0,0,1,0,0,0,0,0,0
663.8,29.9,6.45,81.8,5.99,8.2,3.7,8.54,1,0,0,0,0,0,0,0,0,1
641.8,23.6,7.8,160.6,10.857599999999984,5.9,2.296,6.94,0,1,0,0,1,0,0,0,0,1
960.2,22.4,7.0,245.2,3.94,6.2,7.63,6.13,0,1,0,0,1,0,0,0,0,0
513.5,25.4,6.56,121.9,5.97,7.3,1.6,10.13,1,0,0,0,0,1,0,0,0,0
1352.9,23.7,6.45,196.0,6.79,6.6,2.18,8.64,0,1,0,0,0,0,0,0,1,1
840.6,18.1,5.88,128.0,6.03,7.8,5.96,8.53,1,0,0,0,0,0,0,0,0,0
446.2,23.0,7.21,168.0,1.81,9.2,0.57,9.71,0,0,1,0,0,1,0,0,0,0
1084.5,12.4,5.21,146.4,5.22,7.5,5.8,6.38,0,0,0,1,0,0,0,0,0,0
415.3,24.4,5.94,124.3,4.34,8.1,1.95,7.32,1,0,0,0,1,0,0,0,0,1
643.2,28.1,7.23,100.1,3.98,7.4,6.08,8.08,0,0,1,0,0,0,0,0,0,1
869.8,25.7,6.66,80.2,5.86,6.4,2.91,8.2,0,0,1,0,0,0,0,0,0,1
851.4,29.4,6.19,200.9,7.38,8.6,1.05,9.45,0,1,0,0,0,1,0,0,0,0
783.8,30.5,7.32,167.1,5.17,7.1,4.76,7.36,0,1,0,0,0,0,0,0,0,0
1282.0,22.5,6.56,68.9,7.88,4.9,13.04,11.29,1,0,0,0,0,1,0,0,0,1
1100.8,19.8,5.05,78.1,5.12,4.0,0.97,7.73,0,1,0,0,0,0,0,0,1,1
838.5,18.8,5.94,233.0,1.53,5.6,6.33,7.84,0,0,0,1,0,0,0,1,0,1
1093.6,20.2,5.04,60.1,7.09,7.1,1.09,6.26,1,0,0,0,1,0,0,0,0,0
1089.1,25.2,8.16,136.7,2.4939999999999998,7.2,1.67,7.41,0,1,0,0,0,0,1,0,0,0
772.4,31.0,6.544,124.6,5.83,8.7,2.18,9.52,0,1,0,0,0,0,1,0,0,1
899.5,23.4,7.17,132.5,0.9,7.4,3.2960000000000003,7.96,0,0,0,0,0,0,0,0,0,0
845.2,28.7,6.64,74.7,4.24,8.3,2.13,11.578600000000005,1,0,0,0,0,1,0,0,0,1
1102.6,23.6,7.43,31.9,5.31,9.6,0.75,6.87,0,0,1,0,0,0,0,0,0,1
1024.2,22.5,6.27,145.3,3.93,7.9,3.41,9.62,0,1,0,0,0,0,1,0,0,1
1315.8,34.9,7.17,101.3,0.0,6.1,4.38,7.6,1,0,0,0,0,0,0,0,0,1
793.3,16.4,6.04,148.6,0.91,7.1,4.68,7.27,0,0,0,1,0,0,0,1,0,0
1456.6,17.7,7.05,78.0,4.59,6.5,3.37,7.82,1,0,0,0,0,0,0,0,0,0
1145.8,33.8,7.2,92.3,4.766,11.0,8.512,9.52,0,0,0,1,0,0,1,0,0,1
1023.8,17.6,5.81,136.3,2.88,8.4,6.1,8.23,0,0,1,0,0,0,1,0,0,0
1488.4299999999998,25.0,6.08,145.8,3.34,6.5,4.252,8.85,0,0,1,0,0,0,1,0,0,1
738.7,22.5,6.0,207.9,4.36,8.0,2.23,8.3,0,1,0,0,0,0,1,0,0,0
594.2,18.0,6.65,152.9,6.57,7.0,10.82,7.32,0,0,0,1,0,0,0,0,0,0
911.6,22.4,6.06,174.9,4.67,9.4,1.68,7.92,0,0,1,0,0,0,1,0,0,0
924.1,30.0,7.72,128.7,3.49,6.6,2.99,6.27,0,0,1,0,1,0,0,0,0,1
1147.5,17.4,6.53,146.4,2.85,8.3,5.1,11.42,0,1,0,0,0,1,0,0,0,0
330.164,23.9,6.84,45.8,5.62,8.3,4.8,7.18,0,0,0,0,0,0,1,0,0,0
634.8,21.2,6.57,112.4,5.91,5.4,1.77,7.17,0,0,0,0,0,0,0,1,0,1
1377.3,20.4,6.45,168.6,6.35,6.0,7.2,11.21,0,0,0,0,0,1,0,0,0,1
802.1,26.6,5.4,112.7,8.26,8.4,13.93,8.71,1,0,0,0,1,0,0,0,0,1
1030.1,27.6,6.07,111.4,2.526,8.2,3.84,7.96,0,0,1,0,0,0,0,0,0,1
862.9,19.1,6.99,286.7380000000001,9.06,4.9,1.83,9.23,0,0,0,1,0,0,1,0,0,1
783.9,22.3,6.56,7.624000000000001,1.81,7.6,1.31,8.3,1,0,0,0,0,0,1,0,0,0
591.6,18.5,5.12,79.2,2.442,6.4799999999999995,3.79,5.64,0,0,1,0,1,0,0,0,0,1
851.0,27.9,5.25,165.3,5.27,6.7,1.12,5.47,0,0,0,1,1,0,0,0,0,0
995.7,27.5,6.94,106.6,2.16,7.5,3.38,9.09,0,0,0,0,0,0,1,0,0,1
804.0,24.0,5.4,7.624000000000001,5.98,6.3,2.32,8.27,0,0,0,1,0,0,1,0,0,1
833.3,19.2,7.11,153.8,1.09,8.2,2.13,9.59,0,0,0,1,0,0,1,0,0,1
1206.0,24.0,5.54,180.4,4.78,5.6,7.67,7.87,0,0,0,0,0,0,0,1,0,1
852.4,31.6,7.62,98.2,9.01,9.5,6.61,6.63,1,0,0,0,0,0,0,1,0,0
669.6,31.8,5.05,105.8,7.36,6.0,1.7,7.02,0,1,0,0,0,0,0,1,0,1
717.9,25.1,7.28,170.4,3.2700000000000005,10.1,4.89,8.02,0,0,0,1,1,0,0,0,0,0
812.5,16.8,6.23,78.0,5.99,6.6,3.0,8.62,0,0,0,0,0,0,0,0,1,0
913.8,17.6,7.17,95.5,4.014,7.3,2.29,8.23,0,0,0,1,0,0,0,0,0,1
1007.8,21.9,6.47,160.8,4.24,7.6,2.16,9.38,0,0,0,1,0,0,1,0,0,1
528.7,19.1,6.38,133.5,2.25,9.7,13.56,8.31,0,0,1,0,0,0,1,0,0,0
1279.7,24.88,6.46,167.7,0.0,7.9,5.58,8.55,1,0,0,0,0,0,0,1,0,1
718.5,21.9,5.02,121.6,0.0,7.18,5.44,7.1,0,1,0,0,1,0,0,0,0,1
963.6,35.1,7.02,148.2,6.72,8.02,26.58,8.22,1,0,0,0,0,0,0,0,1,1
978.86,24.5,6.73,160.0,3.89,9.5,5.853999999999999,8.87,0,0,0,1,0,0,1,0,0,0
684.6,23.520000000000003,6.9,175.0,5.44,10.7,2.62,9.56,0,0,0,1,0,0,0,0,1,1
1029.1,21.0,6.25,238.3,6.48,9.2,7.53,9.7,1,0,0,0,0,0,0,1,0,1
673.0,23.5,5.46,109.7,4.61,7.6,11.76,10.71,1,0,0,0,0,1,0,0,0,0
910.3,23.2,4.9,180.2,3.98,8.4,5.538000000000001,11.578600000000005,1,0,0,0,0,1,0,0,0,1
472.4,24.4,7.64,7.624000000000001,6.15,6.8,5.64,7.86,1,0,0,0,0,0,1,0,0,0
1198.8,18.7,7.0,128.85999999999999,1.16,8.6,9.81,10.49,0,1,0,0,0,1,0,0,0,0
789.4,16.5,5.39,158.8,4.53,9.1,0.7,6.48,0,1,0,0,1,0,0,0,0,0
911.6,32.0,5.68,107.3,0.23,6.5,0.74,6.87,0,0,0,1,0,0,0,1,0,0
980.6,30.5,6.85,192.2,5.9,9.7,16.03,7.19,0,0,0,0,0,0,0,1,0,0
1297.0,29.0,5.57,12.9,4.46,8.8,0.68,6.41,0,1,0,0,0,0,0,1,0,0
885.9,23.259999999999998,7.27,103.0,2.74,7.4,6.28,10.6,0,0,0,0,0,1,0,0,0,1
818.9,15.2,5.6,286.7380000000001,10.857599999999984,7.3,6.06,7.48,1,0,0,0,0,0,0,1,0,1
832.5,24.5,7.56,136.90000000000003,9.8,4.0,1.29,10.69,0,1,0,0,0,1,0,0,0,1
630.2,34.5,6.87,251.0,0.77,7.7,3.19,6.85,0,0,0,1,0,0,0,0,1,1
879.7,25.0,6.37,102.0,7.9,8.4,5.32,8.04,0,1,0,0,0,0,0,0,0,1
974.7,22.5,7.18,97.1,6.19,10.4,3.25,9.99,1,0,0,0,0,0,1,0,0,0
936.1,26.4,7.64,157.3,4.21,6.1,1.3,5.65,0,0,1,0,1,0,0,0,0,0
498.9,17.5,6.04,100.2,4.19,5.2,0.93,7.31,0,0,0,0,0,0,0,0,1,0
951.7,33.9,5.98,272.5,4.77,5.5,1.04,6.82,0,0,0,1,0,0,0,0,1,0
802.8,26.5,5.85,131.3,4.376,5.9,10.05,9.46,0,0,0,1,0,0,1,0,0,0
519.8,26.1,6.16,132.24,0.02,7.8,4.72,7.44,0,0,0,0,0,0,0,0,0,0
532.8,26.2,7.0,93.7,5.94,4.0,3.83,7.88,0,0,0,0,0,0,1,0,0,0
790.0,23.5,7.17,178.0,7.57,7.619999999999999,8.09,10.12,0,0,1,0,0,1,0,0,0,1
1165.0,26.6,4.95,64.7,0.0,7.2,6.35,7.1,0,0,0,0,0,0,0,0,0,1
1350.9,27.0,6.06,264.8,6.93,10.1,3.52,6.78,0,0,1,0,0,0,0,0,0,0
1234.4,22.7,6.82,127.4,4.7139999999999995,5.9,4.91,8.33,0,0,1,0,0,0,0,0,1,1
1278.4,25.4,5.41,138.2,2.97,5.5,1.07,7.87,1,0,0,0,0,0,0,1,0,1
1031.6,34.0,8.37,105.2,9.52,8.4,1.28,7.23,1,0,0,0,0,0,0,0,0,1
741.5,20.7,7.18,162.0,8.4,9.3,0.63,8.4,0,0,0,0,0,0,0,0,0,0
925.3,23.1,6.45,80.9,6.38,7.9,2.37,7.28,0,0,1,0,0,0,0,0,1,0
653.3,17.0,5.47,213.9,5.02,5.6,10.25,7.74,0,0,0,0,0,0,0,0,0,1
693.7,13.5,4.92,98.6,8.18,7.3,6.35,6.56,0,0,0,1,0,0,0,0,0,0
1069.2,17.5,6.46,204.3,4.72,6.2,5.24,7.26,0,0,1,0,1,0,0,0,0,1
765.5,28.9,5.59,172.0,4.54,8.2,2.07,9.24,1,0,0,0,0,0,0,0,1,1
811.7,24.4,6.01,99.8,6.77,8.12,1.59,8.27,0,0,0,1,0,0,0,0,1,1
1226.5,27.5,7.2,195.6,1.77,10.4,9.86,7.0,0,0,0,1,1,0,0,0,0,0
888.0,22.8,7.22,109.1,9.28,6.2,1.37,6.95,0,0,0,0,1,0,0,0,0,1
404.8,25.8,6.23,188.5,4.58,9.9,6.14,9.62,1,0,0,0,0,0,1,0,0,1
632.7,25.06,7.52,198.9,8.51,8.5,1.23,10.76,0,1,0,0,0,1,0,0,0,1
819.6,15.8,7.114,210.8,7.39,8.5,0.94,6.7,0,0,0,0,1,0,0,0,0,1
977.5,30.7,5.66,236.0,4.8,10.7,8.4,8.26,1,0,0,0,0,0,0,0,0,0
876.5,23.1,5.11,111.3,5.21,7.3,4.72,6.1,0,0,1,0,0,0,0,1,0,0
746.2,24.3,6.47,23.3,4.85,8.0,2.5,8.79,0,0,0,0,0,0,1,0,0,1
330.164,21.2,5.25,134.7,3.724,8.1,2.476,6.69,0,0,1,0,0,0,0,0,1,0
1050.5,24.0,6.91,180.8,7.12,6.9,2.59,8.47,0,1,0,0,0,0,0,1,0,1
806.2,27.6,6.19,128.9,4.4,7.1,3.88,7.39,0,0,0,0,0,0,0,0,0,0
614.9,23.4,6.49,94.1,4.16,6.5,8.158,11.0,0,0,0,1,0,1,0,0,0,1
644.7,20.7,6.45,138.8,5.26,8.2,6.47,11.578600000000005,1,0,0,0,0,1,0,0,0,1
765.6,22.3,5.82,197.5,9.77,9.4,6.47,8.5,0,0,1,0,0,0,0,0,1,0
866.7,30.7,5.62,171.6,7.31,9.3,0.9,7.95,0,0,0,1,0,0,0,0,0,1
556.7,22.0,5.78,129.3,5.8,7.9,8.75,9.81,0,0,1,0,0,1,0,0,0,1
808.7,17.8,6.95,131.7,3.6,5.3,2.48,6.08,0,0,1,0,1,0,0,0,0,0
1119.78,27.4,6.26,162.9,5.39,7.6,1.46,8.03,0,0,0,1,0,0,0,0,1,1
937.8,19.3,7.11,107.7,10.857599999999984,5.9,4.8,10.2,0,0,0,1,0,1,0,0,0,0
999.5,23.5,6.33,188.9,3.48,8.8,2.33,7.36,0,1,0,0,1,0,0,0,0,1
1257.1,23.7,6.01,119.7,3.57,7.7,2.5320000000000005,8.89,1,0,0,0,0,0,0,0,0,1
442.0,31.2,7.0,255.9,6.5,6.6,1.17,10.25,0,0,0,1,0,1,0,0,0,1
1046.2,26.2,6.9,119.5,7.78,6.4,0.42,8.19,1,0,0,0,0,0,0,0,1,0
869.5,20.9,6.27,176.4,3.3,6.5,9.72,7.73,0,1,0,0,0,0,0,0,0,0
856.7,24.9,7.89,145.68,7.74,7.8,2.56,6.38,0,0,1,0,0,0,0,0,0,0
906.0,24.0,6.29,172.9,4.33,8.0,2.11,7.75,1,0,0,0,0,0,0,1,0,0
756.5,12.4,6.36,124.8,6.21,6.5,8.91,8.28,1,0,0,0,0,0,1,0,0,1
828.5,22.9,6.3,207.0,5.15,5.7,2.18,10.13,0,0,0,0,0,1,0,0,0,0
707.1,19.9,5.9,50.1,5.45,6.4,4.07,9.75,1,0,0,0,0,0,1,0,0,1
950.0,23.0,5.93,284.1,3.84,8.7,3.7880000000000003,8.73,0,0,0,0,0,0,1,0,0,0
1147.0,23.4,7.05,278.7,2.79,7.4,9.3,8.56,0,0,1,0,0,0,1,0,0,0
973.0,26.6,4.59,144.1,8.8,4.9,15.64,8.35,1,0,0,0,0,0,0,0,0,1
917.5,22.3,5.84,152.6,8.46,7.3,11.73,7.54,0,0,0,0,0,0,0,0,0,1
838.74,24.9,6.04,154.9,5.97,8.4,10.47,11.12,1,0,0,0,0,0,1,0,0,1
1225.9,14.0,7.17,114.5,5.23,7.7,1.3,7.37,0,1,0,0,0,0,0,0,0,1
724.6,29.0,7.14,67.9,2.07,7.9,4.08,8.92,1,0,0,0,0,0,1,0,0,0
1353.3,24.080000000000002,6.45,129.28,8.52,7.7,2.95,7.95,0,1,0,0,0,0,0,0,0,1
520.4,21.8,6.74,81.6,4.43,7.38,14.02,7.27,0,0,0,0,1,0,0,0,0,1
1021.7,18.4,6.12,152.6,6.03,9.4,2.78,7.97,0,1,0,0,1,0,0,0,0,1
722.6,25.2,6.57,163.8,3.86,7.88,7.7,9.87,1,0,0,0,0,0,1,0,0,0
662.9,28.8,4.59,7.624000000000001,4.17,7.8,2.82,5.71,0,0,0,0,0,0,0,1,0,1
621.3,26.6,7.04,162.6,5.07,8.3,1.41,10.75,0,1,0,0,0,1,0,0,0,1
995.5,25.2,6.45,139.5,4.9,7.4,6.38,8.3,0,0,0,0,0,0,0,1,0,0
1074.5,31.4,4.98,111.1,7.34,6.1,18.54,5.2514,0,0,1,0,1,0,0,0,0,1
619.7,20.0,5.92,7.624000000000001,0.0,6.9,1.9,8.05,0,0,1,0,0,0,1,0,0,1
354.2,29.6,5.55,195.57999999999998,4.11,7.0,8.35,7.55,0,0,0,0,0,0,0,0,1,1
720.9,30.7,6.96,201.3,4.78,9.2,20.48,8.59,0,0,0,0,0,0,1,0,0,0
969.1,24.9,6.76,184.3,1.61,7.3,5.1,8.65,0,1,0,0,0,0,0,0,1,1
1151.0,18.7,7.087999999999999,201.4,5.01,10.4,1.16,7.41,0,0,0,0,1,0,0,0,0,1
994.8399999999999,22.7,6.73,170.5,2.54,6.2,0.9,10.32,0,1,0,0,0,1,0,0,0,1
1035.9,24.0,6.64,183.0,4.39,10.4,6.36,6.96,0,0,1,0,1,0,0,0,0,0
834.4000000000002,29.5,6.96,121.2,7.09,8.8,17.68,7.87,0,0,0,0,0,0,1,0,0,0
771.0,18.3,5.88,221.0,3.36,4.3,6.35,8.6,0,0,0,1,0,0,0,0,0,1
689.8,29.8,6.08,134.1,2.89,9.0,8.36,8.96,1,0,0,0,0,0,0,0,1,0
961.3,18.0,5.26,164.28,3.9,9.0,1.48,8.42,0,0,0,1,0,0,0,0,0,1
586.7,34.0,6.22,206.1,5.71,6.1,1.43,5.49,0,0,0,1,1,0,0,0,0,0
1096.7,19.4,8.01,281.4,4.48,7.8,3.17,6.75,0,0,0,0,0,0,0,0,0,1
330.164,21.1,7.14,116.8,2.3,7.5,18.7,8.18,1,0,0,0,0,0,0,0,1,1
993.1,25.9,6.99,239.9,3.87,5.9,4.04,8.18,0,1,0,0,0,0,0,0,1,0
614.0,20.6,5.46,198.3,2.71,6.8,3.88,6.49,0,0,0,0,0,0,0,0,1,0
1098.7,25.3,7.67,154.1,9.85,5.8,1.19,7.44,1,0,0,0,0,0,0,1,0,0
1052.9,23.6,7.54,214.1,3.67,4.8,3.06,7.59,0,1,0,0,0,0,0,1,0,0
645.9,26.4,6.46,180.7,7.08,5.5,1.69,6.92,0,0,0,0,0,0,0,1,0,0
1106.9,23.7,4.85,205.8,6.41,4.7,2.44,8.15,0,0,0,1,0,0,1,0,0,1
641.6,26.4,6.892,144.1,2.23,7.2,2.83,9.92,0,0,0,0,0,1,0,0,0,0
1106.3,25.9,5.82,229.0,8.55,8.6,2.9,8.03,0,0,1,0,0,0,0,0,1,1
1020.8,16.4,6.18,101.6,4.47,5.4,1.14,7.67,0,0,0,0,0,0,0,0,1,1
1408.5,22.7,7.91,138.42000000000002,2.53,6.5,4.33,9.46,0,0,1,0,0,1,0,0,0,0
1075.6,19.5,6.85,170.9,0.6,8.1,1.42,6.88,0,0,0,0,0,0,0,0,0,0
614.5,22.4,7.59,126.5,5.64,7.2,1.54,7.42,0,0,0,0,0,0,0,0,0,1
884.2,20.0,8.14,109.0,5.32,8.8,1.65,7.75,1,0,0,0,0,0,1,0,0,0
1277.1,16.6,6.23,81.0,6.97,7.9,5.63,6.98,0,0,1,0,0,0,0,0,0,0
1137.5,31.2,6.06,102.5,3.94,10.2,3.98,8.2,0,0,0,0,0,0,0,0,0,1
920.9,22.2,6.34,111.6,2.85,7.6,3.93,8.68,0,0,0,0,0,0,0,0,1,1
848.5,20.9,6.098,122.7,2.66,7.6,0.63,9.01,1,0,0,0,0,0,0,0,0,1
1113.8,22.4,6.97,153.8,4.096000000000001,9.3,4.86,9.16,0,1,0,0,0,0,1,0,0,1
599.2,25.7,8.05,154.0,5.67,7.6,8.99,8.27,0,0,0,1,0,0,0,0,1,1
1018.1,27.4,7.01,164.3,7.17,8.4,3.56,11.578600000000005,1,0,0,0,0,1,0,0,0,1
733.3,22.8,6.59,109.6,5.77,8.1,0.78,11.06,0,0,0,0,0,1,0,0,0,1
708.5,17.1,7.16,195.9,4.6,8.2,5.45,6.81,0,0,1,0,0,0,0,0,0,0
624.9,23.9,6.0,50.7,5.3,7.2,0.95,7.26,0,0,0,1,0,0,1,0,0,0
1080.8,26.2,5.91,128.8,5.95,7.6,4.86,8.8,0,0,0,1,0,0,0,0,0,1
974.6,16.9,6.3,186.4,4.71,7.6,7.72,8.39,0,0,0,0,0,0,0,0,0,1
706.3,18.0,7.8,194.9,3.5120000000000005,5.9,1.34,6.71,0,0,0,0,0,0,0,0,1,0
445.2,24.4,7.25,258.3,6.29,9.1,6.764,8.39,0,0,1,0,0,0,1,0,0,1
1009.5,15.8,5.83,182.4,6.93,8.4,2.18,8.9,0,0,1,0,0,1,0,0,0,0
752.4,25.8,5.89,141.3,0.98,8.1,23.26,7.8,0,0,1,0,0,0,0,1,0,1
664.1,21.3,6.44,169.7,4.12,8.4,3.36,11.31,0,1,0,0,0,1,0,0,0,1
1112.3,27.3,4.89,224.5,0.71,7.4,2.846,7.96,0,1,0,0,0,0,0,0,1,1
990.6,18.4,7.15,195.9,4.89,6.9,3.69,10.36,0,0,1,0,0,1,0,0,0,1
1268.6,25.72,4.82,265.6,6.15,6.2,6.17,7.85,0,1,0,0,0,0,0,0,1,1
817.1,21.9,8.13,191.8,8.06,5.9,0.77,6.31,0,0,0,0,0,0,0,1,0,0
726.8,22.0,5.84,158.8,8.72,5.4,1.15,7.36,0,0,0,1,0,0,0,0,1,1
868.9,27.1,7.05,196.5,0.0,6.0,3.01,10.82,1,0,0,0,0,1,0,0,0,0
758.1,17.4,7.35,104.9,1.77,8.5,1.67,8.6,0,0,1,0,0,0,0,0,1,1
915.7,31.3,6.9,222.4,6.19,6.1,5.79,9.2,0,0,0,1,0,0,1,0,0,1
593.0,19.6,4.86,199.3,3.36,4.2,3.42,6.51,0,0,1,0,1,0,0,0,0,1
1203.2,27.3,6.81,215.2,4.95,8.4,1.05,9.8,0,0,0,1,0,0,1,0,0,1
1220.4,33.1,7.57,145.0,5.97,5.0,6.41,8.4,0,0,1,0,0,0,1,0,0,1
1201.0,19.1,7.24,204.8,7.71,6.6,6.4879999999999995,8.16,0,0,0,0,0,0,0,0,1,0
897.8,13.1,5.49,125.55999999999999,7.66,9.9,4.27,6.91,0,0,1,0,1,0,0,0,0,1
650.8,20.5,7.83,140.0,2.99,6.3,5.54,8.06,0,1,0,0,0,0,0,0,0,1
1365.9,20.0,6.22,152.18,4.43,8.3,2.04,7.97,0,0,1,0,0,0,0,1,0,1
926.2,19.9,7.31,263.6,4.65,5.9,3.61,8.84,0,0,1,0,0,0,1,0,0,1
768.9,20.1,7.15,8.6,4.94,6.9,3.88,7.04,0,1,0,0,0,0,1,0,0,0
1198.4,24.0,5.16,164.5,4.43,8.7,6.13,9.02,1,0,0,0,0,0,0,0,0,1
330.164,30.3,6.68,179.4,1.1,7.4,1.0,9.51,0,0,0,1,0,1,0,0,0,0
651.2,23.3,4.6,134.8,5.37,7.7,0.92,6.38,0,0,0,0,0,0,0,0,0,0
902.6,29.4,6.11,143.7,5.37,7.8199999999999985,2.86,6.74,0,1,0,0,1,0,0,0,0,0
1085.6,21.8,7.1,159.8,6.58,6.3,2.04,7.5,0,0,1,0,0,0,0,1,0,1
1233.3,21.8,5.88,197.4,0.75,6.3,0.91,5.92,0,0,1,0,1,0,0,0,0,0
1040.8,28.1,8.02,250.4,4.66,9.5,2.43,5.61,0,1,0,0,1,0,0,0,0,0
1155.6,29.3,6.29,159.2,4.85,6.8,2.35,10.34,0,0,1,0,0,1,0,0,0,1
1313.4,19.5,8.42,152.0,3.31,5.2,2.68,7.91,0,0,0,1,0,0,1,0,0,1
852.8,22.5,4.82,228.4,9.1,8.4,0.58,9.28,0,1,0,0,0,1,0,0,0,0
789.4,16.7,5.96,187.1,5.8,6.7,0.91,7.91,0,1,0,0,0,0,0,0,0,0
829.5,17.4,6.92,177.6,9.4,6.7,16.92,7.81,0,0,0,1,0,0,0,0,1,0
1034.8,17.7,6.25,74.9,3.096,5.5,28.02,5.95,0,0,0,1,1,0,0,0,0,0
1060.3,28.3,6.7,179.0,7.24,8.1,0.45,7.01,0,0,0,0,1,0,0,0,0,1
645.8,23.8,5.3,98.8,4.22,4.0,1.46,10.63,0,0,0,1,0,1,0,0,0,1
795.4,26.459999999999997,7.62,164.2,4.57,6.2,7.24,10.34,0,0,0,0,0,1,0,0,0,0
868.3,22.2,5.63,222.7,4.13,6.9,5.33,7.49,0,0,0,1,0,0,0,1,0,1
813.5,23.3,5.53,60.4,4.01,9.1,3.84,6.82,0,0,0,0,0,0,0,0,1,0
684.6,25.0,6.23,91.2,3.76,6.3,1.26,7.51,0,1,0,0,0,0,0,1,0,1
820.9,21.9,6.7,89.0,2.37,9.4,1.97,9.63,0,0,0,1,0,0,1,0,0,1
604.2,27.6,7.97,177.6,4.252000000000001,4.0,1.36,7.08,0,0,0,0,0,0,0,0,1,0
1028.4,33.4,6.34,135.2,1.66,5.3,3.5,9.78,0,0,0,0,0,1,0,0,0,1
448.9,24.0,6.08,33.0,7.64,9.0,9.44,7.42,0,0,0,0,0,0,0,1,0,1
973.4,23.5,5.16,7.624000000000001,3.53,7.1,4.41,9.09,0,1,0,0,0,1,0,0,0,0
862.0,30.5,5.75,182.3,2.02,7.3,5.01,8.16,1,0,0,0,0,0,0,1,0,0
520.9,19.9,7.21,209.1,5.03,7.5,3.95,6.74,0,0,0,0,1,0,0,0,0,1
756.0,22.5,5.86,106.2,7.3,4.9,3.6,9.07,0,1,0,0,0,0,1,0,0,1
648.0,20.9,5.8,96.9,4.71,5.9,0.42,10.8,0,1,0,0,0,1,0,0,0,1
1063.1,17.7,6.74,143.8,6.58,4.8,3.92,7.55,0,0,0,1,1,0,0,0,0,1
1095.1,24.7,7.27,63.9,7.17,9.3,7.47,8.52,0,0,0,0,0,0,1,0,0,1
352.8,34.3,6.25,41.8,3.6,7.8,1.19,5.94,1,0,0,0,0,0,0,1,0,0
924.3,22.1,6.28,279.8,5.1,7.1,4.43,8.11,0,1,0,0,1,0,0,0,0,1
865.3,19.6,6.52,46.5,0.0,8.4,0.42,7.44,1,0,0,0,0,0,0,0,0,1
832.9,18.9,6.92,125.9,5.71,8.6,6.57,8.09,0,0,0,0,0,0,1,0,0,0
898.8,20.3,7.19,218.3,10.12,6.8,6.57,9.91,0,1,0,0,0,1,0,0,0,0
611.7,29.3,6.82,115.8,1.91,7.1,13.02,10.56,0,0,0,0,0,1,0,0,0,0
415.2,27.8,6.64,124.2,4.62,6.2,0.84,6.16,0,1,0,0,1,0,0,0,0,1
965.8,29.1,7.39,126.6,3.39,7.2,0.98,6.23,0,0,1,0,0,0,0,0,1,0
616.7,19.7,6.11,154.3,4.67,5.7,2.53,7.16,0,0,0,1,0,0,0,1,0,0
1059.6,24.2,5.09,113.6,6.0,5.9,2.61,6.99,0,0,1,0,0,0,1,0,0,0
927.1,26.5,7.95,245.5,3.29,8.1,19.49,10.15,0,1,0,0,0,1,0,0,0,0
1081.5,16.0,5.65,114.3,0.11,7.7,3.77,6.97,0,1,0,0,0,0,0,0,0,0
1224.1,15.5,6.65,101.2,4.08,8.0,2.68,7.73,0,0,0,1,0,0,0,0,0,1
1223.8,19.5,6.07,118.4,3.62,7.7,11.49,9.15,0,1,0,0,0,0,1,0,0,1
1104.1,26.9,5.83,251.5,4.66,9.2,5.66,8.75,1,0,0,0,0,0,0,0,0,0
1003.7,28.8,7.45,199.9,7.61,7.4,3.12,8.21,0,1,0,0,0,0,0,0,1,1
892.6,23.9,5.38,38.7,2.47,6.0,4.32,6.1,1,0,0,0,1,0,0,0,0,0
666.8,34.3,4.59,116.0,8.01,9.2,4.25,5.34,0,0,0,0,0,0,0,1,0,0
1011.7,20.9,6.07,78.4,6.87,7.0,4.31,9.76,1,0,0,0,0,0,1,0,0,0
1005.1600000000001,32.8,5.738,263.5,7.08,8.9,13.22,7.58,0,0,1,0,0,0,0,1,0,1
998.3,12.8,5.66,109.6,0.96,8.5,7.18,7.35,1,0,0,0,1,0,0,0,0,1
368.3,23.1,7.32,167.8,4.07,8.5,1.68,7.74,1,0,0,0,0,0,0,0,1,0
1212.8,25.4,7.09,140.38,4.636,7.9,8.33,7.6,0,1,0,0,0,0,0,0,0,1
1231.1,27.8,7.087999999999999,226.3,1.7,8.8,4.87,6.29,0,0,1,0,1,0,0,0,0,0
1001.7,20.8,5.94,27.8,9.47,9.0,0.72,6.24,1,0,0,0,1,0,0,0,0,0
768.9,21.1,5.46,161.1,2.53,9.3,5.13,8.02,0,0,1,0,0,0,0,0,0,1
698.3,28.4,7.04,247.5,2.55,8.7,4.36,8.19,1,0,0,0,0,0,0,0,0,0
920.3,22.5,6.548,161.1,2.2,8.0,2.45,11.14,0,0,0,1,0,1,0,0,0,1
1171.0,27.0,6.56,142.7,10.857599999999984,8.9,1.15,10.04,1,0,0,0,0,0,1,0,0,1
1162.7,18.0,5.39,203.4,6.66,7.8,2.95,8.77,0,0,1,0,0,0,1,0,0,1
958.0,21.9,7.32,123.17999999999999,2.86,8.7,16.5,10.6,0,0,0,0,0,1,0,0,0,0
921.1,19.0,5.82,212.5,3.02,6.9,1.43,9.22,0,0,0,0,0,0,1,0,0,0
807.4,25.4,6.54,110.3,2.26,10.6,2.9,5.96,0,0,0,0,1,0,0,0,0,0
897.4,21.9,6.21,189.7,4.25,7.6,2.14,8.84,0,0,1,0,0,0,1,0,0,0
800.8,23.0,6.48,149.7,7.04,9.5,1.24,9.17,1,0,0,0,0,0,0,0,0,1
796.3,23.2,6.97,179.8,5.17,4.4,1.4,9.41,0,1,0,0,0,0,0,0,0,1
1104.9,22.7,5.55,284.0,2.63,7.0,3.22,8.61,0,1,0,0,0,0,0,0,0,1
330.164,17.8,6.4159999999999995,143.5,3.42,8.18,12.64,8.53,0,0,0,0,0,0,0,0,0,1
963.6,14.8,7.52,218.1,3.6,8.3,1.62,8.37,1,0,0,0,1,0,0,0,0,1
404.4,25.5,5.79,135.0,6.62,7.0,4.13,11.578600000000005,0,0,0,1,0,1,0,0,0,1
1159.1,23.5,5.84,7.624000000000001,2.95,6.7,6.44,8.58,1,0,0,0,0,0,1,0,0,1
862.2,31.0,6.91,85.8,1.69,10.2,7.33,7.31,0,0,1,0,0,0,0,0,0,0
1099.8,24.6,6.33,190.4,2.52,7.8,1.64,8.68,0,0,0,1,0,0,0,0,1,1
872.4,28.1,7.49,171.2,0.0,6.6,1.3,11.09,0,1,0,0,0,1,0,0,0,1
1055.6,22.2,7.94,137.4,3.13,6.5,2.11,6.69,1,0,0,0,1,0,0,0,0,0
678.5,12.4,6.47,163.9,3.82,6.0,4.006,7.53,1,0,0,0,0,0,0,1,0,1
875.4,24.1,6.64,132.2,1.85,10.7,9.31,8.86,1,0,0,0,0,0,0,0,1,0
818.2,23.0,6.55,135.4,5.06,8.6,9.89,7.45,0,1,0,0,1,0,0,0,0,1
1193.8,21.0,7.73,114.8,5.25,6.7,1.04,6.89,0,0,1,0,0,0,0,0,0,0
508.3,23.0,5.67,139.9,2.1,8.7,2.59,6.63,0,0,1,0,1,0,0,0,0,1
1239.5,23.9,6.49,147.5,1.83,5.3,6.31,8.69,1,0,0,0,0,0,0,0,0,0
683.5,25.2,6.882,185.8,7.4,6.9,2.01,9.38,0,1,0,0,0,0,1,0,0,1
354.7,27.7,7.02,128.3,5.96,5.5,6.03,9.18,0,0,1,0,0,1,0,0,0,0
526.5,34.2,7.11,189.5,1.07,6.7,3.82,6.84,1,0,0,0,1,0,0,0,0,1
865.3,25.74,6.88,138.3,6.67,4.7,3.86,10.59,0,0,1,0,0,1,0,0,0,1
1175.6,27.8,6.86,222.5,8.03,4.8,0.97,10.03,0,0,1,0,0,1,0,0,0,1
992.4,23.9,6.29,177.0,4.64,6.2,10.03,7.91,0,1,0,0,1,0,0,0,0,1
1010.4,32.0,5.73,211.9,1.58,6.0,4.94,8.7,0,0,0,1,0,0,0,0,1,1
1335.2,20.4,6.79,204.5,9.68,8.0,1.29,10.68,0,0,1,0,0,1,0,0,0,1
465.4,24.7,6.748,146.6,4.92,8.2,2.2,6.62,0,0,1,0,0,0,0,1,0,1
921.4,26.8,5.86,180.3,8.23,7.4,6.07,8.21,0,0,0,1,0,0,0,1,0,1
894.5,22.3,6.6,258.8,4.43,8.0,1.28,8.82,0,0,0,1,0,0,1,0,0,0
1370.6,16.7,7.28,97.8,3.4,7.7,1.07,7.72,0,1,0,0,0,0,0,0,0,1
850.6,19.4,5.14,192.1,5.39,8.9,8.84,9.0,0,0,0,1,0,0,0,0,0,1
1211.7,27.9,5.5,58.4,7.24,10.1,1.49,9.24,1,0,0,0,0,0,0,0,1,1
1154.2,26.5,5.96,170.0,7.82,7.6,3.17,11.28,0,0,0,1,0,1,0,0,0,1
574.8,18.8,6.07,152.8,2.41,8.1,1.29,8.21,0,0,0,1,0,0,0,1,0,1
1129.9,23.2,5.89,203.4,6.82,7.0,3.42,8.77,0,0,1,0,0,0,1,0,0,1
998.8,26.9,6.99,165.7,7.65,5.7,2.89,8.44,0,0,0,1,0,0,1,0,0,0
1303.5,18.9,4.97,194.1,10.65,6.2,5.23,9.7,0,0,0,1,0,1,0,0,0,1
1034.8,20.0,5.992,54.5,4.36,7.3,8.89,10.75,0,0,0,0,0,1,0,0,0,1
1266.2,25.4,5.78,77.4,2.05,9.2,2.59,5.61,0,0,1,0,1,0,0,0,0,0
1186.9,18.9,8.42,226.5,8.88,5.5,2.0,9.1,0,0,0,0,0,1,0,0,0,0
873.4,23.94,7.49,155.4,9.5,7.7,9.67,6.84,0,1,0,0,0,0,0,0,1,0
916.9,18.6,6.56,188.3,4.85,7.9,5.84,7.57,0,0,0,0,1,0,0,0,0,1
904.1,21.3,6.01,94.1,0.48,9.4,2.43,9.56,0,0,1,0,0,0,1,0,0,1
821.9,28.1,5.61,14.5,4.64,6.1,2.03,5.35,0,0,0,1,1,0,0,0,0,0
1075.4,28.9,6.85,158.0,8.0,6.2,2.53,8.09,0,0,1,0,0,0,0,0,1,0
880.4,21.4,5.96,110.5,3.5,7.7,5.6,9.15,0,0,0,1,0,0,0,0,0,1
825.7,26.8,7.65,114.5,2.04,7.0,2.67,9.56,0,0,0,0,0,1,0,0,0,0
864.0,25.7,6.05,125.2,7.08,8.5,0.86,8.97,1,0,0,0,0,0,0,1,0,1
739.2,27.1,6.17,206.4,2.7,8.5,6.02,9.09,1,0,0,0,0,0,0,0,0,1
1160.1,24.2,6.41,119.5,1.69,9.0,2.26,8.03,0,0,0,1,0,0,0,0,0,0
830.1,25.1,6.79,127.28479999999999,10.72,6.4,3.3,8.51,0,0,0,0,0,0,0,0,1,1
912.5,26.26,5.48,206.2,4.12,8.5,2.15,10.3,0,0,0,0,0,1,0,0,0,1
1026.2,29.7,6.9,174.1,4.29,7.859999999999999,9.81,9.49,1,0,0,0,0,0,1,0,0,1
1324.7,19.7,6.08,173.1,3.29,8.3,1.08,11.14,0,1,0,0,0,1,0,0,0,0
798.5,27.1,6.19,174.9,3.66,8.1,2.02,8.68,1,0,0,0,0,0,0,0,1,0
653.4,33.6,6.33,115.6,6.69,6.0,1.8359999999999999,6.48,0,0,0,1,1,0,0,0,0,1
975.2199999999999,22.1,7.05,133.3,3.62,6.2,0.79,10.45,0,0,0,1,0,0,1,0,0,1
839.6,29.9,6.64,90.4,7.14,6.9,3.26,7.68,1,0,0,0,1,0,0,0,0,1
1174.7,19.1,7.99,165.3,3.85,8.1,2.07,7.87,0,0,0,0,0,0,0,1,0,1
1488.4299999999998,25.8,6.04,120.0,5.83,5.1,4.58,5.2514,0,1,0,0,0,0,0,0,1,0
746.0,25.5,6.66,143.2,2.6,8.2,6.7,9.65,0,0,0,1,0,0,1,0,0,0
1229.9,28.9,8.42,112.7,2.68,6.7,1.55,6.08,1,0,0,0,0,0,0,0,0,0
1001.1,19.6,7.28,148.2,4.56,8.1,4.17,8.28,0,0,0,0,0,0,0,1,0,1
377.0,25.6,5.0,72.3,10.43,8.2,2.14,8.92,0,0,0,1,0,1,0,0,0,0
714.6,28.2,6.83,112.4,5.38,9.3,2.54,7.69,0,0,0,0,1,0,0,0,0,1
934.1,28.9,6.6,104.4,3.75,6.3,10.2,8.9,1,0,0,0,0,0,1,0,0,0
1019.3,18.9,7.32,163.7,1.89,6.1,10.39,9.6,1,0,0,0,0,0,1,0,0,1
900.0,28.0,5.77,170.3,4.13,9.0,3.32,8.68,0,1,0,0,0,0,0,0,0,1
840.9,24.6,6.36,163.4,3.5,8.8,5.98,9.08,0,0,0,1,0,0,1,0,0,0
771.9,29.1,6.48,126.4,6.47,6.1,3.54,9.64,0,0,0,0,0,1,0,0,0,0
926.6,26.4,7.24,159.3,2.488,7.1,9.13,10.5,0,0,0,1,0,0,1,0,0,1
1488.4299999999998,25.5,5.01,215.2,5.27,9.5,5.12,6.17,0,1,0,0,1,0,0,0,0,1
1466.0,23.2,6.94,255.1,6.05,7.5,11.19,8.32,1,0,0,0,0,0,0,1,0,0
1387.8,26.0,6.26,166.2,5.38,6.0,1.81,7.52,0,0,1,0,0,0,0,1,0,1
734.7,18.9,6.26,16.7,4.75,9.1,2.19,6.23,0,0,0,0,0,0,0,1,0,0
381.6,34.9,6.13,110.3,8.38,8.3,1.55,7.2,0,0,0,0,0,0,0,0,0,1
1112.6,30.8,7.29,87.7,6.94,7.0,4.4,5.72,0,0,1,0,0,0,0,1,0,0
1042.3,23.0,7.06,180.0,6.96,6.5,0.77,7.15,0,0,1,0,0,0,0,0,0,0
956.8,17.3,6.79,196.90000000000003,1.66,4.1,13.92,7.54,0,1,0,0,0,0,0,0,1,1
1108.5,27.5,7.68,286.7380000000001,8.04,7.8,1.29,7.71,0,0,1,0,0,0,1,0,0,1
606.4,20.6,4.59,156.3,1.96,9.8,4.19,10.41,1,0,0,0,0,1,0,0,0,1
1074.6,20.7,6.18,163.7,2.3,8.7,2.96,9.96,0,1,0,0,0,0,1,0,0,1
1192.1,29.4,6.51,148.4,2.59,7.1,10.09,7.67,0,0,1,0,0,0,0,0,0,0
738.8,21.7,7.71,98.2,3.67,5.6,6.42,6.71,0,0,0,1,0,0,0,0,1,0
695.0,22.9,6.61,266.7,5.23,9.2,0.86,11.16,1,0,0,0,0,1,0,0,0,1
1155.3,33.4,6.35,127.1,3.63,4.9,5.37,6.98,1,0,0,0,0,0,0,1,0,0
701.1,22.8,6.49,153.2,6.02,6.8,1.45,10.74,0,1,0,0,0,1,0,0,0,1
827.4,26.2,5.6,171.3,8.36,7.9,4.36,10.23,0,1,0,0,0,1,0,0,0,1
913.3,25.0,6.52,132.8,0.72,7.9,1.8,8.63,1,0,0,0,0,0,0,1,0,1
558.6,24.7,6.42,93.6,3.27,7.3,5.34,7.44,0,1,0,0,0,0,0,0,1,0
751.1,24.1,6.08,178.2,6.25,7.5,0.83,7.86,0,0,0,0,0,0,0,0,0,1
934.5799999999999,23.3,7.51,98.0,4.79,9.5,2.59,10.55,0,1,0,0,0,1,0,0,0,1
463.9,35.9,6.15,207.9,4.2,7.1,1.91,9.12,0,0,0,1,0,0,1,0,0,1
1169.5,24.3,6.69,128.7,8.15,7.2,28.908999999999867,7.61,0,0,1,0,0,0,0,1,0,1
919.8,19.2,7.57,113.7,4.38,10.3,13.26,9.02,1,0,0,0,0,0,0,1,0,1
880.7927999999999,27.1,5.88,243.2,5.0,7.3,4.418,10.6,0,0,0,0,0,1,0,0,0,1
872.2,28.9,6.19,173.3,5.04,8.4,1.98,7.97,0,0,0,0,0,0,0,0,0,0
1180.5,25.2,7.5,64.2,3.93,4.5,6.86,8.3,0,0,0,0,0,0,1,0,0,0
723.2,15.1,7.53,118.31999999999998,6.35,10.6,4.26,7.25,1,0,0,0,1,0,0,0,0,1
621.0,25.9,5.51,96.8,4.46,8.8,2.06,9.05,0,1,0,0,0,0,1,0,0,0
605.0,21.5,6.41,156.4,7.39,6.2,2.11,8.01,0,0,0,0,0,0,0,0,1,1
797.1,26.9,6.81,203.3,2.81,7.6,2.52,9.7,0,0,1,0,0,1,0,0,0,0
917.0599999999998,26.6,6.27,186.1,4.54,7.0,3.19,9.37,0,0,0,0,0,0,0,0,1,1
835.6,17.1,7.13,132.2,7.88,7.7,10.32,7.3,0,0,0,0,0,0,0,0,0,0
781.9,21.3,6.81,113.0,10.5,11.0,0.45,7.66,0,0,0,1,1,0,0,0,0,1
805.8,23.7,5.48,135.9,5.55,4.0,1.54,9.48,1,0,0,0,0,0,1,0,0,0
625.1,27.0,6.66,200.4,2.68,9.2,9.8,8.87,0,0,0,1,0,0,0,0,1,1
1051.3,22.3,6.9,224.4,4.24,9.7,3.51,8.79,0,0,0,0,0,0,0,0,0,1
1027.7,21.1,6.0,197.3,7.11,10.2,11.007799999999973,9.27,0,0,0,0,0,0,0,0,0,1
946.2,29.1,5.83,127.66,3.19,6.7,0.61,6.75,0,1,0,0,0,0,0,1,0,0
976.0,14.6,6.24,197.2,3.18,7.0,1.8,8.12,1,0,0,0,0,0,0,0,1,0
934.5,35.8,5.89,84.8,2.57,7.9,7.95,7.81,0,0,0,0,0,0,0,0,1,1
1441.7,26.9,5.89,44.1,2.41,7.7,5.67,9.45,0,0,0,0,0,1,0,0,0,1
790.7,29.3,6.4,239.1,3.33,7.0,4.69,9.89,0,0,0,0,0,1,0,0,0,0
802.2,26.5,5.33,94.1,6.46,8.6,1.35,6.6,0,1,0,0,0,0,0,1,0,1
975.0,20.8,6.48,85.3,10.857599999999984,4.0,1.53,8.84,0,0,0,0,0,0,1,0,0,1
761.8,32.6,6.73,138.4,7.29,5.3,2.32,6.91,0,0,0,0,0,0,0,0,0,1
892.3,31.3,6.46,127.9,5.13,6.5,5.74,6.47,0,1,0,0,0,0,0,1,0,0
799.0,19.4,7.06,146.3,2.76,7.4,6.12,11.09,0,0,1,0,0,1,0,0,0,1
877.4,21.6,6.62,176.0,5.94,7.4,3.66,10.86,0,0,0,1,0,1,0,0,0,0
1021.4,28.7,6.3,198.7,10.857599999999984,6.4,6.86,7.9,0,1,0,0,0,0,1,0,0,0
1352.7,23.1,6.4,167.0,4.35,5.9,1.27,9.62,0,0,1,0,0,0,1,0,0,1
796.1,22.2,6.6,73.8,6.13,9.6,16.02,7.12,0,1,0,0,0,0,0,1,0,1
733.6,27.1,8.42,168.2,6.07,5.1,1.83,5.64,0,0,0,1,0,0,0,1,0,0
529.5,22.2,7.16,96.3,3.85,6.8,17.4,10.1,0,0,0,0,0,1,0,0,0,0
884.3,25.3,7.1,41.6,4.46,5.3,7.12,7.3,1,0,0,0,0,0,0,1,0,0
833.3,26.9,6.5,214.9,2.84,7.4,5.014000000000001,8.33,1,0,0,0,0,0,0,1,0,0
1024.2,16.4,6.67,82.4,9.03,6.0,1.04,10.5,0,0,1,0,0,1,0,0,0,1
810.8,21.9,5.57,189.3,0.0,7.3,10.63,11.54,1,0,0,0,0,1,0,0,0,1
915.3,21.0,5.23,160.9,4.21,5.8,0.75,9.74,0,0,0,0,0,1,0,0,0,0
833.9,29.7,5.79,172.0,10.857599999999984,8.0,18.75,10.14,0,0,1,0,0,1,0,0,0,1
985.2,21.4,6.17,140.6,6.96,7.5,2.19,9.44,0,1,0,0,0,0,1,0,0,1
868.6,21.9,6.17,166.8,2.18,7.9,9.36,8.15,0,1,0,0,0,0,0,1,0,1
569.8,20.8,7.61,231.4,2.11,6.8,2.98,10.94,0,0,0,0,0,1,0,0,0,1
1045.5,22.8,6.69,63.0,10.34,7.6,5.95,7.74,1,0,0,0,1,0,0,0,0,1
713.7,30.5,6.32,145.2,5.07,7.7,4.21,7.29,0,0,1,0,0,0,0,0,1,0
997.0,21.1,7.43,245.0,5.18,9.0,2.0,7.84,0,1,0,0,0,0,0,0,1,0
906.8,27.9,5.52,120.6,0.14,5.5,0.94,6.41,0,0,1,0,0,0,0,0,1,0
777.0,21.7,8.27,206.2,2.99,9.0,3.67,10.02,1,0,0,0,0,0,1,0,0,1
1043.9,28.8,6.31,134.0,0.0,6.0,7.05,8.89,1,0,0,0,0,0,0,0,1,0
945.5,24.1,6.56,186.9,1.39,7.0,2.972,7.16,0,0,1,0,0,0,0,1,0,0
351.0,29.8,5.84,252.6,10.857599999999984,6.0,2.83,5.2514,0,0,1,0,1,0,0,0,0,0
908.7,21.7,6.61,198.9,4.86,4.9,2.41,7.38,0,0,0,1,0,0,0,1,0,0
1295.3,19.9,5.9,207.4,5.858,5.6,22.42,8.29,0,0,1,0,0,0,0,0,1,1
578.8,31.6,5.99,165.1,5.012,6.1,1.99,6.99,0,0,0,0,0,0,0,1,0,1
1235.6,22.7,6.97,96.1,1.11,4.9,5.82,9.17,0,1,0,0,0,0,1,0,0,0
687.5,22.3,6.41,134.7,1.23,9.2,8.02,8.74,1,0,0,0,1,0,0,0,0,1
636.3,17.2,5.52,86.3,10.17,7.3,8.151799999999973,8.48,0,0,1,0,0,0,1,0,0,1
330.164,25.0,5.85,182.8,4.77,7.2,3.82,5.87,0,0,0,1,1,0,0,0,0,0
769.4,21.1,5.91,122.3,10.857599999999984,11.0,0.5,7.04,0,1,0,0,1,0,0,0,0,1
757.3,14.4,6.84,81.9,10.71,8.6,1.33,7.66,0,0,0,0,0,0,0,0,1,1
1282.0,27.0,6.91,260.4,7.66,6.9,2.44,8.66,0,0,0,1,0,0,1,0,0,0
1245.6,20.6,5.3,75.8,6.05,6.7,4.09,6.23,0,0,0,0,1,0,0,0,0,1
698.4,23.3,5.63,117.2,6.41,9.6,4.21,7.89,0,0,0,0,0,0,0,0,1,0
1054.7,29.1,6.7,246.3,7.7,9.1,2.36,9.34,0,1,0,0,0,1,0,0,0,0
330.164,27.0,6.93,189.3,5.6,6.2,2.97,5.2514,0,0,0,0,1,0,0,0,0,0
921.4,22.7,4.9,164.9,9.84,7.9799999999999995,2.81,7.28,0,1,0,0,0,0,0,1,0,0
971.3,25.6,6.92,179.9,4.09,5.6,5.89,9.78,1,0,0,0,0,0,1,0,0,1
1119.1,24.360000000000003,6.05,200.5,2.44,6.2,28.5,8.81,0,0,1,0,0,0,0,0,1,1
1043.3200000000002,20.5,4.83,133.84,2.31,6.7,5.18,7.03,0,0,0,1,0,0,0,0,0,0
416.5,28.0,6.3,233.0,4.52,6.1,0.68,9.89,0,0,1,0,0,1,0,0,0,1
940.6,23.2,6.264,72.6,3.79,6.9,3.85,8.92,0,1,0,0,0,0,1,0,0,1
697.0,27.6,5.97,172.3,0.62,7.7,0.59,9.37,1,0,0,0,0,0,1,0,0,0
865.6200000000001,29.8,6.45,130.5,1.04,7.5,12.52,8.78,1,0,0,0,0,0,0,0,1,1
1037.3,25.0,6.29,236.5,4.45,8.7,2.72,7.93,0,0,1,0,0,0,0,0,1,1
1306.2,26.0,5.08,142.1,5.08,7.1,4.93,7.62,0,1,0,0,0,0,0,1,0,1
818.6,27.6,5.76,15.7,4.66,9.7,3.386,11.3,0,1,0,0,0,1,0,0,0,1
984.5,22.9,6.05,158.0,4.48,5.9,9.59,8.33,0,1,0,0,0,0,0,1,0,0
1330.9,20.2,5.88,15.6,5.53,7.1,3.29,6.32,1,0,0,0,1,0,0,0,0,0
1255.8,23.9,6.62,171.8,4.96,8.5,8.34,8.95,0,0,0,0,0,0,1,0,0,0
875.6,26.6,5.12,58.3,4.31,7.1,0.8,5.48,0,0,1,0,0,0,0,1,0,0
849.86,24.7,7.45,187.0,4.96,10.1,21.1,11.05,0,0,1,0,0,1,0,0,0,1
504.4,25.3,7.61,79.6,5.66,8.8,5.66,8.79,0,0,1,0,0,1,0,0,0,0
894.9,23.5,7.58,158.8,0.0,9.5,4.45,7.19,0,0,1,0,0,0,0,0,1,0
943.3,25.3,5.6,218.5,7.54,4.8,2.48,7.93,0,1,0,0,0,0,0,0,1,1
1129.6,25.0,6.87,102.7,7.95,8.8,1.98,9.93,0,1,0,0,0,0,1,0,0,1
730.1,21.3,5.89,261.4,1.62,7.9,7.1,7.29,0,0,1,0,0,0,0,1,0,1
788.5600000000001,23.6,5.47,201.0,0.49,7.9,4.15,8.81,0,0,0,0,0,0,0,1,0,1
478.1,30.3,5.1,170.4,0.0,9.2,0.42,6.64,0,0,0,1,0,0,0,0,1,0
666.6,29.8,5.03,43.1,5.75,8.6,4.57,5.61,0,0,1,0,1,0,0,0,0,1
1177.9,22.5,5.84,78.4,8.32,7.4,7.026000000000001,10.63,0,0,0,1,0,1,0,0,0,1
1058.7,15.6,6.12,108.8,7.41,7.7,1.15,6.72,0,1,0,0,0,0,0,0,0,0
715.9,21.9,7.65,81.1,3.73,6.8,4.75,9.99,0,0,0,0,0,1,0,0,0,1
1057.5,22.0,5.03,145.9,1.62,8.0,3.13,7.8,0,1,0,0,0,0,0,1,0,1
1211.2,26.2,7.09,48.9,2.318,10.0,4.28,6.51,0,0,0,0,0,0,0,0,0,0
1148.4,14.5,5.07,65.2,8.15,5.1,2.16,8.71,0,0,0,0,0,1,0,0,0,0
1408.1,33.6,5.58,7.624000000000001,8.0,7.8,4.4,5.48,0,0,0,1,1,0,0,0,0,1
613.9,29.0,6.76,36.9,9.57,8.2,2.29,6.66,0,0,0,0,0,0,0,1,0,0
1155.5,18.0,6.73,68.2,6.18,5.7,0.44,8.41,1,0,0,0,0,0,0,0,0,1
1170.0,19.8,6.24,182.9,5.99,5.6,6.62,8.48,0,0,0,0,0,0,1,0,0,0
696.8,24.1,6.15,175.6,5.68,6.2,6.516,10.28,0,0,0,0,0,1,0,0,0,0
890.9200000000001,21.0,5.6,108.7,4.79,6.8,3.0,7.2,0,0,0,1,1,0,0,0,0,1
945.5,27.0,6.58,151.4,7.95,8.3,4.4,6.29,0,1,0,0,0,0,0,1,0,0
989.1,24.7,6.356,135.5,2.16,7.9,1.29,8.23,0,0,0,0,0,0,0,1,0,1
938.2,19.4,5.81,140.22,7.88,10.6,5.54,8.85,0,0,0,1,0,0,0,0,1,1
947.5,18.9,5.89,129.5,5.72,7.9,0.85,8.06,0,0,0,1,0,0,0,0,0,1
1004.5,22.6,6.17,58.8,6.45,8.8,1.2,8.17,1,0,0,0,0,0,0,0,1,0
1014.6,17.7,7.5,187.6,3.87,10.2,27.05,9.9,1,0,0,0,0,0,1,0,0,1
961.8,13.2,6.79,138.82,2.18,8.0,2.72,6.05,0,0,1,0,1,0,0,0,0,0
703.7,18.2,5.79,55.2,3.004,7.0,2.44,9.15,0,0,0,1,0,0,1,0,0,1
479.6,23.9,6.83,30.8,2.66,7.7,4.460000000000001,9.43,1,0,0,0,0,1,0,0,0,0
917.6,22.5,8.18,207.8,7.31,8.6,3.01,8.95,1,0,0,0,0,0,0,0,0,1
1062.4,28.8,7.03,202.9,6.34,7.4,3.39,8.1,0,0,0,1,1,0,0,0,0,1
776.8,26.0,6.57,176.5,1.65,7.3,17.5,11.23,1,0,0,0,0,1,0,0,0,1
812.8,19.7,6.851999999999999,79.6,8.59,9.3,1.77,7.94,0,0,0,1,1,0,0,0,0,1
971.3,31.6,6.7,197.1,6.31,9.4,0.52,6.3,0,0,0,1,1,0,0,0,0,0
968.8,26.7,7.81,160.76,8.9,6.7,4.61,5.56,0,0,1,0,0,0,0,0,1,0
1260.6,26.3,7.71,101.7,3.61,6.6,14.18,5.78,0,1,0,0,1,0,0,0,0,0
805.9,24.2,6.98,198.5,4.64,7.0,1.07,8.76,0,0,1,0,0,0,1,0,0,0
656.8,28.9,7.19,204.3,4.54,6.9,2.41,5.41,0,0,0,0,1,0,0,0,0,0
878.4,27.5,7.63,133.94,3.9559999999999995,6.860000000000001,3.45,8.99,0,0,0,0,0,0,1,0,0,1
1463.8,34.4,6.49,230.5,6.01,8.0,1.28,6.78,0,0,0,0,1,0,0,0,0,1
905.2,23.18,7.0,50.1,7.6,10.2,4.51,9.75,0,0,0,0,0,0,1,0,0,1
571.9,24.7,7.31,242.5,5.45,6.2,4.108,7.86,0,0,0,0,0,0,0,0,1,0
832.8,18.4,6.52,30.9,5.32,7.6,2.3,8.88,1,0,0,0,0,0,1,0,0,0
622.2,20.1,6.82,179.2,7.59,7.8,0.77,6.41,0,0,0,1,0,0,0,1,0,0
1204.6,16.2,7.23,177.2,8.28,8.9,1.06,11.578600000000005,1,0,0,0,0,1,0,0,0,1
1232.5,16.3,6.69,258.7,7.26,11.0,2.89,7.04,0,0,0,0,0,0,0,1,0,0
1327.0,32.2,7.68,11.2,4.89,6.8,0.43,8.65,1,0,0,0,0,0,1,0,0,1
1080.8,31.2,7.17,187.68,5.84,9.7,3.7,10.37,1,0,0,0,0,1,0,0,0,0
724.2,22.1,6.37,192.0,4.06,4.2,3.94,10.42,0,0,0,0,0,1,0,0,0,1
878.4,19.8,6.7,148.04000000000002,1.95,9.0,2.61,5.62,0,1,0,0,1,0,0,0,0,0
789.1,18.2,8.42,109.5,5.38,6.5,11.3,8.63,1,0,0,0,0,0,1,0,0,0
656.4,24.2,6.27,108.0,3.4379999999999997,6.3,5.95,8.29,0,0,1,0,0,0,1,0,0,1
853.2,16.9,6.25,153.0,9.35,7.7,3.24,9.98,0,1,0,0,0,1,0,0,0,0
1155.4,35.9,6.596000000000001,143.6,2.57,7.4,4.73,9.01,0,0,0,0,0,1,0,0,0,0
569.4,24.4,7.82,154.5,8.04,6.3,2.81,7.75,0,0,1,0,0,0,0,0,1,1
629.4,26.2,5.97,186.7,7.15,5.8,3.23,9.76,0,0,1,0,0,1,0,0,0,0
1086.9,25.8,6.56,32.5,6.84,7.239999999999999,2.06,6.28,0,1,0,0,1,0,0,0,0,0
997.6,24.5,7.34,282.2,3.89,8.8,0.78,6.65,0,0,1,0,1,0,0,0,0,0
1133.9,28.4,6.33,188.0,1.7,9.1,4.12,8.15,1,0,0,0,0,0,0,0,0,0
1049.4,29.7,8.42,202.1,6.24,7.1,0.94,7.83,0,0,0,1,0,0,0,0,1,1
1121.8,16.3,6.47,29.2,3.62,11.0,2.05,6.4,0,0,1,0,0,0,0,0,1,0
1307.1,19.9,5.87,130.7,2.07,6.9,4.13,7.57,1,0,0,0,0,0,0,1,0,0
504.1,21.0,6.79,7.624000000000001,5.71,6.1,6.07,6.4,0,0,0,1,0,0,0,1,0,0
1296.4,27.3,6.69,137.7,4.82,5.5,1.58,7.67,0,1,0,0,0,0,0,1,0,0
1370.8,18.5,4.78,148.9,8.64,7.7,9.66,7.05,0,1,0,0,1,0,0,0,0,1
872.7,28.1,7.27,217.0,8.52,10.2,4.359999999999999,7.73,0,0,0,0,0,0,0,1,0,1
1187.7,21.4,5.91,170.5,3.88,6.0,6.23,7.54,0,1,0,0,0,0,0,1,0,1
956.8,34.8,6.15,45.4,0.18,6.0,0.75,5.89,0,0,1,0,0,0,0,0,0,1
538.6,19.3,5.07,118.1,2.7,6.8,2.76,7.1,1,0,0,0,0,0,0,1,0,0
416.9,31.9,5.63,207.0,7.05,6.7,1.72,9.07,0,0,0,1,0,0,1,0,0,1
568.7,30.7,5.82,182.8,3.11,9.6,2.9,6.21,0,0,0,1,0,0,0,1,0,0
517.4,19.3,7.72,79.5,3.8940000000000006,8.9,6.9,5.2514,0,0,0,1,1,0,0,0,0,0
533.9,27.0,7.03,87.2,5.07,7.2,1.24,6.68,0,1,0,0,0,0,0,1,0,0
1002.3,28.2,5.29,27.8,5.33,8.3,0.77,6.34,0,1,0,0,0,0,0,0,1,0
1314.9,26.1,6.03,117.0,3.08,9.7,3.76,7.35,0,1,0,0,0,0,0,1,0,1
914.3,21.7,6.37,239.6,8.32,5.6,0.98,10.26,0,0,0,1,0,1,0,0,0,0
894.5,24.7,6.91,63.0,7.22,7.5,0.85,5.68,0,0,0,0,1,0,0,0,0,0
941.9,27.1,7.72,231.0,5.07,8.3,8.39,7.8,0,1,0,0,1,0,0,0,0,1
601.5,24.0,6.29,171.8,8.77,7.5,2.22,8.8,0,0,1,0,0,0,0,0,0,1
885.0,21.1,6.81,100.3,5.59,6.2,11.68,8.14,0,1,0,0,0,0,0,0,1,0
846.8,33.0,6.66,99.5,5.29,6.8,0.42,9.3,1,0,0,0,0,0,1,0,0,1
1147.7,23.04,7.3,136.9,8.08,9.1,4.84,8.52,0,0,0,0,0,0,1,0,0,0
849.0,26.3,4.93,236.2,3.85,6.9,18.42,9.93,0,0,0,0,0,1,0,0,0,1
1262.6,25.5,6.754,202.4,4.204,8.3,3.04,9.7,0,0,1,0,0,0,1,0,0,1
1256.3,22.2,6.1,118.9,0.67,5.8,2.31,8.43,1,0,0,0,0,0,0,0,1,1
827.6,19.8,6.08,105.5,5.53,5.1,0.59,6.49,0,0,1,0,0,0,0,0,1,0
1173.1,29.3,7.47,121.8,7.56,8.0,4.85,8.77,0,0,0,0,0,0,1,0,0,0
1011.7,19.6,7.48,101.0,4.75,8.4,9.9,7.67,1,0,0,0,1,0,0,0,0,1
1098.3,24.5,7.71,150.5,5.79,8.9,6.388,9.11,0,0,1,0,0,0,1,0,0,1
1483.1,21.8,5.83,203.1,5.6,9.1,0.94,10.25,0,0,0,0,0,1,0,0,0,1
1233.9,19.0,6.616,135.5,4.54,6.7,4.77,6.69,0,0,0,1,1,0,0,0,0,1
936.7,16.9,7.34,119.1,4.72,8.4,3.49,9.36,1,0,0,0,0,0,0,0,0,1
761.8,18.3,7.43,44.7,3.618,7.9,1.22,5.5,0,0,1,0,1,0,0,0,0,0
600.4,18.5,6.31,100.1,6.89,6.8,28.908999999999867,7.66,0,0,1,0,0,0,0,0,1,0
1193.4,20.1,7.35,273.1,8.34,5.6,6.52,11.19,0,0,0,1,0,1,0,0,0,1
1018.8,18.2,6.03,144.9,3.49,7.1,5.32,9.82,1,0,0,0,0,0,1,0,0,0
883.0,21.2,6.06,124.5,4.59,7.3,10.19,7.09,0,1,0,0,0,0,0,1,0,0
1332.3,28.6,5.0,116.8,6.98,9.8,4.33,8.11,1,0,0,0,0,0,1,0,0,0
372.2,23.9,5.7,62.5,2.04,9.0,1.15,5.2514,0,0,1,0,1,0,0,0,0,0
330.164,35.0,7.2,135.1,5.3,7.6,5.98,5.2514,0,0,0,0,1,0,0,0,0,1
887.0,20.5,5.98,157.6,7.29,7.7,1.75,10.99,0,1,0,0,0,1,0,0,0,1
978.4,25.520000000000003,6.88,235.3,3.34,6.7,8.36,7.04,0,0,0,1,0,0,0,0,0,0
1073.6,22.9,5.56,231.5,7.94,7.8,2.86,11.18,1,0,0,0,0,1,0,0,0,0
1132.5,20.0,6.49,132.9,4.56,8.2,3.128,6.74,0,0,0,1,0,0,0,1,0,0
515.6,25.1,6.11,152.7,3.19,7.1,11.74,9.59,1,0,0,0,0,0,1,0,0,1
720.4,18.4,7.037999999999999,217.2,4.49,5.8,3.13,8.89,1,0,0,0,0,0,0,0,1,0
1084.5,19.4,6.96,267.2,9.51,6.1,5.38,7.84,0,0,0,1,0,0,0,0,0,0
1130.2,33.7,6.83,181.5,6.07,7.9,1.79,8.32,1,0,0,0,0,0,0,1,0,1
601.5,21.7,7.34,129.2,7.21,8.8,9.4,7.38,0,0,1,0,0,0,0,1,0,1
879.7,16.9,7.3260000000000005,37.4,8.65,7.7,0.72,6.75,1,0,0,0,1,0,0,0,0,0
1221.9,23.1,6.06,117.24000000000001,8.04,6.7,6.67,7.19,1,0,0,0,0,0,0,0,1,0
1467.6,22.6,7.68,180.5,7.0,6.1,4.44,6.81,0,0,0,0,1,0,0,0,0,1
811.7,14.3,6.4,50.4,4.51,8.1,5.24,7.35,1,0,0,0,0,0,0,1,0,1
1097.4,27.3,4.94,130.9,9.34,9.5,1.78,8.12,0,0,0,1,0,0,0,0,1,1
1148.9,18.1,8.05,74.6,4.67,6.8,5.19,8.67,0,0,0,1,0,0,1,0,0,1
1157.5,24.1,6.41,98.8,2.05,9.4,1.71,7.64,0,0,0,1,0,0,0,0,0,1
862.6,31.3,6.85,194.5,3.2,7.7,3.83,7.38,0,1,0,0,0,0,0,0,0,0
812.5,22.4,7.09,157.8,3.83,9.4,1.17,6.77,0,1,0,0,1,0,0,0,0,0
1201.5,20.4,7.76,147.1,5.16,7.12,0.75,8.04,0,0,0,0,0,0,0,0,0,1
934.0,28.6,6.75,185.9,0.0,6.6,0.89,6.02,0,0,1,0,0,0,0,1,0,0
1000.0,22.5,7.34,174.7,5.26,7.4,15.26,9.07,1,0,0,0,1,0,0,0,0,1
963.7,28.2,5.74,142.6,5.14,6.8,2.588,7.16,0,0,0,0,1,0,0,0,0,0
635.1,27.5,4.9,138.4,4.07,6.1,0.64,6.19,0,1,0,0,0,0,0,1,0,0
685.6,31.5,6.14,16.0,5.19,4.0,5.17,5.96,0,0,1,0,0,0,0,1,0,1
899.6,28.2,6.99,142.0,2.82,6.1,4.98,10.39,0,0,0,1,0,1,0,0,0,1
1177.4,23.9,6.1,223.8,4.16,9.6,3.56,10.25,1,0,0,0,0,0,1,0,0,0
1238.1,26.419999999999998,6.19,185.2,6.61,6.9,0.86,5.87,0,0,0,1,1,0,0,0,0,0
775.1,27.7,8.42,163.0,8.67,9.2,0.79,6.19,0,0,0,0,1,0,0,0,0,1
921.1,23.3,7.09,115.7,4.52,6.4,17.23,7.67,0,0,0,0,0,0,0,0,1,0
501.6,19.6,5.94,160.0,3.41,8.4,2.62,7.18,0,0,0,0,0,0,0,0,0,0
942.9,20.7,7.24,187.2,5.52,8.9,4.1,9.4,0,0,0,0,0,0,0,0,1,1
918.9,20.1,6.8,149.6,6.8,9.5,1.59,11.578600000000005,0,0,1,0,0,1,0,0,0,1
1164.2,25.6,6.04,83.2,3.33,8.1,27.11,8.39,0,0,0,1,0,0,0,0,1,1
1059.6200000000001,21.8,7.22,211.8,8.93,9.1,3.76,7.88,0,0,0,0,0,0,0,0,0,1
1050.2,13.7,7.05,248.0,4.27,8.8,0.76,6.21,0,0,1,0,1,0,0,0,0,0
738.8,20.1,6.51,205.2,8.41,9.4,3.14,9.47,0,0,0,0,0,0,1,0,0,1
1043.6,28.1,5.74,170.1,4.012,7.9,8.04,10.35,0,0,0,1,0,0,1,0,0,1
1028.6,30.2,6.99,71.2,1.2,7.5,0.67,7.14,1,0,0,0,0,0,0,0,0,0
495.6,28.2,7.2,172.9,6.04,9.4,9.98,8.63,0,0,0,1,0,0,0,0,1,1
870.2,27.7,7.06,193.3,2.85,5.6,2.84,6.3,0,0,1,0,1,0,0,0,0,1
716.7,21.6,7.15,201.6,5.6,5.7,3.85,7.23,0,0,1,0,0,0,0,1,0,1
1061.7,21.2,7.31,175.7,2.07,5.1,3.8,10.48,0,0,0,1,0,1,0,0,0,0
1361.0,24.2,6.62,248.6,4.3,4.7,4.04,8.43,1,0,0,0,0,0,0,0,1,1
1127.0,23.7,6.61,183.2,3.15,6.8,6.684,10.44,0,0,0,0,0,1,0,0,0,1
1017.4,23.6,8.33,250.7,1.87,5.3,13.7,7.14,0,0,0,0,0,0,0,1,0,1
763.6,21.9,5.39,176.4,8.85,7.3,1.49,9.34,0,0,0,1,0,0,1,0,0,1
1018.1,17.1,6.77,83.1,4.6,9.4,2.75,8.02,0,0,0,1,0,0,0,1,0,1
1081.1,20.4,5.76,124.7,1.69,8.7,3.68,10.85,0,0,0,0,0,1,0,0,0,1
1211.8,29.8,5.91,232.4,6.4,7.6,1.22,7.08,0,0,0,1,1,0,0,0,0,1
840.0,26.0,7.014,115.9,7.74,9.0,18.14,8.45,0,0,1,0,0,0,0,0,1,1
799.9,27.5,6.43,162.2,7.5,8.4,2.59,8.38,0,0,0,1,0,0,0,0,1,1
942.4,22.1,7.04,102.4,7.31,6.6,6.51,7.51,1,0,0,0,0,0,0,0,0,0
974.1,26.7,7.23,66.0,5.15,6.9,4.69,7.54,0,0,1,0,0,0,0,0,0,0
1046.1,16.1,5.79,140.6,2.06,8.1,1.49,6.28,0,0,1,0,0,0,0,1,0,0
808.0,23.66,6.54,51.1,2.36,7.9,14.07,8.98,0,0,0,0,0,0,0,0,1,1
889.3,24.3,7.33,7.624000000000001,7.59,8.1,3.26,6.85,0,0,1,0,0,0,0,1,0,1
984.1,23.4,7.28,119.9,4.07,6.8,0.54,8.65,1,0,0,0,0,0,0,0,0,1
959.6,21.1,6.6,103.6,0.93,10.2,1.49,7.83,0,0,1,0,0,0,0,0,0,1
1004.2,25.2,7.04,94.9,4.98,6.2,2.94,8.26,0,1,0,0,0,0,1,0,0,0
944.6,21.1,5.58,146.1,1.83,9.0,12.2,11.05,1,0,0,0,0,1,0,0,0,0
1071.4,26.060000000000002,7.57,142.0,4.91,8.8,5.65,7.65,0,0,0,1,0,0,0,0,0,0
442.1,21.5,5.36,226.8,7.23,7.4,1.86,8.67,1,0,0,0,0,0,0,1,0,1
728.7,21.4,6.96,167.5,7.58,6.3,28.908999999999867,10.28,0,0,0,0,0,1,0,0,0,1
819.1,27.5,6.53,205.6,5.22,7.859999999999999,3.02,8.63,0,1,0,0,0,0,1,0,0,0
1000.5,19.1,6.69,113.84,7.71,6.2,2.93,9.1,1,0,0,0,0,0,0,0,1,0
1407.8,26.26,6.66,185.3,3.91,8.2,1.68,10.18,0,0,0,0,0,1,0,0,0,0
923.7,27.8,7.88,202.1,7.7,9.3,1.01,9.46,0,0,1,0,0,0,1,0,0,1
527.7,26.7,7.93,185.1,2.5,7.2,1.58,6.87,1,0,0,0,0,0,0,1,0,0
923.9,27.0,6.63,169.5,7.27,7.5,2.35,8.25,0,0,0,1,0,0,0,1,0,1
746.0,32.4,7.32,184.6,4.97,8.2,7.89,7.66,1,0,0,0,0,0,0,0,1,0
1282.8,22.7,5.99,205.6,6.29,9.4,0.48,7.0,0,0,0,1,1,0,0,0,0,0
821.8,24.7,6.25,132.64,2.81,7.1,3.94,6.2,0,0,1,0,1,0,0,0,0,0
704.7,26.0,5.6,178.5,1.56,6.3,1.26,8.28,1,0,0,0,0,0,0,1,0,1
1019.5,21.9,7.21,165.5,6.25,5.7,6.95,6.85,0,1,0,0,0,0,0,0,0,0
839.7,14.7,7.73,154.0,0.81,8.2,3.72,9.58,0,0,0,1,0,1,0,0,0,0
1154.8,18.9,7.1,274.4,8.32,9.0,2.32,10.12,0,0,1,0,0,1,0,0,0,1
953.6,32.1,7.27,221.8,4.74,9.6,2.37,7.12,1,0,0,0,0,0,0,0,0,0
1253.4,20.6,6.16,176.9,8.4,5.8,2.6,7.67,0,0,0,1,0,0,0,0,0,0
1488.4299999999998,20.3,7.69,7.624000000000001,7.37,9.1,3.15,6.21,0,0,0,1,0,0,0,1,0,1
872.7,34.6,4.95,206.6,5.67,7.2,28.908999999999867,6.31,1,0,0,0,0,0,0,1,0,0
823.4,20.8,6.55,39.4,2.59,10.2,0.44,6.57,0,1,0,0,0,0,0,1,0,0
808.8,31.0,7.59,146.8,5.57,7.1,1.86,5.81,0,0,1,0,1,0,0,0,0,1
1132.8,24.0,5.87,115.1,5.52,5.6,3.0,7.85,0,0,1,0,0,0,1,0,0,0
1360.8,30.7,6.37,84.9,0.5,7.2,1.16,7.65,0,0,1,0,0,0,0,1,0,1
1042.1,20.9,7.12,147.5,2.88,9.1,5.95,8.69,0,1,0,0,0,0,0,1,0,1
706.9,25.7,6.58,102.6,6.4,7.8,0.89,8.25,0,0,0,0,0,0,0,0,1,1
1091.7,28.8,5.81,153.3,6.01,9.1,4.712000000000001,8.22,1,0,0,0,0,0,0,0,0,0
957.5,27.9,5.11,253.7,6.07,7.6,3.0,8.23,1,0,0,0,0,0,0,0,1,1
1254.9,19.3,6.38,204.0,3.72,7.6,3.69,7.92,0,0,0,1,0,0,0,0,1,0
788.5,23.3,6.728,159.0,4.07,7.92,0.84,8.07,0,0,1,0,0,0,0,0,1,1
819.9,23.3,6.6,166.6,4.6,8.9,3.39,9.0,0,1,0,0,0,0,0,1,0,1
986.4,35.9,5.93,286.7380000000001,8.05,10.4,3.53,6.43,1,0,0,0,0,0,0,1,0,0
1248.8,28.4,6.44,246.7,4.03,8.2,1.37,7.35,1,0,0,0,1,0,0,0,0,0
1112.7,26.9,6.02,155.6,0.0,10.1,3.62,9.61,1,0,0,0,0,0,0,0,0,1
1153.0,16.7,7.12,96.5,2.35,6.8,2.69,9.54,0,0,0,1,0,0,1,0,0,1
1002.5,19.7,6.47,178.8,0.0,6.2,6.08,10.35,1,0,0,0,0,0,1,0,0,1
969.6,18.3,6.69,109.5,3.62,4.4,5.63,6.51,0,0,0,1,1,0,0,0,0,0
692.1,29.0,5.63,188.2,6.85,8.0,4.43,10.9,1,0,0,0,0,1,0,0,0,0
895.4,24.8,6.28,270.3,2.93,5.3,4.94,9.24,1,0,0,0,0,0,1,0,0,0
839.4,14.7,8.42,127.5,3.63,5.4,8.84,8.0,1,0,0,0,0,0,1,0,0,0
936.2,18.5,6.14,139.5,4.36,7.0,6.66,6.9,0,0,0,1,1,0,0,0,0,1
1488.4299999999998,16.7,6.11,186.8,1.62,4.8,2.04,8.64,1,0,0,0,0,0,0,1,0,1
1275.1,30.2,7.21,164.4,3.39,5.2,0.84,7.57,0,0,1,0,0,0,0,0,1,1
887.3,22.7,5.61,223.7,2.97,7.980000000000001,5.26,7.78,0,0,0,0,0,0,0,0,1,0
1097.1,24.4,6.47,148.3,7.74,6.3,5.37,7.39,0,0,0,0,1,0,0,0,0,1
1118.7,20.5,5.97,274.5,7.0,9.9,3.72,7.28,0,0,1,0,0,0,0,0,1,0
820.3,25.0,6.61,85.6,5.0,6.9,6.12,7.21,0,0,0,0,0,0,0,1,0,0
508.2,22.1,5.973999999999999,111.2,3.81,7.8,2.98,6.92,1,0,0,0,0,0,0,1,0,0
1285.9,35.9,7.05,171.8,6.29,7.4,1.43,7.01,0,0,1,0,0,0,1,0,0,0
994.4,25.1,6.19,172.5,9.02,9.6,6.26,10.98,1,0,0,0,0,1,0,0,0,1
540.8,16.9,6.14,100.2,2.43,9.9,5.62,7.83,0,0,0,0,0,0,0,0,0,1
616.2,14.8,6.79,107.1,1.77,5.7,2.8,7.06,0,0,0,1,0,0,0,0,1,1
1015.54,24.6,5.37,166.2,6.31,5.9,4.15,7.38,0,0,0,1,1,0,0,0,0,1
841.2,21.9,6.61,196.3,4.99,5.1,3.3,8.39,0,0,0,1,0,0,0,0,1,0
520.2,12.4,6.1,203.0,2.44,7.8,1.69,6.54,0,1,0,0,0,0,0,0,1,0
966.3,21.0,6.14,124.5,10.28,8.8,12.5,8.5,1,0,0,0,0,0,0,0,0,0
605.4,26.22,6.97,198.4,4.15,4.9,2.66,7.09,0,1,0,0,0,0,0,1,0,0
1488.4299999999998,21.9,5.43,132.3,4.39,8.6,1.29,7.7,0,0,1,0,0,0,1,0,0,0
700.1,25.6,5.95,189.0,10.16,7.4,3.78,8.88,0,0,0,1,0,0,1,0,0,0
1066.9,24.7,6.54,163.6,5.54,8.0,1.25,7.55,0,0,0,1,0,0,0,1,0,0
628.1,17.7,6.22,188.8,4.05,5.0,1.87,8.54,0,1,0,0,0,0,1,0,0,0
1048.9,19.1,5.71,119.8,10.5,7.3,1.38,9.63,0,0,0,0,0,0,1,0,0,1
859.6,17.7,5.57,158.4,0.78,7.1,3.61,7.22,1,0,0,0,1,0,0,0,0,0
942.4,26.3,5.96,228.0,5.88,6.8,7.76,8.36,0,0,0,0,1,0,0,0,0,1
1043.9,23.6,5.6,106.2,3.79,9.2,2.62,6.47,0,0,1,0,1,0,0,0,0,1
462.0,23.9,6.78,135.1,7.07,8.5,4.78,7.63,0,0,0,0,0,0,0,1,0,0
952.0,23.1,6.2,137.6,4.72,7.4,1.32,7.05,0,0,1,0,0,0,0,0,0,0
970.1,26.2,4.92,170.8,2.81,7.6,6.74,8.39,0,0,0,0,0,0,0,0,1,1
797.0,26.9,5.28,87.6,0.0,5.4,5.5,7.78,0,0,0,1,0,0,0,0,1,1
652.1,26.0,7.35,179.9,4.15,7.6,1.62,8.99,1,0,0,0,0,0,0,0,1,0
1119.3,28.9,6.2,75.2,6.62,7.0,1.68,6.85,0,0,0,1,0,0,0,0,0,0
1191.4,25.8,7.79,286.7380000000001,5.48,6.9,6.1,10.29,1,0,0,0,0,1,0,0,0,0
866.2,27.160000000000004,5.94,131.4,1.38,8.5,14.88,9.43,0,0,0,0,0,1,0,0,0,0
574.4,27.4,6.87,162.2,2.69,7.3,2.5820000000000003,7.15,0,1,0,0,0,0,0,0,1,0
919.7,20.6,5.78,147.0,2.87,6.4,0.42,7.99,1,0,0,0,0,0,0,1,0,0
996.1,20.1,7.16,146.6,6.83,5.6,2.05,8.57,1,0,0,0,0,0,0,0,0,0
987.2,24.0,6.44,183.8,2.31,7.8,2.18,8.59,1,0,0,0,0,0,0,0,0,0
942.5,29.2,7.03,46.8,2.72,8.7,1.05,9.93,0,0,0,1,0,1,0,0,0,0
384.6,29.0,5.14,56.3,0.96,8.0,1.46,6.65,0,1,0,0,0,0,0,1,0,1
1466.2,14.8,5.83,96.0,3.08,7.859999999999999,9.03,7.44,1,0,0,0,0,0,0,0,0,0
495.8,14.1,6.06,61.8,6.94,4.8,0.42,9.27,0,1,0,0,0,0,1,0,0,1
1066.1,15.3,7.38,120.3,8.11,6.9,0.8,10.67,0,0,0,0,0,1,0,0,0,0
938.2,22.8,7.54,151.4,4.44,7.2,17.0,7.2,0,1,0,0,1,0,0,0,0,1
1260.4,16.6,6.62,205.3,4.32,8.8,2.51,8.28,0,1,0,0,0,0,0,0,0,1
1269.9,22.7,7.85,183.5,5.57,8.2,4.02,11.57,1,0,0,0,0,1,0,0,0,0
1208.7,17.8,6.18,92.8,9.42,6.5,8.73,7.46,1,0,0,0,1,0,0,0,0,1
810.4,35.9,6.78,178.9,3.18,9.9,0.93,7.55,0,0,0,1,0,0,0,0,0,1
601.0,30.7,6.77,148.2,4.18,8.7,6.31,8.44,1,0,0,0,0,0,0,1,0,1
964.3,29.2,7.77,252.1,6.24,9.2,5.17,10.89,0,1,0,0,0,1,0,0,0,1
978.82,26.0,6.96,146.0,2.28,8.1,1.38,7.49,0,0,0,0,1,0,0,0,0,1
898.9,21.5,5.98,22.6,1.18,9.8,7.26,5.2514,0,0,1,0,1,0,0,0,0,0
954.4800000000001,26.1,5.87,176.3,3.54,9.1,3.18,6.82,1,0,0,0,1,0,0,0,0,1
894.6,25.3,7.07,236.0,5.12,7.8,2.16,9.11,0,0,0,1,0,0,0,0,0,1
827.1,34.1,5.55,89.9,3.03,7.3,3.21,6.41,0,0,0,1,0,0,0,1,0,0
784.2,17.3,7.4,122.3,5.606,6.0,5.04,11.05,0,0,0,0,0,1,0,0,0,1
1161.3,16.1,4.62,181.8,8.21,6.7,5.03,7.6,0,0,0,1,0,0,0,1,0,1
1309.5,29.8,7.01,96.0,10.74,8.3,5.81,10.04,0,1,0,0,0,1,0,0,0,0
1041.4,29.7,6.26,167.4,1.1,6.7,2.998,9.3,1,0,0,0,0,0,0,0,0,1
942.8,18.2,6.81,224.5,8.17,8.7,4.46,7.74,0,0,0,0,0,0,0,0,1,0
901.8,20.9,7.01,74.9,7.97,8.5,4.37,9.59,0,0,1,0,0,1,0,0,0,1
1239.0,23.2,7.02,129.6,3.8,8.6,0.43,10.02,0,0,0,0,0,1,0,0,0,0
1086.28,21.68,7.46,117.6,4.0,6.2,1.64,10.09,0,1,0,0,0,1,0,0,0,0
509.4,27.0,5.8,90.5,3.37,9.8,2.88,8.03,0,0,0,0,0,0,1,0,0,0
1303.6,26.8,5.98,165.5,1.19,8.6,0.87,8.48,1,0,0,0,1,0,0,0,0,1
747.6,35.6,6.95,124.7,4.95,8.5,21.88,5.34,0,1,0,0,1,0,0,0,0,0
897.4,24.5,6.37,187.0,5.27,8.0,4.58,7.71,0,0,0,1,0,0,0,1,0,0
1162.0,23.4,5.88,105.4,3.45,8.5,2.66,9.42,0,1,0,0,0,0,1,0,0,1
397.9,20.5,5.6,144.5,6.36,6.6,0.71,7.18,1,0,0,0,0,0,0,1,0,1
994.1,24.8,7.5,27.5,0.0,7.6,2.14,7.57,0,1,0,0,0,0,1,0,0,0
940.5,22.6,5.65,207.7,8.62,8.8,7.27,8.77,0,0,1,0,0,0,1,0,0,1
818.9,24.5,6.85,243.7,6.45,8.9,2.44,7.91,0,0,0,0,0,0,0,0,0,0
1135.0,22.1,6.13,87.6,1.97,6.9,2.51,6.96,0,1,0,0,1,0,0,0,0,1
896.1,26.9,6.85,128.92,6.98,6.3,6.26,7.16,0,0,1,0,1,0,0,0,0,1
701.7,26.4,5.36,108.6,3.218,6.0,3.24,8.19,0,0,0,1,0,0,0,0,1,1
731.5,19.5,6.26,286.4,3.24,10.9,4.67,11.578600000000005,0,1,0,0,0,1,0,0,0,1
1231.5,27.0,7.3,43.2,9.88,8.1,6.0920000000000005,9.64,0,0,0,1,0,1,0,0,0,0
1112.8,24.4,7.6,63.1,2.97,6.0,9.34,7.25,0,0,1,0,0,0,0,0,1,1
1046.9,20.1,7.94,223.8,3.08,7.9,0.42,8.53,1,0,0,0,0,0,0,1,0,1
1181.0,24.2,7.32,137.9,3.12,8.7,5.87,10.55,0,1,0,0,0,1,0,0,0,0
904.2,23.5,6.07,152.6,6.72,6.7,0.84,8.64,0,0,0,1,0,0,1,0,0,0
925.3,27.7,6.79,159.1,3.74,6.6,12.85,7.89,0,0,0,1,0,0,0,0,0,1
728.7,25.7,6.28,136.68,6.63,8.7,1.78,8.11,1,0,0,0,0,0,1,0,0,0
1267.8,23.4,5.98,195.7,4.698,7.7,3.53,8.87,1,0,0,0,0,0,0,1,0,1
617.3,25.3,6.578,185.4,5.59,6.8,1.0,8.52,0,1,0,0,0,0,1,0,0,0
646.6,19.9,5.42,30.2,3.098,7.3,2.81,6.42,1,0,0,0,1,0,0,0,0,1
1146.8,23.3,6.79,174.4,4.55,8.2,1.96,8.53,0,0,0,0,0,0,0,1,0,1
330.164,20.3,6.89,196.8,7.79,7.5,1.96,9.71,0,0,0,1,0,1,0,0,0,0
993.5,28.9,6.65,63.0,8.81,5.1,3.01,7.51,0,0,1,0,0,0,0,0,1,1
994.7,26.8,7.18,93.5,5.62,6.8,2.18,8.8,0,0,0,1,0,0,1,0,0,0
1242.2,22.4,5.41,197.3,5.09,7.6,4.92,8.21,0,0,0,1,0,0,0,1,0,1
1143.3,28.5,7.122,171.7,1.86,9.6,2.41,8.65,0,0,1,0,0,0,0,0,0,1
757.8,26.4,7.07,103.4,3.07,6.4,14.14,8.66,0,0,0,1,0,0,0,0,1,1
907.2,26.1,6.14,201.9,6.84,8.3,1.89,6.81,0,1,0,0,1,0,0,0,0,1
848.6200000000001,21.3,6.25,200.8,9.27,6.9,4.888,6.7,0,0,0,0,1,0,0,0,0,0
1138.0,29.4,5.8,257.3,5.56,4.2,22.49,7.65,0,1,0,0,0,0,0,0,1,1
854.6,25.9,8.42,129.0,5.06,9.4,3.9479999999999995,8.51,0,1,0,0,0,0,0,0,1,1
500.2,18.0,5.58,121.9,1.84,10.7,3.8200000000000003,6.86,0,0,0,1,1,0,0,0,0,1
948.8599999999999,28.2,5.0,113.3,5.05,5.0,1.79,7.14,0,0,0,0,1,0,0,0,0,1
1169.8,31.8,6.07,117.2,0.65,7.1,0.84,6.47,0,0,0,0,0,0,0,0,0,1
1198.0,19.7,5.75,73.0,6.7,9.4,5.39,7.37,0,0,0,0,1,0,0,0,0,1
1216.0,15.4,5.77,82.2,0.65,10.5,11.03,10.85,0,0,0,1,0,1,0,0,0,1
848.1,30.0,6.4,241.5,2.64,6.8,2.12,9.86,0,0,0,1,0,1,0,0,0,0
893.2,25.7,8.42,197.8,5.1,7.8,14.57,9.56,0,0,0,1,0,1,0,0,0,0
883.0,28.5,5.5,70.5,7.02,8.7,6.85,6.19,0,1,0,0,0,0,0,1,0,1
836.4,25.9,6.97,262.0,5.79,6.5,3.64,9.13,0,1,0,0,0,0,0,0,1,1
1238.5,19.5,6.91,136.21999999999997,2.15,6.8,1.84,8.46,1,0,0,0,0,0,0,0,1,0
797.4,23.1,6.64,203.0,1.25,8.1,3.38,9.38,0,0,0,1,0,0,0,1,0,1
1067.4,31.8,6.38,182.9,5.73,6.7,1.51,6.39,0,0,1,0,0,0,0,1,0,0
941.3,16.6,7.23,218.6,5.49,8.9,1.82,10.85,0,1,0,0,0,1,0,0,0,1
971.8,25.4,7.68,80.4,3.6,6.5,2.2,9.15,1,0,0,0,0,0,0,0,0,1
733.1,21.1,6.1,141.5,3.42,4.4,1.48,6.15,0,0,1,0,1,0,0,0,0,1
801.1,34.2,5.77,164.4,4.08,8.2,4.37,6.44,0,0,1,0,0,0,0,1,0,1
1331.2,27.9,5.35,153.1,2.9,7.1,4.81,7.65,0,0,0,0,0,0,0,1,0,1
1080.0,31.1,6.96,155.4,7.05,6.5,2.23,6.73,0,0,1,0,0,0,0,0,0,0
925.0,20.0,6.628,162.2,4.01,7.4,1.72,7.7,0,0,0,1,0,0,0,0,1,0
806.2,25.9,6.362,117.2,6.24,8.2,7.77,9.47,0,0,0,0,0,0,1,0,0,0
728.1,20.0,6.62,98.2,1.96,6.3,0.88,7.02,0,0,1,0,0,0,0,1,0,0
765.4,35.4,5.87,143.8,7.38,6.8,8.31,9.39,1,0,0,0,0,0,1,0,0,1
680.3,35.9,6.57,116.8,3.15,8.2,3.71,6.23,0,0,1,0,0,0,0,0,1,1
1087.5,26.7,5.89,117.1,7.08,6.6,2.94,7.14,0,1,0,0,1,0,0,0,0,1
507.4,31.9,7.09,233.5,3.586,9.0,4.01,7.72,1,0,0,0,0,0,0,1,0,1
546.2,35.9,6.2,207.6,6.14,8.1,1.0,6.28,0,0,0,1,0,0,0,0,0,0
1031.6,33.6,6.7,84.8,6.96,8.3,6.35,9.16,0,1,0,0,0,1,0,0,0,0
957.04,29.3,6.61,98.5,4.84,9.7,2.87,6.98,0,1,0,0,1,0,0,0,0,1
890.74,28.1,7.28,106.75999999999999,2.75,8.3,3.06,9.26,0,0,0,1,0,0,1,0,0,1
1146.48,21.4,7.59,173.4,1.34,8.3,0.42,7.19,0,1,0,0,0,0,0,1,0,1
1038.9,12.4,5.6,193.8,7.27,5.5,5.39,7.86,1,0,0,0,0,0,0,0,1,0
1365.0,17.8,7.6,7.624000000000001,7.58,9.1,2.1559999999999997,6.4,0,0,1,0,0,0,0,0,1,1
950.7,30.2,7.39,137.4,4.04,10.4,11.05,8.38,0,1,0,0,0,0,0,0,1,1
1113.5,28.1,5.59,242.7,5.41,8.3,0.96,8.72,1,0,0,0,0,0,0,1,0,1
433.2,20.9,6.37,163.0,8.21,8.3,1.52,10.22,0,0,0,1,0,1,0,0,0,0
896.1000000000001,19.6,5.62,153.3,3.98,8.0,12.84,8.18,0,0,1,0,0,0,0,0,0,1
877.8,25.9,7.06,179.8,8.03,10.5,1.94,8.17,0,1,0,0,0,0,1,0,0,0
1168.2,26.8,6.33,160.1,5.66,7.5,5.13,8.5,1,0,0,0,0,0,0,0,0,1
1425.4,21.6,5.7,198.2,8.68,8.1,4.66,10.0,1,0,0,0,0,0,1,0,0,1
1255.2,21.4,5.82,213.1,7.33,7.4,11.53,9.23,1,0,0,0,0,0,0,0,1,1
888.8,22.3,7.05,178.8,2.51,7.1,1.47,7.04,0,0,0,1,0,0,0,1,0,0
1078.8,24.8,6.78,237.0,4.38,4.1,5.38,6.79,0,0,0,1,0,0,0,1,0,0
824.36,19.7,6.07,88.7,3.01,9.2,16.83,6.87,0,0,0,1,0,0,0,1,0,0
1344.5,35.9,6.17,265.3,3.18,8.0,0.83,5.59,0,0,0,0,1,0,0,0,0,1
774.2528,17.1,7.81,157.2,4.6000000000000005,8.7,2.02,7.39,0,0,1,0,0,0,0,1,0,0
827.2,35.3,5.16,285.2,6.84,4.9,8.23,5.79,0,0,1,0,0,0,0,1,0,1
925.4,28.2,5.5,151.72,4.215519999999997,6.4,1.39,6.25,0,0,0,1,0,0,0,0,0,0
789.7,29.0,6.63,78.8,2.05,10.1,0.45,7.19,1,0,0,0,0,0,0,1,0,0
1008.4,22.4,5.59,139.6,3.41,7.9,0.54,7.76,0,0,0,0,0,0,0,1,0,1
845.6,23.98,7.06,122.8,2.99,6.1,3.43,8.31,0,1,0,0,0,0,0,1,0,1
552.5,31.6,6.55,150.0,1.41,6.6,4.5,5.61,0,0,1,0,1,0,0,0,0,0
770.3,27.9,7.04,114.0,4.13,8.4,4.44,10.49,0,0,0,0,0,1,0,0,0,0
705.9,24.6,5.73,7.624000000000001,5.23,5.6,2.85,8.78,0,0,0,0,0,1,0,0,0,1
850.0,20.1,6.07,73.4,5.32,6.6,1.57,6.91,0,0,0,0,0,0,0,0,0,0
1237.7,30.4,7.46,108.6,4.39,5.5,4.76,5.97,1,0,0,0,1,0,0,0,0,0
702.0,19.2,6.75,152.7,3.52,4.0,6.98,9.27,0,0,0,0,0,0,1,0,0,1
633.9,16.8,6.05,123.9,4.36,6.8,1.01,7.58,1,0,0,0,0,0,0,1,0,0
576.9,15.1,6.9,155.2,5.74,8.9,2.6,7.63,0,0,1,0,0,0,1,0,0,0
1046.5,27.1,6.7,99.5,4.1,6.4,0.91,8.59,0,0,1,0,0,0,1,0,0,1
918.6,23.7,5.64,86.1,6.29,5.9,3.71,8.86,0,0,0,1,0,0,0,0,1,1
965.8,21.2,6.49,114.2,3.69,6.2,2.46,11.56,0,0,0,0,0,1,0,0,0,1
816.7,26.160000000000004,6.49,245.7,3.06,8.3,3.5,7.26,0,0,1,0,0,0,0,0,0,0
944.8588,26.5,7.11,188.1,5.36,9.0,3.21,6.08,0,1,0,0,1,0,0,0,0,0
1327.4,21.6,5.8,192.9,8.47,6.8,4.3,6.43,0,0,0,0,1,0,0,0,0,1
887.4,25.2,6.9959999999999996,202.6,2.82,9.3,4.35,8.31,0,0,0,0,1,0,0,0,0,1
721.4,17.5,6.19,91.4,6.08,6.8,5.28,8.16,0,0,1,0,0,0,0,0,0,1
908.2,35.9,6.82,196.1,2.13,8.6,7.36,7.11,1,0,0,0,0,0,0,0,1,0
1362.1,21.0,6.16,230.8,8.24,10.3,10.3,9.7,0,0,0,0,0,0,1,0,0,1
526.1,28.3,7.358,67.7,1.91,7.2,2.8,9.87,1,0,0,0,0,0,1,0,0,1
1052.92,21.9,6.14,114.1,7.6,7.4,2.99,7.1,0,0,0,1,1,0,0,0,0,1
786.9,27.9,6.1,136.9,2.97,6.5,28.908999999999867,7.33,0,0,1,0,0,0,0,1,0,1
1036.2,24.9,7.1,126.2,4.14,5.6,1.06,8.42,0,0,0,1,0,0,0,0,0,1
822.9,23.6,6.63,139.97999999999996,4.76,8.2,4.52,8.01,0,1,0,0,0,0,0,1,0,1
1085.1,24.5,7.94,169.5,0.0,8.3,1.75,10.06,0,0,0,1,0,1,0,0,0,0
330.164,21.6,6.66,123.97999999999999,4.66,7.2,9.11,9.42,0,0,1,0,0,1,0,0,0,0
1389.6,22.4,6.34,161.0,5.45,5.7,6.49,10.24,0,0,0,0,0,1,0,0,0,0
775.0,17.6,7.55,143.3,7.47,9.1,4.5,9.38,0,0,1,0,0,1,0,0,0,0
702.5,26.3,7.1,282.0,9.8,7.7,12.74,7.82,0,1,0,0,0,0,0,0,0,0
1056.3,22.7,5.56,136.1,4.59,6.0,7.08,7.29,1,0,0,0,1,0,0,0,0,0
754.8,26.3,5.7,75.5,7.65,6.3,2.77,8.35,0,0,1,0,0,0,1,0,0,1
828.3,25.7,6.050000000000001,180.9,4.01,7.5,0.68,7.46,1,0,0,0,0,0,0,1,0,0
1082.6,24.8,7.27,210.7,5.67,6.6,4.58,8.84,0,0,0,0,0,0,0,1,0,1
886.7,25.6,6.48,190.6,10.857599999999984,7.3,2.55,7.64,0,0,0,0,1,0,0,0,0,1
465.5,26.2,5.94,61.8,5.82,7.94,6.41,7.12,0,1,0,0,0,0,0,0,0,1
962.1,27.1,5.55,151.2,3.9,8.8,6.01,7.26,0,0,1,0,0,0,0,0,1,0
1275.5,28.8,6.28,87.5,3.87,5.9,2.7,11.06,0,1,0,0,0,1,0,0,0,1
670.3,25.6,5.53,129.1,6.14,6.8,3.73,8.35,0,0,1,0,0,0,1,0,0,0
889.8,15.2,6.23,155.7,5.92,7.8,0.53,8.1,0,0,0,0,0,0,0,1,0,1
501.4,22.4,6.23,156.52,8.19,6.9,4.64,6.71,0,0,1,0,0,0,0,1,0,0
881.4,23.1,6.26,104.3,1.27,6.6,5.11,11.45,0,0,1,0,0,1,0,0,0,1
1092.7,24.16,6.0,44.0,0.0,7.5,5.24,8.06,0,0,0,0,0,0,1,0,0,1
330.164,30.2,8.07,237.6,6.81,6.6,6.8,6.7,0,1,0,0,0,0,0,1,0,0
481.5,16.8,7.65,101.1,6.92,6.2,1.81,6.79,0,1,0,0,0,0,0,0,1,0
653.5,30.9,6.15,189.2476,0.43,8.3,2.39,5.2514,0,0,0,0,1,0,0,0,0,0
984.3,24.5,5.63,70.8,5.28,9.5,6.08,8.55,0,1,0,0,0,0,0,0,1,1
689.4,24.1,5.4,221.3,6.51,4.7,4.57,7.1,0,0,1,0,0,0,0,1,0,0
1138.1,25.6,7.04,91.0,1.38,7.4,2.26,7.53,0,1,0,0,0,0,0,0,0,1
934.0,23.3,5.85,112.1,1.91,9.6,6.36,6.81,0,0,1,0,1,0,0,0,0,1
1135.3,21.0,7.51,159.34,6.98,6.4,1.96,7.38,0,0,0,0,0,0,1,0,0,0
786.3,26.7,6.61,43.1,4.32,7.7,12.86,10.22,0,0,1,0,0,1,0,0,0,1
1057.1,28.3,5.21,117.5,0.72,6.8,0.94,6.95,0,0,0,0,0,0,0,0,1,0
892.2,18.6,6.7,162.1,5.48,6.3,2.46,9.1,0,1,0,0,0,0,0,0,1,1
726.4,24.78,6.92,241.3,5.54,8.4,2.63,10.5,0,0,0,0,0,1,0,0,0,1
735.0,25.0,6.82,132.6,6.23,7.8,3.85,7.78,1,0,0,0,0,0,0,1,0,0
904.0,27.1,7.8,81.2,9.63,7.0,1.84,8.17,0,1,0,0,0,0,1,0,0,0
1232.7,22.2,7.07,65.0,4.77,6.6,2.27,8.97,0,0,0,0,0,1,0,0,0,0
671.3,16.3,6.62,182.6,6.64,9.7,4.31,7.69,0,0,1,0,0,0,0,0,0,1
1247.3,27.8,6.56,105.46,9.15,6.7,5.44,7.4,0,0,0,1,0,0,0,1,0,0
987.1,21.7,7.22,36.9,7.77,10.9,3.39,11.33,0,0,0,0,0,1,0,0,0,1
1026.5,31.5,6.76,145.9,4.85,5.7,8.36,9.78,1,0,0,0,0,0,1,0,0,1
814.7,18.2,6.96,61.9,3.78,6.0,8.14,8.46,0,0,0,1,0,0,0,1,0,1
779.0,29.4,6.06,92.7,7.16,7.8,2.33,10.21,0,0,0,1,0,1,0,0,0,1
748.7,20.0,7.17,173.6,4.92,7.0,4.77,8.52,1,0,0,0,0,0,0,1,0,1
1021.1,27.0,6.65,218.2,7.18,4.9,1.52,7.82,0,0,1,0,0,0,0,0,1,0
988.0,32.7,7.048,125.85999999999999,6.56,6.4,2.91,6.77,0,0,1,0,0,0,0,0,0,1
993.9,23.7,6.32,113.7,3.16,7.1,1.0,7.33,0,0,0,1,0,0,0,0,0,1
773.7,27.5,5.72,114.4,4.28,7.2,5.34,10.74,0,0,0,1,0,1,0,0,0,1
795.9,28.2,6.49,144.9,2.09,8.3,1.47,5.88,0,0,0,1,1,0,0,0,0,0
847.1,18.0,6.49,122.0,2.0,8.4,2.83,9.2,0,0,0,1,0,0,0,0,1,1
1286.4,22.3,7.67,219.8,5.18,6.3,0.75,8.43,0,0,0,0,0,0,1,0,0,0
586.5,32.1,4.59,102.7,5.14,7.2,1.54,7.09,1,0,0,0,1,0,0,0,0,1
1028.24,20.8,7.17,215.5,3.24,6.9,8.21,6.91,0,0,0,1,0,0,0,0,0,0
696.2,21.7,7.42,222.6,3.86,6.4,1.27,8.82,0,0,0,1,0,0,0,0,1,1
1266.6,20.2,6.13,98.5,3.1,7.5,6.39,7.92,0,0,0,0,0,0,0,0,0,1
654.5,16.4,7.28,186.9,10.857599999999984,4.8,1.09,6.71,1,0,0,0,1,0,0,0,0,0
1074.9,17.2,6.05,131.0,4.87,6.2,1.5,8.52,0,1,0,0,0,0,1,0,0,1
890.5,18.4,7.63,166.7,6.19,6.2,11.82,9.09,0,1,0,0,0,0,1,0,0,1
1239.0,19.0,6.71,218.0,8.3,4.6,2.14,7.93,0,0,0,1,0,0,0,0,0,0
704.4,28.7,5.3,7.624000000000001,4.61,4.4,5.31,7.94,0,0,0,1,0,1,0,0,0,0
752.4,22.1,6.15,197.0,1.22,6.2,12.44,7.34,0,0,0,0,0,0,0,0,0,0
787.8,24.2,7.87,154.79999999999998,2.66,8.2,3.09,7.78,0,1,0,0,0,0,0,0,0,1
1166.2,26.1,5.99,173.8,3.2,7.4,3.29,9.74,1,0,0,0,0,0,1,0,0,1
757.6600000000001,17.1,5.8,95.4,6.38,8.0,2.03,9.73,0,0,0,0,0,1,0,0,0,0
1466.5,28.2,7.45,176.9,4.136,6.92,2.3299999999999996,6.61,0,1,0,0,0,0,0,0,0,1
646.6,26.4,7.37,136.06,4.03,8.0,6.96,8.32,0,0,0,0,0,0,1,0,0,0
990.8,23.7,6.44,78.6,3.73,8.8,4.67,7.75,0,0,0,1,0,0,0,1,0,1
810.2,18.6,6.28,154.2,1.55,8.8,2.12,8.39,0,0,0,0,0,0,0,0,1,1
330.164,28.419999999999998,6.82,202.3,4.639999999999999,8.1,6.15,8.89,0,0,1,0,0,1,0,0,0,0
745.0,29.5,7.83,64.3,7.33,7.1,2.47,7.75,0,0,0,1,0,0,1,0,0,0
835.6,29.1,7.228,175.8,4.81,8.1,11.16,6.3,0,0,0,1,1,0,0,0,0,0
864.2,28.3,7.17,212.6,6.27,7.5,2.02,7.95,0,0,0,1,0,0,0,0,1,0
926.7,25.3,7.4,151.9,6.64,7.7,6.12,8.9,0,0,0,0,0,0,0,0,1,1
1123.6,30.7,7.38,122.3,4.0600000000000005,6.5,2.85,6.75,0,0,1,0,0,0,0,0,0,0
854.9,28.7,5.94,171.4,2.75,11.0,1.44,6.46,0,0,0,0,0,0,0,1,0,0
1118.6,33.8,6.31,280.7,5.63,9.7,19.2,6.9,0,1,0,0,0,0,0,1,0,1
675.5,25.5,6.21,245.9,3.7,7.6,2.94,7.96,0,0,0,0,0,0,0,0,0,0
1100.3,24.5,7.16,146.9,3.01,6.1,5.43,7.07,0,1,0,0,0,0,0,1,0,0
1142.4,29.3,5.91,104.9,9.04,8.7,1.38,8.85,1,0,0,0,0,0,0,1,0,1
957.2,12.4,6.88,219.8,8.49,7.0,3.23,7.87,0,0,0,1,0,0,0,0,1,1
1110.4,16.3,5.42,183.5,4.1,6.5,5.08,8.83,0,1,0,0,0,0,0,0,0,1
929.9,25.4,7.73,98.0,2.86,7.7,7.29,7.0,1,0,0,0,0,0,0,0,0,0
743.9,23.0,7.42,166.6,3.45,7.5,7.85,8.2,1,0,0,0,0,0,0,0,0,1
808.1,12.6,6.83,145.1,0.0,8.0,4.76,7.91,0,1,0,0,0,0,1,0,0,0
902.2,29.8,5.16,97.5,3.47,7.7,2.59,6.84,0,0,1,0,0,0,0,0,0,0
414.3,21.0,6.39,162.8,6.27,7.3,2.64,6.54,0,0,0,1,0,0,0,1,0,0
941.2,23.7,6.42,223.4,3.9619999999999997,5.8,0.42,8.47,0,1,0,0,0,0,0,1,0,1
593.5,27.9,7.83,139.9,3.63,7.7,3.11,6.89,0,1,0,0,1,0,0,0,0,1
838.6,29.8,5.94,129.8,3.91,6.7,1.4,6.34,0,0,0,0,1,0,0,0,0,1
1011.3,24.0,5.87,187.7,9.66,9.4,6.79,7.01,0,0,0,0,1,0,0,0,0,1
1285.0,27.0,6.75,150.9,2.76,7.8,3.98,8.79,0,1,0,0,0,0,0,0,1,1
1122.6,17.6,7.75,221.5,3.19,6.1,9.74,9.09,1,0,0,0,0,0,1,0,0,0
771.5,28.4,6.8,144.2,1.83,4.0,3.11,11.578600000000005,1,0,0,0,0,1,0,0,0,1
1080.0,24.68,6.32,163.9,7.96,7.6,3.09,9.57,1,0,0,0,0,0,1,0,0,1
1130.0,19.2,5.53,120.0,3.99,7.9,8.73,7.99,0,0,0,0,1,0,0,0,0,0
953.8,28.020000000000003,6.62,153.0,8.85,5.5,1.33,7.45,0,0,1,0,0,0,0,0,0,1
1432.0,26.3,7.75,202.2,5.14,8.5,4.03,7.56,0,0,0,0,0,0,0,1,0,0
950.9,20.4,7.91,144.9,3.77,6.4,4.79,8.71,0,0,0,1,0,0,1,0,0,0
1077.8,25.8,6.41,122.8,9.15,6.5,4.7,7.97,1,0,0,0,0,0,0,1,0,0
1246.8,20.0,5.43,209.9,6.62,8.4,1.53,7.9,0,0,0,0,0,0,0,0,0,1
943.2,19.8,6.23,136.1,5.92,6.2,18.74,10.72,0,1,0,0,0,1,0,0,0,1
953.1,25.3,6.71,85.0,2.87,8.4,3.7,8.51,0,0,0,1,0,0,0,0,0,0
1009.3,26.3,6.58,146.5,6.49,8.9,7.53,7.51,0,0,1,0,0,0,0,0,1,0
1139.6,25.0,6.65,157.7,3.39,8.8,9.03,9.59,1,0,0,0,0,0,0,0,0,1
919.0,28.0,6.82,193.7,9.07,6.2,1.74,8.01,0,0,0,0,1,0,0,0,0,1
655.3,23.7,5.59,162.28000000000003,2.26,6.6,1.17,6.97,0,0,0,1,0,0,0,1,0,1
1080.3,29.9,6.6579999999999995,226.0,5.39,7.2,2.72,8.91,1,0,0,0,0,0,0,1,0,1
1000.7,29.8,5.73,97.1,1.17,7.9,1.84,6.74,0,0,1,0,0,0,0,0,0,1
996.8,28.2,6.3,154.8,4.62,7.6,18.43,6.9,0,0,1,0,0,0,0,1,0,1
866.7,20.5,5.56,201.9,4.62,7.3,6.4,7.2,0,0,0,1,0,0,0,1,0,0
969.5,23.8,7.42,148.0,9.72,7.3,4.816,8.27,0,0,1,0,0,0,0,0,1,1
903.76,26.5,7.06,114.6,5.59,10.8,2.61,9.63,1,0,0,0,0,0,1,0,0,0
893.9,28.9,5.82,180.0,3.39,7.0,1.76,7.54,0,0,0,1,0,0,0,0,1,0
1047.8,20.5,6.01,217.0,6.06,7.7,5.52,10.66,0,1,0,0,0,1,0,0,0,0
1061.6,30.1,6.23,159.1,1.04,10.4,6.72,7.86,0,1,0,0,0,0,1,0,0,0
1199.0,28.0,5.52,134.0,7.55,8.5,0.42,9.49,1,0,0,0,0,0,1,0,0,0
840.4,29.7,5.3,190.8,6.7,9.6,4.576,7.17,0,1,0,0,0,0,0,0,1,0
580.3,19.9,7.87,261.8,5.86,7.2,7.97,6.92,1,0,0,0,0,0,0,1,0,0
911.1,29.2,6.49,167.2,6.84,7.0,10.54,7.96,0,0,1,0,0,0,1,0,0,0
800.8,25.3,8.42,249.1,4.91,6.4,8.62,8.51,0,0,1,0,0,1,0,0,0,0
969.2,23.5,6.81,157.4,2.43,9.9,1.77,11.37,0,0,0,0,0,1,0,0,0,1
945.4,27.5,6.23,97.6,6.13,8.5,4.99,7.82,0,0,1,0,0,0,0,0,0,1
1100.0,33.3,5.39,126.4,0.26,7.0,3.95,6.18,1,0,0,0,0,0,0,0,0,0
823.8,26.0,5.72,117.5,6.2,6.3,1.11,9.84,1,0,0,0,0,0,1,0,0,1
597.6,27.6,6.62,178.5,1.66,10.4,0.73,9.04,1,0,0,0,0,0,0,0,1,1
825.9,29.2,7.25,101.5,7.2,5.5,3.02,7.83,0,0,0,0,0,0,1,0,0,0
1128.8,15.4,6.15,190.9,4.84,7.5,1.02,7.21,0,0,1,0,0,0,0,0,1,0
771.3,23.0,7.12,107.8,5.8,8.0,1.77,10.67,1,0,0,0,0,1,0,0,0,1
756.9,25.9,5.51,195.14000000000001,2.21,6.7,4.24,11.16,0,0,1,0,0,1,0,0,0,1
1027.3,19.0,6.77,133.1,6.28,6.7,1.828,8.14,0,0,1,0,0,0,0,0,0,1
917.3,19.6,6.53,159.9,1.61,8.6,4.11,6.84,0,0,1,0,1,0,0,0,0,0
1035.4060000000002,25.1,6.99,192.0,7.96,9.2,6.75,9.2,0,0,0,1,0,0,0,1,0,1
1048.3,32.0,6.08,153.95999999999998,3.81,6.9,1.93,7.99,1,0,0,0,0,0,0,0,0,1
643.1,23.4,5.24,199.3,7.44,10.5,3.58,9.39,0,0,0,0,0,0,1,0,0,1
870.1,28.9,7.19,236.8,10.3,4.8,4.58,9.14,1,0,0,0,0,0,0,0,0,1
1265.8,26.1,6.16,162.6,4.18,7.3,5.39,9.75,0,1,0,0,0,1,0,0,0,0
989.6,35.8,7.06,153.7,3.04,6.8,8.76,8.16,0,1,0,0,0,0,1,0,0,1
690.7,13.6,7.68,182.3,5.39,6.7,1.43,8.74,1,0,0,0,0,0,0,0,1,1
830.5,27.1,5.27,101.3,4.28,8.1,6.09,8.57,0,0,0,0,0,0,0,0,1,1
834.7,25.8,6.266,70.1,10.13,8.8,0.52,11.51,1,0,0,0,0,1,0,0,0,1
980.6,26.0,6.39,155.3,1.87,9.0,2.05,8.53,0,0,0,0,0,0,1,0,0,0
1070.8,26.7,6.85,239.2,2.57,7.9,8.83,8.11,0,0,0,0,0,0,0,0,1,0
872.5,16.8,5.82,275.4,8.29,7.4,7.99,6.52,0,0,1,0,1,0,0,0,0,1
863.4,12.4,6.58,104.5,3.08,7.1,2.26,6.87,0,0,0,0,0,0,0,1,0,0
1046.6,28.8,8.07,143.8,5.34,8.2,1.58,8.24,0,0,0,0,0,0,1,0,0,0
330.164,20.7,6.33,119.9,4.74,7.4,6.953999999999999,9.27,0,1,0,0,0,1,0,0,0,0
1065.6,30.4,6.05,188.7,4.88,9.7,2.76,7.39,0,0,0,1,0,0,0,0,0,0
708.0,24.0,6.68,193.51999999999998,2.91,6.5,7.83,8.19,1,0,0,0,1,0,0,0,0,1
809.6,26.4,4.8,120.6,3.47,7.8,0.64,8.28,1,0,0,0,0,0,0,1,0,1
798.0,33.5,7.16,208.4,4.36,8.0,1.28,5.2514,0,0,0,0,1,0,0,0,0,0
859.1,23.6,7.5,180.3,2.16,9.7,3.35,7.74,0,1,0,0,0,0,0,0,0,0
1342.3,28.6,5.84,222.1,2.11,9.5,12.79,11.4,1,0,0,0,0,1,0,0,0,1
1368.9,22.0,7.22,167.7,6.47,10.2,1.62,8.25,1,0,0,0,1,0,0,0,0,1
558.5,19.5,5.8420000000000005,232.6,1.64,9.6,3.07,7.1,0,1,0,0,0,0,0,1,0,0
1195.7,19.6,5.84,135.8,5.21,8.1,1.58,7.69,0,1,0,0,0,0,0,0,0,0
1194.7,25.9,6.35,229.5,1.99,7.1,4.96,7.69,0,0,1,0,1,0,0,0,0,1
697.3,22.5,5.52,181.7,4.57,7.8,2.31,8.76,0,0,0,0,0,0,0,0,1,1
763.0,32.5,6.09,50.3,6.05,7.5,1.48,6.15,0,1,0,0,0,0,0,0,1,0
1194.8,28.0,6.25,262.5,2.58,8.6,26.21,7.12,0,1,0,0,1,0,0,0,0,1
1018.8,21.3,6.62,125.7,4.05,7.6,2.15,8.67,0,0,1,0,0,0,1,0,0,1
1158.3,34.2,7.48,229.8,3.53,5.6,0.97,5.74,0,0,1,0,0,0,0,1,0,0
1250.6,19.2,5.81,136.7,5.78,6.1,1.03,9.01,0,0,0,1,0,0,0,0,1,1
785.4,29.6,6.12,266.8,1.53,5.8,0.82,5.41,0,1,0,0,1,0,0,0,0,0
1057.3,24.0,6.58,111.4,6.79,7.2,16.76,10.66,0,0,1,0,0,1,0,0,0,1
973.2,17.4,6.0,77.6,6.11,11.0,5.32,6.7,0,0,1,0,0,0,0,1,0,1
1034.5,26.8,6.84,123.0,0.89,10.3,2.836,7.32,0,0,1,0,0,0,0,1,0,0
874.7,34.9,7.08,157.1,3.24,7.9,3.48,6.14,0,0,0,0,0,0,0,0,0,0
986.9,28.1,5.63,156.2,6.41,5.5,2.83,7.97,1,0,0,0,0,0,0,0,0,0
1217.4,19.3,6.49,124.3,0.0,8.0,2.38,9.29,0,0,0,0,0,0,0,0,1,1
655.8,28.3,6.12,147.9,10.29,8.1,0.61,7.8,0,0,0,1,0,0,0,0,1,0
1137.6,22.46,8.04,135.9,8.37,6.5,14.74,7.05,0,0,1,0,1,0,0,0,0,1
583.9,19.5,4.86,110.7,5.92,6.6,0.91,8.73,0,1,0,0,0,1,0,0,0,0
1488.4299999999998,20.5,6.71,64.4,6.99,10.5,28.908999999999867,10.19,0,0,1,0,0,1,0,0,0,0
1206.7,25.2,5.06,116.2,7.76,6.8,4.3,8.46,0,1,0,0,0,0,1,0,0,1
1281.3,24.0,6.65,22.9,5.65,7.1,1.81,8.21,0,0,1,0,0,0,1,0,0,1
1087.5,27.020000000000003,6.57,160.2,5.12,4.0,2.09,5.68,0,0,0,0,0,0,0,1,0,0
1027.3,24.3,6.67,172.8,7.14,7.3,1.93,6.96,1,0,0,0,1,0,0,0,0,1
1101.4,27.4,6.96,83.6,6.42,5.4,2.29,8.1,0,1,0,0,0,0,1,0,0,0
1339.0,21.4,6.67,118.7,1.88,9.2,4.42,10.73,0,0,0,0,0,1,0,0,0,1
1237.6,22.3,6.66,176.4,1.43,5.1,3.17,8.27,0,0,0,0,0,0,0,1,0,1
792.8,29.3,7.12,144.0,6.08,8.2,2.5,5.2514,0,0,0,0,1,0,0,0,0,0
869.0,27.3,7.93,145.2,7.66,6.4,2.36,7.44,1,0,0,0,1,0,0,0,0,1
1090.2,29.9,5.39,131.2,2.64,4.0,3.83,5.2514,0,0,1,0,1,0,0,0,0,0
1034.0,24.5,6.13,7.624000000000001,7.75,8.0,1.0,7.04,0,0,0,0,0,0,0,0,1,1
914.0,26.9,6.22,192.1,0.97,8.1,4.56,6.43,0,0,0,0,1,0,0,0,0,0
818.4,23.6,7.83,102.4,4.804,6.319999999999999,0.42,7.59,0,0,0,0,0,0,0,0,1,0
1166.2,26.939999999999998,7.14,112.2,7.28,7.5,5.17,7.1,1,0,0,0,1,0,0,0,0,0
1057.8,23.0,7.194,194.7,5.54,7.3,1.0,8.29,0,1,0,0,0,0,1,0,0,0
1029.4,27.9,6.85,86.5,8.71,8.9,1.95,7.58,0,1,0,0,0,0,0,1,0,1
1208.0,27.7,6.83,199.3,7.18,6.8,12.37,11.33,0,0,0,0,0,1,0,0,0,1
1050.7,23.5,7.37,168.8,6.0,7.9,0.9,6.64,0,0,1,0,0,0,0,0,1,0
1200.3,23.0,6.25,286.7380000000001,2.67,6.0,0.69,8.45,0,0,0,0,0,0,0,0,1,1
1189.9,25.5,6.59,128.6,2.31,7.5,1.38,6.69,0,0,0,0,1,0,0,0,0,0
1244.6,26.9,5.65,263.7,5.35,7.6,5.72,8.35,0,0,1,0,0,0,0,1,0,1
949.4,34.8,7.46,129.1,9.56,6.9,1.34,9.43,1,0,0,0,0,0,1,0,0,1
935.1,26.6,7.55,273.1,3.7,7.5,3.39,6.19,1,0,0,0,1,0,0,0,0,0
892.7,16.5,6.67,186.4,4.21,5.7,1.88,7.04,0,0,1,0,0,0,0,0,0,0
602.4,24.0,7.05,188.1,4.37,7.8,1.91,6.75,0,0,1,0,0,0,0,1,0,0
719.7,23.5,6.38,125.6,2.85,5.8,3.26,7.05,0,0,1,0,0,0,0,0,0,0
802.2,20.5,5.45,177.2,4.91,5.5,2.34,11.578600000000005,0,0,0,0,0,1,0,0,0,1
1045.6,13.2,6.81,166.2,4.79,7.1,1.86,7.28,1,0,0,0,0,0,0,1,0,1
909.1,28.8,8.24,118.7,8.76,6.5,6.01,6.69,1,0,0,0,1,0,0,0,0,1
723.2,22.0,5.14,175.9,4.359999999999999,7.8,1.53,7.81,0,0,0,1,0,0,0,0,1,1
1118.8,18.7,5.12,45.0,7.85,4.3,1.73,5.47,0,0,0,1,1,0,0,0,0,0
837.0,27.4,7.69,174.4,7.47,8.3,4.616,5.86,0,1,0,0,1,0,0,0,0,0
618.4,21.8,6.53,208.5,3.49,7.2,0.82,10.95,0,1,0,0,0,1,0,0,0,1
693.6,15.6,6.58,72.3,3.37,8.5,3.33,7.15,0,0,0,0,1,0,0,0,0,1
595.1,29.1,5.98,95.6,2.97,6.4,0.49,7.02,0,0,0,0,1,0,0,0,0,1
1337.6,24.4,4.86,29.1,2.49,7.5,9.44,6.57,0,0,0,1,0,0,0,1,0,1
1228.2,20.7,6.77,137.94,4.08,5.9,16.9,8.17,0,0,0,1,0,0,0,0,1,1
1050.5,22.0,6.14,237.4,3.42,8.6,8.7,7.11,0,0,0,0,1,0,0,0,0,0
895.0,14.4,7.77,116.4,0.05,4.0,1.54,5.2514,0,0,1,0,1,0,0,0,0,0
928.1,26.3,7.82,176.7,4.99,5.7,1.53,8.02,0,0,1,0,0,0,1,0,0,0
967.0,19.8,7.15,168.18,10.857599999999984,7.5,15.41,7.54,0,0,0,0,0,0,0,0,0,0
893.8,23.9,5.89,156.7,7.39,8.3,4.32,9.31,0,1,0,0,0,0,1,0,0,0
516.1,15.3,4.88,159.0,4.46,7.3,8.99,6.93,0,0,0,1,0,0,0,0,0,1
900.7,16.0,6.4,286.7380000000001,8.3,4.0,5.1,10.56,1,0,0,0,0,1,0,0,0,0
710.7,26.7,5.92,95.4,10.06,6.4,3.06,5.47,0,0,1,0,1,0,0,0,0,0
822.3,26.1,5.65,250.8,4.96,7.159999999999999,24.5,7.73,0,0,0,0,0,0,0,0,1,1
1210.2,24.1,6.84,226.8,5.75,7.5,9.49,11.55,1,0,0,0,0,1,0,0,0,1
617.6,29.2,7.18,150.18,4.01,7.3,1.3,8.01,0,0,0,1,0,0,1,0,0,0
1027.3,21.3,7.75,149.4,5.98,6.9,5.0,5.42,0,0,1,0,1,0,0,0,0,0
793.4,22.3,7.03,145.0,1.51,6.6,5.67,8.05,1,0,0,0,0,0,0,0,0,0
1131.6,22.1,7.16,246.8,3.81,9.0,2.89,8.25,0,0,0,0,0,0,0,0,0,0
969.7,27.8,6.59,169.5,2.15,7.4,3.9,9.87,0,0,0,1,0,0,0,1,0,1
1192.8,18.7,5.7,187.58,5.97,6.4,4.954000000000001,8.19,1,0,0,0,1,0,0,0,0,0
859.8,22.6,6.51,231.2,7.3,7.3,1.09,8.65,0,0,0,1,0,0,0,0,0,1
1249.0,24.2,7.12,15.9,3.58,6.4,9.06,9.51,0,0,0,1,0,1,0,0,0,0
924.4599999999998,28.7,5.91,152.1,4.106,8.7,10.76,9.19,1,0,0,0,0,0,0,0,1,1
1217.0,27.8,6.42,176.2,5.55,9.4,7.54,8.57,0,0,1,0,0,0,1,0,0,0
622.3,20.2,6.13,218.9,4.57,7.0,2.46,7.82,0,0,1,0,0,0,0,0,1,1
773.8,28.1,6.917999999999999,72.6,3.02,6.8,1.38,8.64,0,1,0,0,0,0,0,0,1,1
1228.4,25.1,7.25,120.3,0.81,8.0,7.33,8.83,0,0,0,0,0,0,1,0,0,1
681.6,24.0,8.0,197.4,9.72,10.0,6.6,9.72,1,0,0,0,0,0,0,0,0,1
1287.9,19.1,5.55,81.3,7.75,8.0,1.34,9.61,0,0,0,1,0,1,0,0,0,0
1244.7,30.8,5.61,183.7,2.7,6.840000000000001,5.71,7.98,0,0,0,0,0,0,0,1,0,1
871.8,25.6,6.84,133.2,3.99,5.0,9.48,9.14,1,0,0,0,0,0,0,0,0,1
666.9,28.4,7.3,107.6,4.51,9.9,27.2,11.42,1,0,0,0,0,1,0,0,0,1
482.3,15.9,7.18,164.0,4.51,5.1,3.03,6.02,0,0,0,0,1,0,0,0,0,1
453.8,21.4,6.38,175.0,3.97,4.4,7.21,8.02,0,0,0,0,0,0,1,0,0,0
1287.4,21.4,5.77,87.4,2.79,9.0,1.26,8.23,1,0,0,0,0,0,0,0,0,0
1076.7,25.2,7.88,151.2,4.94,5.0,3.44,8.52,1,0,0,0,0,0,0,0,1,1
797.6,17.7,6.55,286.3,2.56,5.5,5.41,8.12,0,1,0,0,0,0,0,0,1,1
974.26,25.8,6.3,96.8,5.26,8.3,8.63,8.25,1,0,0,0,0,0,0,1,0,0
811.6,21.1,7.51,172.6,4.34,8.7,1.11,8.37,0,0,0,1,0,0,0,1,0,1
828.3,22.1,5.9,7.624000000000001,7.72,7.1,7.67,6.78,0,0,1,0,0,0,0,1,0,1
777.8,26.4,8.17,92.1,4.34,7.6,26.82,6.0,0,1,0,0,0,0,0,1,0,0
602.5,28.0,5.74,192.7,4.7,8.3,3.18,7.91,0,1,0,0,0,0,0,0,0,1
562.2,23.6,7.38,186.8,2.99,6.5,2.57,7.09,0,0,0,1,0,0,0,1,0,0
807.1,17.3,8.01,128.9,6.0520000000000005,9.5,2.69,8.41,0,0,1,0,0,0,1,0,0,1
791.4,25.04,6.63,182.3,6.27,6.0,2.25,8.29,0,0,1,0,0,0,0,0,0,0
832.0,20.9,6.98,134.0,2.63,7.6,2.77,8.26,0,0,0,1,0,0,0,0,1,0
890.1,31.7,7.57,92.0,6.39,7.9,4.63,8.85,0,0,1,0,0,1,0,0,0,0
411.4,25.7,6.8,179.1,5.97,5.9,1.76,9.73,0,0,0,1,0,1,0,0,0,0
1023.2,22.5,7.59,124.5,9.6,6.9,1.87,7.96,0,0,0,1,0,0,0,0,0,1
1025.8,16.4,7.69,125.4,4.67,6.7,7.67,9.08,1,0,0,0,0,0,1,0,0,0
1488.4299999999998,29.3,5.88,95.7,4.672000000000001,8.8,4.31,6.2,0,0,1,0,0,0,0,0,0,0
973.1,17.8,5.57,129.5,1.86,7.9,4.228,7.22,1,0,0,0,1,0,0,0,0,1
1122.3,27.0,5.9,268.5,0.0,7.8,1.66,7.8,0,0,0,0,0,0,0,0,1,1
1403.5,28.1,7.052,169.9,9.01,10.1,0.94,6.57,0,0,1,0,0,0,0,1,0,0
815.7,15.3,6.72,156.9,6.39,7.1,10.53,7.41,0,0,0,0,0,0,0,0,1,0
844.8,22.1,7.85,142.94,6.62,5.7,5.54,6.69,0,0,1,0,0,0,0,0,1,0
571.6,34.9,7.23,241.6,7.69,5.7,7.98,7.34,0,0,1,0,0,0,0,0,0,1
330.164,31.1,8.19,113.1,4.34,7.9,4.12,7.6,1,0,0,0,0,0,1,0,0,1
815.7,22.0,6.84,261.2,5.6,9.0,4.37,8.14,1,0,0,0,0,0,0,0,0,1
794.0,16.4,6.55,148.98,3.99,7.6,0.86,10.51,1,0,0,0,0,1,0,0,0,1
1197.8,24.7,6.62,145.8,5.06,8.4,7.56,8.46,0,0,0,0,0,0,0,1,0,1
973.1,23.9,6.04,209.3,0.37,7.2,2.75,7.25,0,0,1,0,0,0,0,1,0,1
1343.8,23.8,6.39,259.8,5.2,7.7,20.14,7.65,0,0,1,0,0,0,0,0,0,0
1069.7,22.0,7.42,139.3,3.09,6.0,1.97,9.76,0,0,0,0,0,0,1,0,0,1
708.0,27.7,6.37,218.1,6.44,4.7,2.52,6.71,0,0,0,0,1,0,0,0,0,1
1034.3,29.9,8.04,129.6,8.55,6.9,8.69,9.07,1,0,0,0,0,0,1,0,0,0
682.1,33.4,6.85,197.8,6.13,7.9,0.81,5.67,0,1,0,0,1,0,0,0,0,0
889.9,24.0,5.52,102.1,6.66,7.9,3.072,6.69,0,0,1,0,0,0,0,1,0,0
847.2,19.3,7.16,153.5,2.59,8.7,1.17,8.06,0,0,0,1,1,0,0,0,0,1
1008.9,24.8,6.65,135.7,4.82,8.5,4.49,9.34,0,0,1,0,0,0,1,0,0,1
984.4,15.9,7.31,49.1,5.08,5.5,3.98,6.82,0,0,0,1,0,0,0,1,0,1
1037.5,21.6,5.98,125.3,5.706,6.9,4.48,7.23,0,1,0,0,0,0,0,0,0,0
1003.6400000000001,21.5,5.76,159.0,8.3,8.1,1.44,7.4,0,0,0,0,0,0,0,1,0,0
985.1,17.5,6.21,131.5,2.82,10.4,2.116,6.9,0,0,0,0,1,0,0,0,0,0
593.2,17.0,6.72,163.7,7.76,6.8,6.34,7.22,0,0,0,0,0,0,0,1,0,0
1001.8,25.9,4.97,41.0,10.03,9.3,0.79,6.96,1,0,0,0,0,0,0,0,0,0
1376.0,21.4,6.55,176.6,5.5,7.4,3.08,7.64,0,0,0,0,0,0,0,1,0,0
810.2,21.8,7.96,155.8,6.39,9.8,12.58,6.95,0,0,0,1,1,0,0,0,0,0
661.4,24.1,7.28,78.6,4.6,8.4,3.71,9.71,1,0,0,0,0,0,1,0,0,1
1249.4,22.7,8.4,177.1,7.59,6.0,3.92,6.35,0,0,1,0,0,0,0,0,1,0
916.5,25.8,6.27,198.5,7.36,6.0,2.16,7.67,0,1,0,0,0,0,0,0,0,1
755.8,22.8,5.75,97.6,1.59,7.1,6.32,11.34,0,0,0,0,0,1,0,0,0,1
635.4,25.4,7.63,258.2,2.346,5.4,2.0,8.07,0,0,0,0,0,0,0,1,0,1
901.6,19.5,6.14,158.22480000000002,6.138,7.4,5.97,8.13,0,0,0,0,0,0,0,1,0,1
1288.1,26.2,6.8,7.624000000000001,4.91,7.9,1.06,6.65,0,1,0,0,0,0,0,0,1,0
1488.4299999999998,17.0,5.75,85.0,7.2,9.2,9.1,7.11,0,0,1,0,0,0,0,0,1,1
1084.3,18.9,6.52,228.1,4.72,6.3,1.77,10.06,1,0,0,0,0,0,1,0,0,1
850.8,20.3,7.54,64.8,3.23,9.7,1.29,7.78,0,0,0,0,0,0,1,0,0,0
957.9,15.6,6.0,189.8,2.77,8.9,1.9,7.73,0,0,0,0,1,0,0,0,0,1
647.5,26.1,6.47,197.57999999999998,3.31,4.0,3.9,6.49,0,1,0,0,1,0,0,0,0,1
1174.1,22.2,6.8,102.3,4.83,4.2,0.47,6.7,0,0,1,0,1,0,0,0,0,1
1023.6,29.3,6.73,124.55999999999999,1.18,7.3,1.27,7.97,0,0,1,0,0,0,1,0,0,0
1328.8,27.6,7.62,154.4,6.54,6.6,1.53,10.52,1,0,0,0,0,1,0,0,0,0
1415.5,20.4,6.13,57.5,4.54,5.4,1.51,6.93,0,1,0,0,0,0,0,0,1,0
937.8,26.360000000000003,6.13,112.2,2.84,4.3,0.93,7.58,0,0,0,1,0,0,0,0,1,0
823.8,21.6,7.22,129.1,6.66,10.5,12.37,10.71,1,0,0,0,0,0,1,0,0,1
619.3,22.1,7.93,270.2,2.03,8.1,2.01,7.94,0,1,0,0,0,0,1,0,0,0
936.9,30.0,7.09,74.2,7.94,7.7,0.99,7.06,0,0,0,0,0,0,0,0,0,0
857.5,25.96,5.79,195.0,3.14,6.7,5.88,8.62,0,0,0,1,0,0,0,0,0,1
1030.6,22.4,7.31,225.7,3.28,7.8,6.73,7.92,0,1,0,0,0,0,0,0,1,0
771.6,21.5,6.65,79.8,4.76,7.5,10.97,8.28,0,0,0,1,1,0,0,0,0,1
1071.2,20.1,5.574,166.9,3.82,7.2,4.63,11.45,1,0,0,0,0,1,0,0,0,0
812.9,23.54,6.69,112.8,2.5599999999999996,8.7,9.35,8.71,0,0,0,0,0,0,0,0,1,1
667.5,23.7,6.22,198.5,5.5,6.6,21.87,9.29,0,0,0,1,0,0,1,0,0,0
1488.4299999999998,27.1,6.37,161.6,3.38,6.2,1.11,8.32,0,0,0,1,0,0,0,1,0,1
859.28,23.7,6.24,216.7,3.99,8.6,3.5439999999999996,7.85,0,0,0,1,0,0,0,0,0,0
741.6,15.9,7.28,82.4,8.69,6.6,1.43,6.27,0,1,0,0,0,0,0,0,0,0
603.8,17.3,6.29,120.2,5.16,7.2,16.22,8.41,0,0,0,1,0,0,0,0,0,0
1091.8,21.9,5.43,123.5,2.58,9.1,3.04,8.13,0,1,0,0,0,0,0,0,1,1
995.32,26.4,6.97,57.4,5.1,7.6,4.08,6.22,0,0,0,0,1,0,0,0,0,1
1139.6,17.6,7.39,89.0,3.56,7.9,9.31,9.6,0,0,0,0,0,0,1,0,0,1
969.5,21.5,6.63,179.3,1.8,8.9,6.34,9.47,1,0,0,0,0,0,1,0,0,1
1133.6,30.5,7.087999999999999,189.5,2.72,7.0,28.908999999999867,9.0,0,0,0,0,0,0,1,0,0,0
667.7,23.0,6.39,116.3,4.3580000000000005,5.1,1.83,5.95,0,0,1,0,1,0,0,0,0,0
1108.6,25.0,5.91,118.5,3.3,9.48,12.47,7.54,0,0,0,0,0,0,0,1,0,1
935.2,28.0,6.32,152.9,8.36,7.6,2.16,8.98,0,0,0,1,0,0,1,0,0,0
1041.1,20.5,5.66,120.6,4.26,7.4,2.5,8.55,1,0,0,0,0,0,0,0,0,1
814.8,21.0,6.59,33.3,7.83,6.9,4.39,8.81,0,0,0,1,0,0,1,0,0,1
330.164,26.2,6.16,230.6,6.53,10.7,2.72,6.84,1,0,0,0,1,0,0,0,0,1
903.7,16.1,6.46,203.0,3.61,8.6,28.0,6.27,0,1,0,0,1,0,0,0,0,0
1054.7,19.0,6.43,134.74,5.18,7.7,2.33,8.48,0,1,0,0,0,0,0,1,0,1
469.3,22.9,7.79,223.3,5.75,6.4,2.59,9.86,1,0,0,0,0,0,1,0,0,1
790.9,30.7,5.42,176.5,0.27,8.2,4.49,7.88,1,0,0,0,0,0,0,0,0,0
1187.0,18.8,7.99,260.2,3.07,7.8,1.43,8.43,1,0,0,0,0,0,0,1,0,1
473.9,13.0,7.88,40.0,10.857599999999984,6.4,21.36,7.33,0,0,0,0,0,0,1,0,0,1
494.2,22.6,6.37,138.1,7.25,8.1,2.78,8.15,0,0,0,1,0,0,0,0,0,1
916.7,28.6,6.6,42.3,6.85,8.3,5.8,7.07,0,0,0,1,0,0,0,0,1,0
1042.0,27.5,7.57,155.0,1.72,5.7,2.14,7.75,1,0,0,0,1,0,0,0,0,1
891.4,24.1,5.0,175.54000000000002,4.03,8.6,3.29,6.34,0,1,0,0,1,0,0,0,0,1
594.5,19.2,6.18,149.6,5.55,7.4,4.338,7.73,0,0,1,0,0,0,1,0,0,0
729.7,17.3,6.5,239.6,10.857599999999984,4.4,9.257799999999975,8.04,1,0,0,0,1,0,0,0,0,1
911.2,17.1,7.52,256.2,0.21,7.7,2.21,5.55,0,0,1,0,1,0,0,0,0,0
916.3,21.8,7.12,145.5,6.1,7.1,8.77,8.44,0,0,1,0,0,0,1,0,0,0
555.6,21.6,6.46,163.4,8.44,6.4,1.53,7.17,0,1,0,0,0,0,0,0,0,0
1311.1,25.6,6.872,95.5,6.16,6.7,2.79,6.24,0,0,1,0,0,0,0,1,0,0
1164.3,35.9,7.58,136.5,7.04,8.2,4.35,6.77,0,0,0,0,0,0,0,0,0,1
1047.6,19.4,5.5,44.4,1.88,11.0,3.92,6.01,0,0,0,0,1,0,0,0,0,1
834.5,26.0,6.44,112.2,0.09,4.8,1.33,6.06,0,0,1,0,0,0,0,1,0,0
882.0,26.8,7.94,209.9,3.16,7.3,1.24,6.97,0,1,0,0,0,0,0,0,1,0
793.3,23.0,5.83,103.9,9.87,6.6,2.81,6.12,0,1,0,0,1,0,0,0,0,0
1035.5,17.8,6.75,132.3,5.55,8.8,0.9,11.02,0,1,0,0,0,1,0,0,0,1
693.5,22.1,6.76,286.7380000000001,5.21,8.8,3.92,6.51,0,0,1,0,1,0,0,0,0,1
691.6,31.8,6.06,207.8,7.13,7.2,3.07,8.95,1,0,0,0,0,0,0,0,1,1
986.5,18.9,6.46,185.6,8.83,6.5,0.78,9.22,0,0,0,1,0,0,0,0,1,1
490.3,26.3,5.11,166.84,5.84,6.2,13.18,7.15,0,0,0,1,1,0,0,0,0,1
1034.4,30.6,7.03,134.4,4.65,4.4,2.2,8.06,0,0,1,0,0,0,1,0,0,0
1155.1,30.5,5.96,226.2,5.99,8.3,4.17,10.44,1,0,0,0,0,1,0,0,0,0
1014.0,29.5,5.84,286.7380000000001,3.83,6.3,3.51,8.87,0,0,0,1,0,0,1,0,0,1
1067.2,21.3,6.48,121.4,3.53,9.9,3.21,9.14,1,0,0,0,0,0,0,1,0,1
847.2,14.7,6.92,115.67999999999999,3.524,10.9,4.81,8.38,0,0,1,0,0,0,0,0,0,1
1114.8,27.2,6.3,126.5,10.857599999999984,5.6,4.96,10.81,0,0,0,0,0,1,0,0,0,1
965.3,15.4,6.85,204.6,7.24,4.0,2.72,7.5,0,0,0,1,1,0,0,0,0,1
1003.2,23.8,6.6,139.2,4.99,7.6,3.57,11.0,0,0,0,1,0,1,0,0,0,1
801.0,28.2,7.67,87.4,2.87,6.1,7.16,7.92,1,0,0,0,0,0,0,0,1,1
517.5,27.2,6.248,168.06,3.35,7.1,3.758,7.25,0,1,0,0,0,0,0,0,1,0
1105.0,27.4,6.37,37.5,2.76,9.1,5.38,9.67,1,0,0,0,0,1,0,0,0,0
1176.3,23.8,6.42,229.1,1.09,7.0,1.71,8.96,0,0,1,0,0,0,1,0,0,1
1022.6,25.6,7.04,205.3,7.58,6.2,4.89,10.44,0,0,0,1,0,0,1,0,0,1
780.9,27.0,6.59,99.1,6.39,8.14,9.45,9.55,0,1,0,0,0,0,1,0,0,1
1048.0,25.0,6.15,131.78000000000003,5.342,6.2,6.33,10.31,1,0,0,0,0,1,0,0,0,0
763.8,32.7,6.44,220.0,0.81,8.9,1.75,9.83,0,0,0,0,0,1,0,0,0,1
841.4,23.3,6.41,175.3,4.17,9.7,5.87,8.4,0,0,1,0,0,0,0,0,0,1
1062.9,24.3,6.99,178.3,1.93,8.5,6.37,11.48,1,0,0,0,0,1,0,0,0,1
835.1,17.0,5.92,232.9,9.26,5.6,0.66,8.57,1,0,0,0,0,0,0,0,1,0
819.6,27.7,6.05,221.8,2.82,6.7,0.93,11.32,1,0,0,0,0,1,0,0,0,0
995.7,25.2,5.67,219.6,5.14,6.8,2.46,9.14,0,0,0,0,0,0,0,0,0,1
1243.7,20.9,5.79,186.9,2.67,9.2,1.61,10.92,0,1,0,0,0,1,0,0,0,1
1365.0,22.3,6.44,64.6,5.18,9.3,9.59,6.73,0,0,0,0,0,0,0,1,0,0
545.6,30.0,5.6,43.0,6.49,9.7,3.72,5.91,0,0,1,0,0,0,0,0,1,0
920.1,28.7,6.998,91.8,4.78,7.9,2.01,7.17,1,0,0,0,0,0,0,0,1,0
630.5,28.1,7.73,130.6,4.05,7.5,13.52,7.96,0,0,0,0,0,0,0,0,1,1
765.3,29.4,7.04,146.3,4.888,8.4,4.19,9.19,0,0,0,1,0,0,0,0,1,1
1038.2,19.8,6.61,123.8,5.15,8.6,2.74,7.52,0,0,1,0,0,0,0,0,0,0
1183.3,25.5,6.31,194.3,4.93,9.7,28.43,8.35,0,1,0,0,0,0,0,0,1,1
883.4,12.4,6.08,114.8,4.97,6.3,2.68,7.08,0,0,0,1,0,0,0,0,0,0
657.7,18.1,6.05,174.6,6.1,7.9,5.77,7.92,1,0,0,0,1,0,0,0,0,1
804.0,20.8,5.28,265.5,6.44,8.1,1.68,7.59,1,0,0,0,0,0,0,0,0,0
1133.8,26.5,4.59,192.2,1.53,7.5,1.75,6.7,0,1,0,0,1,0,0,0,0,1
1084.5,31.5,5.87,156.6,0.0,6.3,13.64,5.56,0,1,0,0,1,0,0,0,0,0
804.8,30.9,6.24,184.0,4.29,7.3,3.79,6.99,0,1,0,0,0,0,0,0,0,0
878.3,24.4,6.0,114.2,3.29,6.6,0.48,6.8,0,0,1,0,1,0,0,0,0,1
417.7,17.5,6.76,146.3,5.0,7.2,2.77,6.29,0,0,0,0,0,0,0,1,0,0
759.6,28.1,6.49,167.6,6.1,8.7,5.0,9.23,0,0,0,1,0,0,1,0,0,0
722.1,21.3,5.83,169.4,5.48,11.0,3.56,9.38,1,0,0,0,0,0,0,0,0,1
950.6,21.4,6.77,85.1,4.5,7.9,0.65,8.51,0,0,0,1,0,0,1,0,0,0
1037.0,23.4,6.15,160.6,7.08,7.5,11.23,9.34,0,0,1,0,0,0,1,0,0,0
939.1,23.8,5.58,73.5,5.1,10.4,2.87,6.49,0,0,1,0,0,0,0,0,0,1
617.5,19.1,6.77,122.9,3.964,7.1,5.75,7.3,0,0,0,1,1,0,0,0,0,1
706.2,25.3,6.83,57.4,3.63,4.7,7.76,6.7,1,0,0,0,1,0,0,0,0,1
1226.2,25.0,6.19,7.624000000000001,3.28,6.1,1.84,8.24,0,0,0,0,0,0,0,0,1,1
1061.1,23.0,6.48,145.2,9.12,8.3,4.06,8.37,0,0,1,0,0,0,1,0,0,0
895.7,28.1,7.29,276.2,7.59,8.9,2.96,8.74,0,0,1,0,0,0,1,0,0,1
869.0,28.0,7.17,196.9,2.43,6.5,4.28,7.95,1,0,0,0,0,0,0,0,1,0
457.2,28.7,6.99,181.3,5.28,6.2,27.99,6.43,0,0,1,0,0,0,0,1,0,0
934.6,29.9,6.33,136.2,3.054,10.0,1.52,8.4,0,0,0,0,0,0,1,0,0,1
1294.9,16.7,6.19,170.0,0.0,9.5,0.84,7.4,0,0,0,1,1,0,0,0,0,0
788.1,31.2,6.21,161.0,7.5,7.6,1.01,7.51,0,0,1,0,0,0,0,1,0,0
829.6,30.2,7.58,68.0,6.29,5.9,14.36,9.97,0,0,0,0,0,1,0,0,0,1
460.0,23.7,6.58,210.9,3.06,10.2,6.07,7.22,0,1,0,0,0,0,0,1,0,0
594.8,12.4,6.62,179.0,6.16,7.5,1.63,10.86,0,0,1,0,0,1,0,0,0,1
1086.6,21.3,6.3,102.2,5.1,4.0,3.41,6.98,0,0,0,0,0,0,0,0,0,0
745.9,34.0,6.37,83.2,4.94,8.6,6.07,5.61,1,0,0,0,1,0,0,0,0,0
853.0,25.2,6.262,75.8,5.36,4.5,3.35,8.21,0,0,0,0,0,0,1,0,0,0
857.4,26.8,5.66,161.6,7.82,7.2,2.62,7.02,0,0,0,0,0,0,0,1,0,0
735.0,29.0,4.64,79.7,2.51,8.3,3.62,7.01,0,0,1,0,0,0,0,0,0,1
959.7,23.0,6.39,104.5,4.74,6.2,1.97,6.65,0,0,1,0,1,0,0,0,0,1
937.3,29.2,6.38,151.2,3.06,6.0,28.908999999999867,8.67,0,0,0,0,0,0,0,0,1,1
618.8,18.4,7.77,200.3,4.3,5.6,2.66,7.18,0,0,0,1,0,0,0,1,0,0
793.0,20.4,8.42,256.4,4.87,8.4,4.69,6.96,1,0,0,0,1,0,0,0,0,1
920.0,25.1,6.28,142.7,6.87,9.3,6.38,7.2,0,0,1,0,1,0,0,0,0,0
791.6,24.6,6.56,236.9,5.97,8.2,2.13,6.78,0,0,0,0,0,0,0,1,0,0
1100.2,21.5,7.99,151.0,7.16,10.0,9.61,6.8,0,0,1,0,0,0,0,1,0,0
848.0,28.059999999999995,6.87,182.6,4.63,6.4,10.97,5.43,0,1,0,0,1,0,0,0,0,0
1019.5200000000001,26.7,6.71,135.9,4.3,7.1,1.73,11.578600000000005,1,0,0,0,0,1,0,0,0,1
522.9,18.5,5.87,237.4,2.28,6.4,1.92,7.44,0,1,0,0,0,0,0,1,0,1
711.2,18.7,6.86,205.3,4.21,8.2,4.6,7.03,0,0,1,0,1,0,0,0,0,1
950.9,29.0,7.57,182.7,4.13,8.3,4.94,6.92,0,0,0,1,0,0,0,1,0,0
703.9,23.0,6.76,149.18,4.07,7.1,23.37,8.24,0,0,0,0,0,0,1,0,0,0
626.0,26.6,7.7,206.9,8.94,6.1,2.47,8.28,0,1,0,0,0,0,0,0,0,1
655.6,24.8,7.41,111.1,2.73,7.5,1.4,8.08,0,0,0,1,0,0,0,1,0,1
1128.2,35.9,5.6,233.92760000000004,7.62,9.9,8.42,7.41,0,0,0,1,0,0,0,0,0,1
984.5,28.9,6.62,164.2,1.92,8.7,19.24,9.75,0,0,1,0,0,1,0,0,0,0
1121.0,23.6,6.91,162.5,4.43,7.4,8.29,8.14,1,0,0,0,0,0,0,1,0,1
893.1800000000001,28.9,5.35,203.4,4.4,7.3,3.13,6.54,0,1,0,0,0,0,0,1,0,0
498.9,25.3,5.94,220.0,2.8,7.9,1.54,7.79,0,0,0,1,0,0,0,0,0,0
575.4,30.8,8.35,158.5,5.65,8.9,1.06,6.87,0,0,0,1,0,0,0,1,0,1
1084.8,25.3,5.49,55.2,0.93,9.8,1.24,6.33,0,1,0,0,1,0,0,0,0,1
776.8,27.0,6.45,213.4,4.8,5.6,5.12,9.19,1,0,0,0,0,0,0,0,1,1
700.0,27.0,6.29,266.9,7.08,9.1,4.09,7.75,1,0,0,0,1,0,0,0,0,0
1043.5,19.1,5.88,180.2,5.75,7.4,1.77,9.43,1,0,0,0,0,0,0,0,0,1
1147.2,29.4,6.75,143.7,5.75,5.7,1.65,8.04,0,0,0,1,1,0,0,0,0,1
948.6,31.8,5.72,193.0,4.36,10.5,3.92,9.55,0,0,0,0,0,1,0,0,0,0
1059.7,26.04,6.56,142.8,4.31,9.0,3.5379999999999994,7.95,1,0,0,0,1,0,0,0,0,1
1032.7,26.0,6.3,145.9,7.58,7.0,26.66,9.41,1,0,0,0,0,0,0,0,0,1
859.0,21.9,6.1,172.9,4.5,9.2,2.46,9.78,0,0,1,0,0,0,1,0,0,1
1054.9,27.1,6.41,142.4,6.78,6.7,6.93,8.5,0,0,0,0,0,0,0,0,0,1
576.2,25.1,7.38,212.8,3.16,7.5,2.17,9.71,1,0,0,0,0,0,1,0,0,1
342.1,33.0,6.95,198.9,6.01,10.2,4.0,7.76,0,0,0,1,0,0,0,0,0,1
888.5,12.4,7.52,34.8,3.93,8.1,5.69,7.79,0,0,0,1,0,0,0,0,1,1
771.0,24.4,6.56,184.6,6.66,6.6,6.6,8.01,0,0,0,0,0,0,0,0,0,1
1008.2,20.2,7.23,103.3,4.57,7.4,8.05,10.77,0,0,0,0,0,1,0,0,0,0
831.4128000000001,28.3,7.07,113.1,5.39,4.4,2.58,8.35,0,1,0,0,0,0,0,0,1,1
1294.7,24.0,7.77,234.9,4.57,7.7,1.62,7.77,0,0,1,0,0,0,0,0,0,1
883.3,27.6,5.65,206.4,5.53,4.5,6.76,6.38,0,0,0,1,1,0,0,0,0,0
868.4,17.6,6.65,189.9,6.64,7.5,5.49,9.36,0,0,0,0,0,0,0,0,0,1
897.72,28.6,5.83,212.4,6.95,6.8,12.28,8.5,1,0,0,0,0,0,0,0,0,1
578.9,25.0,5.95,158.7,1.69,8.2,3.9059999999999997,10.99,0,0,0,1,0,1,0,0,0,1
1240.1,18.8,8.22,140.70000000000002,6.02,6.3,2.63,6.44,0,1,0,0,0,0,0,0,0,0
743.0,27.8,7.11,177.9,5.85,8.9,6.75,8.58,0,0,0,0,0,0,1,0,0,0
1352.3,29.9,6.21,148.8,5.56,8.6,27.63,11.37,0,0,0,1,0,1,0,0,0,1
1488.4299999999998,30.8,6.81,130.2,3.31,7.3,2.66,5.45,0,0,1,0,0,0,0,1,0,0
1427.0,29.5,6.69,122.2,1.84,9.7,2.84,8.51,0,1,0,0,0,0,1,0,0,1
955.4,22.8,5.49,7.624000000000001,3.15,6.0,11.77,6.33,0,1,0,0,1,0,0,0,0,1
1000.0,16.5,6.37,81.5,7.5,7.4,0.89,11.09,0,1,0,0,0,1,0,0,0,1
728.0,21.2,6.95,104.9,1.65,4.9,4.15,6.45,0,1,0,0,0,0,0,1,0,0
1488.4299999999998,27.5,6.86,48.5,4.77,6.5,2.95,6.65,0,1,0,0,0,0,0,1,0,0
886.9,23.8,5.22,44.9,9.39,9.0,1.93,8.43,0,0,0,1,0,0,1,0,0,0
1262.9,28.1,6.37,113.2,6.06,8.4,6.08,9.55,0,0,0,0,0,0,1,0,0,1
741.2,28.3,6.05,175.1,6.98,9.2,5.26,7.91,0,0,1,0,0,0,0,0,0,1
1057.1,35.9,6.39,233.2,5.49,8.4,3.79,6.75,1,0,0,0,0,0,0,1,0,0
666.6928,29.1,6.28,183.3,5.71,8.2,11.52,9.39,0,1,0,0,0,0,1,0,0,1
1197.1,18.3,7.88,189.2,9.34,8.7,2.33,8.0,0,0,0,1,0,0,0,0,1,0
1006.6,17.2,6.5,102.7,6.09,8.8,2.99,7.63,0,0,0,1,1,0,0,0,0,1
581.3,19.6,7.46,132.0,5.78,7.1,2.12,10.24,0,0,1,0,0,1,0,0,0,1
1313.1,21.8,7.09,66.9,4.25,10.0,1.0,7.4,0,0,1,0,0,0,0,0,1,1
681.9,28.4,6.39,124.8,6.12,9.0,6.43,8.35,1,0,0,0,0,0,0,1,0,1
1083.0,24.4,5.98,87.4,5.49,10.2,14.3,8.27,0,0,0,1,1,0,0,0,0,1
1359.9,17.4,6.48,148.1,4.41,7.5,1.93,7.99,0,0,1,0,0,0,1,0,0,1
751.1,24.7,4.83,175.7,1.5,7.0,1.53,9.43,0,1,0,0,0,1,0,0,0,0
1331.3,25.7,6.25,249.4,5.44,6.3,5.76,10.03,0,0,0,1,0,0,1,0,0,1
585.2,28.8,7.07,138.9,4.68,6.2,3.69,8.57,0,0,1,0,0,0,1,0,0,0
684.0,18.1,6.6,94.0,1.19,8.2,8.23,7.37,0,0,1,0,0,0,0,0,1,0
1310.2,27.1,5.73,125.3,3.78,5.0,1.59,6.8,0,0,1,0,0,0,0,1,0,0
1009.6,20.2,7.18,173.8,5.35,7.6,1.99,6.42,0,1,0,0,1,0,0,0,0,0
734.7,25.7,6.72,156.7,0.882,7.760000000000001,3.2,7.21,0,0,1,0,0,0,0,0,0,0
773.4,32.0,7.33,172.0,4.27,6.56,0.53,6.94,0,0,0,0,0,0,0,1,0,1
842.8,21.1,6.67,147.2,1.64,8.3,5.02,7.25,0,0,1,0,1,0,0,0,0,1
910.8,19.3,5.35,115.6,3.11,6.9,2.45,7.73,1,0,0,0,1,0,0,0,0,0
1042.0,18.8,4.88,166.16000000000003,3.51,7.0,5.73,6.5,0,0,0,0,0,0,0,1,0,1
989.1,23.7,7.2,128.1,4.71,4.0,1.6,9.32,0,0,0,1,0,0,1,0,0,1
747.5,31.7,7.02,141.0,4.93,8.6,11.53,8.29,0,0,0,1,0,0,0,0,0,1
538.4,18.9,4.96,121.3,9.09,6.660000000000001,2.69,5.2514,0,0,1,0,1,0,0,0,0,0
970.7,23.0,5.09,188.8,5.0,7.3,4.37,10.19,0,0,0,0,0,1,0,0,0,0
706.9,26.9,7.01,86.4,4.97,8.8,1.53,9.62,0,0,0,0,0,1,0,0,0,0
1012.3800000000001,17.7,6.37,198.0,4.29,7.0,13.28,7.33,0,1,0,0,1,0,0,0,0,1
1147.6,23.9,6.67,131.3,1.93,7.2,3.78,6.94,0,0,1,0,0,0,0,1,0,0
609.7,24.3,5.56,177.1,7.52,7.0,2.71,6.91,0,1,0,0,1,0,0,0,0,1
1072.0,31.6,6.9079999999999995,197.5,3.76,5.1,2.2,7.14,0,0,1,0,0,0,0,1,0,1
932.8,26.2,7.15,132.6,0.09,7.7,3.45,7.03,0,0,1,0,0,0,0,1,0,1
951.5,29.6,6.08,152.6,6.1,8.8,5.91,8.22,0,0,0,0,0,0,0,0,0,1
1033.2400000000002,22.0,5.48,112.6,4.9079999999999995,6.8,6.9,6.64,0,0,1,0,0,0,0,1,0,0
807.9,25.6,6.95,76.3,5.12,7.9,25.77,9.6,1,0,0,0,0,0,0,0,0,1
634.3,31.5,7.45,48.5,5.06,8.9,1.73,6.96,0,0,0,1,0,0,0,1,0,1
598.8,22.3,6.58,275.9,6.39,8.8,4.52,8.38,0,1,0,0,0,0,0,0,0,1
650.6,27.1,5.82,271.7,1.02,6.3,4.74,7.68,0,0,0,0,0,0,0,0,0,1
1044.2,22.3,5.41,151.26,10.857599999999984,8.3,8.57,9.98,0,0,0,0,0,1,0,0,0,0
1023.9,24.3,6.23,115.2,1.89,7.3,4.92,7.64,1,0,0,0,1,0,0,0,0,1
891.4,24.7,6.51,157.2,3.61,7.4,2.86,7.64,0,1,0,0,0,0,0,1,0,1
964.2,21.4,7.49,207.6,5.87,9.6,7.99,8.93,1,0,0,0,0,0,0,1,0,1
692.8,19.8,5.85,125.0,6.25,8.1,1.92,5.77,0,0,1,0,1,0,0,0,0,0
1249.3,29.2,6.36,231.7,2.76,5.9,15.29,11.578600000000005,1,0,0,0,0,1,0,0,0,1
960.3,24.3,5.91,195.8,2.95,9.2,2.47,6.79,0,0,0,0,1,0,0,0,0,0
818.6,24.1,6.140000000000001,213.2,4.5,6.8,4.73,11.29,0,0,0,0,0,1,0,0,0,1
839.5,26.0,7.66,98.4,6.59,7.4,9.29,9.11,0,0,1,0,0,1,0,0,0,0
1137.2,26.7,5.86,47.3,5.33,8.9,3.39,6.72,0,0,0,0,0,0,0,1,0,0
1155.1,30.7,6.25,142.2,1.28,6.6,0.46,7.5,0,0,1,0,0,0,0,1,0,1
822.3,23.4,8.09,238.9,4.39,7.0,1.91,8.81,0,0,1,0,0,1,0,0,0,0
1471.4,32.9,5.65,184.5,4.33,7.0,28.908999999999867,10.0,0,0,0,1,0,1,0,0,0,1
1122.3,24.0,7.02,189.2,4.87,8.7,0.57,8.42,0,1,0,0,0,0,0,0,0,1
431.1,19.22,4.59,162.56,4.108,6.3,3.43,9.01,0,0,0,0,0,1,0,0,0,1
1282.6,32.4,8.14,159.2,2.59,7.3,2.48,7.06,0,0,0,1,0,0,0,1,0,1
986.8,23.8,7.29,44.7,1.45,9.0,3.2,7.28,0,0,0,0,0,0,0,0,1,1
481.3,19.9,6.31,108.02000000000001,4.65,7.8,1.25,6.64,0,1,0,0,1,0,0,0,0,1
1177.3,29.6,7.22,177.4,8.69,9.0,0.91,7.61,0,0,0,0,0,0,0,0,1,1
1095.1,17.3,4.77,113.3,4.11,9.8,2.49,10.8,0,1,0,0,0,1,0,0,0,1
1168.3,24.1,6.0,80.7,5.49,8.0,3.08,11.02,0,1,0,0,0,1,0,0,0,1
1027.5,28.1,5.84,264.0,8.96,7.2,23.4,6.62,0,0,0,0,1,0,0,0,0,1
974.8,21.8,7.07,141.7,7.0,6.2,14.42,7.33,0,1,0,0,1,0,0,0,0,1
441.5,19.3,6.540000000000001,98.4,8.17,7.7,1.74,6.55,0,1,0,0,1,0,0,0,0,0
1425.0,28.2,5.82,152.2,0.0,8.4,2.46,8.05,0,0,1,0,0,0,1,0,0,1
470.2,19.2,7.037999999999999,180.4,6.3,6.8,2.404,6.61,0,1,0,0,1,0,0,0,0,1
863.2,24.2,6.76,176.6,1.09,4.1,1.61,9.34,0,1,0,0,0,0,1,0,0,1
992.4,25.0,6.7,217.2,3.18,5.5,1.77,7.36,0,0,1,0,0,0,0,1,0,1
1302.8,33.5,7.61,133.18,6.84,7.0,7.37,8.45,0,0,0,1,0,1,0,0,0,0
1141.0,24.4,5.71,92.4,5.08,7.0,2.24,7.12,0,0,1,0,0,0,0,0,1,0
850.5,21.0,6.62,91.7,3.75,6.4,27.46,11.578600000000005,1,0,0,0,0,1,0,0,0,1
890.2,18.9,7.01,178.0,5.636,7.6,2.9400000000000004,8.79,0,1,0,0,0,0,1,0,0,1
626.0,30.2,7.19,79.1,0.77,6.6,22.95,6.69,0,0,0,0,0,0,0,1,0,1
1169.7,23.3,6.27,139.1,1.64,7.3,7.77,7.2,0,0,1,0,0,0,0,0,0,1
1232.6,27.9,7.32,171.9,1.29,7.4,9.75,11.21,0,0,0,1,0,1,0,0,0,1
1386.3,19.3,6.08,56.1,7.28,6.2,3.88,5.35,0,0,1,0,0,0,0,1,0,0
1341.6,23.4,6.122,102.4,5.79,7.94,7.21,6.2,0,0,1,0,1,0,0,0,0,0
947.4,19.0,6.68,90.2,1.6,6.9,12.98,7.07,0,0,1,0,1,0,0,0,0,1
898.1,17.1,7.23,160.1,5.28,8.6,17.04,5.45,0,0,1,0,1,0,0,0,0,0
772.9,20.3,5.82,90.1,6.74,6.5,4.39,6.86,0,0,0,1,0,0,0,1,0,0
1125.7,25.7,6.32,135.1,4.31,9.5,2.99,7.46,0,0,0,0,1,0,0,0,0,1
547.7,22.2,6.76,93.9,6.3,7.5,2.03,8.07,0,0,1,0,0,0,1,0,0,1
739.7,13.8,7.0,105.3,5.31,5.9,21.84,6.58,0,1,0,0,1,0,0,0,0,1
636.34,28.5,7.9,228.0,4.06,7.3,1.36,7.19,0,0,0,0,0,0,0,1,0,1
808.9,25.8,6.16,98.9,8.0,8.0,2.22,7.41,0,0,0,1,1,0,0,0,0,1
814.1,25.68,5.92,83.9,1.34,9.0,2.16,9.93,0,0,0,1,0,1,0,0,0,0
1167.8799999999999,18.9,7.57,173.9,2.11,8.6,4.284000000000001,11.578600000000005,0,0,0,1,0,1,0,0,0,1
955.1,12.4,6.612,151.6,6.66,8.9,2.83,8.42,1,0,0,0,0,0,1,0,0,0
793.4,29.6,5.85,143.4,5.24,8.3,3.37,6.89,0,0,0,0,0,0,0,0,0,0
1447.9,13.8,6.78,198.5,5.06,9.1,2.43,9.85,0,0,0,1,0,0,1,0,0,1
502.6,31.3,6.24,164.4,5.82,7.9,2.06,8.28,0,0,1,0,0,0,1,0,0,0
1365.8,25.3,6.38,125.4,4.334,5.5,12.1,9.62,0,0,1,0,0,1,0,0,0,0
1486.5,21.8,5.62,142.7,6.54,8.3,2.67,7.0,0,0,0,0,0,0,0,1,0,0
1192.8,29.9,6.21,142.8,7.16,6.1,28.9,6.27,0,0,1,0,0,0,0,0,0,0
898.8,15.0,5.83,125.9,6.45,7.6,2.69,7.12,0,0,1,0,0,0,0,1,0,1
793.2,25.8,5.76,159.4,7.89,9.4,0.66,8.04,0,0,0,0,0,0,0,0,0,0
973.46,21.8,6.42,100.4,3.45,5.4,0.6,7.57,1,0,0,0,0,0,0,0,0,0
925.0,24.8,6.01,162.5,2.67,8.1,1.88,7.57,0,0,0,0,1,0,0,0,0,1
1144.4,26.0,5.82,74.9,0.66,8.4,1.87,5.87,1,0,0,0,1,0,0,0,0,0
760.7,20.5,6.72,144.0,1.04,6.840000000000001,5.7,8.97,0,0,0,1,0,0,1,0,0,0
896.2,13.2,6.78,65.5,0.0,5.8,1.65,7.84,1,0,0,0,1,0,0,0,0,1
1016.5,19.5,6.98,145.0,4.83,4.9,3.09,7.39,0,0,0,1,1,0,0,0,0,1
988.7,20.0,6.11,231.1,7.62,4.7,1.09,10.76,0,0,0,0,0,1,0,0,0,1
1109.3,16.3,7.25,144.8,3.28,7.1,3.03,8.8,1,0,0,0,0,0,0,0,0,1
1358.4,31.4,6.12,102.2,5.66,7.3,1.53,9.97,0,0,1,0,0,1,0,0,0,1
1155.1,25.1,5.95,87.7,6.64,6.9,5.82,7.31,0,0,0,1,0,0,0,0,0,0
1282.5,30.9,6.93,64.1,0.0,8.1,6.67,7.77,1,0,0,0,0,0,0,0,0,1
382.0,29.3,7.95,77.3,2.66,8.1,13.0,5.28,0,0,0,1,1,0,0,0,0,0
1009.7,22.4,4.59,149.7,7.51,8.9,1.9,9.82,1,0,0,0,0,0,1,0,0,1
1488.4299999999998,29.1,6.45,225.0,5.52,10.4,1.98,6.5,0,0,0,1,1,0,0,0,0,0
752.4,23.5,5.31,91.5,2.14,11.0,9.06,5.34,0,0,0,0,1,0,0,0,0,0
685.0,30.9,7.09,210.9,3.16,5.8,0.74,10.62,0,0,0,0,0,1,0,0,0,1
795.5,23.9,6.08,162.1,5.91,7.2,12.68,9.26,0,0,0,0,0,0,1,0,0,0
816.9,23.0,6.31,140.5,3.13,5.4,7.97,7.93,0,1,0,0,0,0,0,0,0,1
1222.8,20.0,6.53,269.6,3.87,7.3,1.92,8.73,0,0,0,1,0,0,0,0,0,1
1037.2600000000002,22.8,7.07,227.2,0.25,8.9,0.74,10.17,0,1,0,0,0,1,0,0,0,1
811.0,23.4,7.45,113.4,4.25,8.3,1.58,6.82,0,0,0,0,1,0,0,0,0,1
941.6,34.8,6.36,179.5,4.84,7.3,4.21,6.13,0,0,1,0,0,0,0,1,0,0
1279.6,18.2,7.67,120.8,7.02,4.0,4.805999999999999,8.18,0,0,1,0,0,0,1,0,0,1
924.4,23.1,6.68,77.1,7.79,6.6,2.21,8.24,0,0,1,0,0,0,0,0,1,1
1031.1,19.4,7.07,48.5,3.21,9.6,1.72,7.78,0,1,0,0,0,0,0,0,1,1
1069.3,29.6,6.5,161.1,5.21,6.7,5.15,7.82,0,0,0,0,0,0,0,0,0,1
816.8327999999999,22.6,6.51,202.16000000000003,7.62,8.2,5.75,9.42,0,1,0,0,0,0,0,0,1,1
776.7,26.0,5.83,116.03999999999999,5.52,6.8,2.66,7.19,0,0,0,0,0,0,0,0,1,1
825.3,22.0,6.9,80.1,1.85,9.4,1.88,8.98,0,1,0,0,0,0,1,0,0,1
947.8,26.7,7.14,46.9,3.74,7.2,7.69,7.37,0,0,0,1,0,0,0,1,0,1
780.2,28.2,6.25,138.3,4.39,9.0,3.134,7.61,0,1,0,0,1,0,0,0,0,1
1066.4,30.7,6.51,137.5,4.39,7.2,1.99,7.46,0,0,1,0,0,0,1,0,0,0
819.2,30.0,6.07,101.1,6.05,8.1,1.9,6.92,1,0,0,0,1,0,0,0,0,0
745.7,24.4,6.36,201.3,5.73,4.9,5.85,9.57,0,0,0,1,0,0,0,0,1,1
927.7,26.1,7.13,14.1,0.35,6.7,3.41,5.56,0,1,0,0,1,0,0,0,0,0
929.9200000000001,28.5,7.04,213.2,4.39,9.2,8.02,10.84,0,0,0,0,0,1,0,0,0,1
945.3,29.8,5.79,97.0,4.85,7.959999999999999,0.76,8.26,0,0,1,0,0,0,1,0,0,1
1389.8,26.1,7.002000000000001,250.1,3.4,4.7,7.0,8.36,0,0,0,1,0,0,1,0,0,0
985.8,29.0,7.28,151.5,4.61,8.6,1.96,6.84,0,0,0,0,1,0,0,0,0,1
767.5,21.8,5.85,41.4,5.58,8.5,5.08,8.55,0,0,0,1,0,0,1,0,0,0
839.0,31.4,7.17,86.0,3.72,7.0,1.56,11.1,1,0,0,0,0,1,0,0,0,1
724.6,23.8,5.98,183.3,8.31,9.8,1.06,11.4,0,0,0,1,0,1,0,0,0,1
832.3,26.2,5.97,135.9,6.66,7.8,8.55,7.78,0,0,0,1,0,0,0,0,1,0
681.9,30.9,6.26,135.0,3.31,5.2,10.42,7.36,0,0,0,1,0,0,0,0,1,1
1121.8,32.0,6.36,158.3,2.35,7.5,2.77,6.2,0,0,0,1,1,0,0,0,0,1
1101.3,21.0,6.17,106.6,5.78,6.7,10.65,8.82,1,0,0,0,0,0,0,0,0,1
640.1,22.4,8.11,117.5,4.64,5.6,6.42,11.19,1,0,0,0,0,1,0,0,0,1
1085.1,34.7,5.53,90.2,0.72,7.0,1.92,9.47,1,0,0,0,0,0,1,0,0,1
924.4,29.6,7.74,151.6,2.98,7.6,3.16,8.33,0,0,1,0,0,0,1,0,0,1
852.14,18.3,7.86,109.4,2.83,5.8,3.17,8.73,0,0,0,0,0,0,1,0,0,1
819.0,29.5,7.86,127.9,5.06,5.5,5.31,10.63,0,0,0,0,0,1,0,0,0,1
708.3,17.2,6.25,119.6,4.89,9.4,2.29,7.09,0,0,0,0,0,0,0,1,0,1
980.4,18.0,5.45,68.8,4.73,8.1,1.58,8.07,1,0,0,0,0,0,0,0,1,0
687.7,26.7,8.42,56.1,7.7,5.9,0.85,7.85,0,0,1,0,0,0,1,0,0,1
1073.4,24.4,6.1,160.0,7.98,7.9,2.83,8.07,0,0,0,0,0,0,1,0,0,0
905.0,23.0,6.17,218.3,2.72,8.7,1.18,7.17,0,0,0,0,1,0,0,0,0,1
871.9,28.1,6.85,159.3,5.25,6.0,2.13,9.97,0,0,0,0,0,1,0,0,0,1
889.9,24.5,7.82,161.0,2.86,7.6,1.46,6.74,0,0,0,1,0,0,0,1,0,0
899.7,18.5,5.62,70.5,7.21,7.1,0.85,9.54,0,1,0,0,0,1,0,0,0,1
482.7,21.8,6.29,286.7380000000001,3.32,8.3,5.73,8.99,1,0,0,0,0,0,0,0,1,1
707.6,25.4,6.07,92.4,3.88,8.4,0.42,5.8,0,0,0,1,1,0,0,0,0,0
979.2,18.9,6.7,247.8,5.01,10.1,0.77,11.55,1,0,0,0,0,1,0,0,0,1
856.6600000000001,14.3,6.53,183.0,4.46,4.9,4.66,10.62,0,1,0,0,0,1,0,0,0,1
1022.4,27.4,6.71,119.38,2.29,7.4,0.42,6.62,0,0,0,1,1,0,0,0,0,0
1118.7,23.9,6.28,181.8,2.21,6.5,3.98,11.27,0,0,0,0,0,1,0,0,0,1
996.7,22.82,6.63,114.5,9.83,6.9,17.88,6.91,0,0,0,1,0,0,0,0,0,0
851.3,19.8,5.31,195.1,7.53,8.6,1.28,8.21,0,0,0,1,0,0,0,1,0,0
984.0,17.9,4.81,175.2,5.87,5.3,1.01,5.94,0,0,0,0,0,0,0,0,1,0
618.4,24.0,5.43,170.6,7.17,5.3,7.5,7.89,1,0,0,0,0,0,0,0,0,0
970.4799999999999,21.8,7.16,142.9,8.46,8.1,2.52,8.78,0,0,0,0,0,0,0,0,1,1
1140.8,21.1,7.02,112.7,2.7,8.3,5.91,9.34,1,0,0,0,0,0,0,1,0,1
638.2,24.2,6.91,50.8,7.1,7.9,2.82,9.0,0,0,0,1,0,0,1,0,0,1
1135.8,26.5,5.87,265.5,2.97,7.74,7.14,7.59,0,0,0,1,0,0,0,1,0,0
1012.7,27.1,6.07,145.5,1.52,5.7,18.84,7.62,0,0,1,0,0,0,0,0,0,0
920.6,32.4,7.51,195.5,4.43,6.4,3.68,8.26,0,1,0,0,0,0,0,0,1,1
672.6,23.5,6.06,181.7,3.46,9.9,15.56,7.91,0,1,0,0,0,0,0,0,1,0
1079.5,28.1,5.67,165.7,0.0,8.9,1.59,8.68,0,0,0,1,0,0,0,0,0,1
676.3,28.4,6.28,157.4,7.76,6.8,0.64,6.53,0,0,1,0,0,0,0,0,0,0
864.5600000000001,20.2,7.25,182.8,7.8,11.0,4.23,8.11,1,0,0,0,0,0,0,1,0,0
719.3,25.0,5.17,133.1,1.08,7.6,2.75,7.88,1,0,0,0,0,0,0,0,0,1
989.4,22.9,7.51,173.3,5.88,6.4,1.75,10.84,0,0,1,0,0,1,0,0,0,1
547.8,23.3,5.57,154.6,7.03,7.6,8.86,7.62,0,0,1,0,0,0,0,0,1,0
896.5,32.0,6.59,170.8,4.59,8.2,3.92,6.71,0,0,1,0,0,0,0,0,0,0
624.8,25.6,5.98,93.5,2.77,4.7,2.03,7.44,0,1,0,0,0,0,0,1,0,0
923.2,29.1,6.48,195.9,3.33,7.7,1.89,9.71,0,0,0,1,0,0,1,0,0,1
1106.3,20.1,7.61,237.0,2.68,5.2,7.729799999999973,7.61,0,0,0,0,0,0,0,1,0,1
549.5,18.4,5.66,133.6,7.08,4.8,8.82,8.35,0,0,0,0,0,0,0,1,0,1
716.4,25.9,6.26,168.54,6.84,6.0,9.74,9.35,1,0,0,0,0,0,0,0,1,1
905.9,23.8,6.64,286.7380000000001,8.77,8.8,24.91,9.61,0,1,0,0,0,1,0,0,0,0
412.4,22.1,8.31,7.624000000000001,4.82,6.8,2.94,6.07,0,0,1,0,0,0,0,0,1,1
942.8,22.5,6.95,170.6,3.74,8.8,15.64,7.95,0,0,0,1,0,0,0,1,0,1
1368.2,24.5,8.0,181.6,2.67,8.3,7.295999999999999,7.52,0,0,1,0,0,0,0,0,1,0
1225.8,16.9,7.05,246.0,4.68,6.0,9.15,8.52,0,0,0,1,0,0,1,0,0,0
947.7,25.2,7.61,105.4,5.45,6.0,4.03,8.06,0,1,0,0,0,0,0,0,1,1
988.4,16.0,7.39,163.1,6.36,7.1,9.51,7.69,0,0,1,0,0,0,0,1,0,1
1083.8,16.7,5.32,193.9,0.96,7.7,8.59,6.75,0,1,0,0,1,0,0,0,0,1
723.9,23.1,5.93,182.51999999999998,3.15,8.4,1.25,6.51,0,0,1,0,0,0,0,0,0,0
1106.3,29.5,7.89,190.0,7.14,7.8,3.88,11.03,1,0,0,0,0,1,0,0,0,1
1132.0,24.9,6.2,205.1,7.34,8.1,5.206,8.4,1,0,0,0,0,0,0,1,0,1
845.6,13.0,6.42,183.5,5.23,8.2,5.78,7.74,0,0,0,0,0,0,0,1,0,0
869.0,32.3,6.1,33.9,6.68,4.1,1.11,6.37,0,0,0,1,0,0,0,0,1,1
966.7,28.5,5.64,236.8,9.16,6.8,17.31,9.52,0,0,0,0,0,0,0,0,1,1
873.3,24.3,5.99,115.94000000000001,7.05,6.7,5.31,8.45,0,0,1,0,0,0,0,0,0,1
1020.5,19.2,5.68,168.5,4.5,8.3,2.1,8.04,0,1,0,0,0,0,0,0,1,0
1260.2,18.3,6.0,186.3,3.88,7.4,5.43,6.98,0,0,0,0,0,0,0,1,0,1
944.4,12.4,7.41,193.9,5.28,9.6,3.22,8.14,0,0,0,1,0,0,1,0,0,0
867.2,26.8,7.02,41.5,2.76,5.1,3.17,8.29,1,0,0,0,0,0,0,0,1,1
897.0,22.0,6.32,162.6,4.33,8.7,3.32,6.2,0,0,0,0,1,0,0,0,0,0
845.6,21.3,5.25,210.4,10.55,7.0,12.56,5.2514,0,0,0,0,1,0,0,0,0,0
1205.5,25.9,6.66,127.9,3.1,6.2,2.27,11.03,0,0,0,1,0,1,0,0,0,1
751.3,26.5,6.38,120.0,4.38,7.3,2.15,7.49,0,0,1,0,0,0,0,0,1,0
1187.0,23.7,6.66,122.1,7.54,7.6,8.26,7.76,0,0,0,0,1,0,0,0,0,0
748.4,27.2,7.26,169.7,4.22,6.7,17.11,6.96,0,0,0,0,0,0,0,0,1,0
1327.6,28.3,8.11,188.90760000000003,5.49,7.4,21.29,7.28,0,0,1,0,0,0,0,1,0,1
1123.1799999999998,19.4,8.09,213.3,3.38,7.7,2.1,7.7,0,0,0,0,0,0,0,0,0,1
992.5,20.8,6.03,234.0,3.28,5.6,3.7299999999999995,7.53,0,0,1,0,0,0,0,0,0,0
1200.5,22.8,6.31,131.1,9.05,8.2,6.89,8.75,0,0,0,0,0,0,1,0,0,0
1045.2,23.3,6.646000000000001,127.9,1.06,8.1,2.43,5.54,0,0,1,0,1,0,0,0,0,0
1175.1,22.7,5.17,168.3,0.0,8.6,13.46,8.66,0,0,0,1,0,0,0,1,0,1
1303.3,14.2,5.27,127.1,5.43,9.5,2.52,7.81,0,0,0,0,0,0,1,0,0,0
682.8,15.5,7.92,151.9,3.03,6.9,3.76,7.66,0,0,1,0,0,0,1,0,0,0
1274.6,16.8,6.39,141.6,6.68,6.3,10.83,8.6,0,0,0,1,0,0,0,0,1,1
984.1,22.3,7.53,79.8,5.08,6.2,0.81,7.04,0,0,0,1,0,0,0,1,0,0
1258.6,21.6,7.48,116.6,7.83,5.0,6.98,8.78,0,1,0,0,0,0,1,0,0,0
968.3,28.8,6.72,103.5,5.58,6.2,1.39,6.82,0,0,1,0,0,0,0,0,1,0
1100.0,16.0,6.6,65.8,3.24,7.9,4.89,8.0,1,0,0,0,0,0,0,1,0,1
1250.7,30.8,6.4,133.2,3.59,10.3,2.64,9.65,0,1,0,0,0,0,1,0,0,1
1311.5,31.7,7.28,236.7,3.08,8.9,2.4,9.39,0,1,0,0,0,1,0,0,0,0
882.9,22.8,7.02,90.0,6.15,7.8,7.71,9.79,0,0,0,0,0,1,0,0,0,0
744.9,21.7,6.83,164.6,3.35,8.7,17.09,8.87,0,0,0,1,0,0,0,0,0,1
924.4,24.700000000000003,5.76,70.3,1.79,6.9,4.25,5.67,0,0,1,0,1,0,0,0,0,0
882.5,27.4,6.73,194.9,8.84,8.1,15.46,6.52,0,0,1,0,0,0,0,1,0,0
1173.8,17.1,5.46,154.7,8.44,6.2,6.93,7.69,1,0,0,0,0,0,0,1,0,0
1018.2,18.4,7.36,40.4,4.4,7.6,4.31,9.28,0,0,0,0,0,0,1,0,0,1
905.2,15.4,5.88,80.7,3.77,7.4,15.07,9.5,0,0,1,0,0,1,0,0,0,0
1202.9,31.0,6.3839999999999995,133.5,1.87,7.5,2.21,10.01,0,1,0,0,0,1,0,0,0,0
1092.9,28.8,7.18,56.5,10.37,7.9,28.908999999999867,7.74,1,0,0,0,1,0,0,0,0,1
797.9,14.0,5.99,93.8,5.47,5.9,4.75,7.55,0,0,0,0,0,0,0,0,1,0
835.2,25.8,5.42,7.624000000000001,10.65,5.7,2.77,7.99,0,0,1,0,0,0,0,0,1,1
1083.7,16.4,5.85,141.0,3.74,9.4,7.242,9.04,0,0,0,0,0,0,0,1,0,1
952.7,28.9,6.02,176.6,1.65,9.5,1.95,7.83,0,0,1,0,0,0,0,1,0,1
784.7,24.2,5.92,71.2,1.52,7.1,0.72,8.32,0,0,0,0,0,0,1,0,0,0
1007.3,28.4,7.57,115.5,3.54,6.4,1.0,7.35,0,1,0,0,0,0,0,0,0,0
792.3,29.2,6.55,134.3,8.88,7.5,3.82,11.18,1,0,0,0,0,1,0,0,0,0
793.7,23.6,7.7,152.2,10.857599999999984,4.9,2.11,6.8,0,0,0,1,0,0,0,0,1,0
693.3,23.72,7.45,125.5,4.16,9.5,10.43,9.84,1,0,0,0,0,0,0,0,1,1
924.0,22.8,7.52,123.3,1.57,8.6,4.17,7.2,1,0,0,0,0,0,0,1,0,0
1038.7,25.0,6.88,168.4,4.47,5.8,3.19,8.45,0,0,0,0,0,0,0,0,1,1
766.0,32.2,7.24,40.3,7.43,7.4,1.21,6.05,0,0,0,0,0,0,0,0,0,1
645.1,19.0,6.66,103.3,1.95,9.8,5.73,8.26,0,0,0,0,0,0,0,0,1,1
585.6,24.8,6.99,160.0,9.68,7.2,9.19,6.42,0,0,0,0,1,0,0,0,0,1
1224.2,26.9,7.84,175.2,9.41,6.959999999999999,1.76,5.99,0,0,0,0,1,0,0,0,0,0
1117.4,25.2,6.332,96.5,9.22,7.6,2.9,9.39,0,0,0,1,0,0,1,0,0,1
775.9,25.74,5.35,205.0,4.6,8.3,1.86,11.1,0,0,0,0,0,1,0,0,0,1
626.5,32.2,7.37,168.9,7.92,5.8,5.21,8.93,0,0,1,0,0,0,1,0,0,1
870.8,22.7,6.586,99.0,5.98,6.7,4.26,6.92,0,0,1,0,0,0,0,1,0,0
827.6,17.9,5.81,154.5,2.69,10.1,1.34,8.45,0,0,0,0,0,0,0,0,1,1
866.7,34.4,6.98,161.1,3.98,8.8,5.87,9.42,0,1,0,0,0,1,0,0,0,1
367.7,24.5,5.99,95.4,7.86,7.220000000000001,1.09,6.09,0,0,1,0,0,0,0,0,0,0
548.9,25.3,5.92,175.2,5.26,7.2,8.52,6.7,0,0,0,1,1,0,0,0,0,1
1097.7,28.4,7.16,141.7,4.8,4.0,2.72,8.96,1,0,0,0,0,0,1,0,0,0
1077.1,24.2,6.04,147.9,4.47,6.1,1.08,7.11,0,0,0,1,0,0,0,1,0,0
463.2,31.2,5.16,194.7,6.3740000000000006,5.9,4.61,6.92,0,0,0,0,0,0,1,0,0,0
856.0,23.8,6.33,123.0,1.91,4.0,9.42,8.73,0,0,1,0,0,1,0,0,0,0
1125.7,20.5,5.41,164.1,6.46,7.1,3.29,10.2,0,0,0,1,0,0,1,0,0,1
882.3,12.8,5.89,141.98,5.61,9.7,8.4,7.56,0,1,0,0,0,0,0,0,0,0
591.2,23.9,5.85,193.2,2.86,7.4,3.78,8.47,0,0,1,0,0,0,0,0,0,1
907.7,29.1,7.41,116.5,4.44,6.0,12.96,9.95,1,0,0,0,0,0,1,0,0,1
1218.5,24.4,6.65,232.8,6.039519999999997,4.2,3.09,7.43,0,0,0,0,0,0,0,0,1,0
874.7,21.5,6.15,134.5,6.94,5.8,0.66,10.6,0,0,1,0,0,1,0,0,0,1
731.2,23.9,5.38,118.5,10.857599999999984,8.4,8.51,8.97,0,0,1,0,0,0,1,0,0,0
1368.4,24.6,5.33,101.9,6.25,9.9,6.53,8.98,0,0,0,0,0,0,1,0,0,1
1230.6,23.0,6.566000000000001,87.1,7.83,5.3,18.64,8.18,0,1,0,0,0,0,0,0,1,1
1488.4299999999998,24.3,8.42,172.6,5.55,9.8,1.05,5.2514,0,0,1,0,0,0,0,0,0,0
776.6600000000001,16.9,6.45,135.5,5.44,7.3,3.38,8.52,0,0,0,0,0,0,0,0,1,1
1201.0,27.0,6.16,20.4,4.414,5.7,9.77,9.85,0,0,1,0,0,1,0,0,0,1
987.9,27.5,5.35,144.5,7.2,9.3,1.01,8.63,0,0,1,0,0,0,1,0,0,1
1047.2,17.4,7.37,155.2,5.41,5.1,7.6557999999999735,8.43,0,1,0,0,0,0,0,0,0,1
1202.7,15.2,6.82,139.6,0.79,4.1,28.908999999999867,6.69,0,0,0,0,0,0,0,0,0,0
885.9,13.7,6.47,181.3,7.26,7.7,5.33,9.62,0,0,0,1,0,0,1,0,0,1
1223.1,23.220000000000002,6.77,130.9,2.98,7.1,3.19,7.34,0,0,1,0,0,0,0,0,0,1
791.8,24.1,7.46,196.8,4.11,8.0,1.5,7.39,0,0,1,0,0,0,0,0,0,1
971.2,30.2,6.8,281.4,2.15,6.3,7.53,10.21,0,0,1,0,0,1,0,0,0,1
605.2,30.6,5.82,141.4,7.91,6.5,5.01,7.51,0,0,0,1,0,0,0,0,0,0
606.3,22.7,5.81,160.7,8.32,6.8,3.48,8.68,0,1,0,0,0,0,0,0,1,1
969.0,20.3,6.94,168.2,4.9,6.2,18.29,9.28,0,0,0,1,0,0,1,0,0,1
651.9,17.5,5.53,125.2,3.14,7.4,9.02,8.43,0,0,0,1,0,0,0,0,1,1
330.164,26.9,5.4,65.0,9.91,7.4,1.86,8.83,0,0,0,1,0,1,0,0,0,1
978.8,20.9,4.89,155.1,4.14,6.1,11.55,8.38,0,0,1,0,0,0,1,0,0,0
1488.4299999999998,26.7,6.26,249.2,4.86,9.0,1.2,7.81,0,0,0,0,0,0,0,0,0,1
864.3,17.9,6.22,147.3,6.09,4.6,1.3,7.66,0,0,1,0,0,0,1,0,0,0
1117.1,24.1,6.27,102.0,5.12,6.9,2.64,6.82,0,0,0,0,0,0,0,1,0,1
1214.6,20.8,6.572,173.1,9.42,4.3,14.26,8.23,1,0,0,0,1,0,0,0,0,1
376.0,19.1,5.92,286.7380000000001,5.25,6.9,9.38,9.54,0,0,0,1,0,0,1,0,0,1
580.8,24.4,8.21,142.3,9.03,7.4,4.93,7.97,0,0,0,0,0,0,1,0,0,0
371.3,22.9,7.78,113.2,5.05,10.4,6.6,6.59,0,0,0,1,1,0,0,0,0,1
414.2,26.2,5.74,176.9,1.62,9.8,8.85,8.66,1,0,0,0,0,0,0,0,1,1
1065.0,30.8,6.06,183.9,5.46,11.0,3.62,6.88,0,1,0,0,0,0,0,1,0,0
1013.2,35.9,6.84,72.8,7.97,8.1,0.42,6.68,1,0,0,0,0,0,0,1,0,1
475.5,18.9,6.32,270.4,1.47,7.7,2.66,7.19,0,0,1,0,0,0,0,0,1,0
947.9,29.1,7.24,203.6,1.42,9.4,2.9,8.75,0,1,0,0,0,0,0,0,0,1
996.4,28.2,6.67,246.7,10.857599999999984,6.6,3.28,8.82,0,0,0,0,0,0,1,0,0,1
679.1,20.7,8.22,274.3,2.52,8.5,7.89,7.61,0,0,0,1,0,0,0,0,0,1
900.6,23.6,6.32,55.3,4.1,8.0,2.99,8.05,0,0,0,0,0,0,0,0,1,1
1416.4,23.4,5.52,147.5,3.11,5.7,0.7,8.55,0,0,0,1,0,0,1,0,0,0
742.4,30.2,8.11,179.6,6.88,8.9,7.3,7.93,0,0,0,1,0,0,0,1,0,1
1076.8,26.9,5.98,119.5,2.354,9.2,1.43,7.7,0,1,0,0,0,0,0,1,0,1
576.4,12.4,5.77,173.8,0.0,6.6,1.884,7.44,0,1,0,0,0,0,0,1,0,0
1150.706,17.5,7.44,200.6,4.17,7.7,4.44,6.32,0,0,1,0,1,0,0,0,0,0
743.9,33.2,5.84,105.6,0.25,9.2,3.34,7.1,0,0,0,0,0,0,0,0,1,1
899.0,26.5,6.73,135.94,2.21,6.8,2.0020000000000002,5.97,0,0,0,0,1,0,0,0,0,0
830.2,19.5,5.27,53.0,8.05,4.6,14.08,6.5,0,0,0,1,0,0,0,0,0,0
895.7800000000001,25.7,6.58,98.4,6.07,8.3,3.14,7.15,0,0,0,0,0,0,0,1,0,0
900.4,30.0,7.69,110.0,7.61,7.8,5.72,7.95,0,1,0,0,0,0,0,0,0,1
1194.4,16.2,6.2,114.5,3.98,6.2,1.64,7.06,0,0,0,0,0,0,0,1,0,0
762.0,25.7,7.66,138.6,3.87,6.8,12.28,10.41,0,0,0,0,0,1,0,0,0,1
628.5,29.0,4.81,157.3,6.48,6.4,1.21,5.71,0,0,1,0,0,0,0,0,1,0
1241.8,26.2,6.59,77.6,7.26,4.6,7.1,7.03,0,0,0,0,0,0,0,0,0,0
1134.2,18.0,7.025999999999999,116.9,5.93,8.5,0.42,8.29,0,0,0,1,0,0,0,0,0,1
801.7,29.2,6.93,84.5,7.29,8.7,0.75,7.11,0,0,1,0,0,0,0,0,0,1
937.4,27.9,7.24,198.8,4.5,8.3,2.25,7.49,0,0,0,1,1,0,0,0,0,1
637.1,22.5,6.52,157.7,3.55,6.2,3.68,6.43,0,0,0,0,1,0,0,0,0,0
918.3,26.1,7.05,157.90000000000003,5.24,7.1,3.18,11.19,1,0,0,0,0,1,0,0,0,1
810.4,18.8,7.31,118.4,4.91,7.039999999999999,0.98,8.67,0,0,0,0,0,0,1,0,0,0
813.4,17.1,5.82,118.0,9.9,9.7,18.73,6.17,0,0,1,0,1,0,0,0,0,0
997.6,25.6,6.62,99.0,7.01,6.9,5.546,10.03,0,1,0,0,0,0,1,0,0,1
1039.7,26.419999999999998,6.74,53.4,6.41,6.5,1.12,7.93,0,0,0,0,0,0,0,0,1,1
337.3,31.4,6.84,144.3,0.02,9.4,12.1,5.54,0,0,0,0,0,0,0,1,0,0
999.7,31.4,8.42,82.7,4.4,7.0,2.84,6.79,1,0,0,0,0,0,0,0,0,1
1015.3,23.1,6.44,133.9,5.59,5.7,1.06,7.24,0,0,1,0,1,0,0,0,0,1
977.4,35.9,7.06,125.7,5.73,5.7,2.19,6.25,0,0,1,0,0,0,0,1,0,0
880.1,13.8,6.61,48.5,3.41,7.6,1.39,7.16,0,0,0,0,0,0,1,0,0,0
653.5,30.3,6.53,143.9,5.18,7.8,3.17,6.84,0,0,1,0,0,0,0,1,0,0
1028.4,29.1,6.65,156.3,5.78,5.1,5.1,6.95,0,0,0,1,1,0,0,0,0,1
890.2,19.4,7.82,134.7,5.4,9.5,2.53,7.05,0,0,0,0,0,0,0,0,1,0
865.8,12.8,7.34,250.3,6.58,10.0,1.65,8.4,0,0,0,0,0,0,1,0,0,0
636.5,23.7,7.13,236.2,5.1,8.5,11.48,8.01,1,0,0,0,0,0,0,1,0,0
1033.3,26.3,6.19,100.7,7.94,6.3,1.9,7.67,0,0,0,1,0,0,0,1,0,0
954.8,23.8,5.99,223.9,6.53,7.4,2.58,6.6,0,0,1,0,1,0,0,0,0,1
1069.4,30.7,6.63,223.6,4.24,7.3,6.01,10.52,0,0,0,0,0,1,0,0,0,1
1332.5,24.8,6.81,111.9,2.48,7.4,5.36,9.38,0,0,0,0,0,1,0,0,0,0
1204.5,25.5,5.98,183.6,1.46,5.8,5.76,8.6,0,1,0,0,0,0,0,0,0,1
937.3,23.8,6.0,130.0,3.54,8.1,16.22,7.72,0,0,0,0,0,0,0,0,0,0
1027.2,17.3,6.78,191.1,4.33,6.8,1.81,7.32,0,0,1,0,0,0,0,0,0,0
995.3,14.0,6.5,145.1,1.08,6.2,10.11,6.98,0,1,0,0,1,0,0,0,0,1
566.0,29.1,5.41,136.9,3.82,7.9,6.651999999999999,8.14,1,0,0,0,0,0,1,0,0,0
525.1,19.5,7.38,201.6,2.46,4.7,1.52,7.62,0,0,0,0,0,0,0,0,0,1
1196.0,32.3,6.56,79.5,2.27,8.5,4.18,8.08,1,0,0,0,0,0,1,0,0,0
618.1,34.5,6.11,220.1,2.76,7.1,2.46,7.86,0,0,1,0,0,0,1,0,0,0
1048.6,28.6,6.67,210.0,5.07,5.6,3.11,6.64,0,0,0,1,1,0,0,0,0,0
870.9,19.3,6.14,222.0,7.18,8.1,5.07,11.09,0,0,0,1,0,1,0,0,0,1
1033.5,18.8,7.42,135.0,4.28,8.3,9.02,9.53,0,0,1,0,0,0,1,0,0,1
330.164,23.0,6.21,157.2,3.94,6.7,10.12,5.2514,0,0,0,0,1,0,0,0,0,0
461.5,24.9,5.41,184.0,3.93,6.1,16.38,7.33,0,1,0,0,0,0,0,1,0,0
887.2,24.6,5.89,117.9,5.55,6.2,1.31,7.39,0,0,1,0,1,0,0,0,0,1
642.6,17.6,5.46,194.1,3.91,6.2,1.44,10.7,1,0,0,0,0,1,0,0,0,1
1218.8,26.3,5.58,133.0,6.75,11.0,1.46,8.09,0,1,0,0,0,0,1,0,0,0
1021.5,29.1,5.58,192.4,6.62,7.3,0.8,7.33,0,0,0,0,0,0,0,1,0,1
1161.1,15.9,5.81,190.7,2.35,8.3,3.74,10.84,0,1,0,0,0,1,0,0,0,1
713.5,19.0,7.18,222.6,6.97,8.9,4.52,7.59,0,0,1,0,0,0,0,0,1,0
1018.2,16.1,6.81,194.7,3.78,11.0,1.46,8.68,0,1,0,0,0,0,0,0,1,1
991.0,23.94,7.11,214.6,2.19,8.9,2.03,8.46,0,0,1,0,0,0,0,0,0,1
921.9,21.8,7.02,156.8,5.074,7.1,7.34,11.578600000000005,0,1,0,0,0,1,0,0,0,1
748.6,29.5,5.9,177.0,10.42,7.9,4.69,7.63,0,0,1,0,0,0,0,0,0,1
1278.5,17.2,6.31,160.8,6.13,11.0,0.88,6.4,0,0,0,0,0,0,0,1,0,0
906.0,23.4,6.83,150.88000000000002,6.08,7.5,6.43,8.09,0,1,0,0,0,0,0,0,0,0
330.164,25.2,7.42,99.1,2.57,8.0,8.95,6.72,1,0,0,0,0,0,0,0,0,0
1208.4,25.2,6.11,48.4,7.19,6.2,1.93,8.62,0,1,0,0,0,0,1,0,0,1
766.7,27.4,6.25,188.6,5.71,4.5,5.12,7.99,0,1,0,0,0,0,0,1,0,0
1214.0,26.2,5.85,184.61999999999998,7.53,8.5,7.37,10.28,0,0,0,0,0,0,1,0,0,1
1026.9,25.5,7.19,153.66,4.47,9.2,11.0,10.34,1,0,0,0,0,0,1,0,0,1
1079.7,31.6,4.59,166.6,8.04,8.4,4.0,8.49,0,0,0,0,0,0,1,0,0,1
926.0,23.4,6.13,99.5,6.52,10.2,1.44,10.63,0,0,0,0,0,1,0,0,0,1
704.9,28.7,7.02,88.4,1.7719999999999998,8.2,5.01,7.12,0,0,1,0,0,0,0,1,0,1
480.3,22.7,8.42,187.9,4.95,6.3,2.67,9.45,1,0,0,0,0,1,0,0,0,1
999.9,27.8,5.65,213.72000000000003,3.11,6.3,5.88,6.94,0,1,0,0,0,0,0,0,1,1
1001.5,23.0,6.96,106.4,1.92,6.88,4.68,5.45,0,0,1,0,1,0,0,0,0,0
718.3,19.5,7.5,233.7,3.39,8.4,1.65,8.22,0,1,0,0,0,0,0,0,0,0
600.3,20.1,6.23,142.6,3.24,7.0,5.33,7.77,0,1,0,0,0,0,0,0,1,0
733.1,24.4,6.87,121.6,4.6,6.1,3.29,7.3,0,0,1,0,0,0,0,0,0,1
654.7,20.7,6.91,194.1,5.99,6.2,4.36,7.25,0,0,1,0,0,0,0,0,1,0
627.4,22.1,6.42,93.4,5.18,8.2,9.52,7.18,0,0,0,1,0,0,0,0,0,0
1104.6,25.8,5.95,104.2,8.29,7.2,2.58,11.578600000000005,1,0,0,0,0,1,0,0,0,1
904.9,18.5,5.89,140.0,6.3,4.0,6.42,7.25,0,0,0,0,0,0,0,1,0,1
1040.9,22.0,6.09,272.2,3.06,6.2,5.34,7.44,0,0,0,0,0,0,0,1,0,0
762.2,35.9,7.32,184.4,4.6,6.9,2.424,5.72,0,1,0,0,1,0,0,0,0,1
330.164,27.3,5.996,216.8,5.79,6.9,8.44,8.99,1,0,0,0,0,0,0,0,1,1
497.6,29.3,6.76,70.7,5.38,8.1,5.6,7.86,0,0,0,0,0,0,1,0,0,0
849.9,25.179999999999996,6.48,89.0,5.81,9.4,1.83,8.4,0,0,1,0,0,0,1,0,0,0
704.2,28.5,4.96,250.6,0.0,7.3,1.54,6.17,1,0,0,0,1,0,0,0,0,0
1133.3,25.7,6.9,168.1,3.32,10.9,1.67,7.78,0,0,0,0,0,0,0,0,0,1
746.0199999999999,27.8,6.03,166.3,3.45,7.3,2.01,8.34,0,0,1,0,0,0,0,0,0,1
1163.0,23.3,5.43,185.90000000000003,6.65,7.2,1.71,8.17,1,0,0,0,1,0,0,0,0,1
816.7,20.5,7.02,150.3,9.63,10.1,2.38,8.95,0,1,0,0,0,0,0,1,0,1
493.6,23.9,6.75,242.9,2.9,8.2,2.35,6.78,0,0,0,0,0,0,0,1,0,0
721.8,20.2,7.33,76.1,5.05,10.2,3.31,6.67,0,0,1,0,0,0,0,1,0,0
849.2,31.2,6.24,214.5,5.77,9.7,1.63,8.41,0,0,0,0,0,0,0,0,1,1
678.4,22.4,7.02,286.7380000000001,5.65,7.0,1.35,10.45,0,0,0,1,0,1,0,0,0,1
741.1,23.5,5.98,174.8,4.73,7.6,4.12,8.45,0,0,1,0,0,0,1,0,0,0
1154.7,21.78,6.96,141.2,2.55,7.3,9.31,8.46,0,0,0,0,0,0,0,1,0,1
776.1,28.9,8.02,158.54000000000002,0.43,6.4,3.62,6.85,1,0,0,0,0,0,0,1,0,1
525.3,25.3,5.49,148.7,5.15,4.1,3.63,6.64,0,0,0,1,0,0,0,0,1,0
704.0,25.4,5.17,220.5,7.41,5.5,2.06,9.58,0,0,1,0,0,1,0,0,0,1
997.4,24.8,5.73,153.0,3.3,7.6,2.56,8.41,0,1,0,0,0,0,0,1,0,1
941.2,17.5,5.22,154.8,3.02,9.3,0.99,6.73,0,0,0,0,0,0,0,0,0,0
1014.1,23.8,5.77,129.2,3.71,8.0,4.64,9.13,1,0,0,0,0,0,0,0,1,0
747.9,24.6,5.67,205.4,0.0,10.3,2.0,9.65,1,0,0,0,0,0,1,0,0,0
1047.3799999999999,28.1,6.74,132.6,10.857599999999984,8.6,2.53,6.86,0,0,0,1,1,0,0,0,0,0
1208.4,21.4,6.72,173.52,5.73,5.6,10.85,8.36,0,1,0,0,0,0,1,0,0,1
890.5,25.2,7.16,7.624000000000001,1.7,4.0,1.93,8.04,0,0,0,0,0,0,1,0,0,1
330.164,20.9,5.74,157.9,1.45,5.4,2.71,10.17,0,0,0,1,0,1,0,0,0,1
360.1,18.4,6.12,127.3,4.92,7.8,1.99,8.86,0,1,0,0,0,0,0,0,1,1
403.2,22.6,7.29,240.7,5.1,6.5,3.5,6.99,1,0,0,0,1,0,0,0,0,0
554.4,18.8,8.08,202.6,5.58,6.3,6.91,7.74,1,0,0,0,0,0,0,0,0,0
937.6,18.3,6.45,150.6,4.38,6.6,14.92,10.07,0,0,0,0,0,0,1,0,0,1
658.4,25.8,6.65,212.7,4.66,8.1,7.23,9.79,0,1,0,0,0,1,0,0,0,0
790.0,24.72,6.51,214.0,2.83,7.3,5.77,8.83,0,0,0,1,0,0,0,0,1,0
1079.7,25.3,6.48,132.2,8.22,9.7,2.48,7.68,0,0,0,0,0,0,0,1,0,1
914.7,21.6,6.51,136.8,5.33,6.0,3.24,8.12,0,0,1,0,0,0,1,0,0,0
1292.7,20.1,7.532000000000001,189.0,6.06,9.5,2.58,7.67,0,0,0,0,1,0,0,0,0,1
1019.7,15.4,8.42,32.8,4.03,6.6,6.3,5.92,0,0,1,0,0,0,0,0,1,0
1200.1,27.3,6.55,180.8,3.57,10.0,1.8,6.22,0,0,1,0,1,0,0,0,0,0
1020.2,27.3,6.22,148.0,1.06,7.5,12.82,8.39,0,0,0,1,0,0,0,0,1,0
1014.2,24.4,7.65,50.1,1.13,10.0,0.91,7.78,0,0,0,1,0,0,0,1,0,1
746.8,23.4,6.34,144.8,6.55,7.4,1.5,8.8,0,0,0,1,0,0,0,0,0,1
1187.4,20.9,7.09,103.7,5.64,6.9,2.03,7.7,1,0,0,0,1,0,0,0,0,1
995.0,21.6,6.15,150.2,8.87,9.3,28.908999999999867,9.4,0,0,1,0,0,0,1,0,0,1
860.6,24.4,6.17,133.7,6.9,5.5,18.27,11.06,0,0,0,1,0,1,0,0,0,0
1073.6,30.0,6.71,177.6,3.85,7.1,1.73,7.58,1,0,0,0,0,0,0,0,1,0
795.4,18.0,6.22,180.4,9.49,7.2,2.39,7.06,0,0,0,1,0,0,0,1,0,0
1031.3,25.5,6.4799999999999995,47.4,1.58,7.8,0.64,7.41,0,0,1,0,0,0,0,0,0,1
1029.8,22.8,6.03,183.9,6.79,7.519999999999999,1.7260000000000002,7.42,0,0,0,1,1,0,0,0,0,0
1023.8,19.0,7.85,142.4,8.71,6.2,1.91,7.7,1,0,0,0,0,0,0,0,1,0
722.9,18.6,4.61,263.7,5.66,6.3,8.29,7.25,0,0,0,1,0,0,0,1,0,0
1488.4299999999998,23.9,7.07,160.9,5.78,9.8,2.93,7.28,0,1,0,0,0,0,0,0,1,0
921.4,21.1,8.42,172.0,4.42,5.6,6.85,5.57,0,0,0,0,0,0,0,1,0,0
691.0,14.9,4.59,196.2,3.57,6.1,28.908999999999867,5.75,0,1,0,0,0,0,0,1,0,0
700.5,22.1,5.91,172.9,2.46,7.2,1.96,10.71,0,1,0,0,0,1,0,0,0,1
932.9,17.7,5.97,191.4,7.09,7.1,0.96,8.17,0,0,0,1,0,0,0,1,0,1
1488.4299999999998,21.8,7.27,172.0,7.37,7.9,7.814,10.83,0,0,0,0,0,1,0,0,0,1
805.1800000000001,27.2,5.86,164.4,6.52,6.7,7.96,8.76,0,0,0,1,0,0,1,0,0,0
1262.0,19.4,7.09,173.2,4.68,5.9,6.93,7.38,0,0,0,1,0,0,0,1,0,1
330.164,27.1,6.82,112.5,6.31,4.4,2.1,7.78,0,0,0,1,0,0,1,0,0,0
896.6,21.3,4.67,151.1,5.98,9.2,1.76,7.63,0,0,0,0,0,0,1,0,0,0
885.8,25.6,5.4,88.9,3.61,7.0,8.25,9.51,1,0,0,0,0,0,1,0,0,1
486.0,32.3,6.71,141.4,2.81,6.4,0.74,5.58,0,0,1,0,1,0,0,0,0,1
801.6,30.4,6.13,110.2,2.59,8.2,2.92,8.05,0,0,0,0,1,0,0,0,0,1
1009.4,32.6,6.38,172.8,1.02,6.2,3.46,7.38,0,0,0,1,0,0,0,0,1,0
990.7,22.5,7.92,163.9,4.95,7.5,9.59,8.26,0,1,0,0,0,0,0,0,1,1
1046.4,16.6,7.45,154.4,6.55,7.7,2.98,9.37,0,1,0,0,0,0,1,0,0,1
951.7,18.8,6.32,237.5,4.44,6.1,2.48,7.54,0,0,1,0,0,0,0,1,0,1
1077.0,26.059999999999995,5.32,199.2,7.21,8.5,2.32,7.24,0,0,1,0,1,0,0,0,0,1
1055.1,27.5,5.71,223.6,0.85,6.0,2.4,8.96,1,0,0,0,0,0,1,0,0,0
742.8,20.5,6.14,106.2,6.38,9.8,4.2,7.11,1,0,0,0,1,0,0,0,0,0
945.2,26.7,5.98,200.9,5.5,6.1,2.34,7.69,0,0,0,0,0,0,0,0,0,0
467.4,24.7,6.99,117.5,2.14,8.6,3.33,8.08,1,0,0,0,0,0,0,0,1,0
1101.2,26.5,5.73,238.7,2.998,9.9,5.5,6.98,0,0,0,0,1,0,0,0,0,1
1172.4,25.8,7.44,157.1,7.82,8.5,16.32,8.13,0,0,0,1,0,0,0,1,0,1
1031.38,21.0,7.348000000000001,206.4,6.91,7.8,5.01,7.68,0,1,0,0,0,0,0,1,0,1
1235.5,25.4,5.42,113.2,6.17,8.4,0.44,9.0,0,1,0,0,0,0,0,0,0,1
569.3,26.3,7.03,78.4,6.66,7.5,4.91,7.65,0,0,0,0,0,0,1,0,0,1
830.1,25.0,6.93,151.9,5.59,6.6,1.34,7.32,0,0,0,1,0,0,0,0,0,1
1142.0,28.3,6.42,229.9,3.51,9.4,10.97,11.44,0,0,0,0,0,1,0,0,0,1
1212.4,14.9,5.39,165.9,5.66,7.2,2.2,9.13,0,0,1,0,0,0,1,0,0,1
967.1,35.9,5.88,240.9,5.76,8.7,24.59,9.63,0,0,0,0,0,0,1,0,0,1
1406.7,12.4,4.94,215.9,7.39,5.6,6.7,9.44,0,0,0,1,0,1,0,0,0,0
659.1,35.0,7.64,80.1,7.48,8.0,7.85,6.48,0,1,0,0,0,0,0,0,1,0
840.1,23.9,6.72,144.8,2.78,9.3,5.4,6.91,0,0,0,0,1,0,0,0,0,0
757.6400000000001,23.0,6.93,110.9,4.27,7.200000000000001,5.26,7.53,0,0,0,0,0,0,0,0,0,1
1084.3,23.26,6.58,123.1,8.24,8.0,3.99,6.57,0,1,0,0,1,0,0,0,0,0
1453.6,24.3,6.16,91.8,6.96,6.5,0.97,7.25,1,0,0,0,1,0,0,0,0,1
859.9,29.1,7.56,164.9,2.12,7.7,6.87,6.86,0,1,0,0,1,0,0,0,0,1
781.6,35.9,6.6,209.2,0.0,8.8,1.53,7.61,0,0,0,1,0,0,0,0,0,0
1133.0,25.5,6.24,236.9,0.91,7.9,5.18,9.29,0,0,0,1,0,0,0,0,1,1
1039.2,33.3,6.16,151.4,2.84,7.7,1.75,6.53,0,1,0,0,1,0,0,0,0,1
511.3,14.0,6.23,64.0,2.28,5.1,2.3340000000000005,6.9,0,0,1,0,0,0,0,0,1,1
569.5,29.1,7.72,156.4,5.2,11.0,25.34,8.43,0,0,1,0,0,0,1,0,0,0
597.2,23.7,7.49,216.4,6.65,7.3,3.73,7.63,0,0,1,0,0,0,0,0,1,1
837.0,25.54,7.77,101.9,6.55,6.8,2.3,6.87,0,1,0,0,0,0,0,1,0,0
662.8,17.7,6.99,64.6,4.37,7.4,3.82,9.06,0,1,0,0,0,0,1,0,0,1
795.7,25.1,7.08,137.0,5.78,8.4,2.59,8.1,0,0,0,1,0,0,0,0,0,0
1050.8,25.7,6.61,286.7380000000001,10.857599999999984,9.0,3.15,8.61,0,0,0,0,0,0,0,0,0,1
1322.3,21.7,6.38,145.3,3.84,5.5,11.28,8.19,0,0,1,0,0,0,1,0,0,0
1050.2,21.0,5.74,162.1,3.89,8.4,7.32,8.47,0,0,0,1,1,0,0,0,0,1
388.5,32.5,6.98,174.2,7.26,8.7,0.95,6.28,0,0,0,1,0,0,0,1,0,1
876.8,18.2,6.82,157.8,8.36,7.8,4.69,6.73,0,0,1,0,0,0,0,1,0,0
1076.4,24.1,5.73,55.4,0.29,7.3,1.55,6.02,0,1,0,0,1,0,0,0,0,1
1028.0,22.0,6.91,87.4,4.3,6.3,4.752000000000001,8.04,0,0,0,1,0,0,0,0,0,1
1057.9,25.7,6.43,147.0,5.47,4.9,3.85,8.19,0,1,0,0,0,0,0,0,0,0
921.0400000000002,21.3,6.58,64.5,2.53,4.2,1.46,6.94,0,1,0,0,1,0,0,0,0,1
690.1,24.6,6.73,215.42000000000002,0.0,9.2,1.23,7.11,0,1,0,0,0,0,0,1,0,0
650.4,18.1,5.32,156.2,0.0,7.4,3.37,6.64,0,0,0,1,1,0,0,0,0,1
701.1,24.8,7.29,108.9,6.39,5.3,5.13,7.57,0,0,0,0,0,0,0,1,0,0
970.2,26.1,5.62,108.4,7.17,8.1,14.49,7.29,0,0,0,0,0,0,0,0,0,1
641.8,23.0,7.6,158.8,6.56,8.0,4.86,8.53,0,0,0,1,0,0,0,0,0,1
769.6,27.3,5.74,153.3,3.8,6.6,1.07,8.89,0,0,1,0,0,0,1,0,0,1
907.8,18.6,5.48,111.2,7.15,7.5,0.96,8.55,0,1,0,0,0,0,0,0,1,1
711.8,26.6,7.77,125.7,3.57,6.7,4.33,7.42,1,0,0,0,1,0,0,0,0,1
982.9,26.3,5.06,112.1,5.06,5.8,2.68,6.92,0,1,0,0,0,0,0,0,1,0
458.5,21.6,7.28,270.6,2.78,8.8,0.46,7.11,0,1,0,0,0,0,0,0,0,1
623.2,25.3,5.8,117.6,3.354,8.5,3.02,9.09,0,0,1,0,0,1,0,0,0,0
623.1,24.4,7.28,182.5,7.1,9.5,0.81,7.26,0,0,1,0,0,0,0,1,0,1
906.5,28.1,5.92,170.6,2.66,6.4,4.77,8.0,1,0,0,0,0,0,0,0,1,0
1038.7,19.0,6.81,156.73999999999998,8.05,6.7,4.24,8.12,1,0,0,0,0,0,0,1,0,1
701.2,19.3,6.44,219.6,7.77,6.0,4.42,10.43,0,0,0,1,0,0,1,0,0,1
1074.4,15.7,6.71,195.5,7.3,4.7,1.56,6.8,0,0,0,0,1,0,0,0,0,0
1385.7,19.8,7.32,150.2,6.5,8.1,3.286,8.01,0,1,0,0,1,0,0,0,0,1
771.2,12.4,6.17,49.5,4.152,6.3,4.04,7.49,0,1,0,0,0,0,0,0,1,1
496.2,17.7,7.12,145.2,2.31,6.5,2.78,6.71,0,1,0,0,0,0,0,0,0,0
749.0,24.4,6.73,278.4,7.61,7.0,2.81,6.87,0,0,1,0,0,0,0,0,0,0
482.8,15.4,6.93,50.3,5.39,6.6,28.908999999999867,5.2514,0,0,0,1,1,0,0,0,0,0
1002.2,20.8,7.13,132.64000000000001,0.95,6.3,3.52,8.96,0,0,0,1,0,0,1,0,0,0
865.4399999999999,21.8,5.86,183.1,6.33,7.139999999999999,3.43,7.68,0,0,0,0,0,0,0,1,0,0
1132.7,29.1,6.63,141.6,2.28,9.7,5.52,8.67,0,0,0,1,0,0,0,0,1,0
1062.4,26.3,6.69,192.6,5.71,7.1,1.22,5.56,0,0,1,0,1,0,0,0,0,0
842.9,29.0,7.06,79.2,6.03,5.4,22.38,6.94,0,0,1,0,0,0,0,0,0,0
1308.8,20.7,5.72,153.4,4.48,9.1,3.07,9.65,1,0,0,0,0,0,1,0,0,1
847.8,23.8,7.64,21.2,3.52,6.5,7.37,9.25,1,0,0,0,0,0,1,0,0,1
338.4,14.7,7.11,51.4,9.1,8.9,2.59,6.97,0,0,0,0,0,0,0,0,1,1
600.2,21.5,6.86,77.8048,5.29,8.8,1.52,6.24,0,1,0,0,1,0,0,0,0,0
993.2,15.2,5.7,143.7,7.54,10.7,7.42,8.41,1,0,0,0,0,0,0,0,0,1
858.3,26.6,7.13,122.52000000000001,2.91,7.9,7.25,7.25,0,0,1,0,0,0,0,1,0,1
689.7,21.3,6.11,160.9,4.29,7.8,10.14,9.06,0,0,0,1,0,0,0,0,0,1
1067.2,21.9,5.82,95.9,7.08,6.8,6.87,7.04,0,0,0,0,0,0,0,1,0,0
752.2927999999999,26.9,7.09,169.2,4.27,8.0,14.71,11.3,1,0,0,0,0,1,0,0,0,1
559.9,18.3,6.25,120.3,7.82,8.9,3.15,8.2,0,0,0,0,0,0,0,0,0,1
1220.2,29.5,7.04,175.6,6.41,7.9,1.86,10.18,0,0,0,0,0,1,0,0,0,0
1054.3,27.5,8.42,121.0,0.4,11.0,10.83,9.86,0,0,0,1,0,1,0,0,0,1
873.0,21.2,5.91,120.9,2.64,10.4,6.22,10.42,0,0,1,0,0,1,0,0,0,1
1065.3,27.5,7.33,148.8,2.97,8.1,15.76,11.578600000000005,0,0,0,1,0,1,0,0,0,1
639.7,27.7,5.61,54.9,2.88,8.2,1.9,7.53,1,0,0,0,0,0,0,0,1,0
912.5600000000001,29.2,5.45,118.7,6.66,10.9,0.48,8.77,0,1,0,0,0,0,1,0,0,1
828.4,20.0,8.4,123.1,2.84,9.1,2.18,7.25,0,0,0,0,0,0,0,0,0,1
851.4,25.8,7.03,117.1,5.44,7.0,9.88,7.1,0,0,0,0,0,0,0,1,0,0
960.3,24.1,6.69,107.3,0.96,9.2,1.11,8.44,0,0,0,1,0,0,0,0,0,1
832.6,34.6,5.97,187.9,9.73,7.0,3.22,8.2,1,0,0,0,0,0,0,0,1,1
843.5,23.2,6.97,286.7380000000001,8.11,6.9,1.76,6.94,0,1,0,0,1,0,0,0,0,1
917.4,17.5,6.44,56.8,2.48,5.9,1.6,11.1,0,0,0,1,0,1,0,0,0,1
1024.0,28.7,6.61,135.8,3.76,7.220000000000001,8.25,8.25,0,0,0,0,0,0,0,0,1,1
915.2,17.8,7.14,104.3,6.66,9.4,3.62,9.7,1,0,0,0,0,0,1,0,0,1
1192.1,21.5,7.08,215.3,1.59,7.5,28.78,8.1,0,1,0,0,1,0,0,0,0,1
573.2,28.4,5.76,169.7,6.36,8.1,8.4,7.44,0,1,0,0,0,0,0,0,0,1
995.3,25.4,5.26,235.0,6.02,9.8,7.31,7.49,0,0,0,0,1,0,0,0,0,1
974.9,27.0,7.48,283.7,1.99,7.9,1.92,6.32,0,0,1,0,0,0,0,0,1,0
943.4,21.4,8.2,134.3,4.78,8.2,6.18,6.73,0,0,0,0,0,0,0,0,1,0
668.0,22.0,6.43,185.1,5.53,7.0,0.42,8.64,0,1,0,0,0,0,1,0,0,0
607.9,23.1,5.49,205.5,6.75,7.5,5.17,8.27,1,0,0,0,0,0,0,0,0,1
1241.5,28.8,6.92,60.3,7.3,6.7,2.88,8.16,0,0,0,0,0,0,0,0,1,1
604.9,29.5,6.54,162.3,4.63,6.4,2.24,7.49,0,1,0,0,0,0,1,0,0,0
774.1,29.6,6.86,104.3,3.06,6.3,12.4,9.13,0,1,0,0,0,0,1,0,0,1
689.2,34.6,8.42,183.3,2.53,6.5,6.99,6.78,1,0,0,0,0,0,1,0,0,0
866.4,25.1,6.99,137.72,6.24,8.0,9.98,10.29,0,0,0,1,0,0,1,0,0,1
792.2,30.9,7.08,135.4,3.84,7.5,2.89,9.99,0,0,0,1,0,1,0,0,0,0
1409.0,28.5,7.07,174.8,9.44,5.6,1.76,9.45,0,1,0,0,0,1,0,0,0,1
721.6,29.8,7.05,106.3,4.62,7.2,2.82,8.96,0,0,0,0,0,0,1,0,0,1
917.0259999999998,27.6,7.69,172.5,7.6,6.9,1.59,7.43,0,1,0,0,0,0,0,0,1,1
1084.9,25.5,4.59,154.8,5.89,7.4,3.46,6.16,0,1,0,0,0,0,0,0,0,1
1007.9,23.8,5.77,197.9,2.07,6.5,1.23,6.01,0,0,1,0,1,0,0,0,0,0
860.7,18.1,5.01,95.8,2.1,6.9,2.12,7.82,0,1,0,0,0,0,1,0,0,1
696.4,26.6,6.83,115.0,3.3,5.3,2.32,5.88,0,0,0,0,1,0,0,0,0,0
1234.9,16.6,5.99,144.94,5.08,4.6,3.57,9.07,1,0,0,0,0,0,1,0,0,0
1299.8,27.2,6.69,133.2,7.5,8.2,6.58,8.51,0,0,1,0,0,0,1,0,0,0
841.3,25.0,5.81,182.5,5.07,4.3,18.26,9.07,0,0,0,1,0,0,0,0,1,1
1023.2,22.7,7.024000000000001,168.8,10.857599999999984,8.9,7.52,6.85,0,1,0,0,1,0,0,0,0,0
1136.5,22.4,4.65,221.6,5.52,6.74,2.36,7.98,0,0,0,1,0,0,0,1,0,1
881.9,27.3,8.42,142.8,4.82,6.6,2.9,7.24,0,1,0,0,0,0,1,0,0,0
973.7,25.3,7.63,85.6,5.52,5.3,1.5,6.93,0,0,0,0,1,0,0,0,0,1
828.2,20.0,7.01,194.7,4.84,5.1,4.2700000000000005,7.74,0,0,0,1,1,0,0,0,0,0
1134.4,12.4,6.6,51.7,10.11,8.8,3.71,8.2,0,0,0,1,0,0,1,0,0,1
997.5,26.4,7.3,74.8,6.86,7.7,12.44,9.67,0,0,0,0,0,0,1,0,0,1
1176.4,21.6,6.33,177.8,0.59,8.1,2.88,7.51,0,0,0,1,1,0,0,0,0,0
1171.3259999999998,19.9,8.06,136.4,2.97,7.7,5.59,10.77,0,0,0,1,0,1,0,0,0,1
531.2,23.8,6.5840000000000005,139.94000000000003,5.96,5.7,2.16,9.57,0,0,0,0,0,1,0,0,0,0
823.8,25.580000000000002,7.58,127.34,1.23,5.4,2.83,6.19,0,1,0,0,1,0,0,0,0,0
897.7,25.4,5.72,183.6,4.7,7.2,7.37,7.91,0,0,1,0,0,0,1,0,0,0
833.5,26.5,7.8,192.0,3.02,6.3,8.24,7.67,0,0,0,0,0,0,0,0,0,1
860.0,13.3,6.75,136.7,7.53,7.080000000000001,7.06,7.4,1,0,0,0,1,0,0,0,0,1
1242.9,26.7,6.44,154.6,6.44,4.7,6.93,6.3,0,0,1,0,0,0,0,1,0,0
1290.1,28.9,5.82,31.3,4.31,6.3,5.25,8.17,1,0,0,0,0,0,0,1,0,1
968.4,19.4,5.87,211.1,5.04,6.2,1.19,7.3,0,0,1,0,0,0,0,1,0,0
680.0,30.1,6.81,111.5,5.91,9.1,9.71,7.97,0,0,0,1,0,0,0,0,0,1
875.2,27.3,7.18,134.7,3.87,6.5,6.73,9.08,0,0,1,0,0,0,1,0,0,1
330.164,21.1,6.36,179.9,6.46,9.8,2.1,7.46,0,1,0,0,0,0,0,0,1,0
636.9,21.3,7.91,25.8,3.02,4.9,2.84,6.13,0,0,0,0,0,0,0,0,0,1
1142.1,23.1,7.42,154.9,2.59,6.8,1.49,8.95,1,0,0,0,0,0,0,0,0,1
740.1,24.2,6.53,140.4,8.51,9.6,12.35,9.18,0,0,0,1,0,0,0,0,0,1
1389.6,28.5,5.91,95.4,10.857599999999984,6.7,5.71,9.18,0,0,0,1,0,0,1,0,0,1
939.4,29.8,6.42,108.8,6.93,7.2,2.15,9.77,0,0,0,0,0,1,0,0,0,0
759.2,23.6,6.92,251.8,1.11,8.8,0.98,8.54,0,0,1,0,0,0,1,0,0,0
699.0,25.3,6.034000000000001,121.0,5.66,6.7,3.732,7.97,0,0,0,0,0,0,0,0,0,0
915.2,20.0,6.68,45.3,3.314,7.0,28.908999999999867,10.51,0,0,1,0,0,1,0,0,0,1
1107.4,18.5,5.973999999999999,109.5,5.05,9.1,1.02,7.21,0,0,0,0,0,0,0,0,0,0
1108.4,18.1,6.49,155.3,0.19,5.8,1.02,11.55,1,0,0,0,0,1,0,0,0,1
647.1,19.4,5.47,232.0,4.49,7.1,7.13,7.62,1,0,0,0,0,0,0,0,1,0
1122.8,33.8,6.37,135.56,0.0,8.4,4.33,6.62,0,1,0,0,1,0,0,0,0,1
906.7,21.3,6.82,137.2,10.857599999999984,7.7,2.1,6.5,0,0,1,0,0,0,0,1,0,0
1038.7,22.3,7.8,270.4,3.44,9.7,2.12,7.7,1,0,0,0,1,0,0,0,0,1
1012.0,31.4,7.61,150.6,2.5,7.2,2.71,9.03,1,0,0,0,0,0,1,0,0,0
865.8,24.9,5.4,257.2,0.93,5.4,6.28,9.9,0,0,0,0,0,1,0,0,0,0
723.7,26.1,6.82,7.624000000000001,6.52,9.8,2.59,7.85,0,0,0,1,0,0,1,0,0,0
1104.8,20.9,5.64,106.8,4.79,7.8,1.87,7.96,1,0,0,0,0,0,0,1,0,1
635.6,27.2,6.06,204.7,5.64,9.1,1.26,7.27,0,0,0,0,0,0,0,1,0,0
1073.6,21.6,6.2,169.9,4.86,9.8,3.47,11.578600000000005,1,0,0,0,0,1,0,0,0,1
960.5,23.9,6.85,77.3,6.03,4.2,3.74,8.89,0,0,0,1,0,0,1,0,0,0
1129.9,22.0,6.42,105.8,6.93,5.6,2.33,7.27,0,0,1,0,0,0,0,1,0,1
671.5,27.0,6.9,210.5,7.38,6.3,3.68,10.15,1,0,0,0,0,1,0,0,0,0
750.0,26.0,6.074,218.17999999999998,4.78,4.8,1.59,7.28,0,0,1,0,0,0,1,0,0,0
1080.5,19.3,7.33,90.0,1.79,6.4,6.27,9.47,0,0,1,0,0,1,0,0,0,0
914.3,35.9,4.73,117.9,4.55,4.3,16.53,7.65,1,0,0,0,0,0,1,0,0,1
778.4,28.0,5.68,250.9,2.34,8.3,9.35,8.91,1,0,0,0,0,0,1,0,0,0
860.2,20.9,6.37,248.7,3.9,8.5,4.64,9.28,0,0,0,1,0,0,1,0,0,0
840.9,30.9,6.35,226.0,3.31,7.0,2.44,7.47,0,0,0,0,0,0,0,0,1,1
916.5,32.1,5.76,89.6,6.79,7.4,6.15,7.72,0,1,0,0,0,0,0,0,0,1
613.7,20.7,5.84,223.9,4.19,5.0,3.55,10.26,0,1,0,0,0,1,0,0,0,0
958.3,35.9,6.25,127.9,3.5,6.6,0.96,10.37,0,0,0,1,0,1,0,0,0,1
525.5,24.4,5.15,163.8,4.88,6.9,0.87,6.76,0,0,0,0,0,0,0,1,0,1
846.6,27.3,6.78,112.7,0.0,7.7,28.908999999999867,5.76,0,0,0,0,1,0,0,0,0,0
1080.1,30.8,6.739999999999999,160.4,4.13,5.6,1.17,7.26,0,0,0,1,0,0,0,1,0,1
1284.6,30.2,6.8,90.8,4.36,5.6,0.84,6.65,0,1,0,0,0,0,0,0,0,0
671.2,24.2,5.1,85.1,8.74,5.2,2.8,7.32,0,1,0,0,0,0,0,1,0,1
985.1,25.9,7.8,197.2,3.26,9.8,4.72,10.68,0,1,0,0,0,1,0,0,0,1
330.164,16.0,5.89,149.6,8.04,10.4,4.78,8.04,0,0,0,1,0,0,0,0,1,0
1001.0,28.0,7.12,168.0,1.74,10.0,12.13,9.57,0,1,0,0,0,0,1,0,0,1
755.6,25.18,7.36,142.42000000000002,6.73,5.7,3.18,6.39,0,0,0,1,0,0,0,1,0,0
795.1,27.1,6.18,95.1,4.96,7.2,4.8,8.84,1,0,0,0,0,0,0,0,0,1
706.4,12.4,7.58,117.4,9.64,7.279999999999999,3.34,8.41,0,0,0,0,0,0,1,0,0,1
1158.6,22.3,6.46,105.2,6.96,4.5,4.17,9.5,0,1,0,0,0,1,0,0,0,0
741.6,17.5,6.3,77.0,9.7,7.9,3.72,10.49,0,0,0,1,0,1,0,0,0,1
950.2,19.3,6.55,171.2,0.0,6.4,1.45,7.37,0,0,0,1,0,0,0,0,1,0
1035.1,26.7,6.94,111.0,3.53,6.3,4.71,7.84,0,0,0,1,0,0,0,0,1,0
630.4,17.8,4.59,114.62,4.74,7.8,0.42,6.06,0,0,0,0,1,0,0,0,0,1
1054.9,18.0,5.87,142.0,5.9,9.8,5.4399999999999995,8.82,1,0,0,0,0,0,0,0,0,1
974.8,17.4,8.42,144.5,7.21,6.9,1.01,5.2514,0,0,0,0,1,0,0,0,0,1
1057.3,20.6,6.37,124.4,3.93,7.2,3.77,8.76,0,1,0,0,0,0,0,0,0,1
624.3,25.6,7.17,97.6,0.73,7.0,2.62,9.93,0,0,0,1,0,1,0,0,0,0
1070.1,25.1,8.35,123.7,1.9060000000000001,7.8,2.7,8.8,1,0,0,0,0,0,1,0,0,1
1257.7,28.8,7.63,212.3,3.3,6.720000000000001,4.44,7.08,0,0,0,1,1,0,0,0,0,1
1088.0,12.8,7.2,158.5,4.82,6.2,4.48,10.62,0,0,0,0,0,1,0,0,0,1
960.5,28.6,6.92,223.2,8.17,8.9,4.53,7.54,0,0,0,1,0,0,0,0,0,0
659.8,29.5,5.77,97.0,1.68,5.7,1.84,8.03,1,0,0,0,0,0,0,0,0,1
777.2,26.2,6.41,189.0,2.85,8.8,6.77,9.52,1,0,0,0,0,0,1,0,0,0
617.2,17.4,6.47,155.9,4.67,7.0,3.78,7.84,0,0,0,0,0,0,0,0,0,1
1166.2,21.4,7.64,98.1,5.55,5.7,2.04,8.17,1,0,0,0,0,0,0,1,0,1
574.5,20.9,6.95,196.6,4.74,8.2,7.404000000000001,10.69,0,0,0,0,0,1,0,0,0,0
1220.6,24.1,5.26,212.9,6.36,4.8,1.69,7.17,1,0,0,0,0,0,0,1,0,0
546.5,25.5,5.89,122.4,8.82,10.4,0.86,7.84,0,1,0,0,0,0,0,1,0,1
849.7,27.5,6.19,94.4,1.31,8.3,3.13,9.05,0,1,0,0,0,0,1,0,0,0
1246.0,23.0,5.63,194.4,4.82,5.4,2.53,7.2,0,0,0,1,1,0,0,0,0,1
861.8,20.0,8.23,214.5,5.64,6.9,0.42,5.2514,0,0,0,0,1,0,0,0,0,0
487.5,21.6,8.1,56.6,4.8020000000000005,6.2,14.06,7.72,0,1,0,0,0,0,0,0,1,1
330.164,15.9,6.04,91.3,4.78,6.5,1.93,5.84,0,0,1,0,1,0,0,0,0,1
904.8,22.3,6.49,175.7,1.52,6.3,3.47,8.9,0,1,0,0,0,0,1,0,0,0
473.9,22.2,6.992,84.7,7.88,7.0,2.47,7.0,0,0,0,0,0,0,0,0,1,1
882.6,24.3,7.46,77.8,2.55,7.3,12.6,9.03,1,0,0,0,0,0,0,0,1,0
741.4,24.7,5.48,149.9,7.24,6.3,10.9,7.63,0,1,0,0,0,0,0,0,1,0
1057.7,20.8,6.94,67.8,7.16,7.3,3.85,5.99,0,0,0,1,1,0,0,0,0,0
841.4,25.3,6.58,91.1,4.53,9.4,15.63,10.66,0,0,1,0,0,1,0,0,0,1
834.78,27.0,6.09,143.0,7.21,8.8,1.91,6.65,0,1,0,0,1,0,0,0,0,0
1060.9,26.6,7.45,173.5,7.81,8.3,8.5,8.18,0,0,0,1,0,0,0,1,0,1
1164.6,28.3,6.74,201.2,4.27,7.6,0.71,6.42,0,0,1,0,1,0,0,0,0,1
706.9,23.2,7.27,154.2,3.98,7.6,12.3,9.76,0,0,0,1,0,0,1,0,0,1
782.9,23.4,5.06,164.9,7.07,10.7,1.12,7.09,0,0,1,0,1,0,0,0,0,1
560.8,15.0,6.12,201.1,0.0,7.8,2.9,5.2514,0,0,1,0,1,0,0,0,0,0
943.0,31.3,6.48,125.0,4.17,6.3,0.99,7.21,0,0,0,0,0,0,0,1,0,1
705.4,22.5,6.72,128.7,3.6,8.5,1.85,10.56,1,0,0,0,0,0,1,0,0,1
694.1,34.1,6.6259999999999994,192.3,0.05,7.8,13.69,7.11,0,0,0,0,0,0,0,1,0,1
941.46,22.9,5.27,95.3,4.68,8.4,28.908999999999867,6.85,0,0,0,0,0,0,0,0,0,0
406.0,25.639999999999997,6.79,182.48,2.55,6.9,2.95,8.66,0,1,0,0,0,0,1,0,0,1
948.6,18.7,7.01,221.9,6.89,5.7,1.55,6.58,0,0,0,0,1,0,0,0,0,0
846.9,26.4,6.52,119.4,5.06,8.1,28.28,8.91,0,1,0,0,0,0,1,0,0,0
953.8,18.2,7.4,122.4,1.6,7.6,7.49,5.91,0,0,0,0,1,0,0,0,0,0
1008.5,28.1,7.06,83.2,6.95,8.0,8.04,11.08,0,1,0,0,0,1,0,0,0,1
780.8,17.8,5.65,203.6,3.42,7.3,2.38,7.49,0,0,0,1,0,0,0,1,0,0
935.2,30.2,5.85,161.1,0.0,6.8,5.01,7.13,0,0,0,1,0,0,0,1,0,0
962.8,20.6,7.13,7.624000000000001,6.95,7.3,6.06,9.17,0,0,0,0,0,1,0,0,0,0
1030.3,30.4,6.27,182.0,5.956,7.6,2.33,9.83,0,0,1,0,0,1,0,0,0,1
1204.5,28.3,6.5,156.0,5.75,4.5,4.33,10.48,1,0,0,0,0,0,1,0,0,1
362.6,31.6,6.14,134.7,5.09,8.7,4.35,7.65,0,1,0,0,0,0,1,0,0,0
808.6,23.1,6.04,177.4,4.5,7.1,11.54,10.56,0,0,1,0,0,1,0,0,0,1
764.24,21.9,6.59,95.4,3.52,9.3,1.2,7.72,1,0,0,0,0,0,0,0,0,0
682.7,29.2,6.55,166.9,5.74,8.8,3.7,8.86,1,0,0,0,0,0,0,1,0,1
804.5,12.5,6.48,92.7,0.0,7.019999999999999,1.7,8.04,0,1,0,0,0,0,0,0,1,1
1488.4299999999998,21.3,6.53,172.6,2.36,6.4,1.92,7.47,1,0,0,0,0,0,0,1,0,0
1082.8,26.8,7.07,252.2,3.84,5.6,1.6,8.6,0,1,0,0,0,0,1,0,0,0
998.9,26.2,7.48,57.2,6.48,7.7,3.04,6.81,0,0,1,0,0,0,0,1,0,1
875.6,24.2,5.74,109.8,4.12,7.4,6.65,6.45,0,0,1,0,1,0,0,0,0,1
1081.76,19.9,7.17,98.3,5.71,7.8,3.66,8.28,0,0,0,0,1,0,0,0,0,1
837.3327999999999,22.5,5.7,184.1,3.04,8.0,9.12,10.58,0,0,1,0,0,1,0,0,0,1
793.7,30.2,6.56,123.8,8.51,7.7,1.09,8.26,1,0,0,0,0,0,0,1,0,1
829.6,28.8,5.76,130.4,8.03,10.6,19.34,8.0,1,0,0,0,1,0,0,0,0,1
854.3,12.4,6.39,67.9,7.93,10.4,1.37,5.7,0,0,0,0,1,0,0,0,0,1
811.6,17.7,7.17,150.5,3.838,8.6,3.08,8.8,0,1,0,0,0,0,0,0,0,1
886.4,35.7,6.71,87.7,0.0,9.0,1.0,5.87,0,0,1,0,0,0,0,1,0,1
1024.9,19.1,6.28,211.0,8.29,6.3,2.73,9.09,1,0,0,0,0,0,0,1,0,1
898.2,22.6,7.29,207.2,6.65,7.2,11.1,10.2,0,0,0,1,0,0,1,0,0,0
879.1,31.7,5.42,121.8,8.23,8.3,28.908999999999867,6.54,1,0,0,0,0,0,0,0,0,0
748.78,23.7,6.586,198.9,3.62,7.9,2.37,7.37,0,0,0,1,0,0,0,1,0,0
1179.9,16.7,7.34,132.0,6.48,8.9,9.55,6.73,0,0,0,0,1,0,0,0,0,1
637.9,26.1,6.45,204.9,6.18,6.3,8.01,6.94,0,0,0,0,0,0,0,0,1,0
1246.6,16.7,6.6,284.6,7.37,8.0,3.28,8.89,1,0,0,0,0,0,0,0,1,1
1039.0,18.7,5.97,203.5,2.87,8.2,1.97,11.08,0,1,0,0,0,1,0,0,0,1
1110.2,19.7,7.24,18.5,8.31,8.2,1.86,6.84,0,0,0,1,1,0,0,0,0,1
860.8,14.9,7.43,177.1,10.83,6.4,7.67,7.28,0,1,0,0,0,0,0,1,0,1
694.7,21.9,4.94,139.0,3.9,7.32,0.64,8.42,0,0,0,1,0,0,1,0,0,0
686.8,28.22,7.31,197.8,0.37,6.6,3.77,6.81,1,0,0,0,0,0,0,1,0,0
1069.5,28.8,7.31,177.47999999999996,6.867999999999999,11.0,2.1,8.63,0,0,0,0,0,0,0,0,0,1
1076.6,22.8,7.61,228.8,3.23,8.3,2.87,7.51,0,0,0,0,0,0,0,0,1,0
968.1,23.7,5.44,145.5,8.0,10.8,16.81,10.71,0,0,0,0,0,0,1,0,0,1
1015.1,29.0,7.39,136.2,6.03,8.7,0.6,6.42,0,1,0,0,0,0,0,1,0,0
969.74,31.1,7.41,171.6,2.72,7.1,10.46,8.79,0,0,0,1,0,0,1,0,0,0
1087.6,26.0,5.82,225.4,4.93,8.620000000000001,1.77,7.92,1,0,0,0,1,0,0,0,0,1
1209.7,29.9,6.13,159.6,5.36,9.6,7.26,7.35,0,1,0,0,0,0,0,0,0,0
1234.5,17.2,6.48,260.1,8.14,9.9,21.14,11.578600000000005,0,0,0,0,0,1,0,0,0,1
800.8,26.4,6.806,180.7,5.6,7.6,1.43,8.53,0,0,0,1,0,0,0,0,1,1
1025.1,19.0,6.54,203.5,4.67,7.2,1.59,8.75,0,0,0,1,0,0,1,0,0,0
988.6,24.5,6.19,17.2,2.02,7.1,2.87,7.06,0,1,0,0,0,0,0,0,1,1
657.4,26.2,6.590000000000001,156.9,9.31,7.799999999999999,2.98,9.73,0,0,0,0,0,0,1,0,0,1
1436.6,17.2,7.39,129.8,4.57,6.7,5.05,6.74,1,0,0,0,1,0,0,0,0,1
651.4,25.2,5.72,100.6,2.94,7.3,19.04,6.5,0,0,0,0,1,0,0,0,0,1
1054.9199999999998,20.2,8.3,196.7,5.01,8.9,4.37,8.17,1,0,0,0,0,0,0,0,0,1
1004.1,25.0,8.06,199.3,10.857599999999984,7.9,3.82,8.7,0,0,0,0,0,0,1,0,0,0
423.8,20.3,7.01,118.8,6.2,6.1,3.5919999999999996,6.72,0,0,0,0,0,0,0,1,0,0
584.4,18.3,8.42,286.7380000000001,5.42,7.9,2.55,6.41,0,0,1,0,0,0,0,0,1,0
1445.5,32.9,6.41,117.4,4.07,6.1,2.12,6.42,0,0,0,1,0,0,0,0,0,0
837.8,25.3,6.04,237.4,2.84,6.4,2.29,7.94,0,0,1,0,0,0,0,0,1,0
924.4400000000002,30.1,6.42,108.3,8.41,6.2,0.56,7.14,0,0,0,0,0,0,0,0,1,0
330.164,24.2,7.59,242.1,8.07,5.8,10.79,10.11,0,0,0,0,0,1,0,0,0,1
878.9,20.6,6.48,200.0,4.99,7.5,0.42,7.03,0,0,0,0,0,0,0,1,0,0
1280.8,15.5,7.93,119.6,3.47,4.9,2.25,8.01,0,1,0,0,0,0,1,0,0,1
1050.9,23.7,7.67,150.68,6.65,5.5,1.9,7.4,0,1,0,0,0,0,0,1,0,1
581.3,22.259999999999998,5.63,99.3,3.81,8.8,17.0,7.88,0,0,0,0,0,0,0,0,0,1
809.0,18.6,7.23,139.46,3.8,6.3,3.91,9.96,1,0,0,0,0,0,1,0,0,1
711.0,34.8,6.85,173.4,3.39,6.9,3.5,9.58,1,0,0,0,0,0,1,0,0,0
676.0999999999999,25.8,5.99,123.5,1.74,9.0,1.44,7.6,0,0,0,0,0,0,0,0,1,0
1037.0,26.6,6.83,207.8,3.38,7.3,11.32,8.82,0,0,0,0,0,0,1,0,0,1
886.7,24.2,8.12,58.7,2.32,7.7,3.84,6.9,1,0,0,0,1,0,0,0,0,1
927.6,29.1,6.76,97.7,4.31,9.6,1.76,10.28,1,0,0,0,0,1,0,0,0,0
656.3,29.3,6.298,171.2,3.8,5.1,5.15,6.78,0,0,1,0,0,0,0,0,0,0
1239.4,28.0,5.99,147.3,7.66,7.4,2.63,9.33,0,0,0,0,0,0,1,0,0,1
1039.0,21.5,5.3,132.3,2.65,7.9,4.88,9.4,0,0,0,1,0,0,1,0,0,1
500.3,21.4,6.73,202.7,3.35,9.4,9.38,7.76,0,0,0,0,0,0,0,0,0,0
1028.8,29.2,7.63,127.10000000000002,8.47,6.1,4.2,8.83,0,0,0,1,0,0,0,0,1,1
1410.4,22.1,5.16,83.4,5.59,8.1,5.42,8.2,0,0,0,1,0,0,0,0,1,1
1361.9,24.0,6.14,202.0,7.02,7.3,7.65,10.48,0,0,1,0,0,1,0,0,0,1
730.2,28.5,7.6,52.8,4.19,8.0,4.95,8.89,0,0,0,0,0,1,0,0,0,1
1010.4,22.4,6.56,228.1,6.16,9.1,5.1,10.27,0,1,0,0,0,1,0,0,0,0
1065.1,26.560000000000002,6.86,126.0,5.83,6.5,2.73,6.07,1,0,0,0,0,0,0,1,0,0
330.164,31.0,6.12,270.6,4.288,6.8,8.06,8.88,0,0,0,1,0,0,1,0,0,1
1211.2,17.5,4.7,95.0,3.0,7.5,2.99,6.81,0,0,0,1,1,0,0,0,0,1
558.7,28.68,7.56,112.5,4.08,6.2,2.56,6.34,1,0,0,0,1,0,0,0,0,0
937.5,28.7,5.91,179.4,3.74,5.3,1.44,6.88,0,1,0,0,0,0,0,0,0,0
1019.8,23.2,5.62,122.2,8.88,8.2,5.774,8.49,0,0,1,0,0,0,0,1,0,1
1156.2,24.9,6.34,191.6,1.54,7.3,0.45,8.7,0,0,0,1,0,0,0,0,0,1
819.4,29.8,8.04,71.1,8.39,7.1,1.48,7.91,0,0,0,0,0,1,0,0,0,0
1488.4299999999998,17.3,6.16,140.8,8.74,8.8,2.47,10.66,1,0,0,0,0,1,0,0,0,1
565.7,30.4,6.66,155.2,2.35,5.5,1.57,6.42,0,0,0,1,0,0,0,0,1,0
739.7,22.3,6.41,193.8,6.14,7.9,3.01,7.67,0,0,0,0,0,0,0,0,0,0
837.8,20.6,4.76,158.9,4.06,7.7,6.62,8.1,0,0,1,0,0,0,1,0,0,0
827.4,23.4,4.59,163.6,3.65,6.6,3.64,6.05,1,0,0,0,1,0,0,0,0,0
990.2,21.3,7.11,41.6,8.91,8.0,5.13,8.19,1,0,0,0,0,0,0,1,0,1
832.1,19.0,7.34,85.4,6.51,5.4,2.84,7.54,1,0,0,0,1,0,0,0,0,1
780.7,21.8,6.465999999999999,146.3,5.072,7.7,3.87,6.17,0,0,1,0,1,0,0,0,0,0
877.2,24.7,6.62,141.1,8.0,8.8,3.45,7.32,0,0,1,0,0,0,0,0,1,0
831.8,21.4,7.0,271.7,8.84,9.1,1.28,10.93,0,0,0,0,0,1,0,0,0,0
1488.4299999999998,23.9,6.27,104.7,0.32,8.9,4.11,10.43,0,0,1,0,0,1,0,0,0,1
481.6,24.68,6.11,143.1,4.21,8.2,1.86,7.87,0,1,0,0,0,0,0,0,1,1
750.3,25.660000000000004,6.2,132.9,5.95,8.9,5.6,7.96,0,1,0,0,0,0,0,1,0,0
1010.7,23.4,6.94,85.8,7.34,8.6,3.47,10.05,0,1,0,0,0,1,0,0,0,0
1131.1,24.3,7.4,109.1,2.34,6.0,3.15,7.01,0,0,1,0,1,0,0,0,0,1
1052.1,22.5,5.68,187.4,6.09,10.7,16.06,7.05,0,0,1,0,0,0,0,1,0,0
1126.6,17.3,6.12,144.1,8.12,7.7,1.54,6.62,0,0,1,0,1,0,0,0,0,0
1354.7,19.6,7.65,93.8,1.16,9.4,4.43,7.65,0,0,0,0,0,0,1,0,0,0
1173.0,19.7,6.88,139.7,5.97,7.3,1.67,8.06,1,0,0,0,0,0,0,0,0,0
1415.2,21.4,7.55,156.5,4.34,4.6,5.08,7.81,0,0,0,0,0,0,0,0,1,0
689.4,14.9,5.09,163.1,4.32,4.9,2.36,6.84,0,0,0,0,0,0,0,0,0,1
621.4,22.32,5.67,135.12000000000003,1.73,7.7,4.0280000000000005,6.79,0,0,0,0,1,0,0,0,0,1
1036.9,24.0,5.17,43.6,2.45,7.7,0.75,10.05,1,0,0,0,0,1,0,0,0,0
755.8,27.6,6.69,108.5,1.7719999999999998,7.7,4.88,7.64,0,0,0,0,0,0,0,0,1,1
848.8,22.3,6.73,137.9,3.73,6.8,15.94,7.28,0,0,1,0,0,0,0,0,1,0
674.2,21.7,6.72,165.3,9.18,5.3,1.71,7.9,0,0,0,1,0,0,0,0,0,1
971.8,17.6,5.76,149.5,4.76,6.3,1.15,8.74,1,0,0,0,0,0,0,0,1,0
699.5,34.2,6.87,69.5,10.71,5.0,10.39,5.59,0,0,0,0,0,0,0,0,0,0
984.9,18.2,5.3,102.0,4.59,6.4,10.97,9.97,0,0,1,0,0,1,0,0,0,1
716.2,21.1,5.58,181.2,4.52,8.2,8.13,10.33,0,1,0,0,0,1,0,0,0,0
946.1,26.3,5.51,185.6,6.15,6.0,3.65,11.1,0,0,0,0,0,1,0,0,0,1
806.7,25.1,7.25,147.2,0.5,7.6,2.15,7.4,0,1,0,0,0,0,0,0,1,0
1098.7,27.5,7.52,227.6,0.73,7.2,9.28,8.61,0,0,0,0,0,0,1,0,0,1
1075.3,21.0,7.09,114.44000000000001,1.81,7.9,6.52,9.49,0,1,0,0,0,1,0,0,0,0
601.7,25.2,8.22,143.6,0.0,7.5,0.42,5.2514,0,1,0,0,1,0,0,0,0,0
622.3,33.6,6.84,92.1,7.98,7.1,7.04,6.99,0,0,0,0,0,0,0,0,1,0
509.3,26.8,7.24,190.7,3.31,6.7,2.05,8.12,1,0,0,0,0,0,0,1,0,1
800.4,23.6,8.42,238.8,5.85,7.3,1.98,8.05,1,0,0,0,0,0,0,0,1,0
1121.3,31.1,6.05,142.6,7.03,7.3,1.63,7.86,0,0,1,0,0,0,0,0,0,1
762.4,29.4,7.46,147.2,6.49,7.6,4.63,8.82,0,0,0,0,0,0,1,0,0,1
1230.8,22.6,6.36,142.1,4.024,7.0,5.95,8.03,0,0,1,0,0,0,0,0,0,1
940.3399999999999,22.9,6.02,24.7,2.07,5.7,1.63,9.58,0,0,0,1,0,1,0,0,0,1
761.6,15.3,4.9,202.4,5.408,6.7,2.14,7.3,0,0,0,0,0,0,0,1,0,1
1381.5,29.7,6.35,241.8,5.0,4.4,1.65,10.48,1,0,0,0,0,1,0,0,0,1
979.1,30.6,5.81,119.0,8.84,9.0,2.43,8.08,0,0,0,1,0,0,0,0,0,1
1212.7,16.7,8.07,87.0,9.48,6.9,22.0,10.22,1,0,0,0,0,0,1,0,0,1
699.7,19.0,7.15,148.3,9.23,8.4,3.62,7.25,0,1,0,0,1,0,0,0,0,1
438.2,32.9,6.34,152.6,3.15,6.3,6.07,10.01,0,0,0,1,0,1,0,0,0,1
835.1,24.6,6.9,133.2,6.08,5.0,2.22,7.42,1,0,0,0,0,0,0,1,0,0
1006.9,22.3,5.96,194.2,3.55,6.3,13.42,8.91,0,0,0,0,0,0,1,0,0,1
975.0,23.8,5.62,93.4,7.89,6.2,3.11,9.03,0,0,0,1,0,0,1,0,0,1
673.2,31.3,6.24,211.8,2.6,9.4,2.31,7.95,0,0,0,1,0,0,0,0,0,0
931.6,21.5,6.23,168.9,0.38,11.0,3.4200000000000004,6.33,0,0,0,0,0,0,0,1,0,0
739.88,29.1,4.59,217.8,5.388,7.8,4.32,10.03,0,1,0,0,0,1,0,0,0,1
1183.1,20.4,7.25,169.4,2.74,6.9,3.72,8.69,0,0,0,0,0,0,0,0,1,0
1152.1,16.5,6.07,207.0,2.6,10.0,3.47,9.24,0,0,0,1,0,0,1,0,0,0
1155.4,20.3,7.04,198.5,1.44,8.5,5.45,7.0,0,0,0,1,1,0,0,0,0,0
702.5,17.8,7.16,143.2,4.34,8.6,6.17,10.51,0,0,0,0,0,1,0,0,0,1
1088.7,27.0,7.24,213.9,5.09,9.8,5.01,7.04,0,0,0,1,1,0,0,0,0,1
886.9,17.7,5.39,157.7,0.68,8.9,12.49,6.75,0,0,0,0,1,0,0,0,0,1
922.1,29.5,7.47,222.3,7.43,7.1,3.596,5.72,0,1,0,0,1,0,0,0,0,0
763.0,23.7,6.39,173.2,1.44,8.3,4.15,8.86,0,0,0,1,0,0,0,0,1,1
898.4,23.8,6.692,87.8,0.0,6.8,6.12,9.29,0,0,1,0,0,0,1,0,0,1
1121.6,25.0,6.58,118.2,3.16,10.7,0.9,7.82,0,0,0,0,0,0,0,1,0,1
991.1,29.0,7.07,203.4,7.21,8.3,3.67,6.93,1,0,0,0,1,0,0,0,0,0
1168.0,25.9,7.0,143.0,4.88,7.3,16.57,10.42,0,1,0,0,0,1,0,0,0,0
670.1,21.8,6.06,204.4,10.857599999999984,7.1,0.68,10.76,1,0,0,0,0,0,1,0,0,1
944.5400000000002,12.4,6.53,146.8,4.96,6.4,1.22,9.09,0,1,0,0,0,1,0,0,0,1
897.9,21.6,5.88,82.8,7.67,8.8,2.21,7.36,0,0,1,0,0,0,0,0,0,0
833.4,18.8,6.17,115.4,5.89,8.1,1.7079999999999997,6.7,0,0,1,0,0,0,0,0,0,0
775.3,32.0,5.31,196.8,4.54,6.9,4.928,5.43,0,0,1,0,1,0,0,0,0,0
664.7,22.4,6.08,115.1,4.28,6.9,2.12,7.04,0,0,1,0,1,0,0,0,0,1
344.9,18.4,7.01,96.4,5.2,7.6,5.41,8.84,0,0,0,1,0,0,1,0,0,1
1126.9,24.1,6.85,140.52,1.16,7.1,3.2920000000000003,7.94,0,0,0,1,0,0,0,0,0,1
1488.4299999999998,29.7,5.12,144.4,10.857599999999984,6.6,14.57,6.41,0,0,0,0,1,0,0,0,0,1
1033.5,28.1,6.23,218.4,7.82,5.7,7.25,9.46,1,0,0,0,0,0,1,0,0,0
990.4,12.8,6.16,158.7,2.33,9.6,4.28,9.28,0,0,0,0,0,0,1,0,0,1
850.7,22.8,5.52,127.3,8.25,8.2,5.28,7.51,0,0,1,0,0,0,0,0,1,0
681.6,13.6,6.78,117.5,4.8,5.8,1.34,7.91,0,0,0,1,0,0,0,0,1,1
911.0,24.9,6.33,150.6,5.13,7.0,8.75,11.09,0,0,0,1,0,1,0,0,0,1
960.7,24.4,6.43,274.4,3.27,7.5,3.22,9.74,1,0,0,0,0,0,1,0,0,0
791.6,24.6,6.78,189.8,6.72,7.8,5.09,9.6,0,0,1,0,0,0,1,0,0,1
739.0,26.3,7.07,98.0,3.074,6.0,2.33,6.16,0,1,0,0,1,0,0,0,0,0
994.6,29.1,5.46,147.1,4.26,7.2,5.43,11.01,0,0,1,0,0,1,0,0,0,1
1070.6,35.9,7.94,177.2,5.8,4.9,1.21,7.84,1,0,0,0,0,0,1,0,0,0
781.2,17.8,5.88,179.6,3.17,9.3,1.87,9.5,0,0,0,1,0,0,1,0,0,0
957.5,19.8,6.98,188.4,3.77,7.8,1.82,7.23,0,0,1,0,1,0,0,0,0,1
722.1,23.6,6.98,250.9,5.06,7.3,11.11,6.67,0,0,0,1,1,0,0,0,0,0
1093.4,35.9,7.16,286.7380000000001,6.55,8.8,21.79,5.2514,0,0,0,0,1,0,0,0,0,0
1488.4299999999998,17.2,6.94,143.61999999999998,10.21,6.6,1.67,6.33,0,1,0,0,0,0,0,0,0,0
633.7,15.6,6.38,136.8,7.04,6.3,2.71,6.9,1,0,0,0,1,0,0,0,0,1
1110.8,23.6,6.74,144.2,8.6,9.0,7.02,9.33,1,0,0,0,0,0,0,0,0,1
1186.5,26.7,6.91,90.5,2.8,7.0,3.44,6.34,0,0,1,0,0,0,0,1,0,0
524.6,27.4,6.41,200.8,9.12,8.3,3.37,8.68,0,0,1,0,0,0,1,0,0,0
927.4,18.1,6.648000000000001,185.8,2.13,7.0,1.25,11.578600000000005,0,0,0,1,0,1,0,0,0,1
948.8,32.6,6.96,125.0,4.01,6.1,4.27,10.89,0,0,0,0,0,1,0,0,0,1
816.6,25.4,6.68,189.3,4.92,8.1,0.45,8.65,0,0,0,1,0,0,0,0,1,1
1364.5,23.1,6.5,197.9,9.04,7.7,5.94,10.67,0,0,1,0,0,1,0,0,0,1
684.8,23.8,6.13,156.6,7.58,6.6,2.97,6.46,0,0,0,0,1,0,0,0,0,0
932.5,14.0,6.412000000000001,97.3,3.05,10.1,2.29,5.82,0,0,1,0,0,0,0,0,0,1
888.0,19.7,5.15,74.9,6.59,8.0,14.69,7.17,0,0,0,0,1,0,0,0,0,1
1135.9,21.9,6.97,190.4,5.09,7.1,3.41,8.44,1,0,0,0,0,0,0,1,0,1
443.3,22.7,6.59,102.4,3.41,8.4,4.5,7.1,0,1,0,0,0,0,0,1,0,1
766.8,15.3,5.54,170.2,7.1,6.0,5.71,6.25,0,0,0,0,1,0,0,0,0,1
1072.6,18.7,7.98,158.6,7.22,6.3,1.07,6.77,1,0,0,0,0,0,0,1,0,0
758.4,22.6,6.6,133.45999999999998,3.4,5.7,1.84,6.47,0,0,0,1,1,0,0,0,0,1
886.1,24.339999999999996,5.68,192.9,2.54,10.3,7.13,10.23,0,1,0,0,0,1,0,0,0,1
961.5,22.5,6.53,7.624000000000001,1.78,9.6,6.84,10.29,0,1,0,0,0,1,0,0,0,1
814.0,29.8,6.48,90.0,10.76,8.9,17.34,7.83,1,0,0,0,1,0,0,0,0,1
1039.5,28.119999999999997,6.4,207.0,7.33,8.0,0.57,7.69,0,0,1,0,0,0,0,0,1,0
1443.4,30.8,4.97,286.7380000000001,4.83,9.1,0.72,9.37,0,1,0,0,0,1,0,0,0,0
558.0,12.4,5.74,286.7380000000001,5.14,8.2,0.84,7.03,0,0,0,1,0,0,0,0,0,1
720.2,13.4,6.878,71.9,5.46,7.2,2.83,6.97,0,0,1,0,0,0,0,0,1,1
655.22,14.5,7.11,177.4,2.05,7.0,1.59,7.9,0,0,0,0,0,0,0,1,0,1
562.2,24.0,7.38,45.9,0.0,4.9,2.8,7.55,0,0,0,0,0,0,1,0,0,0
1029.8,14.6,5.93,210.9,6.14,6.6,1.46,8.49,0,0,0,1,0,0,1,0,0,0
977.0,26.3,6.79,182.0,5.26,7.0,1.88,8.66,0,0,0,0,0,0,0,0,1,1
1105.9,32.1,5.48,117.7,2.74,6.1,0.98,6.17,0,0,0,0,0,0,0,1,0,0
1261.9,19.1,5.97,183.9,6.17,8.5,0.74,8.25,1,0,0,0,0,0,0,0,0,0
760.36,27.6,6.21,272.6,3.78,6.6,10.3,8.13,0,0,1,0,0,0,0,0,1,1
742.8,27.7,6.79,136.18,4.376,9.2,4.93,8.21,1,0,0,0,0,0,0,1,0,1
956.6,22.0,6.13,192.4,3.18,7.6,4.79,7.63,0,0,0,1,0,0,0,0,1,0
1070.7,20.3,6.71,208.5,3.9,6.9,5.93,8.85,1,0,0,0,0,0,0,0,0,0
922.5,22.9,6.59,195.0,7.5,9.3,11.52,7.37,0,0,0,0,0,0,0,0,1,0
861.9,20.9,6.48,11.6,7.59,5.7,1.3,6.38,0,1,0,0,0,0,0,0,0,0
1029.7,26.8,6.082000000000001,100.4,7.37,9.2,0.89,8.27,0,1,0,0,0,0,1,0,0,0
474.3,29.6,6.24,150.2,5.41,7.5,1.88,9.23,0,0,0,0,0,0,1,0,0,1
1045.0,30.1,6.28,142.6,1.99,5.8,1.4,9.69,0,1,0,0,0,1,0,0,0,0
674.9,28.3,5.66,69.5,5.65,6.5,2.6,7.34,0,0,1,0,0,0,0,1,0,1
781.4,22.4,7.2,245.0,6.18,7.9,2.37,7.08,0,1,0,0,1,0,0,0,0,0
1214.0,22.5,5.96,218.1,3.82,7.0,5.38,8.06,0,0,1,0,0,0,1,0,0,0
1287.9,22.7,6.46,158.3,1.61,5.3,2.42,6.75,0,1,0,0,0,0,0,0,0,0
678.3,22.4,6.4,99.7,3.7,8.1,3.58,6.83,0,0,1,0,0,0,0,1,0,1
907.8,22.9,7.11,136.12,4.68,7.1,5.39,9.87,0,1,0,0,0,0,1,0,0,1
1488.4299999999998,26.4,7.83,158.3,2.69,8.0,0.84,6.15,0,0,0,0,1,0,0,0,0,1
706.5,23.8,6.29,153.6,3.69,9.8,0.9,8.54,0,0,0,1,0,0,0,1,0,1
1084.4,27.4,6.98,129.9,5.24,7.0,2.81,8.09,0,0,0,0,1,0,0,0,0,1
919.4,23.9,6.78,103.4,4.74,7.8,1.97,9.86,1,0,0,0,0,0,0,0,1,1
630.7,25.1,5.7,37.9,7.51,9.5,2.47,7.03,0,1,0,0,0,0,0,0,1,0
997.0,21.8,6.0,179.1,3.21,7.3,5.9,7.55,0,1,0,0,1,0,0,0,0,1
1116.7,17.9,5.54,136.6,6.96,4.4,3.3600000000000003,9.61,0,0,0,1,0,1,0,0,0,0
996.1,16.5,7.24,197.1,3.97,9.0,2.61,10.82,0,0,1,0,0,1,0,0,0,0
944.9,24.2,6.76,148.0,8.84,6.9,1.72,8.33,1,0,0,0,0,0,0,1,0,0
976.1,20.4,8.17,158.2,3.2840000000000003,6.6,1.45,6.18,0,0,1,0,0,0,0,1,0,0
804.5,27.1,6.78,121.4,6.67,6.1,4.58,5.67,0,0,1,0,1,0,0,0,0,0
1488.4299999999998,24.6,7.1,76.2,6.11,7.82,3.78,9.1,0,1,0,0,0,0,1,0,0,1
844.3,18.8,6.8,124.6,5.34,8.4,2.03,7.77,0,0,0,1,1,0,0,0,0,1
835.2,24.8,6.42,201.8,2.79,9.8,1.36,7.71,0,0,0,0,0,0,0,1,0,1
937.1,18.9,5.47,125.5,4.92,6.6,9.25,10.14,0,0,0,1,0,0,1,0,0,1
749.7,23.1,8.42,197.9,8.6,9.2,2.45,6.69,0,0,0,1,0,0,0,1,0,1
1172.5,26.3,7.28,122.0,10.64,6.4,0.42,8.21,0,0,0,1,0,0,1,0,0,0
1222.9,14.4,5.61,132.9,3.43,6.5,1.94,6.94,0,0,1,0,0,0,0,0,0,0
846.1,23.3,6.58,46.8,5.44,7.4,2.01,9.63,0,0,0,0,0,0,1,0,0,1
890.8,24.3,6.25,178.2,2.83,7.2,1.4,7.03,0,0,1,0,0,0,0,0,1,0
527.5,29.2,6.35,181.3,3.86,8.1,11.96,8.06,1,0,0,0,0,0,0,0,0,1
1238.9,22.3,6.46,153.92000000000002,5.52,5.9,1.78,11.35,1,0,0,0,0,1,0,0,0,1
989.9,29.1,5.85,160.52,3.22,7.959999999999999,10.76,6.71,0,0,0,1,1,0,0,0,0,0
1145.5,31.1,7.21,156.2,9.4,6.1,2.938,8.03,0,1,0,0,0,0,0,0,0,1
1029.1,24.0,7.05,105.7,9.19,6.8,5.83,6.91,0,0,0,0,0,0,0,1,0,0
753.8,23.0,6.98,193.3,1.95,7.3,3.77,9.22,0,1,0,0,0,0,0,0,1,1
556.2,27.2,6.22,118.3,2.05,7.8,3.2,9.33,0,0,0,1,0,0,0,0,1,1
1024.6,14.8,7.14,189.4,3.052,6.7,2.24,6.36,0,1,0,0,1,0,0,0,0,1
768.5,24.3,7.54,71.2,4.23,4.8,0.66,7.59,1,0,0,0,0,0,0,1,0,1
1041.7,24.5,6.034000000000001,189.0,6.59,5.5,6.25,8.18,0,1,0,0,0,0,0,0,0,1
909.6,18.5,6.64,227.9,2.82,9.1,9.94,9.58,1,0,0,0,0,0,0,1,0,1
1131.9,24.3,7.13,173.1,6.87,7.5,5.44,6.2,0,0,0,0,1,0,0,0,0,0
1084.1,26.6,5.77,134.4,3.37,11.0,14.52,7.06,0,0,0,1,1,0,0,0,0,0
1148.8,17.9,6.45,126.7,2.15,8.4,2.9,7.41,0,0,0,0,0,0,0,1,0,0
1006.5,18.7,6.78,180.0,8.26,6.4,6.66,10.01,0,0,1,0,0,1,0,0,0,1
769.2,28.3,7.66,83.9,4.05,7.4,4.51,9.35,0,0,0,1,0,1,0,0,0,0
777.6,26.6,6.86,56.5,3.812,5.4,0.98,6.14,0,0,0,0,0,0,0,1,0,0
774.4,26.8,6.04,150.6,4.83,8.0,2.69,6.86,0,1,0,0,0,0,0,1,0,0
834.3,21.2,6.69,218.8,6.7,7.8,1.13,11.578600000000005,1,0,0,0,0,1,0,0,0,1
887.7,23.8,6.19,134.7,4.91,10.6,2.41,8.34,0,1,0,0,0,0,0,0,1,0
1078.9,26.5,8.42,243.1,6.19,4.3,7.678,9.96,0,0,0,0,0,1,0,0,0,1
798.3,24.98,6.88,238.3,4.48,8.9,5.28,9.33,1,0,0,0,0,0,0,1,0,1
813.7,27.7,5.18,138.8,2.83,7.0,3.03,8.85,0,0,1,0,0,0,1,0,0,1
921.4,31.7,6.5120000000000005,88.8,3.41,6.2,25.13,8.12,0,0,1,0,0,0,0,0,1,1
1185.6,33.6,5.28,187.1,6.67,8.6,7.36,6.5,0,0,0,0,1,0,0,0,0,1
330.164,23.3,7.69,73.9,0.3,8.1,1.25,8.26,1,0,0,0,0,0,1,0,0,0
1171.7,15.6,8.24,284.9,0.46,7.6,13.89,7.34,0,0,0,0,0,0,0,1,0,1
804.4,20.7,5.11,200.1,9.3,7.3,18.26,11.56,1,0,0,0,0,1,0,0,0,1
855.6,27.5,6.57,137.2,4.86,8.8,7.42,6.94,0,0,1,0,1,0,0,0,0,1
1310.1,20.4,6.83,176.2,7.94,6.0,5.12,6.76,0,0,0,0,1,0,0,0,0,0
1161.4,17.9,4.59,168.6,6.54,8.2,6.7,7.89,1,0,0,0,0,0,0,1,0,1
1402.4,20.1,7.49,164.4,2.2,9.1,0.84,7.49,0,0,0,1,1,0,0,0,0,1
838.1,30.7,7.46,160.9,1.51,9.3,0.85,6.05,0,1,0,0,1,0,0,0,0,0
861.1,25.3,7.21,81.0,6.0,7.6,2.86,9.35,0,0,1,0,0,1,0,0,0,0
929.6,15.2,7.66,34.3,2.18,7.6,1.24,7.66,1,0,0,0,0,0,0,0,1,1
692.9,25.2,6.27,109.8,2.76,4.9,2.1,9.17,0,0,0,1,0,0,1,0,0,1
579.6,23.6,6.44,210.1,5.06,8.1,1.57,8.02,0,1,0,0,0,0,1,0,0,0
636.8,34.3,6.44,127.76000000000002,4.59,7.9,1.5,8.75,0,0,0,0,0,0,1,0,0,1
1488.4299999999998,22.5,8.09,135.0,3.31,5.4,6.24,5.56,0,0,0,0,0,0,0,1,0,0
1041.4,17.0,6.37,197.4,4.93,6.4,0.56,9.18,1,0,0,0,0,0,0,0,0,0
780.0,21.7,7.02,113.4,5.54,7.7,3.85,9.66,0,1,0,0,0,1,0,0,0,0
1488.4299999999998,22.4,5.49,103.3,6.13,7.2,27.32,8.64,0,1,0,0,0,0,1,0,0,1
773.4,23.2,5.69,145.3,6.76,4.3,3.13,6.88,0,0,0,1,1,0,0,0,0,0
937.9,17.8,4.8,215.7,3.89,7.8,4.04,7.63,0,0,0,0,0,0,0,0,1,1
685.7,17.9,6.61,156.98,4.47,7.0,3.93,8.34,1,0,0,0,0,0,0,0,0,1
810.0,29.6,4.97,168.7,4.872,6.1,1.87,9.54,0,1,0,0,0,1,0,0,0,0
810.3,24.0,6.21,173.3,4.034000000000001,8.0,4.33,6.35,0,0,1,0,1,0,0,0,0,0
1141.6,20.6,8.03,236.6,5.11,7.3,2.17,9.88,1,0,0,0,0,0,1,0,0,1
846.7,28.3,6.25,165.9,6.48,4.9,2.25,9.29,0,0,0,1,0,0,1,0,0,1
776.9,22.7,6.77,229.9,3.61,6.5,3.39,10.88,1,0,0,0,0,1,0,0,0,0
1006.9,25.0,5.85,126.8,4.34,7.1,7.36,10.15,0,0,0,0,0,1,0,0,0,0
778.4,18.2,6.72,111.7,4.35,7.6,1.33,7.22,0,0,0,1,0,0,0,1,0,0
872.2,22.9,6.06,128.0,5.53,7.8,8.26,7.56,0,0,1,0,0,0,0,0,0,1
1027.6,18.4,8.31,115.3,0.0,8.4,8.67,7.9,1,0,0,0,0,0,0,0,0,1
877.3,25.7,6.43,236.3,2.46,8.6,3.95,7.16,0,1,0,0,0,0,0,1,0,0
690.8,33.2,6.401999999999999,120.0,4.77,9.5,2.36,7.73,0,1,0,0,0,0,0,0,0,1
467.5,26.1,7.45,52.9,3.03,6.5,4.11,6.03,0,0,1,0,0,0,0,1,0,0
1146.2,24.3,5.52,158.7,5.25,7.6,1.22,7.82,0,0,1,0,0,0,0,0,0,1
726.2,24.5,5.71,191.8,5.92,7.0,12.72,8.21,0,0,0,1,0,0,0,1,0,0
919.7,29.1,6.548,175.8,7.44,6.82,6.36,6.71,0,1,0,0,1,0,0,0,0,0
1083.4,27.1,6.14,72.5,5.64,6.1,3.28,7.56,0,0,1,0,0,0,0,1,0,1
900.3,25.6,6.85,180.8,8.86,8.0,1.9,8.62,0,1,0,0,0,0,1,0,0,0
959.4,31.8,8.22,120.0,6.49,5.9,1.94,5.2514,0,0,0,0,1,0,0,0,0,0
943.0,24.3,6.81,121.2,4.07,7.3,4.11,9.53,0,0,0,1,0,0,1,0,0,0
435.1,20.4,6.21,21.6,8.48,8.3,7.2,6.58,1,0,0,0,1,0,0,0,0,0
632.1,20.2,6.94,131.7,4.24,7.3,0.55,7.36,0,0,0,0,0,0,0,0,1,0
763.3399999999999,26.5,6.98,224.4,4.31,9.7,4.26,8.32,0,0,1,0,0,0,0,0,1,1
964.8,28.2,6.78,249.9,4.43,8.2,3.18,9.52,0,1,0,0,0,0,1,0,0,1
1124.2,18.5,6.4,172.5,8.07,8.3,0.85,8.43,0,0,0,0,0,0,0,0,1,0
693.0,24.5,6.02,148.1,4.62,7.5,3.19,7.78,0,0,0,0,0,0,0,1,0,1
1245.2,19.9,6.31,269.7,5.52,8.2,1.74,6.59,0,0,0,1,1,0,0,0,0,0
905.6,34.5,6.91,274.4,9.67,7.0,4.79,6.39,1,0,0,0,1,0,0,0,0,0
1209.9,16.9,6.23,130.8,7.32,9.1,4.1,8.14,0,0,0,0,0,0,0,0,1,1
793.6,25.7,7.25,123.2,3.038,7.1,1.46,9.97,0,1,0,0,0,1,0,0,0,0
772.2,23.8,6.6,119.0,8.14,6.8,4.08,8.55,1,0,0,0,0,0,0,1,0,1
785.9,29.1,4.84,137.6,6.37,8.0,4.01,5.97,1,0,0,0,1,0,0,0,0,0
950.9,24.4,5.93,164.0,5.47,8.5,1.07,7.49,0,0,0,0,0,0,0,1,0,0
995.9,22.3,6.75,146.2,3.36,6.7,5.58,7.13,0,1,0,0,1,0,0,0,0,0
693.7,18.5,7.29,176.7,3.67,9.9,3.072,8.83,0,0,0,0,0,0,0,1,0,1
661.6,22.619999999999997,6.603999999999999,87.7,6.95,8.4,6.696000000000001,11.29,0,0,0,0,0,1,0,0,0,1
1488.4299999999998,25.4,6.35,141.3,2.92,7.6,4.42,7.52,0,0,0,0,0,0,0,0,0,1
614.7,27.4,7.19,205.0,3.64,10.6,28.908999999999867,8.47,1,0,0,0,0,0,0,0,1,0
765.5,26.2,7.27,160.8,7.3,6.9,0.61,7.17,0,1,0,0,0,0,0,1,0,1
1123.7,19.2,6.42,164.4,7.52,8.6,1.39,10.78,0,0,1,0,0,1,0,0,0,1
922.0600000000001,24.9,8.31,134.2,6.68,6.8,5.69,6.4,0,0,0,1,1,0,0,0,0,1
965.7,27.7,6.48,173.9,2.46,5.7,0.8,6.76,0,0,1,0,1,0,0,0,0,1
895.9,30.1,6.35,83.7,4.292,9.7,2.8879999999999995,7.12,0,0,0,0,0,0,0,1,0,1
1045.5,24.4,6.46,188.7,5.31,8.3,3.07,8.43,0,0,0,1,1,0,0,0,0,1
1155.2,27.9,6.8,111.6,2.27,9.4,3.89,8.14,0,1,0,0,0,0,0,0,1,1
865.04,30.6,5.39,183.5,1.44,5.8,9.15,7.17,0,0,0,1,0,0,0,0,1,0
865.5,30.0,6.19,255.3,3.74,7.5,2.18,7.48,0,0,0,0,1,0,0,0,0,1
1083.0,20.8,7.84,141.8,0.0,9.2,4.57,7.33,1,0,0,0,0,0,0,1,0,1
1005.3799999999999,24.5,6.73,156.9,1.68,6.6,2.86,10.72,1,0,0,0,0,1,0,0,0,0
970.9,19.1,5.88,212.6,6.17,6.3,6.24,7.59,0,0,0,0,0,0,0,0,0,0
1007.6,17.5,6.89,100.5,5.22,6.4,7.314000000000002,9.28,1,0,0,0,0,0,1,0,0,0
1203.8,24.9,6.3,214.0,3.81,7.2,2.93,8.25,0,0,0,1,0,0,0,1,0,1
1114.5,22.8,4.59,233.0,6.14,7.760000000000001,2.44,5.46,0,0,1,0,1,0,0,0,0,1
1100.6,27.2,7.66,177.0,5.4,7.3,2.39,7.14,0,1,0,0,0,0,1,0,0,0
520.9,24.3,6.95,159.1,5.79,8.6,8.61,9.66,0,0,0,1,0,0,1,0,0,0
968.3,21.1,6.54,97.8,7.82,8.1,2.62,8.9,0,0,0,1,0,0,0,0,0,1
1214.5,26.2,5.72,176.2,7.39,8.1,2.89,7.32,0,0,0,1,1,0,0,0,0,1
841.7,17.9,6.22,164.3,5.48,8.0,14.18,7.38,0,0,1,0,0,0,0,1,0,0
771.9,33.4,5.45,135.9,9.61,7.5,1.0,5.41,0,1,0,0,1,0,0,0,0,0
649.0,17.9,4.59,161.4,2.85,9.1,4.44,6.55,0,0,0,0,1,0,0,0,0,1
642.0,17.3,6.41,76.1,7.65,8.8,4.14,11.25,0,1,0,0,0,1,0,0,0,0
564.5,20.3,6.422,178.3,6.36,6.8,2.2,10.45,0,1,0,0,0,1,0,0,0,1
782.1,23.8,6.63,169.7,9.25,6.5,3.95,7.01,0,0,1,0,1,0,0,0,0,1
614.9,20.5,7.04,7.624000000000001,3.54,7.540000000000001,13.94,5.2514,0,0,1,0,0,0,0,1,0,0
857.1,18.1,7.66,157.2,4.564,6.1,0.71,6.54,0,1,0,0,1,0,0,0,0,1
1095.0,30.4,6.58,153.9,3.66,8.1,4.688,8.81,0,0,0,0,0,0,1,0,0,1
444.7,18.0,6.43,95.5,6.75,4.9,6.56,5.77,0,0,0,0,1,0,0,0,0,1
956.1,34.1,5.28,242.5,4.35,8.9,15.2,7.85,0,1,0,0,0,0,1,0,0,0
777.3,28.8,6.32,232.0,1.41,7.5,7.6,7.38,1,0,0,0,1,0,0,0,0,1
777.3,29.9,6.92,182.6,6.27,9.8,1.21,8.26,1,0,0,0,0,0,0,0,1,0
1030.6,24.1,5.87,111.4,7.77,7.1,2.49,6.56,0,0,0,0,1,0,0,0,0,0
587.1,20.6,6.85,196.02,10.49,8.9,3.9,6.79,0,0,1,0,0,0,0,0,1,0
612.1,26.1,5.97,71.4,10.857599999999984,6.5,4.204,7.79,1,0,0,0,0,0,0,1,0,1
767.6,28.1,7.59,151.4,0.76,10.0,4.91,6.8,1,0,0,0,0,0,0,1,0,0
1228.0,25.1,5.13,30.5,1.94,7.2,4.12,6.78,0,0,1,0,0,0,0,0,1,1
834.4,24.4,5.06,154.8648,9.74,6.6,1.7,6.03,0,0,1,0,0,0,0,1,0,0
1072.2,23.7,5.21,47.7,5.98,6.4,1.18,7.72,0,1,0,0,0,0,0,0,1,1
1007.2,35.9,7.4,209.3,7.48,6.1,1.18,6.56,0,0,0,0,0,0,0,1,0,1
1103.5,30.9,6.0,61.9,6.84,6.5,2.29,10.1,0,1,0,0,0,1,0,0,0,0
663.9,27.4,4.59,137.4,2.54,6.3,1.36,8.11,1,0,0,0,0,0,1,0,0,1
1021.4,25.9,6.48,110.0,2.27,7.1,4.65,10.96,0,1,0,0,0,1,0,0,0,1
888.2,22.1,6.47,118.0,5.28,6.0,3.11,6.69,0,0,0,0,0,0,0,1,0,0
608.1,31.7,7.61,186.7,4.61,6.4,1.65,5.85,0,0,1,0,0,0,0,1,0,0
784.9,35.9,6.31,125.0,4.32,6.7,19.36,10.28,1,0,0,0,0,1,0,0,0,1
773.6,22.020000000000003,6.65,121.2,3.63,8.9,1.66,9.35,1,0,0,0,0,0,0,0,0,1
1071.8,22.2,6.67,124.3,9.37,8.8,1.24,7.39,0,0,1,0,0,0,0,1,0,1
935.5,27.4,7.15,135.1,2.55,10.1,0.49,8.25,1,0,0,0,0,0,0,0,1,1
1390.3,21.3,6.05,119.2,4.73,7.5,1.37,7.82,0,0,0,0,0,0,0,0,0,1
1199.0,28.8,5.35,155.2,7.94,5.9,4.51,10.22,1,0,0,0,0,0,1,0,0,1
915.8,19.8,6.38,135.1,0.0,5.8,4.84,8.26,1,0,0,0,0,0,0,0,1,0
635.9,14.4,8.35,163.0,6.95,7.1,15.7,8.69,0,0,1,0,0,1,0,0,0,1
642.2,29.2,5.45,195.9,3.08,8.7,3.98,8.0,0,0,0,0,0,0,0,0,0,1
889.8,23.3,5.64,208.8,6.23,7.4,4.71,7.08,0,1,0,0,0,0,0,0,0,1
1047.7,25.7,5.91,82.5,2.89,6.8,3.32,6.68,0,0,1,0,1,0,0,0,0,1
1270.0,25.2,7.66,206.3,3.16,7.0,9.05,7.64,0,0,0,0,0,0,0,0,0,0
576.1,17.5,5.94,245.1,4.97,9.8,4.59,8.68,1,0,0,0,0,0,1,0,0,0
1031.9,28.9,6.7,138.0,5.03,7.8,1.43,9.63,1,0,0,0,0,0,1,0,0,1
519.5,28.9,5.92,128.5,4.28,7.0,3.75,7.44,0,0,1,0,0,0,0,0,0,1
997.6,22.9,7.59,132.9,5.24,7.9,4.98,8.02,0,0,0,1,0,0,0,1,0,0
995.2,24.7,6.12,143.8,6.11,7.7,2.35,9.99,0,0,0,1,0,0,1,0,0,1
707.5,24.8,6.39,228.5,3.39,5.0,8.62,6.31,0,0,1,0,1,0,0,0,0,1
1099.7,28.6,6.17,237.8,1.26,8.7,3.43,9.39,0,0,0,0,0,0,1,0,0,1
1203.1,29.9,6.06,96.0,4.958,8.5,5.98,7.34,0,0,0,1,0,0,0,0,0,0
920.1,26.3,5.63,139.3,4.69,6.3,8.86,9.21,1,0,0,0,0,0,0,0,1,1
765.2,21.1,5.43,123.8,0.77,7.4,13.67,10.84,0,0,1,0,0,1,0,0,0,1
1066.3,29.3,6.41,136.22000000000003,5.86,4.0,4.7,10.55,0,0,0,0,0,1,0,0,0,1
516.6,29.2,6.55,165.4,8.32,5.4,22.35,10.49,1,0,0,0,0,0,1,0,0,1
990.4,26.3,5.89,198.5,5.67,6.5,5.8,8.76,0,0,0,0,0,0,1,0,0,0
871.1,31.6,6.16,219.3,6.73,10.4,2.15,6.18,0,0,1,0,1,0,0,0,0,0
628.8,25.9,6.232,49.5,3.13,10.3,2.37,8.58,0,1,0,0,0,0,1,0,0,1
989.9,32.6,5.59,112.4,5.54,7.4,1.28,6.38,1,0,0,0,1,0,0,0,0,1
1274.9,23.419999999999998,7.5,217.8,6.66,8.1,6.3,11.23,1,0,0,0,0,1,0,0,0,0
1036.0,20.7,6.65,244.4,2.49,7.8,2.78,6.83,0,0,1,0,1,0,0,0,0,1
846.2,33.3,4.59,7.624000000000001,3.32,7.7,1.08,5.2514,0,0,0,1,0,0,1,0,0,0
731.2,26.3,8.42,245.0,8.0,9.2,1.71,7.34,0,0,1,0,0,0,0,0,1,1
1075.3,23.7,4.79,103.3,2.6,8.7,6.98,8.36,0,0,1,0,0,0,1,0,0,1
1040.4,26.48,5.15,210.6,5.28,5.6,2.23,9.08,0,0,0,1,0,0,1,0,0,1
632.2,30.4,6.660000000000001,124.1,2.03,7.3,1.39,5.62,0,1,0,0,0,0,0,0,0,0
713.9,30.9,4.7,63.8,5.18,10.7,2.864,6.34,0,0,0,1,0,0,0,1,0,1
530.0,24.4,6.7,153.7,3.33,8.4,0.71,9.14,0,0,0,0,0,0,1,0,0,0
691.3,23.1,6.29,264.7,3.1,8.5,4.55,10.19,1,0,0,0,0,0,1,0,0,1
726.9,22.1,6.19,134.9,6.16,7.8,3.32,8.16,0,0,1,0,0,0,0,1,0,1
576.6,20.4,5.59,65.4,8.14,8.1,1.8900000000000001,6.48,0,0,1,0,0,0,0,0,1,0
949.5,22.5,6.22,142.8,2.63,7.3,2.29,9.38,0,0,1,0,0,0,1,0,0,1
1020.066,25.56,7.46,222.1,4.22,9.4,2.22,10.64,0,1,0,0,0,1,0,0,0,1
1011.1,24.4,5.82,124.6,7.2,6.6,2.53,8.3,1,0,0,0,0,0,0,1,0,1
1177.2,19.3,6.35,169.3,1.52,9.3,2.13,8.46,0,0,0,1,0,0,0,1,0,0
983.2,20.1,7.31,174.1,3.93,6.1,12.84,7.28,0,0,0,1,0,0,0,0,1,0
890.9,24.3,6.9,119.3,5.7,5.4,0.9,8.32,0,0,0,1,0,0,0,0,0,0
1136.9,24.5,7.74,102.0,8.72,7.4,1.63,6.5,0,0,1,0,0,0,0,0,0,0
1324.4,26.6,7.3,171.7,5.45,7.5,3.39,9.74,0,0,0,0,0,1,0,0,0,0
1174.5,23.9,7.97,132.4,2.95,6.8,2.778,8.23,0,0,1,0,0,0,1,0,0,1
1114.1,21.3,6.2,157.76,2.51,7.3,0.42,7.72,0,0,0,1,0,0,0,0,1,1
756.1,18.5,5.6,89.3,2.23,7.9,1.06,6.55,0,0,1,0,1,0,0,0,0,1
965.6,21.7,7.35,286.7380000000001,0.59,8.2,2.26,7.84,0,0,0,1,0,0,0,0,0,0
572.3,23.7,7.16,220.8,5.16,6.3,0.71,7.48,0,0,0,1,0,0,0,0,0,0
877.8,35.9,5.88,139.44,2.27,10.5,1.53,5.41,0,0,1,0,1,0,0,0,0,1
615.9,13.3,7.46,89.7,3.8,7.7,2.2760000000000002,9.56,1,0,0,0,0,1,0,0,0,0
580.6,23.0,6.66,165.5,1.97,8.6,11.67,7.58,0,0,0,0,0,0,0,0,0,0
858.4,14.0,4.64,197.9,3.77,4.6,1.9,7.88,1,0,0,0,0,0,1,0,0,0
623.5,20.6,6.37,83.9,0.13,7.1,5.05,7.38,0,0,0,0,0,0,0,0,0,0
467.5,21.7,4.76,170.1,4.86,6.6,7.09,7.04,0,0,1,0,0,0,0,1,0,1
929.0,22.8,7.03,182.4,6.97,8.8,3.25,7.9,0,1,0,0,0,0,0,0,0,0
949.5,23.3,6.75,61.0,4.7,7.1,2.73,7.36,0,0,0,0,0,0,0,1,0,0
1208.4,21.2,6.4,143.1,2.67,8.3,6.33,9.3,0,0,0,0,0,0,1,0,0,1
461.5,27.5,6.38,198.5,4.73,9.0,1.93,8.23,0,0,1,0,0,0,1,0,0,0
872.7,26.9,5.99,103.8,5.6,5.2,0.53,6.66,0,0,0,0,1,0,0,0,0,1
787.2,22.6,7.13,98.8,5.37,7.3,4.41,8.18,1,0,0,0,0,0,0,0,1,1
1020.6,27.7,6.7,124.72,5.88,7.8,2.44,7.65,0,0,1,0,0,0,0,0,1,1
445.4,25.6,6.978,64.9,3.75,8.4,0.83,5.36,0,0,0,0,0,0,0,1,0,0
1213.5,24.3,5.93,262.5,3.61,4.8,1.14,9.59,1,0,0,0,0,0,1,0,0,1
813.1,26.1,6.98,83.5,6.92,7.1,0.67,7.51,0,0,0,0,0,0,0,0,0,1
538.0,29.6,6.78,186.0,1.79,5.4,8.01,6.96,0,0,0,0,0,0,0,0,0,1
899.6,24.5,7.18,46.8,2.9,6.6,1.25,5.87,0,0,1,0,1,0,0,0,0,1
756.8,16.3,8.24,92.8,6.45,7.6,9.42,7.13,0,1,0,0,0,0,0,0,1,1
974.3,28.6,6.06,119.0,8.0,7.0,3.67,7.53,0,0,0,0,0,0,0,1,0,1
965.9,22.3,6.542,122.0,3.18,7.9,8.76,6.24,0,0,0,1,1,0,0,0,0,0
816.1,26.1,6.6,176.0,9.73,9.1,10.26,9.7,0,1,0,0,0,0,1,0,0,1
701.1,24.2,4.59,123.8,3.04,7.4,1.92,8.02,0,0,0,1,0,0,0,0,0,1
1401.0,21.9,8.42,155.7,2.61,8.1,1.03,7.58,1,0,0,0,0,0,0,0,0,1
761.5,17.4,7.05,111.0,3.5,5.3,4.07,7.69,0,1,0,0,0,0,0,0,1,1
902.7,19.6,6.74,186.5,4.62,10.0,6.32,8.76,0,0,1,0,0,0,0,0,0,1
1090.9,30.2,7.98,161.6,0.94,8.06,3.07,6.99,0,0,1,0,0,0,1,0,0,1
920.8,15.4,4.79,174.52,5.57,7.8,7.77,6.7,0,1,0,0,0,0,0,0,0,0
624.8,25.9,5.8,65.5,6.59,8.7,3.11,10.01,1,0,0,0,0,0,1,0,0,1
330.164,24.8,5.99,119.9,2.2439999999999998,4.0,4.38,6.86,0,0,0,0,0,0,0,0,1,1
693.8,35.9,6.92,86.7,7.56,6.4,3.68,5.2514,0,0,1,0,1,0,0,0,0,1
1055.3,23.5,6.92,249.0,5.56,6.0,4.52,8.72,0,1,0,0,0,0,1,0,0,1
1347.6,23.919999999999998,6.65,25.6,6.33,7.9,11.62,5.95,0,1,0,0,0,0,0,0,0,0
1006.0400000000002,16.6,6.62,91.8,4.3,9.9,2.85,7.45,1,0,0,0,1,0,0,0,0,0
796.7,19.1,6.85,140.8,4.02,9.4,2.68,11.578600000000005,1,0,0,0,0,1,0,0,0,1
619.0,17.9,7.1,114.1,5.05,4.5,4.22,6.17,0,0,1,0,1,0,0,0,0,1
920.32,24.4,6.39,211.2,0.0,5.4,3.18,7.48,0,0,1,0,0,0,0,1,0,1
982.4,26.1,6.49,145.5,6.93,6.8,0.76,6.48,0,0,0,1,1,0,0,0,0,0
1153.2199999999998,22.5,6.42,267.9,4.95,6.9,6.89,7.97,0,1,0,0,0,0,0,1,0,0
761.9,22.6,5.67,144.5,6.05,9.2,4.71,9.04,0,1,0,0,0,0,0,0,1,1
857.1,18.0,5.84,155.1,8.94,8.1,3.06,7.03,0,1,0,0,0,0,0,1,0,1
1432.9,25.7,5.68,167.42000000000002,5.49,7.9,1.7,10.93,1,0,0,0,0,1,0,0,0,1
698.2,22.5,6.2,215.1,6.22,6.0,3.89,11.39,1,0,0,0,0,1,0,0,0,0
1000.4,33.4,6.52,68.0,4.57,6.0,7.16,6.44,0,0,0,0,0,0,0,0,0,1
1049.0,26.6,6.33,100.7,5.14,9.6,7.58,9.84,0,0,0,0,0,1,0,0,0,0
554.3,16.8,8.0,214.6,4.62,7.2,17.68,10.47,0,0,1,0,0,1,0,0,0,1
1103.6,17.9,6.1,112.58000000000001,0.0,6.5,3.11,7.75,0,0,0,1,0,0,0,0,0,0
1218.8,17.6,6.1,221.6,4.76,8.9,1.57,7.98,0,0,0,0,0,0,0,1,0,1
495.2,25.54,6.56,104.4,7.6,6.8,2.29,10.75,0,0,0,1,0,1,0,0,0,1
614.8,24.1,5.07,140.2,5.62,8.9,2.1,10.17,0,0,0,0,0,1,0,0,0,1
999.5,21.6,7.43,93.6,3.62,7.8,1.43,7.61,0,0,0,1,0,0,0,0,0,0
1266.8,22.3,5.46,239.5,3.32,7.1,1.17,10.08,0,0,0,0,0,1,0,0,0,1
833.6,14.0,6.29,110.7,7.51,5.9,17.95,6.49,0,0,0,1,1,0,0,0,0,0
1002.5,23.8,7.48,142.6,5.55,10.0,3.31,6.82,0,1,0,0,1,0,0,0,0,1
932.6,24.5,6.4,22.1,2.8400000000000003,7.7,7.29,7.88,0,1,0,0,0,0,0,0,1,1
938.3,23.439999999999998,5.36,173.6,6.36,10.4,19.79,7.9,0,0,1,0,0,0,1,0,0,0
1058.6,22.9,6.07,66.9,2.47,9.0,3.56,10.71,0,0,0,1,0,1,0,0,0,0
481.1,31.0,6.29,106.6,5.5,7.8,4.12,5.62,0,0,0,0,1,0,0,0,0,0
1112.0,26.0,6.33,174.9,3.8,9.7,1.94,8.51,0,0,1,0,0,0,1,0,0,0
968.9,23.6,6.11,122.3,4.792,9.8,0.77,10.26,0,0,1,0,0,1,0,0,0,1
479.2,21.2,7.26,182.5,2.61,9.1,1.49,7.71,0,0,0,0,1,0,0,0,0,1
830.3,28.0,6.88,105.4,0.0,7.2,1.22,7.68,1,0,0,0,0,0,0,0,0,1
632.4,27.0,7.57,193.9,6.8,8.5,1.88,7.87,0,0,0,0,0,0,0,0,1,1
843.8,16.2,6.54,178.51999999999998,6.51,7.8,7.0920000000000005,8.15,0,0,0,0,0,0,0,0,0,1
602.4,25.7,5.7,182.2,3.77,8.3,1.8,6.93,0,1,0,0,1,0,0,0,0,1
844.8,26.4,6.73,184.3,2.61,8.5,1.03,8.67,0,0,0,0,0,0,0,0,0,1
886.2,26.5,6.78,161.2,7.29,7.1,2.16,10.05,1,0,0,0,0,0,0,0,1,1
887.3,21.1,6.8,150.1,2.21,7.0,17.73,7.87,0,0,0,1,0,0,0,1,0,1
883.0,19.1,6.86,119.3,7.85,6.2,3.16,8.27,0,0,0,0,0,0,0,0,1,0
791.8,17.0,5.88,184.9,6.55,6.5,2.74,6.33,0,0,1,0,1,0,0,0,0,0
1062.1,27.7,6.58,263.9,9.3,5.5,3.95,8.6,0,1,0,0,0,0,1,0,0,0
1081.5,22.6,6.13,164.8,2.69,8.7,2.46,7.25,0,1,0,0,1,0,0,0,0,1
736.1,25.9,5.93,207.9,3.8620000000000005,9.4,4.79,8.82,1,0,0,0,1,0,0,0,0,1
601.7,22.240000000000002,6.1,219.0,7.69,11.0,3.6759999999999997,7.76,1,0,0,0,1,0,0,0,0,1
928.3800000000001,15.4,7.13,128.7,7.37,7.4,4.96,6.5,0,0,1,0,0,0,0,1,0,0
455.3,27.5,6.54,164.2,3.77,6.5,3.42,10.73,0,0,0,1,0,1,0,0,0,1
850.0,22.5,7.29,207.6,6.07,10.3,6.19,9.57,1,0,0,0,0,0,0,0,1,1
793.6,21.5,8.0,123.4,3.03,7.4,2.05,8.31,0,0,0,1,0,0,1,0,0,0
571.9,23.3,7.59,209.8,7.28,5.9,2.62,8.58,1,0,0,0,0,0,0,1,0,1
579.9,31.7,5.8,54.3,8.08,8.7,2.97,7.77,1,0,0,0,0,0,0,0,1,1
1191.1,27.9,4.92,262.1,4.24,6.5,4.36,5.38,0,0,0,0,1,0,0,0,0,0
768.6,18.8,6.27,186.7,2.28,8.5,2.63,8.63,1,0,0,0,0,0,0,0,0,1
1019.0,30.1,6.65,91.7,3.07,7.6,0.42,8.09,1,0,0,0,0,0,0,0,0,1
767.1,22.6,6.98,188.34,5.23,6.7,9.06,7.79,0,0,0,0,0,0,0,0,0,1
1177.2,28.3,6.78,146.6,7.95,10.2,4.86,7.09,0,0,0,1,1,0,0,0,0,0
1123.58,26.5,6.43,168.2,8.92,6.8,4.12,8.4,0,0,0,0,0,0,0,0,0,1
1237.2,24.2,6.08,147.5,6.35,8.9,4.46,6.75,0,0,1,0,0,0,0,1,0,0
1167.8,21.4,5.74,157.8,5.82,7.38,2.45,8.59,0,1,0,0,0,0,0,0,0,1
550.7,20.4,7.49,87.6,7.21,7.640000000000001,1.06,6.91,0,0,0,0,0,0,0,1,0,1
616.2,28.9,7.16,47.6,0.6,8.8,2.65,7.68,0,0,0,1,0,0,0,0,1,1
330.164,19.5,6.68,174.2,1.56,7.1,5.07,8.13,0,0,1,0,0,0,0,0,1,1
1086.2,24.4,5.73,191.2,4.81,7.959999999999999,6.34,8.09,1,0,0,0,0,0,0,0,0,0
681.2,31.6,5.69,165.8,8.43,4.4,3.11,7.4,0,0,0,1,0,0,0,0,1,0
747.5,32.2,5.78,221.8,6.67,6.3,1.75,10.19,0,0,1,0,0,1,0,0,0,1
963.2,22.6,6.42,187.1,7.83,8.5,2.32,7.75,0,1,0,0,0,0,0,0,1,0
915.0,21.7,6.09,70.8,3.25,4.3,9.029799999999973,8.55,1,0,0,0,0,0,0,0,1,1
1162.3,19.7,7.43,86.5,2.83,5.7,4.694,9.17,0,1,0,0,0,1,0,0,0,0
743.5,17.4,5.53,146.64000000000001,4.77,9.4,2.07,7.3,0,0,0,0,0,0,0,1,0,0
529.5,19.5,5.99,148.5,0.93,5.5,2.73,11.22,0,0,0,1,0,1,0,0,0,1
1245.7,20.7,7.47,135.4,2.63,4.0,3.83,8.53,0,0,0,0,0,0,1,0,0,0
858.0,25.8,6.85,175.0,4.75,8.1,2.59,11.578600000000005,1,0,0,0,0,1,0,0,0,1
879.2,24.02,5.7,177.0,5.62,6.3,1.03,10.6,0,0,0,1,0,1,0,0,0,1
579.1,27.7,6.06,215.6,2.41,9.5,16.76,7.28,0,0,0,0,0,0,0,0,0,0
1186.0,24.1,8.22,241.9,5.13,8.0,1.64,9.91,0,0,0,1,0,1,0,0,0,0
698.3,22.5,6.3,186.8,10.857599999999984,5.8,3.34,7.37,0,0,0,0,0,0,0,0,0,0
1165.8,26.8,7.3,7.624000000000001,6.18,8.2,3.79,7.51,1,0,0,0,1,0,0,0,0,1
1368.4,18.1,8.42,218.4,3.91,8.6,4.91,7.06,0,1,0,0,0,0,0,0,1,1
822.0,20.4,6.38,122.9,2.03,10.5,3.36,9.6,0,0,1,0,0,1,0,0,0,0
906.3,20.8,5.89,182.4,5.84,7.7,2.16,8.19,1,0,0,0,1,0,0,0,0,1
871.2,25.4,5.69,152.7,8.79,8.8,2.85,9.48,1,0,0,0,0,0,1,0,0,0
829.9,31.4,6.43,101.0,5.36,4.0,0.74,6.73,0,0,0,1,0,0,0,0,1,0
1112.5800000000002,24.6,7.64,124.5,5.44,8.5,0.68,11.33,1,0,0,0,0,1,0,0,0,1
1026.1,30.2,7.13,249.3,2.9,8.7,1.48,8.59,0,1,0,0,0,0,1,0,0,0
575.2,22.3,7.95,154.5,3.55,8.9,1.81,6.71,0,1,0,0,0,0,0,1,0,1
1023.2,23.4,6.84,233.9,5.66,7.1,3.89,8.82,0,0,0,1,0,0,0,0,1,1
833.8,17.5,6.46,100.7,6.33,4.8,1.64,10.79,1,0,0,0,0,1,0,0,0,1
931.9,22.4,6.8,137.3,7.36,8.8,4.62,9.85,0,0,0,0,0,0,1,0,0,0
1127.4,19.1,6.7,138.2,5.05,4.0,3.26,9.66,0,0,1,0,0,1,0,0,0,0
873.3,28.0,5.21,178.8,7.56,8.4,4.39,5.74,0,0,0,0,0,0,0,1,0,0
1059.1,23.9,7.49,43.6,8.11,4.2,0.99,6.75,0,0,0,1,0,0,0,0,0,0
962.5,22.7,6.32,131.8,7.79,7.1,4.61,7.64,0,0,0,1,0,0,0,0,0,0
1120.0,21.5,6.08,134.1,0.81,7.4,3.17,9.48,0,0,1,0,0,0,1,0,0,1
1159.7,32.8,5.57,118.5,0.0,6.9,4.01,7.22,0,0,0,1,1,0,0,0,0,1
770.0,21.2,6.33,121.0,7.85,7.5,8.07,6.5,0,0,1,0,0,0,0,1,0,0
581.8,21.2,6.52,167.7,2.0,7.7,3.54,10.02,0,0,0,1,0,1,0,0,0,0
1005.1,31.4,6.22,117.3,8.12,5.9,0.73,7.88,0,0,0,1,0,0,0,0,1,0
1084.9,22.2,6.87,209.3,10.857599999999984,5.4,3.7,10.9,0,1,0,0,0,1,0,0,0,0
903.4,26.5,5.16,131.5,6.28,9.2,2.18,8.99,0,1,0,0,0,0,1,0,0,1
683.3,23.0,6.83,235.2,4.35,6.5,8.62,10.76,0,0,1,0,0,1,0,0,0,1
917.5600000000001,24.119999999999997,7.58,165.18,7.54,5.9,0.84,6.68,0,0,1,0,0,0,0,0,1,0
922.8,27.3,5.03,199.9,3.18,7.3,2.38,6.4,0,0,1,0,0,0,0,1,0,0
1451.8,22.2,6.29,65.1,4.84,9.2,4.0,8.37,0,0,0,1,0,0,1,0,0,0
1047.3,25.220000000000002,6.15,126.3,0.94,7.2,1.45,9.53,1,0,0,0,0,0,0,0,1,1
1285.3,23.0,6.52,106.4,8.34,6.9,2.56,7.78,1,0,0,0,1,0,0,0,0,0
1110.8,21.6,6.49,209.2,4.91,7.459999999999999,2.21,7.65,0,0,0,0,0,0,0,0,0,0
925.3,17.5,7.41,87.8,4.7,8.8,10.27,6.81,0,0,0,0,0,0,0,0,0,0
1028.4,23.04,6.688,106.2,7.05,4.0,5.32,8.39,1,0,0,0,0,0,1,0,0,0
590.4,23.7,5.67,107.0,4.74,5.7,1.51,6.06,0,1,0,0,1,0,0,0,0,0
899.68,12.4,6.47,286.7380000000001,9.54,6.2,3.64,10.79,0,0,0,0,0,1,0,0,0,1
675.3,23.2,7.45,158.1,1.26,7.9,2.12,8.3,0,0,0,1,0,0,0,0,0,1
887.2,28.1,7.67,233.5,3.92,5.9,3.14,6.73,0,1,0,0,0,0,0,1,0,0
696.4,14.5,7.35,181.0,0.0,7.7,5.15,8.3,0,0,0,1,0,0,0,0,0,0
940.6,18.7,6.54,123.4,0.0,7.3,2.09,9.28,0,0,0,1,0,0,1,0,0,0
718.9,15.4,6.96,185.95999999999998,7.55,6.0,8.07,7.03,0,0,1,0,1,0,0,0,0,1
758.9,26.7,6.15,96.4,4.78,8.7,2.27,7.24,0,0,0,0,1,0,0,0,0,0
932.4,19.2,4.95,82.1,2.34,6.9,1.15,6.98,0,0,0,1,0,0,0,0,1,0
766.6,27.3,7.06,150.4,5.22,10.2,2.07,7.58,0,0,0,1,1,0,0,0,0,1
1150.7,22.3,6.59,84.2,4.49,9.4,1.78,11.2,0,0,0,0,0,1,0,0,0,1
471.2,27.7,7.19,136.0,5.17,8.5,6.03,8.02,0,0,1,0,0,0,0,0,0,1
774.8,19.0,7.08,67.1,3.52,8.5,1.56,8.33,1,0,0,0,0,0,1,0,0,0
1162.3,18.7,6.95,178.6,3.3,5.6,9.55,7.41,0,0,0,0,0,0,0,0,0,0
1075.7,25.4,6.44,183.6,2.89,6.7,3.41,8.35,0,0,0,1,0,0,0,0,1,1
691.1,33.4,6.06,136.6,3.42,4.0,1.66,10.67,1,0,0,0,0,1,0,0,0,1
674.4,18.9,6.09,235.1,3.07,9.8,28.908999999999867,11.578600000000005,1,0,0,0,0,1,0,0,0,1
911.6,26.3,6.72,59.9,4.81,8.0,0.82,6.61,0,0,0,0,1,0,0,0,0,1
1159.2,20.3,7.09,122.4,9.52,7.2,2.14,6.76,0,0,0,0,0,0,0,0,0,0
500.2,31.5,6.9159999999999995,126.1,5.69,5.1,20.06,6.72,0,0,1,0,0,0,0,1,0,1
1389.4,25.5,7.14,200.8,10.857599999999984,9.1,4.02,7.42,0,0,0,0,1,0,0,0,0,1
829.4,24.5,6.26,137.5,3.53,8.8,4.32,8.01,0,0,1,0,0,0,0,0,0,1
869.5,23.8,7.1,227.7,8.44,4.3,5.07,7.0,0,0,1,0,0,0,0,0,0,0
625.4,18.1,6.01,176.6,4.59,8.6,12.11,10.87,0,0,1,0,0,1,0,0,0,0
861.1,22.8,6.26,164.78000000000003,6.05,6.2,2.64,7.56,1,0,0,0,0,0,0,1,0,0
802.8,27.2,5.33,71.2,3.12,5.2,2.75,5.85,1,0,0,0,0,0,0,0,0,0
1327.3,17.2,6.83,41.2,4.93,6.3,2.54,6.82,0,0,1,0,1,0,0,0,0,1
1277.2,27.1,8.42,153.8,4.82,8.3,1.84,8.26,0,0,1,0,0,1,0,0,0,0
850.0200000000001,28.5,5.69,164.2,2.31,7.7,4.99,8.86,0,0,0,1,0,0,1,0,0,0
1127.7,20.5,6.85,110.6,7.31,8.0,3.56,8.1,0,0,0,0,0,0,0,0,0,0
1065.6,21.7,6.2,45.3,3.77,6.3,4.87,7.88,0,0,1,0,0,0,1,0,0,0
880.9,28.4,6.97,212.3,3.3899999999999997,6.2,2.12,8.48,0,0,0,1,0,0,0,1,0,1
780.1,21.4,6.39,132.1,5.66,8.3,4.95,9.94,0,1,0,0,0,0,1,0,0,1
885.0,16.4,7.15,207.7,6.35,8.4,23.25,9.33,0,1,0,0,0,0,0,0,1,1
1021.9,26.1,5.07,167.7,4.21,11.0,5.71,8.86,0,0,0,1,0,0,0,1,0,1
1239.5,31.0,7.056,117.0,1.57,7.2,0.83,7.09,0,0,1,0,0,0,0,0,0,1
1368.3,18.8,6.78,139.3,4.09,6.7,2.31,10.25,0,0,0,1,0,1,0,0,0,0
842.7,23.7,5.27,41.9,5.19,8.4,6.56,6.75,0,0,0,0,1,0,0,0,0,1
1328.4,25.8,6.97,234.0,3.7,5.9,7.15,8.89,0,1,0,0,0,0,1,0,0,1
954.2,26.2,6.43,267.6,6.55,9.5,0.95,7.08,0,0,0,1,1,0,0,0,0,0
598.6,21.3,5.32,136.3,8.65,4.0,10.2,9.86,0,0,0,0,0,1,0,0,0,0
589.3,27.4,6.5,119.2,7.15,6.1,3.06,9.14,0,0,0,1,0,0,1,0,0,1
1075.8,25.2,6.76,220.6,2.97,6.2,2.05,7.56,0,1,0,0,0,0,0,0,0,0
924.7,29.8,6.42,194.4,0.0,7.2,3.67,7.04,0,0,0,0,1,0,0,0,0,1
1400.0,17.2,5.56,190.4,9.83,7.5,14.78,8.31,0,0,0,1,0,0,0,0,0,1
677.6,21.8,5.898000000000001,69.6,3.64,7.3,1.83,8.6,0,0,0,1,0,0,1,0,0,0
692.5,27.3,5.56,175.6,3.01,6.2,8.22,8.49,0,0,0,1,0,0,0,0,1,1
628.8,24.7,6.85,174.2,2.5,7.2,1.55,7.31,0,1,0,0,1,0,0,0,0,1
1170.4,20.6,6.64,92.5,1.82,9.1,1.04,7.06,1,0,0,0,1,0,0,0,0,0
980.4,18.1,6.34,135.1,1.76,6.56,0.69,6.95,0,0,1,0,1,0,0,0,0,1
920.1,31.3,5.41,191.5,5.3,8.5,6.26,7.74,0,1,0,0,0,0,1,0,0,0
662.4,24.44,6.54,197.4,4.29,10.1,2.01,9.06,0,0,1,0,0,0,1,0,0,1
782.6,15.8,6.41,180.8,4.7540000000000004,6.7,1.62,8.8,0,0,0,0,0,0,1,0,0,0
885.7,18.0,6.84,124.6,8.27,7.8,1.72,7.34,1,0,0,0,0,0,0,1,0,0
465.6,24.1,6.6,47.4,5.44,7.1,4.81,6.47,0,0,0,0,0,0,0,0,0,0
1381.4,26.0,6.88,146.8,3.92,8.9,1.42,7.0,0,0,1,0,0,0,0,1,0,0
976.8799999999999,21.7,6.5680000000000005,151.6,10.65,7.5,9.6,8.45,0,0,0,0,0,0,0,0,1,1
710.6,21.0,5.75,7.624000000000001,6.69,5.8,2.86,6.57,0,0,0,1,0,0,0,0,1,0
1211.6,23.259999999999998,6.43,165.1,4.86,5.9,2.2,7.39,0,0,1,0,0,0,0,0,1,1
664.3,22.1,6.47,117.8,7.26,5.9,3.9,7.17,0,1,0,0,0,0,0,0,0,0
839.8,12.4,6.17,56.8,4.87,8.9,8.01,6.77,1,0,0,0,0,0,0,1,0,0
830.2,26.3,6.4,145.0,4.63,4.4,11.7,8.79,1,0,0,0,0,0,0,0,0,1
583.8,24.2,7.48,151.1,6.11,8.3,5.38,8.93,0,0,0,1,0,0,0,0,1,1
1000.1,27.2,7.23,120.9,0.0,6.1,5.82,7.68,0,0,1,0,0,0,0,1,0,1
954.5,20.4,6.612,47.4,5.64,8.4,0.82,7.68,0,0,0,1,0,0,0,0,1,1
887.2,23.2,7.88,167.1,5.05,8.9,3.47,7.13,0,1,0,0,0,0,0,1,0,1
1323.9,26.0,8.01,51.9,3.6,8.1,2.09,10.7,1,0,0,0,0,1,0,0,0,1
1009.8,28.7,7.7,178.1,10.857599999999984,5.5,4.48,6.53,0,1,0,0,1,0,0,0,0,0
981.3,26.1,7.39,208.1,2.352,8.2,1.92,7.31,0,1,0,0,0,0,0,0,0,0
965.24,20.7,7.33,90.7,8.32,7.32,3.73,9.05,0,0,0,1,0,0,0,0,0,1
378.4,23.5,5.43,107.2,4.9,5.1,5.19,6.13,0,0,1,0,0,0,0,0,1,0
821.1,24.7,6.17,167.1,5.7,6.3,1.0,7.4,0,0,0,0,1,0,0,0,0,1
859.9599999999998,22.0,6.21,57.0,4.06,9.3,3.55,10.8,0,0,1,0,0,1,0,0,0,1
740.4,21.5,6.96,56.1,4.65,7.5,10.45,8.02,0,1,0,0,0,0,1,0,0,0
1014.9,24.5,6.86,134.9,4.91,6.4,5.14,6.57,0,1,0,0,0,0,0,1,0,0
854.5,24.7,6.66,159.3,3.45,6.3,4.42,8.44,0,0,1,0,0,0,0,0,0,1
684.1,19.1,6.61,151.6,4.07,7.1,1.14,6.71,0,0,1,0,0,0,0,1,0,0
597.0,25.6,7.174000000000001,83.5,3.39,8.0,1.65,6.97,0,0,0,0,0,0,0,0,1,0
741.7,18.1,6.5,183.8,1.8,9.5,0.77,8.41,0,0,0,0,0,0,1,0,0,0
947.1,21.3,6.0,198.4,1.13,6.5,1.39,6.05,0,0,1,0,1,0,0,0,0,0
1067.7,20.3,6.89,196.45999999999998,5.18,5.7,7.73,7.98,0,0,0,1,0,0,0,1,0,1
1029.2,25.4,7.13,133.3,3.54,10.1,0.96,7.55,0,0,1,0,0,0,0,1,0,1
799.3,18.4,7.92,140.6,4.43,7.3,1.8,6.78,0,0,1,0,0,0,0,0,1,0
828.2,26.3,8.42,115.34,5.65,7.1,6.08,8.34,0,0,0,1,0,0,0,0,1,1
501.5,24.6,5.84,84.9,4.95,6.5,1.08,7.28,1,0,0,0,0,0,0,0,0,0
1165.7,29.6,6.04,190.2,6.39,5.7,3.21,7.44,1,0,0,0,0,0,0,1,0,0
1125.3,26.4,7.71,86.8,0.0,8.4,3.33,6.2,0,0,0,0,1,0,0,0,0,0
1475.5,28.3,6.52,163.06,3.13,8.5,9.98,7.95,0,1,0,0,0,0,0,0,0,1
1015.7,24.2,6.32,225.7,8.27,7.4,4.44,8.98,0,0,0,1,0,0,0,0,1,1
690.6,23.8,6.65,82.3,0.0,7.7,7.1,7.86,0,1,0,0,0,0,1,0,0,1
1020.3,13.0,7.07,204.6,10.55,10.4,16.57,8.39,0,0,0,1,0,0,0,0,0,1
897.7,24.3,7.49,61.9,6.17,5.7,3.76,6.1,0,0,0,0,1,0,0,0,0,1
754.1,26.7,6.55,89.9,3.51,6.5,16.91,6.11,0,0,0,1,1,0,0,0,0,0
843.3,22.9,6.04,73.2,2.83,9.8,1.33,8.69,0,0,0,1,0,0,0,0,1,1
612.0,24.159999999999997,5.62,131.1,5.11,8.4,0.42,7.96,0,0,1,0,0,0,1,0,0,1
1073.7,18.5,4.62,209.5,4.898,7.4,8.89,7.14,0,0,0,0,0,0,0,1,0,1
893.6,25.1,5.03,92.4,3.95,8.5,2.93,7.54,1,0,0,0,0,0,0,1,0,1
1242.6,29.9,6.29,111.9,6.24,6.9,4.78,9.66,0,1,0,0,0,0,1,0,0,1
977.6,21.4,6.56,164.0,4.54,9.1,5.09,10.23,0,0,0,0,0,0,1,0,0,1
1173.8,22.5,7.01,145.5,4.76,10.8,4.49,7.92,0,0,0,1,0,0,0,0,1,0
667.8,27.1,5.92,183.7,10.3,7.6,1.13,7.99,1,0,0,0,0,0,0,0,0,0
573.6,25.1,5.56,56.7,7.4,8.0,13.36,6.76,0,0,0,1,0,0,0,1,0,0
387.6,29.7,5.87,192.44760000000002,2.5260000000000007,7.4,1.72,5.32,1,0,0,0,1,0,0,0,0,0
1374.3,18.7,7.1,148.5,1.87,7.6,1.21,7.03,0,0,0,1,1,0,0,0,0,1
686.1,15.6,7.07,233.8,4.89,8.9,2.98,8.99,1,0,0,0,0,0,0,0,1,1
647.0,24.9,7.01,179.4,5.24,9.3,2.758,7.3,0,0,1,0,0,0,0,0,1,0
569.8,26.2,5.52,242.9,3.65,9.2,2.23,6.03,0,0,0,1,1,0,0,0,0,0
647.9,16.6,5.98,188.5,8.24,7.7,0.44,7.97,0,0,0,0,0,0,0,0,0,1
547.7,28.4,6.622,137.6,5.18,8.9,3.65,7.73,0,0,0,0,0,0,0,0,0,0
520.3,25.1,5.88,164.0,5.04,8.3,3.24,8.79,1,0,0,0,0,0,0,0,0,1
681.9,23.5,5.09,286.7380000000001,6.82,7.4,12.83,7.34,0,0,0,0,0,0,0,0,1,1
1255.8,25.9,5.33,176.4,8.12,6.5,2.94,7.69,0,0,0,1,1,0,0,0,0,1
625.38,23.6,6.93,84.3,7.64,6.9,3.43,6.93,0,0,1,0,0,0,0,1,0,1
789.5,30.8,6.97,26.1,5.71,8.4,14.82,10.99,1,0,0,0,0,1,0,0,0,1
1000.2,25.8,5.58,275.0,5.62,8.8,17.9,10.08,1,0,0,0,0,0,1,0,0,1
1025.5,26.2,7.51,60.2,4.57,8.4,2.81,5.51,0,1,0,0,1,0,0,0,0,0
963.9,20.4,6.12,131.1,4.83,9.3,0.61,8.29,0,1,0,0,0,0,0,1,0,1
894.3,25.6,7.04,96.3,6.93,6.2,3.16,7.3,0,0,1,0,0,0,0,0,0,1
984.7,29.4,6.68,121.3,2.08,8.0,0.74,10.51,0,0,0,1,0,1,0,0,0,1
832.4,24.74,5.86,232.3,3.4899999999999998,7.8,1.22,7.32,0,1,0,0,1,0,0,0,0,1
1360.1,24.7,7.91,229.8,7.48,8.7,3.57,7.68,0,0,0,0,0,0,1,0,0,0
638.4,21.4,5.52,155.9,4.01,8.1,5.54,6.24,0,0,0,0,0,0,0,1,0,0
1035.1,17.9,7.72,286.7380000000001,3.63,7.5,4.81,7.86,0,1,0,0,0,0,0,1,0,1
743.0,15.7,5.6,91.9,2.62,6.9,1.68,7.12,0,0,0,1,0,0,0,0,1,0
670.7,24.5,6.11,138.1,8.61,8.7,3.25,7.75,0,0,0,0,0,0,0,0,0,0
902.4,25.2,6.08,161.3,6.13,9.0,6.18,7.71,0,0,1,0,0,0,0,0,0,1
1104.9,30.9,6.76,110.4,7.7,7.6,28.908999999999867,7.95,0,0,0,1,0,0,0,0,0,1
971.5,31.6,5.3,64.4,4.82,8.1,4.79,7.99,0,0,0,0,0,0,0,0,0,1
1435.7,32.9,5.73,242.4,8.11,9.8,14.09,7.8,0,0,0,0,0,0,0,0,1,0
981.3,29.1,7.08,149.9,8.16,8.5,1.8,8.7,0,0,0,0,0,0,0,0,1,1
862.0,23.5,6.398000000000001,134.4,5.14,8.0,12.02,8.29,0,1,0,0,0,0,1,0,0,0
670.7,35.9,6.49,139.4,4.44,9.6,5.27,6.05,0,0,1,0,0,0,0,0,1,0
377.4,20.8,5.95,148.0,7.05,8.8,0.49,9.1,1,0,0,0,0,0,0,0,0,1
668.5,17.4,5.55,259.6,1.48,8.0,2.75,8.61,1,0,0,0,0,0,0,0,1,0
713.4,35.9,5.96,124.6,3.73,10.3,0.42,7.22,1,0,0,0,0,0,0,0,1,1
685.5,19.3,7.81,269.5,3.69,5.5,7.01,8.77,0,0,0,1,0,0,0,0,1,1
1364.3,20.1,6.26,101.6,2.12,7.4,4.33,6.03,0,0,0,1,1,0,0,0,0,0
1351.3,19.9,5.28,100.0,7.59,7.8,7.477799999999974,6.84,0,0,0,0,0,0,0,0,0,0
885.5,24.0,7.29,135.5,4.62,7.1,2.35,9.33,1,0,0,0,0,0,0,0,1,1
1168.1,19.6,6.2,132.0,9.45,5.2,8.25,7.42,0,0,0,0,0,0,0,0,0,0
1104.1,26.6,7.79,120.7,8.69,9.6,12.76,7.8,0,0,1,0,0,0,1,0,0,0
1121.4,29.6,6.79,24.3,6.46,8.7,1.44,9.38,1,0,0,0,0,0,1,0,0,1
1028.4,27.8,7.37,127.47999999999999,3.77,7.3,3.55,6.81,0,0,0,0,1,0,0,0,0,1
828.1,18.2,5.93,139.7,3.42,6.0,2.69,9.79,0,0,0,1,0,0,1,0,0,1
762.4,19.7,5.68,144.5,7.69,4.0,9.66,10.45,0,0,0,1,0,1,0,0,0,1
714.0,30.2,5.25,222.9,3.65,8.9,1.82,10.32,1,0,0,0,0,1,0,0,0,0
1110.5,29.1,6.41,128.0,8.86,8.4,4.178,7.13,0,1,0,0,1,0,0,0,0,1
562.0,22.8,6.99,164.2,1.68,9.7,9.25,6.96,0,0,0,0,1,0,0,0,0,1
967.3,24.2,7.56,107.3,0.0,4.0,2.15,8.32,0,0,0,1,0,0,1,0,0,0
515.4,27.9,6.67,119.9,7.13,7.5,3.84,6.47,0,0,1,0,0,0,0,1,0,0
1131.1,29.3,6.27,207.1,3.01,9.8,4.16,6.95,0,0,0,0,0,0,0,0,0,0
727.4,17.7,6.35,173.5,4.28,10.0,3.69,8.04,0,1,0,0,0,0,0,0,1,0
1012.9,24.4,6.61,157.1,5.35,7.0,5.93,8.11,0,0,0,1,0,0,0,1,0,1
