Soil_Type,Crop_Type,Rainfall_mm,Temperature_C,Soil_pH,Fertilizer_kg_per_ha,Pesticide_kg_per_ha,Sunlight_Hours_per_day,Farm_Size_ha,Irrigation,Crop_Yield_tonnes_per_ha
Peaty,Soybean,633.7,22.7,6.0,137.2,4.15,7.4,3.36,Yes,8.16
Peaty,Wheat,,23.9,6.05,50.8,4.18,11.8,,No,6.56
Peaty,Rice,423.6,17.4,5.77,247.4,7.45,9.0,1.32,No,8.34
Clay,Rice,965.2,27.2,5.85,97.4,4.05,8.2,4.3,No,7.84
Peaty,Wheat,1056.7,27.3,5.55,252.0,7.76,6.9,1.34,Yes,8.22
Silty,Cotton,844.0,,6.67,208.4,,,8.47,Yes,7.42
Sandy,Wheat,858.6,14.7,7.44,175.0,2.88,11.7,12.19,No,7.1
Sandy,Barley,1145.4,21.5,5.41,113.5,5.45,6.1,1.48,Yes,7.27
Silty,Soybean,1203.5,21.8,6.31,162.6,0.42,8.3,9.2,Yes,8.95
Silty,Rice,994.6,24.5,6.27,140.8,4.8,5.5,4.32,No,8.56
Silty,Barley,905.0,23.2,8.11,73.2,8.37,4.4,4.73,Yes,8.05
Clay,Barley,1159.6,19.3,5.49,216.2,5.49,7.4,19.9,No,6.79
Silty,Soybean,955.0,33.7,7.26,152.6,8.71,9.6,5.63,Yes,6.66
Sandy,Wheat,942.5,15.2,6.9,141.2,5.17,6.2,11.2,No,7.58
Peaty,Wheat,581.7,25.5,6.43,122.9,3.73,6.8,8.21,No,7.06
Sandy,Barley,809.5,26.3,5.95,84.4,3.57,6.9,1.64,No,7.01
Loamy,Rice,949.9,27.4,5.85,106.2,7.49,9.8,3.67,Yes,9.71
Sandy,Barley,772.3,14.4,6.63,87.7,7.33,10.9,12.47,Yes,7.49
Sandy,Wheat,958.0,20.9,7.1,18.7,2.61,5.0,6.62,Yes,6.63
Clay,Rice,920.4,29.9,5.59,105.2,7.58,7.4,6.02,Yes,8.07
Silty,Maize,1177.9,17.3,8.37,126.1,1.78,8.7,2.61,No,9.64
Sandy,Maize,566.6,,7.31,108.1,10.77,5.6,,Yes,9.43
Loamy,Cotton,724.8,20.2,6.97,105.5,1.82,7.8,3.61,Yes,7.74
Peaty,Cotton,770.2,24.2,5.71,81.6,7.75,5.9,6.13,Yes,6.97
Clay,Cotton,985.4,25.5,8.09,104.2,4.66,6.7,7.25,No,5.81
Silty,Soybean,665.9,24.6,6.7,96.7,4.53,9.4,2.91,Yes,6.96
Loamy,Cotton,764.2,22.3,6.18,,3.54,6.4,5.09,No,6.75
Silty,Maize,712.0,31.0,6.67,133.3,5.39,7.3,4.16,No,10.01
Clay,Wheat,1051.1,24.3,7.0,183.2,4.24,8.9,4.58,Yes,9.32
Clay,Maize,1327.7,25.4,6.4,207.3,6.23,6.7,28.76,,11.43
Sandy,Cotton,764.5,14.5,6.7,102.8,,6.0,2.4,Yes,5.93
Loamy,Maize,1169.6,25.9,5.56,67.9,5.85,4.4,1.61,Yes,9.86
Loamy,Barley,832.4,26.5,6.81,160.5,3.18,8.3,4.15,Yes,9.19
Silty,Cotton,1199.2,14.7,5.7,141.9,3.57,5.5,1.0,No,6.04
Sandy,Wheat,600.2,21.0,7.5,122.3,9.3,6.7,3.4,No,6.63
Peaty,Soybean,273.3,17.9,6.41,143.6,6.22,7.3,2.95,Yes,7.44
Peaty,Cotton,1539.7,25.1,6.72,181.1,5.77,6.0,3.42,Yes,6.16
Peaty,,1026.1,27.6,7.72,204.6,,6.9,0.75,Yes,9.6
Clay,Rice,828.6,25.6,6.97,78.7,7.04,5.6,1.88,No,7.21
Clay,Soybean,423.7,28.0,6.03,196.4,2.19,7.0,1.48,Yes,7.06
Peaty,Soybean,1055.2,26.0,,156.0,4.5,7.1,9.15,Yes,8.35
Peaty,Rice,1097.3,13.9,6.33,54.3,3.38,12.0,18.1,Yes,9.51
Clay,Maize,812.0,26.5,6.0,140.7,6.95,9.6,2.81,Yes,10.88
Clay,Rice,936.4,22.1,6.14,265.7,7.42,9.3,0.33,No,8.62
Loamy,Wheat,1213.2,28.9,7.61,162.4,4.94,7.6,4.01,Yes,8.76
Silty,Cotton,894.0,15.6,6.18,111.0,4.26,7.0,1.79,No,6.68
Silty,Wheat,912.4,9.7,4.84,86.4,7.3,7.4,3.24,No,6.54
Loamy,Cotton,614.4,26.3,6.43,108.9,6.48,7.0,0.44,No,6.76
Peaty,Cotton,846.6,24.9,7.4,110.0,7.02,10.4,15.88,Yes,7.23
Clay,Soybean,722.3,13.3,6.1,126.2,7.49,8.0,3.79,No,6.9
Clay,Maize,931.0,18.5,8.64,155.0,6.55,7.0,0.62,Yes,9.91
Peaty,Rice,1138.5,15.5,6.22,218.4,3.97,5.0,4.29,No,7.96
Loamy,Wheat,848.1,20.0,5.88,,8.11,8.6,0.63,Yes,9.77
Sandy,Barley,843.0,24.5,7.4,248.4,2.53,6.1,2.74,,8.02
Sandy,Wheat,844.1,26.5,7.44,111.6,6.18,7.8,4.14,Yes,7.74
Clay,Soybean,1178.4,22.5,5.87,172.7,7.21,9.2,9.0,Yes,8.63
Silty,Soybean,1270.6,20.0,5.29,206.3,3.28,6.2,4.21,Yes,7.46
Silty,Rice,326.7,15.3,6.18,98.1,3.73,10.7,9.54,Yes,9.35
Silty,Rice,1453.0,24.5,6.18,67.8,0.0,6.0,,Yes,9.07
Sandy,Rice,1200.4,25.9,6.79,169.7,4.27,8.6,4.47,Yes,8.89
Loamy,Barley,819.8,31.2,7.28,226.7,6.25,10.5,7.33,No,7.88
Peaty,Wheat,890.1,22.4,6.36,42.7,4.98,6.7,0.85,No,6.58
Peaty,Cotton,1030.0,21.7,6.36,80.0,1.85,10.0,21.04,Yes,7.44
Loamy,Rice,1191.5,18.5,6.83,116.3,4.41,7.7,2.46,No,8.95
Clay,Soybean,676.3,29.9,6.69,210.2,,6.6,5.85,No,6.75
Clay,Wheat,938.7,30.8,6.88,207.4,0.0,8.6,3.18,Yes,7.72
Silty,Maize,1168.2,27.3,7.26,202.9,0.0,7.3,2.97,No,9.52
Clay,Barley,993.1,27.9,7.18,94.3,7.64,7.8,2.62,No,6.88
Loamy,Barley,1009.9,12.2,5.53,175.0,,7.3,10.04,No,7.57
Silty,Wheat,752.5,26.2,8.81,113.9,7.72,9.8,,Yes,6.65
Loamy,Cotton,868.0,20.6,5.73,91.3,4.83,8.2,0.97,Yes,7.31
Loamy,Cotton,886.4,17.4,7.51,86.1,5.87,7.0,6.46,No,6.81
Clay,Wheat,1014.5,19.8,6.79,166.8,6.68,5.1,2.11,Yes,8.56
Clay,Barley,234.1,25.1,6.09,188.6,4.61,8.5,2.22,No,5.71
Clay,Cotton,1377.0,28.9,5.56,93.7,7.38,9.5,3.78,No,5.91
Clay,Barley,,21.3,,120.3,6.98,6.4,4.43,No,7.49
Peaty,Soybean,928.3,20.9,6.09,95.9,4.87,4.5,9.32,No,6.94
Silty,Soybean,767.2,20.2,6.21,183.4,4.72,6.1,4.36,Yes,8.54
Sandy,Barley,942.7,28.2,6.7,295.8,6.22,5.7,2.71,No,6.34
Silty,Maize,866.1,20.7,6.86,213.7,1.34,8.8,3.45,Yes,11.5
Clay,Barley,1243.0,25.7,6.86,0.0,6.43,8.1,,Yes,7.2
Loamy,Maize,945.1,25.2,5.52,180.8,2.32,8.2,744.1875638328816,Yes,11.9
Loamy,Wheat,947.9,26.6,7.38,188.2,3.09,10.2,3.23,Yes,9.54
Loamy,,1154.2,33.1,6.59,20.0,3.14,6.7,0.95,Yes,10.44
Peaty,Soybean,1126.2,21.8,6.13,104.7,3.52,6.9,2.55,No,7.04
Silty,Wheat,1073.9,20.1,7.26,158.2,8.84,5.9,5.0,No,7.51
Peaty,Soybean,878.7,24.3,5.6,111.8,7.34,,8.17,Yes,7.6
Sandy,Barley,367.7,22.2,6.17,187.2,3.06,9.2,,Yes,7.07
Silty,Cotton,958.0,,6.26,159.2,4.49,10.9,3.32,No,6.07
Silty,Maize,815.2,25.4,8.0,126.9,3.61,8.2,5.96,Yes,10.81
Peaty,Wheat,909.7,16.7,6.74,175.8,4.42,10.0,4.07,No,8.31
Peaty,Rice,815.4,26.3,,188.1,6.32,5.8,,Yes,9.11
Sandy,Maize,1237.7,21.1,6.86,181.1,3.49,7.9,,Yes,11.13
Clay,Cotton,914.5,26.3,6.96,108.0,1.91,7.8,3.51,Yes,7.17
Clay,Cotton,489.2,28.9,6.66,91.1,3.66,8.9,1.82,Yes,5.82
Peaty,Wheat,,32.1,7.55,139.2,4.71,6.9,1.63,No,6.02
Silty,Soybean,972.1,35.7,6.96,155.8,9.81,8.8,0.93,No,7.07
Sandy,Soybean,1165.3,27.2,7.14,63.6,5.48,6.1,2.44,Yes,6.6
Loamy,Wheat,862.3,23.1,7.65,179.1,4.45,10.8,4.06,No,8.95
Peaty,Maize,485.4,20.7,6.22,152.4,7.33,8.0,5.03,Yes,10.96
Peaty,Cotton,985.2,17.7,,223.1,7.08,9.5,1.28,Yes,7.67
Loamy,Cotton,843.6,19.0,4.77,213.1,8.51,8.3,12.43,No,6.19
Peaty,Barley,873.5,21.9,6.34,152.0,5.13,6.9,7.72,,8.19
Silty,Barley,1274.8,28.7,6.64,291.8,4.42,6.0,4.52,Yes,8.17
Loamy,Maize,679.3,23.7,5.87,153.2,7.92,7.3,2.88,Yes,11.21
Silty,Maize,701.5,16.7,7.47,139.9,4.54,11.9,2.5,No,10.14
Silty,Rice,1482.1,31.6,7.86,22.8,5.9,6.6,3.24,No,6.46
Loamy,Cotton,1013.7,21.1,6.4,69.2,4.86,7.2,6.66,No,7.21
Loamy,Maize,788.5,16.3,7.27,140.4,4.3,6.9,5.51,Yes,11.01
Silty,Maize,864.7,27.4,7.57,140.6,1.02,9.5,3.45,No,10.7
Clay,Soybean,866.9,23.8,6.62,156.8,9.16,9.4,1.9,No,7.97
Sandy,Cotton,551.1,27.4,8.73,61.8,2.28,7.2,47.85,No,4.27
Loamy,Wheat,1115.8,18.6,5.64,113.9,0.0,7.1,3.89,Yes,8.72
Silty,Rice,900.0,,7.23,162.5,7.28,6.7,4.06,Yes,9.78
Loamy,Barley,818.0,29.1,7.44,173.3,2.97,5.4,3.5,Yes,7.86
Loamy,,1382.9,33.7,,71.4,6.89,6.3,3.4,No,9.0
Silty,Maize,670.9,22.6,6.83,198.6,4.72,7.0,1.58,,11.17
Peaty,Barley,882.3,25.2,6.55,141.8,3.82,7.5,0.93,Yes,8.37
Loamy,,889.7,13.4,4.3,264.5,3.92,7.8,1.72,Yes,6.99
Peaty,Barley,,23.9,7.1,123.7,5.4,8.1,4.69,Yes,8.84
Sandy,Wheat,856.7,31.0,6.41,34.4,3.76,7.1,2.66,,6.88
Clay,Rice,928.6,25.2,7.2,175.8,1.89,7.7,1.21,Yes,9.38
Silty,,720.1,11.0,,203.7,7.33,10.1,0.67,No,6.65
Loamy,Barley,1009.8,27.1,7.52,230.9,2.28,7.4,3.81,Yes,8.42
Peaty,Rice,1027.0,28.8,6.42,236.3,1.7,7.1,4.45,No,7.9
Sandy,Wheat,964.4,16.8,7.65,148.7,5.24,5.2,4.22,No,7.34
Sandy,Rice,673.7,21.8,6.92,104.3,2.87,6.8,1.63,No,7.4
Clay,,986.8,22.7,6.37,238.0,3.94,7.8,2.02,No,6.91
Loamy,Barley,,20.0,4.7,100.7,6.69,6.8,1.03,Yes,7.04
Silty,Rice,1172.8,,7.5,160.6,4.93,7.9,1.1,Yes,9.11
Silty,Wheat,1071.5,27.5,6.87,101.0,4.62,7.1,19.39,Yes,8.37
Silty,Barley,1157.2,28.9,7.31,202.8,7.62,9.8,4.44,Yes,8.44
Clay,Cotton,1103.9,25.4,7.47,90.1,7.42,8.7,10.34,No,5.23
Clay,Rice,840.3,25.5,7.3,210.5,1.25,10.8,8.49,Yes,9.01
Sandy,Cotton,1165.0,18.1,6.45,220.1,7.2,6.1,5.12,No,4.59
Sandy,Soybean,791.5,24.7,7.12,107.4,2.92,6.5,7.21,Yes,7.89
Peaty,Cotton,740.1,16.4,7.7,206.1,2.0,8.0,0.98,Yes,6.25
Peaty,Rice,556.1,22.7,6.75,65.4,3.51,5.2,3.07,No,8.3
Loamy,Rice,1017.7,28.3,6.52,153.9,4.74,6.5,5.77,Yes,10.33
Silty,Wheat,721.7,26.2,6.88,135.2,5.99,6.2,4.12,Yes,8.57
Loamy,Soybean,929.2,23.8,6.62,108.9,4.89,10.7,16.93,Yes,8.49
Silty,Soybean,570.5,19.0,6.24,130.0,7.0,7.5,2.32,No,7.15
Clay,Soybean,963.1,19.8,4.88,148.0,0.0,5.7,1.81,No,5.78
Sandy,Barley,957.1,17.6,5.04,135.1,,6.6,0.74,Yes,7.25
Peaty,Barley,1117.8,22.0,6.92,182.1,,8.8,1.54,No,8.4
Clay,Barley,514.2,29.1,6.32,116.0,5.23,5.4,,No,6.82
Peaty,Wheat,829.7,36.3,6.78,123.9,6.52,7.6,3.65,No,6.29
Clay,Soybean,731.4,12.0,5.24,171.4,3.65,7.7,1.31,Yes,7.31
Sandy,Barley,1060.7,22.4,4.84,76.0,4.33,9.1,0.85,No,6.6
Sandy,Barley,861.2,21.6,6.4,210.9,4.36,6.1,1.76,Yes,7.15
Silty,Rice,942.2,23.8,6.55,182.1,2.66,7.6,2.97,No,8.76
Sandy,Maize,879.5,17.2,7.58,259.7,7.78,6.9,1.53,Yes,10.79
Sandy,Soybean,870.2,18.1,,3.1,5.7,6.5,1.35,No,6.25
Clay,Barley,708.7,19.5,5.08,132.1,2.93,8.0,3.78,Yes,7.89
Sandy,Maize,962.7,25.4,6.41,190.5,4.96,8.4,6.06,Yes,11.74
Sandy,Wheat,984.0,24.8,7.27,170.0,4.36,8.3,2.37,No,6.89
Silty,Barley,877.7,26.5,5.83,247.8,1.61,6.6,1.89,No,7.35
Loamy,Barley,1120.3,21.0,6.33,312.9,0.43,10.8,1.6,Yes,8.62
Loamy,Soybean,906.4,17.7,6.46,,9.18,6.4,7.11,No,8.55
Clay,Barley,1059.9,32.7,7.12,118.7,1.25,10.0,1.05,,7.78
Sandy,Cotton,950.0,24.3,8.03,,6.19,6.6,15.42,Yes,6.8
Sandy,Maize,1010.2,30.1,6.53,65.7,1.4,8.6,1.85,No,8.55
Loamy,Cotton,1143.5,,7.42,209.9,2.99,8.2,4.78,No,6.35
Clay,Wheat,1051.2,24.3,5.36,37.8,5.58,7.5,2.32,No,7.45
Sandy,Soybean,658.1,21.6,8.2,200.3,,8.4,9.64,Yes,6.54
Peaty,Barley,1220.0,25.8,6.03,234.2,6.3,8.3,4.43,Yes,7.87
Clay,Cotton,589.0,23.8,5.01,193.2,1.65,,,Yes,7.01
Loamy,Barley,712.2,23.8,5.81,78.0,5.96,5.5,7.51,No,8.75
Sandy,Barley,,16.0,6.29,137.2,6.52,7.4,3.14,,7.13
,Soybean,639.6,27.9,7.31,103.5,4.81,9.0,5.72,Yes,7.52
Clay,Soybean,1133.9,23.0,6.21,186.1,6.72,7.8,3.87,Yes,8.58
Silty,Maize,562.0,27.8,6.38,111.4,6.6,8.5,1.64,Yes,10.43
Peaty,Cotton,827.6,27.6,5.09,94.7,8.38,3.6,3.9,Yes,6.6
Silty,,1177.9,25.9,7.91,192.4,9.61,10.2,4.31,Yes,8.18
Loamy,Cotton,385.0,31.2,5.69,103.0,6.26,8.6,6.88,Yes,6.81
Clay,Wheat,1014.9,32.1,6.61,153.1,8.5,6.8,4.19,Yes,8.11
Silty,Rice,612.8,18.7,7.24,101.6,8.31,6.1,0.46,No,8.44
Clay,,695.3,28.1,8.68,117.3,8.0,6.9,2.46,Yes,6.8
Silty,Rice,657.3,23.3,6.99,198.3,,9.2,5.72,No,8.53
Sandy,Rice,1085.3,,6.88,35.6,2.45,8.3,5.89,Yes,8.49
Clay,Barley,689.9,19.8,4.2,112.8,5.96,8.6,1.23,No,6.43
Sandy,Soybean,988.3,24.5,4.74,234.6,2.99,7.7,3.3,Yes,6.76
Sandy,Rice,1093.2,24.1,6.59,18.4,4.05,9.2,1.14,Yes,8.71
Silty,Soybean,1122.1,25.0,7.01,173.3,0.95,9.0,4.27,No,7.98
Silty,Maize,1015.1,23.9,6.38,209.4,1.28,5.4,3.86,Yes,11.84
Peaty,Soybean,629.2,22.1,6.09,211.2,2.04,6.8,7.82,No,7.52
Clay,Maize,1012.6,32.6,6.87,57.8,6.29,7.8,1.59,Yes,10.04
Peaty,Barley,617.0,30.6,6.18,42.9,10.09,10.0,2.61,Yes,7.06
Peaty,Barley,690.6,25.0,8.02,159.3,3.1,6.5,2.09,No,6.41
,Rice,929.1,17.5,,175.9,5.35,7.7,8.67,No,8.74
Clay,Wheat,1185.9,25.2,5.41,150.4,7.1,8.0,3.14,No,7.53
Sandy,Soybean,1045.2,33.3,6.55,152.3,3.12,4.5,1.79,Yes,6.63
Peaty,Cotton,1147.5,27.7,5.79,,9.49,7.5,5.71,Yes,7.26
Sandy,Rice,739.6,28.6,7.08,191.8,5.39,6.5,0.91,Yes,8.74
Loamy,Rice,749.8,23.5,6.49,212.3,,5.6,10.32,Yes,10.26
Sandy,Maize,1338.6,24.5,6.19,180.7,6.1,7.0,3.81,No,10.24
Silty,Rice,907.8,,6.29,236.6,4.47,6.5,4.9,Yes,9.36
Clay,Barley,710.0,20.5,5.78,107.8,1.45,8.0,5.68,No,7.31
Clay,Wheat,858.6,22.3,5.53,9.2,4.52,7.4,2.45,No,6.98
Clay,Maize,530.1,29.7,6.56,157.5,6.15,8.1,1.24,No,9.69
Loamy,Barley,1008.8,13.3,6.66,110.0,5.3,8.6,5.51,No,7.72
Loamy,Maize,1099.2,19.3,7.11,185.4,7.82,6.0,3.12,No,10.84
Clay,Rice,833.7,26.0,6.08,16.0,5.67,8.7,2.25,Yes,8.51
Peaty,Cotton,1424.4,16.1,5.96,81.1,7.64,6.3,4.54,Yes,6.76
Silty,Wheat,589.3,27.7,7.28,183.4,,6.5,5.23,No,8.37
Loamy,Rice,649.7,27.2,6.47,118.6,7.87,6.2,760.932789960609,No,9.88
Silty,Wheat,397.1,29.7,5.95,262.2,3.75,6.2,3.74,Yes,8.22
Sandy,Wheat,842.6,22.5,,134.7,7.46,4.1,6.2,,7.98
Clay,Soybean,443.5,20.8,8.05,220.0,3.18,7.3,3.51,No,6.05
Clay,Wheat,1039.2,17.8,6.29,139.6,5.53,6.5,6.88,No,7.71
Silty,Rice,,24.2,6.55,131.6,1.3,6.6,3.16,No,9.37
Silty,Soybean,920.6,24.4,7.62,213.5,0.29,10.5,746.0999490297606,No,7.22
Clay,Rice,758.2,24.5,8.11,155.6,1.14,6.5,4.3,No,8.31
Silty,Wheat,812.1,12.6,7.27,150.8,,9.2,2.74,No,7.79
Clay,Rice,652.7,23.5,6.71,154.3,6.87,2.8,19.86,No,8.11
Clay,Soybean,1028.4,22.0,6.74,139.3,0.85,7.9,6.95,No,7.51
Silty,Barley,750.0,31.1,5.88,111.1,3.83,8.9,4.73,No,7.54
Clay,Barley,355.4,23.9,7.01,157.2,4.4,6.0,1.82,Yes,6.99
Silty,Rice,1183.3,24.0,6.66,219.1,4.52,8.8,1.81,Yes,10.36
Loamy,Maize,,27.1,4.91,13.2,3.99,4.9,18.06,Yes,10.28
Silty,Rice,525.1,13.6,6.11,37.7,9.35,11.2,6.74,No,7.91
Peaty,Soybean,765.8,23.2,,,3.99,8.7,3.81,No,8.07
Sandy,,,29.0,7.19,139.5,4.48,8.3,2.56,No,6.77
Clay,Cotton,1081.3,22.0,6.21,186.6,3.43,8.2,0.35,No,6.69
Silty,,611.3,28.9,7.97,113.6,0.92,8.7,,No,7.47
Clay,Soybean,446.5,27.0,5.17,76.1,5.91,6.9,9.87,No,6.91
Sandy,Cotton,983.9,,5.44,195.9,10.21,3.6,2.58,No,4.95
Silty,Maize,945.2,31.3,5.24,130.7,7.54,5.0,10.57,No,9.18
Peaty,Rice,821.7,27.2,5.15,206.3,0.53,8.6,4.65,Yes,9.69
Silty,Wheat,760.9,,6.64,188.6,,6.1,2.31,,7.24
Clay,Rice,1037.6,24.2,6.98,,6.88,6.1,0.57,No,8.12
Loamy,Rice,999.0,29.1,7.24,163.6,4.56,9.9,0.46,Yes,9.87
Silty,Rice,885.0,25.1,6.44,95.9,6.91,4.8,2.58,No,9.1
Silty,Soybean,411.7,24.7,6.27,166.7,1.84,7.2,15.91,No,7.69
Silty,Wheat,981.3,28.6,6.97,204.6,2.61,,,No,8.35
Loamy,Maize,1081.6,17.2,7.1,49.7,5.48,6.6,2.01,No,10.1
Peaty,Cotton,681.1,30.0,6.51,185.0,5.46,5.5,2.27,Yes,6.87
Sandy,Soybean,1318.7,,5.85,118.1,3.83,7.7,1.26,Yes,6.59
Clay,Maize,782.5,31.8,5.42,188.7,2.97,4.8,7.95,Yes,10.22
Peaty,Soybean,1036.1,19.2,5.58,110.2,4.44,5.4,3.56,Yes,7.38
,Maize,,22.2,6.75,148.2,0.0,6.0,2.77,No,10.15
Sandy,Barley,864.7,19.1,7.1,130.4,,9.5,,Yes,8.01
Sandy,Maize,548.4,17.7,5.37,161.7,5.02,8.2,2.98,Yes,10.3
Peaty,Soybean,1126.8,30.7,6.79,189.6,,5.4,2.55,No,6.95
Sandy,Soybean,1026.4,21.2,7.5,138.3,5.57,6.8,0.69,No,6.58
Clay,Soybean,846.7,26.5,6.98,149.5,5.7,6.4,7.94,Yes,7.86
Loamy,Maize,1055.4,18.9,6.34,80.7,3.56,8.0,12.7,Yes,11.36
Clay,Rice,771.1,28.8,7.29,222.3,,10.0,,Yes,9.14
Sandy,Barley,1067.7,24.5,6.7,251.3,6.58,4.3,2.29,Yes,7.22
Peaty,Soybean,976.6,13.5,7.22,208.4,,5.1,1.04,No,7.35
Loamy,Rice,1148.2,17.9,6.7,,3.23,5.7,1.85,Yes,9.52
Sandy,Cotton,895.3,23.8,,178.7,7.68,6.7,8.57,No,6.19
Silty,Barley,1091.5,24.1,7.25,155.0,4.73,8.1,1.84,Yes,8.79
Clay,Soybean,960.0,32.5,7.39,172.4,2.89,7.4,6.67,No,6.88
Peaty,Rice,1025.2,26.6,5.77,143.6,4.07,5.3,7.83,Yes,9.43
Loamy,Rice,1220.6,13.6,5.15,104.9,3.6,10.3,2.12,Yes,9.41
Sandy,Maize,1064.5,24.7,6.95,,4.13,7.5,1.66,Yes,10.72
Clay,Cotton,856.6,30.5,7.12,83.1,2.1,8.1,5.01,Yes,6.82
Loamy,Soybean,1324.5,18.9,8.37,127.3,4.01,8.9,3.54,No,6.76
Sandy,Soybean,862.6,21.8,7.15,134.8,0.68,9.7,3.16,No,7.1
Clay,Maize,1151.3,14.7,5.78,44.7,10.07,6.1,7.16,Yes,9.78
Peaty,Barley,629.8,28.7,7.21,,2.78,8.7,14.16,Yes,7.81
Clay,Barley,,27.4,7.09,148.3,5.12,10.4,,Yes,8.17
Clay,Soybean,1178.4,26.6,,170.2,0.31,6.7,4.45,Yes,8.17
Loamy,Wheat,1292.8,21.9,6.64,259.0,2.03,6.7,4.35,Yes,10.0
Clay,Wheat,672.7,26.7,6.87,138.3,3.44,3.7,1.81,No,7.14
Peaty,Wheat,1349.0,20.5,7.26,134.3,4.05,8.0,3.84,No,7.86
Clay,Barley,960.2,19.9,6.15,216.7,5.06,6.3,9.4,No,7.67
Silty,Wheat,949.6,25.7,8.06,100.4,1.39,6.9,7.42,Yes,8.06
Sandy,Cotton,,22.1,7.6,,7.77,7.4,1.34,No,4.62
Silty,Barley,1265.2,19.1,6.66,183.4,9.9,6.0,,Yes,8.73
Clay,Maize,687.3,16.2,5.51,139.8,6.34,8.8,4.93,Yes,9.96
Silty,Wheat,1245.9,25.9,7.52,84.8,4.57,6.8,5.78,Yes,7.58
Peaty,Soybean,615.2,26.1,7.78,130.5,7.6,8.0,1.01,,7.69
Silty,Maize,1030.0,30.4,6.84,148.3,5.73,9.2,3.71,No,10.81
Loamy,Wheat,822.3,20.5,6.68,72.6,4.93,5.1,0.85,Yes,8.23
Peaty,Wheat,1173.8,,7.36,150.4,2.32,5.7,9.99,Yes,8.21
Silty,Cotton,652.4,12.3,7.39,42.4,7.6,8.7,3.36,No,5.81
Silty,Soybean,692.5,21.0,6.3,0.0,5.56,9.9,2.04,No,6.74
Sandy,Rice,892.4,28.2,8.27,38.0,8.01,6.7,1.79,Yes,6.94
Loamy,Cotton,705.3,27.6,6.09,180.6,1.59,6.8,2.07,Yes,7.33
Sandy,Wheat,1381.6,32.9,7.36,283.2,6.21,7.7,6.44,No,6.67
Sandy,Wheat,597.9,28.5,5.44,111.8,11.83,8.8,1.8,No,6.72
Loamy,Barley,,19.5,6.04,109.8,1.0,5.8,1.34,Yes,8.2
Sandy,Soybean,951.4,29.4,6.72,285.4,7.84,8.5,1.65,,6.44
Peaty,Soybean,1141.4,23.1,6.67,107.2,6.58,7.7,1.85,Yes,7.74
,Cotton,1008.7,17.1,7.11,258.0,4.87,9.6,4.24,No,6.42
Silty,Barley,811.3,22.4,7.44,151.0,7.6,,9.07,No,7.71
Loamy,Barley,733.2,18.4,6.67,116.1,5.34,7.6,5.62,Yes,8.21
Sandy,Maize,1070.7,20.7,7.52,54.4,8.57,4.8,6.31,No,8.29
Peaty,Cotton,872.7,34.4,5.14,67.0,5.37,,5.87,Yes,5.83
,Cotton,1270.5,17.2,6.23,89.7,6.61,9.3,15.12,No,6.42
Loamy,Soybean,1184.9,20.1,6.51,144.9,6.92,7.6,1.74,No,7.29
Loamy,Maize,928.8,14.5,6.08,156.0,7.28,6.9,3.44,Yes,12.49
Sandy,Soybean,890.7,17.3,8.97,177.1,2.51,6.5,1.17,No,5.14
Peaty,Soybean,683.1,21.2,6.59,117.1,3.0,7.7,7.88,Yes,8.41
Loamy,Barley,890.7,29.7,,132.6,2.76,6.8,1.54,No,8.97
Sandy,Maize,598.0,27.4,5.65,,1.1,8.3,3.2,No,9.59
Clay,Wheat,1298.4,19.7,6.05,,5.12,6.8,11.02,Yes,8.42
Silty,Soybean,,25.2,6.07,182.3,2.21,10.8,18.24,Yes,8.36
Loamy,Maize,589.3,32.2,6.68,82.8,4.23,,1.04,No,10.52
Loamy,Cotton,1147.0,28.1,5.11,36.0,3.99,5.6,8.3,No,7.04
Loamy,Maize,1419.0,21.3,6.04,167.4,3.64,8.6,2.52,,12.5
Clay,Cotton,920.3,24.6,4.07,215.6,5.21,9.0,,No,4.63
,Rice,675.8,17.2,6.53,184.3,6.26,8.1,3.34,Yes,9.07
Sandy,Barley,923.7,23.8,5.4,182.7,6.66,7.6,7.82,No,8.06
Clay,Cotton,712.8,15.0,7.03,246.4,3.96,5.3,7.79,No,5.93
Loamy,Barley,766.3,27.2,6.56,173.7,5.62,6.8,4.67,No,9.42
Peaty,Rice,1367.4,25.2,6.81,130.1,5.07,7.5,3.2,No,9.12
Peaty,Rice,855.9,21.6,6.93,282.5,6.95,7.7,5.67,Yes,9.61
Loamy,Soybean,1118.2,17.9,5.62,149.9,8.3,6.5,3.68,,8.26
Sandy,Rice,1054.9,29.3,7.35,60.9,8.13,7.5,7.7,No,7.78
Clay,Wheat,890.1,15.6,7.42,119.1,7.28,9.2,0.89,No,7.43
Clay,Maize,1090.4,24.0,,237.8,0.36,8.7,3.36,No,10.53
Peaty,Wheat,991.7,,7.07,77.4,0.63,7.2,4.14,Yes,8.45
Loamy,Soybean,1088.9,30.2,6.37,195.6,4.26,6.2,12.93,Yes,8.66
Loamy,Soybean,717.9,,7.59,137.7,5.99,7.6,2.26,No,7.2
Clay,Wheat,811.2,26.5,5.5,152.5,8.76,7.8,2.45,Yes,7.72
Loamy,Soybean,1574.1,25.3,6.8,71.9,4.61,4.6,5.44,No,6.95
Clay,Soybean,1016.9,18.3,6.25,133.7,5.81,6.7,10.87,No,7.14
Loamy,Rice,1118.7,30.4,7.17,231.2,3.49,7.9,2.37,No,9.88
Silty,Maize,400.9,25.9,5.18,266.7,2.6,7.5,9.5,No,9.68
Silty,Barley,1197.0,25.3,6.8,252.2,4.07,4.9,1.15,Yes,8.08
Loamy,Maize,1081.5,18.8,6.53,305.8,,6.9,6.01,Yes,11.58
Silty,Barley,975.7,27.3,5.76,217.8,6.45,8.3,4.41,Yes,8.2
Sandy,Soybean,973.6,31.2,7.2,124.4,6.1,9.5,1.04,Yes,7.35
Sandy,Soybean,1006.8,22.8,6.79,130.0,5.15,6.2,15.14,No,6.69
Silty,Soybean,,31.3,6.58,185.4,0.43,6.0,1.78,No,7.01
Sandy,Soybean,1072.6,23.5,6.44,203.3,5.11,4.5,1.0,Yes,8.04
Clay,Wheat,,22.9,5.24,109.5,6.64,8.3,9.8,Yes,8.39
Silty,Cotton,655.2,34.8,6.24,271.4,8.96,7.9,2.47,Yes,5.5
Sandy,Barley,1260.7,21.7,6.21,203.2,,5.3,3.92,Yes,8.0
Peaty,Cotton,1356.1,30.2,7.03,103.9,8.49,7.9,0.88,No,6.27
Sandy,Wheat,846.0,28.0,7.85,152.1,10.61,5.9,1.29,No,6.83
Clay,Rice,1064.0,26.9,6.01,205.7,4.16,7.6,3.82,No,9.04
Sandy,Soybean,633.7,24.1,7.35,173.6,4.13,7.9,1.85,Yes,8.15
Sandy,Cotton,951.9,28.6,5.81,166.7,2.93,,3.04,No,6.41
Loamy,Wheat,1310.2,20.7,6.96,219.4,4.81,9.4,2.62,Yes,9.85
Clay,Wheat,1346.5,19.5,7.27,160.4,5.59,4.1,7.02,Yes,7.73
Silty,Cotton,512.2,21.7,6.23,181.6,1.61,10.0,7.46,Yes,7.63
Peaty,Barley,1063.2,27.1,6.43,,5.28,6.3,,No,7.2
,Wheat,544.9,29.3,5.88,189.8,2.32,5.8,3.46,Yes,7.87
Peaty,Soybean,1008.2,29.2,7.52,172.0,,7.2,11.06,Yes,7.62
Silty,Wheat,919.4,,5.67,131.4,9.73,6.9,3.64,Yes,8.54
Sandy,Cotton,1251.0,,6.53,174.7,6.34,4.9,7.2,No,5.76
Silty,Rice,1033.5,22.6,5.45,21.8,7.1,9.2,3.96,Yes,9.11
Loamy,Maize,1089.0,27.8,6.91,82.7,4.58,8.2,10.22,Yes,12.09
Clay,Soybean,638.6,28.5,7.74,187.3,5.15,9.1,2.03,Yes,7.02
Sandy,Maize,985.9,19.3,5.52,176.2,8.03,6.1,3.51,No,9.56
Peaty,Rice,1103.3,23.8,7.61,188.5,5.33,8.9,0.86,No,9.35
Clay,Soybean,806.8,22.0,6.6,106.6,4.24,6.9,,Yes,8.32
Sandy,Cotton,953.7,31.9,7.33,151.6,,6.4,2.85,No,5.85
Clay,Maize,878.4,24.5,7.43,158.3,4.09,6.4,,Yes,10.8
Peaty,Maize,764.2,18.5,6.43,165.6,5.0,4.4,2.37,Yes,11.06
Clay,Wheat,966.1,27.6,4.69,126.9,8.64,5.6,4.76,,5.87
Sandy,Soybean,606.6,26.9,7.18,205.4,2.62,9.6,3.36,Yes,7.51
Sandy,Barley,,39.8,6.97,149.6,3.21,6.7,1.96,No,5.09
Sandy,Wheat,817.6,14.1,6.85,54.0,9.84,11.0,,No,6.01
Silty,Soybean,267.1,28.3,6.05,100.7,6.2,8.2,3.57,Yes,6.68
Sandy,Cotton,1023.6,24.4,6.74,99.7,6.82,6.6,11.01,No,6.06
Loamy,Cotton,,16.8,5.73,91.0,0.54,7.1,2.87,Yes,7.09
Clay,Barley,652.6,19.4,7.52,110.0,2.35,7.5,3.17,No,7.63
Clay,Rice,580.2,17.0,6.0,177.4,6.49,5.9,10.5,Yes,9.26
Sandy,Wheat,480.2,22.2,8.08,200.4,3.63,6.8,1.78,No,6.59
Silty,Maize,1105.2,24.9,5.12,112.6,6.03,6.2,1.87,No,9.94
Sandy,Maize,904.2,23.5,6.57,182.2,1.25,4.8,0.76,Yes,10.11
Peaty,Soybean,1079.4,25.7,6.77,129.9,4.18,6.8,5.35,Yes,8.61
Loamy,Rice,,20.0,6.47,144.8,5.61,9.0,2.65,Yes,9.71
Peaty,Cotton,1256.4,18.5,6.34,209.2,0.0,10.3,1.96,Yes,7.35
Silty,Cotton,669.4,24.0,7.17,48.4,8.94,8.4,7.37,No,6.15
Silty,Maize,1101.5,29.0,5.69,181.2,,8.7,6.65,Yes,10.89
Silty,Rice,708.7,23.3,4.48,234.5,2.79,6.4,5.14,Yes,8.73
Silty,Soybean,1377.3,25.2,6.74,261.7,9.48,5.1,1.62,No,7.72
Sandy,Maize,993.9,23.9,6.71,155.8,,6.3,3.99,Yes,10.38
,Cotton,884.8,24.9,5.87,161.0,2.38,6.1,0.4,Yes,6.43
Loamy,Barley,882.1,24.3,6.72,214.8,0.66,8.1,0.48,No,7.52
Clay,Rice,698.6,26.8,5.67,158.6,0.74,6.2,1.93,No,8.32
Sandy,Cotton,837.1,36.6,6.8,197.3,4.94,4.8,2.42,No,4.87
Sandy,Barley,1066.0,23.3,7.09,174.8,7.03,5.8,2.4,Yes,8.31
Sandy,Soybean,216.6,21.3,7.19,183.4,3.53,9.5,1.28,Yes,6.88
,Soybean,1271.2,22.0,7.24,176.0,6.48,5.5,12.94,Yes,7.91
Silty,Cotton,891.9,23.6,5.96,202.8,4.76,6.3,3.87,Yes,6.91
Sandy,Rice,997.6,21.9,6.52,73.8,6.43,7.2,7.58,No,9.13
Loamy,Cotton,1229.2,20.2,5.88,,9.93,8.3,3.53,No,7.06
Sandy,Rice,757.3,18.7,6.39,45.8,6.68,6.5,4.73,Yes,8.55
Clay,Barley,892.8,14.6,6.33,165.3,4.63,5.2,3.81,Yes,8.36
Sandy,Soybean,1113.2,31.3,6.9,112.3,0.48,8.9,5.51,No,6.34
Sandy,Cotton,1266.6,24.3,5.92,33.2,2.2,7.4,,No,5.96
Clay,Barley,1168.7,27.7,6.5,49.7,8.03,7.2,5.39,No,7.4
Sandy,Rice,891.9,16.8,6.47,141.4,7.1,6.3,5.87,Yes,8.74
Loamy,Soybean,809.2,25.2,5.79,124.3,8.0,7.2,11.48,Yes,8.51
Clay,Wheat,1172.1,23.4,5.9,220.4,6.95,8.2,2.97,Yes,9.22
Clay,Maize,1195.1,30.8,6.28,203.0,4.59,7.3,2.05,No,8.92
Peaty,Wheat,696.1,23.2,7.03,124.6,3.67,6.9,1.5,No,8.11
Silty,Cotton,1089.8,29.5,6.42,94.9,3.99,5.8,3.32,,6.81
Silty,Barley,887.3,15.8,,175.4,2.94,9.8,6.12,Yes,8.33
Clay,Maize,698.0,31.7,5.39,133.0,2.29,6.1,2.32,Yes,9.93
Clay,Barley,535.4,22.3,6.39,147.4,2.82,7.1,2.24,No,7.94
Clay,Barley,1061.5,33.1,,190.6,5.01,7.7,,Yes,7.62
Clay,Rice,724.5,26.8,4.97,135.5,6.54,9.6,5.72,No,8.67
Clay,Wheat,901.3,14.5,7.55,147.6,6.49,4.4,7.33,Yes,8.05
Peaty,Wheat,912.1,23.5,6.85,161.2,5.99,8.1,3.58,Yes,8.23
Clay,Barley,1112.3,25.6,5.41,191.0,5.74,8.7,4.67,Yes,8.33
Peaty,Rice,945.0,26.3,6.53,176.9,0.3,9.0,2.66,No,9.66
Silty,Soybean,1398.2,33.9,5.8,55.9,8.09,10.3,5.46,No,6.2
Silty,Soybean,691.1,23.5,6.81,318.0,6.37,10.8,8.24,No,7.09
Sandy,Wheat,882.5,19.3,6.64,205.4,5.11,7.9,3.87,Yes,8.22
Silty,Rice,1216.7,19.4,6.26,128.7,5.65,6.4,2.35,Yes,9.69
Loamy,Cotton,915.1,20.3,6.65,194.5,,7.6,8.57,No,7.97
Clay,Maize,604.2,22.7,6.2,165.2,2.88,7.1,1.51,Yes,10.86
Clay,Soybean,,25.3,6.82,192.0,0.0,7.5,3.71,Yes,8.5
Silty,Barley,987.9,26.7,6.03,208.4,7.41,7.0,8.36,No,7.54
Silty,Barley,759.7,23.6,6.75,212.3,5.49,8.0,6.94,Yes,8.77
Peaty,Cotton,970.5,,6.89,229.9,6.1,8.5,0.51,Yes,6.33
Clay,Rice,848.8,23.6,8.08,180.6,4.76,8.8,1.38,Yes,8.91
Silty,Wheat,1001.8,28.0,6.89,194.5,4.37,8.5,2.56,Yes,8.21
Sandy,Soybean,960.2,20.7,5.07,36.0,6.4,6.9,1.53,Yes,6.94
Loamy,Soybean,946.4,18.8,6.6,147.6,3.06,8.3,0.92,No,8.85
Sandy,Barley,687.8,24.5,,172.8,6.73,7.0,2.81,No,5.85
Sandy,Maize,1385.5,21.2,6.85,105.9,6.18,9.2,6.11,Yes,10.5
Loamy,Cotton,491.3,21.7,6.46,175.6,5.58,5.9,3.23,Yes,7.67
Loamy,Wheat,591.2,30.6,6.07,90.6,7.25,5.7,2.36,Yes,8.58
Silty,Barley,855.3,19.2,6.15,180.0,7.87,4.8,3.51,No,7.3
Loamy,Cotton,,29.6,6.8,,6.13,6.3,1.71,Yes,7.83
Peaty,Cotton,936.7,24.8,6.29,,2.83,7.3,1.78,,6.97
Silty,Barley,1392.7,20.6,7.36,132.9,11.05,7.9,2.34,No,7.44
Peaty,Wheat,623.4,19.3,5.95,71.7,4.94,10.4,0.85,No,7.56
Clay,Barley,1028.3,29.0,6.69,114.8,2.84,10.3,4.58,No,7.41
Silty,Cotton,958.8,25.0,6.09,188.9,3.28,4.9,13.5,No,6.43
Loamy,Barley,1108.0,25.5,6.45,84.2,3.87,6.9,4.72,Yes,8.54
Sandy,Rice,899.8,28.1,6.7,60.2,3.36,6.4,3.17,No,8.37
Loamy,Wheat,1015.4,,6.86,169.9,5.18,8.8,2.59,No,8.35
Silty,Cotton,961.2,,4.71,256.8,10.6,8.8,8.56,No,5.25
Silty,Maize,1010.5,30.5,5.76,85.6,3.51,6.1,29.22,Yes,10.72
Loamy,Maize,796.1,28.4,7.13,99.7,9.21,7.1,25.42,Yes,11.23
Peaty,Wheat,1120.2,21.9,6.49,193.0,4.81,8.9,,Yes,8.02
Silty,Cotton,835.0,34.7,7.18,,3.53,6.8,0.42,No,5.57
,Soybean,1256.4,22.9,6.16,144.0,2.24,9.5,3.17,Yes,9.23
Sandy,Maize,1125.0,28.3,6.15,135.9,9.12,7.3,1.73,No,10.31
Silty,Barley,786.6,18.7,6.43,103.1,2.06,8.4,4.5,Yes,7.76
Silty,Rice,813.1,24.9,6.74,178.3,4.01,8.2,7.24,No,8.96
Loamy,Barley,1166.9,21.3,6.06,89.3,4.91,6.4,12.74,No,8.2
Peaty,Maize,1278.0,21.1,6.95,208.0,4.76,7.5,1.59,Yes,11.73
Loamy,Rice,1438.6,27.9,6.47,197.8,2.03,5.9,3.07,Yes,9.5
Loamy,Rice,1115.0,19.7,5.15,28.6,4.06,7.4,4.34,No,8.31
,Maize,828.2,28.0,7.63,216.6,3.07,7.3,6.11,Yes,10.16
Clay,Barley,774.7,18.4,7.46,229.3,6.44,9.1,3.02,No,7.23
Clay,Barley,746.4,19.1,8.44,81.9,5.95,7.8,4.13,No,5.44
Sandy,Wheat,982.1,,7.18,,4.78,7.9,0.64,Yes,7.97
Clay,Maize,1015.5,18.7,6.5,204.3,4.25,7.0,15.86,No,9.29
Peaty,Wheat,1155.7,23.9,6.85,238.1,3.57,6.5,2.78,Yes,8.92
Silty,Maize,1354.0,26.3,4.81,207.8,2.96,8.1,7.26,Yes,11.04
Clay,Rice,994.2,28.5,7.61,178.8,1.91,7.3,4.72,Yes,8.89
Peaty,Maize,894.4,30.3,7.8,160.8,3.4,8.0,0.7,No,9.36
Clay,Soybean,1009.4,19.2,6.41,171.4,2.53,10.4,2.8,Yes,8.28
Sandy,Wheat,259.8,26.7,5.33,173.2,4.79,5.8,1.85,Yes,6.85
Loamy,Wheat,864.2,28.8,5.84,8.7,2.86,7.6,0.92,Yes,7.8
Clay,Cotton,643.1,21.0,7.42,,7.39,7.0,6.48,No,6.35
Peaty,Soybean,1193.7,20.7,7.2,91.7,1.8,8.2,6.11,No,7.61
Peaty,Cotton,1011.0,21.6,8.41,55.7,10.15,6.6,5.24,Yes,6.24
Silty,Rice,1064.3,27.1,6.7,134.6,5.7,5.3,4.12,Yes,9.8
Loamy,Rice,1031.2,20.5,8.08,144.8,0.64,6.8,1.15,No,8.83
Sandy,Soybean,1107.2,28.6,5.76,140.4,7.4,6.4,,No,6.88
Sandy,Wheat,672.1,26.5,5.46,181.4,4.65,6.7,7.33,Yes,7.71
Sandy,Maize,1067.7,14.6,6.66,135.4,8.27,10.5,9.08,Yes,10.88
Silty,Wheat,936.9,21.6,8.08,60.5,2.29,,9.84,No,7.17
Silty,Rice,750.3,30.7,7.51,117.4,5.18,7.9,1.2,Yes,9.77
Loamy,Soybean,1237.0,23.7,7.68,136.7,5.2,9.5,11.05,Yes,8.25
Loamy,Barley,,18.4,5.73,115.0,1.02,6.0,2.76,Yes,8.16
Loamy,Rice,858.0,25.1,6.33,236.6,4.42,6.4,4.1,Yes,10.55
Peaty,Maize,787.8,34.3,5.94,168.6,6.79,6.5,17.38,No,9.72
Clay,Soybean,811.2,22.4,6.78,52.6,5.91,6.2,2.0,Yes,7.63
,Wheat,906.3,18.5,6.05,110.9,6.0,7.7,5.12,Yes,9.55
Sandy,Barley,1105.7,26.2,6.96,165.3,8.23,7.3,2.6,Yes,7.76
Loamy,Maize,1153.8,30.0,6.28,,3.48,8.5,1.12,No,11.14
Peaty,Cotton,683.0,20.9,8.42,167.8,3.99,7.6,,No,5.68
Silty,Soybean,578.4,17.5,7.21,72.4,1.85,8.1,2.19,No,6.03
Loamy,Rice,960.9,15.2,6.96,196.9,6.07,6.2,3.9,No,9.45
Silty,Maize,1196.7,25.6,7.66,134.8,3.45,8.2,1.52,Yes,11.7
Sandy,Soybean,848.0,25.5,5.98,67.4,6.82,8.3,5.99,No,6.5
Loamy,Wheat,1013.2,23.4,6.41,115.0,6.39,5.8,7.66,Yes,8.48
Silty,Cotton,873.0,24.5,6.35,132.7,4.16,8.0,2.42,Yes,7.52
Clay,Barley,744.8,22.7,6.41,131.9,2.17,10.9,6.85,Yes,8.65
Clay,Maize,783.3,,7.04,256.3,6.94,10.6,3.43,No,10.38
Peaty,Wheat,732.5,,6.17,166.9,7.72,8.2,3.07,Yes,7.96
Sandy,Maize,1164.1,23.4,6.08,257.6,0.26,4.9,3.58,Yes,11.1
Silty,Soybean,813.5,32.2,6.93,174.8,3.85,5.4,3.08,Yes,7.58
Silty,Soybean,697.7,19.2,6.43,136.9,7.02,6.9,1.52,Yes,7.35
Sandy,Maize,1100.7,30.8,6.67,,7.71,5.3,2.8,Yes,9.35
Loamy,Maize,1103.0,21.6,5.51,214.5,3.31,8.9,4.96,No,10.87
Loamy,Wheat,1645.3,31.1,5.94,132.1,2.98,9.5,4.6,No,7.71
Sandy,Rice,1246.8,26.9,6.39,240.6,5.65,8.3,2.22,No,9.1
Loamy,Cotton,791.6,13.8,6.59,271.1,7.05,8.2,0.9,No,6.35
Clay,Maize,755.4,24.1,7.13,224.5,4.66,9.7,8.82,No,10.56
,Rice,700.9,17.4,7.1,147.5,6.28,7.3,1.6,Yes,8.81
Loamy,Soybean,907.5,21.5,7.02,252.7,7.74,9.4,7.78,Yes,7.41
Peaty,Cotton,966.9,21.8,6.6,134.1,6.17,9.7,7.76,No,7.49
Clay,Wheat,888.1,22.5,7.54,148.0,3.85,5.1,1.9,Yes,8.54
Silty,Soybean,1078.8,22.3,7.11,252.8,9.81,9.7,3.88,Yes,8.5
Silty,Maize,648.5,15.0,5.28,181.1,6.55,7.7,4.94,Yes,9.89
Sandy,Cotton,1009.7,20.6,7.11,107.3,2.78,5.7,,No,6.31
Sandy,Wheat,664.4,20.8,5.9,231.6,5.0,9.3,1.34,No,7.43
Clay,Rice,977.3,32.6,5.02,149.2,3.37,8.5,3.75,Yes,8.4
Sandy,Cotton,893.4,22.8,5.27,198.7,3.25,6.2,0.45,No,5.5
Loamy,Maize,896.3,21.0,5.88,159.6,3.76,5.1,1.1,No,10.9
Loamy,Cotton,730.0,27.7,8.54,183.2,5.33,8.4,3.05,No,6.23
Clay,Soybean,1131.2,28.8,7.71,196.7,5.18,6.9,,No,7.2
Silty,Barley,1165.0,26.9,5.7,169.4,4.08,6.9,0.97,Yes,7.63
Peaty,Maize,724.4,17.3,6.79,229.8,9.14,5.8,43.06,Yes,10.79
Loamy,Barley,779.8,23.6,7.02,204.2,3.93,5.9,5.7,Yes,9.02
Sandy,Soybean,647.9,28.0,6.39,90.8,7.81,7.5,2.22,Yes,6.85
,Maize,931.6,26.3,6.94,51.7,5.51,8.9,1.52,Yes,10.23
Loamy,Barley,999.7,24.7,5.39,82.5,6.57,9.0,2.47,No,7.94
Loamy,Rice,864.4,22.4,6.06,157.8,4.93,6.2,2.92,Yes,9.24
Loamy,Barley,767.8,20.3,4.81,243.0,3.69,7.7,3.45,Yes,8.08
Peaty,Wheat,509.5,20.7,5.96,128.2,5.1,5.1,5.19,No,7.46
Silty,Wheat,771.7,21.6,6.32,120.4,5.55,7.6,16.85,Yes,8.82
,Maize,659.5,21.1,6.1,109.3,1.7,7.6,5.69,No,10.03
Silty,Soybean,1422.6,24.6,5.33,170.8,5.01,8.4,2.14,No,6.19
Clay,Rice,1243.7,23.7,5.76,172.6,,9.6,6.75,No,8.58
Clay,Wheat,1526.0,21.2,7.08,113.7,4.53,8.7,4.15,Yes,7.27
Loamy,Soybean,1021.4,28.4,7.02,128.9,4.75,6.5,8.77,Yes,8.63
Peaty,Rice,1020.7,17.2,6.06,137.5,5.18,9.8,13.25,Yes,9.73
Silty,Rice,1178.8,19.5,6.09,224.6,7.7,6.5,2.66,No,8.39
Sandy,Cotton,960.3,23.9,6.64,85.8,2.76,7.7,0.97,No,6.66
Sandy,Barley,636.7,19.7,5.65,215.6,5.08,9.6,5.56,Yes,7.88
Loamy,Rice,362.4,24.4,6.11,65.9,2.95,,9.15,No,9.21
Silty,Maize,931.7,23.3,7.92,133.6,2.89,8.9,2.6,Yes,10.36
Sandy,Wheat,792.1,27.6,6.73,213.2,3.12,8.8,2.27,Yes,7.75
Sandy,Cotton,653.5,34.7,6.85,278.0,5.68,9.5,2.57,No,5.19
Sandy,Barley,813.7,25.9,5.34,120.2,0.9,10.8,5.62,No,7.25
Loamy,Rice,775.1,29.8,6.55,116.1,4.16,8.9,1.56,Yes,10.19
Clay,Barley,917.8,15.2,6.63,239.5,4.82,8.4,3.57,No,7.1
Peaty,Barley,1063.9,19.9,6.4,,8.71,7.6,1.45,No,7.8
Clay,Maize,1136.4,26.3,7.54,,0.0,7.1,9.5,Yes,11.04
Clay,Rice,1347.5,,6.19,25.6,6.8,6.5,3.46,Yes,7.42
Peaty,Maize,798.1,16.6,5.58,201.3,9.41,6.9,1.9,Yes,10.84
Sandy,Maize,703.9,20.4,6.85,204.2,4.22,7.5,,No,9.93
Loamy,Barley,568.2,24.5,5.52,116.5,0.96,8.6,0.63,Yes,8.44
Peaty,Cotton,1189.7,20.1,5.37,130.9,4.97,8.9,4.23,Yes,7.55
,Maize,575.2,24.9,7.47,199.7,10.22,4.9,0.94,No,9.05
Silty,Barley,1050.5,21.7,,154.7,3.24,8.7,10.15,,8.36
Silty,Wheat,1150.8,25.7,6.85,158.4,0.81,6.3,0.85,Yes,8.85
Clay,Wheat,834.1,19.7,6.04,135.9,6.62,5.4,1.12,No,7.4
Peaty,Wheat,998.4,21.2,7.02,150.3,7.66,6.1,2.43,No,8.37
Silty,Cotton,878.5,23.1,5.52,122.2,2.97,8.9,2.35,No,6.67
Sandy,Rice,968.7,25.3,5.39,59.3,4.04,8.3,1.85,Yes,8.75
Silty,Maize,1004.0,33.5,6.06,251.4,4.96,7.1,5.45,Yes,10.6
Silty,Rice,689.8,21.1,5.82,156.1,2.32,10.0,5.85,Yes,9.49
Sandy,Barley,1053.7,23.1,5.39,147.5,4.15,6.6,1.43,No,7.24
Silty,Soybean,1044.9,30.2,6.35,82.8,8.41,8.6,,Yes,7.87
Loamy,Wheat,801.5,14.7,6.97,111.7,3.86,8.3,4.85,,7.62
Sandy,Wheat,878.4,22.4,,217.2,8.61,8.4,8.02,Yes,8.44
Clay,Barley,702.1,26.2,6.31,156.4,5.58,8.4,1.39,Yes,8.32
Silty,Rice,1314.6,20.5,5.44,251.0,,4.6,2.4,Yes,9.61
Silty,Rice,1120.3,26.5,6.19,68.8,3.82,8.7,3.93,No,8.44
Peaty,Maize,506.1,29.9,,151.0,4.6,5.9,19.06,Yes,9.83
Sandy,Barley,809.9,20.1,5.47,85.7,1.27,11.8,26.96,No,7.3
Silty,Wheat,1254.7,27.3,6.29,109.8,5.39,9.0,8.13,No,7.2
Peaty,Wheat,718.1,31.3,7.32,150.3,,6.4,,Yes,8.77
Sandy,Cotton,1286.7,18.3,6.59,124.5,7.93,11.2,1.07,No,5.58
Peaty,Rice,527.8,25.0,6.44,246.6,7.03,6.1,7.3,Yes,9.21
,Rice,856.7,25.7,7.64,227.3,3.48,12.0,1.57,Yes,9.26
Loamy,Barley,523.8,22.0,5.83,61.8,6.76,8.5,1.22,Yes,8.38
Peaty,Maize,1265.7,22.9,5.7,133.6,8.82,6.8,0.33,Yes,11.55
Loamy,Cotton,1137.2,31.0,6.96,67.6,4.56,8.0,,Yes,7.02
Peaty,Rice,1031.4,22.5,6.82,68.8,6.38,5.7,4.1,No,8.36
Silty,Soybean,480.8,28.6,7.26,,5.9,5.1,10.36,Yes,6.68
Clay,Soybean,436.3,32.3,6.32,228.6,2.68,6.3,11.05,No,6.69
Silty,Maize,1131.1,26.4,,181.9,5.67,5.6,2.63,No,11.22
Silty,Wheat,955.8,19.4,6.18,107.8,6.95,8.6,1.31,Yes,9.3
Peaty,Wheat,743.1,27.9,5.4,86.1,4.41,8.8,6.64,No,6.43
Sandy,Maize,1136.9,22.2,4.98,243.3,3.01,7.5,0.95,No,9.31
Peaty,Cotton,799.3,34.1,6.16,180.9,6.0,6.2,3.87,No,5.89
Loamy,Soybean,729.4,20.6,4.79,179.1,,7.6,0.9,,7.33
Peaty,Wheat,944.3,22.0,6.84,121.8,2.63,4.9,0.49,Yes,7.74
Loamy,Soybean,1085.6,27.3,5.41,274.0,7.34,9.2,6.98,No,6.76
Loamy,Maize,739.1,31.6,6.33,156.5,6.56,7.8,7.65,Yes,10.83
Peaty,Cotton,891.6,30.9,5.85,147.0,7.54,8.0,1.67,Yes,6.17
Peaty,Wheat,572.6,28.2,6.24,0.0,2.02,6.7,,Yes,6.94
Silty,Rice,1330.4,24.8,6.77,70.5,1.27,7.0,4.08,Yes,8.55
Sandy,,1162.1,26.2,,67.0,5.5,8.3,7.61,Yes,8.16
Silty,Soybean,578.3,30.2,6.64,158.9,4.24,9.3,9.21,No,7.13
Sandy,Soybean,934.9,21.2,6.69,85.5,0.0,8.0,7.46,Yes,8.5
Clay,Barley,789.6,30.6,7.87,129.7,5.53,8.9,2.1,Yes,7.9
Loamy,Soybean,801.0,,6.0,212.4,2.12,,5.93,Yes,8.29
Clay,Cotton,824.3,15.9,6.0,195.9,3.56,5.5,13.31,Yes,6.6
Peaty,Cotton,1060.6,25.4,6.07,76.8,7.14,7.0,2.72,Yes,6.58
Silty,Wheat,,23.9,6.47,145.8,4.51,8.9,3.03,No,8.0
Peaty,Maize,1065.6,26.7,5.67,92.2,0.82,8.3,3.28,Yes,11.08
Sandy,Cotton,1050.9,28.6,6.21,216.3,6.81,7.7,11.81,Yes,6.91
Peaty,Maize,607.6,15.5,6.29,157.0,2.43,5.0,6.56,Yes,10.09
Clay,Barley,1099.1,21.4,6.92,150.9,1.98,9.7,9.39,,8.57
Clay,Soybean,1329.3,18.5,6.11,133.5,5.11,9.1,2.68,No,6.43
,Cotton,856.1,24.0,6.68,220.8,5.93,8.1,1.55,Yes,8.42
Clay,Rice,1189.8,30.5,6.36,212.5,1.58,5.2,22.34,No,8.24
Loamy,Maize,628.6,31.1,6.26,154.9,8.71,7.5,2.63,Yes,11.0
Silty,Soybean,869.0,12.9,6.48,183.7,5.54,6.6,6.74,Yes,7.93
Loamy,Maize,1231.2,34.5,7.54,188.1,4.41,8.9,4.45,No,9.82
Sandy,Maize,973.5,20.7,6.11,189.9,3.48,4.3,2.08,No,9.39
Sandy,Rice,891.8,26.6,,92.2,8.14,8.9,5.01,No,8.6
Clay,Rice,1024.9,26.1,5.97,50.5,4.85,10.3,7.99,No,8.08
,Rice,1102.6,25.2,7.68,154.9,4.31,7.0,1.4,Yes,9.03
Silty,Rice,1431.8,18.6,6.56,161.9,7.69,8.2,1.96,No,8.88
Loamy,Cotton,906.5,30.1,6.45,53.6,7.27,8.0,1.88,No,6.81
Sandy,Soybean,1054.0,33.6,,140.2,3.69,8.3,2.93,No,5.58
Loamy,Maize,,13.4,6.24,216.0,5.54,11.2,1.55,Yes,11.77
Silty,Soybean,969.6,21.7,6.38,,3.53,6.2,5.58,No,7.3
Peaty,Soybean,1077.9,37.1,6.7,110.9,2.52,7.3,0.64,Yes,7.09
Clay,Soybean,1104.2,19.7,5.18,110.3,6.18,10.4,1.05,No,6.17
Loamy,Soybean,989.6,19.2,7.31,,6.18,9.8,11.73,Yes,8.99
Sandy,Maize,934.4,24.7,7.57,173.8,3.69,7.0,3.49,Yes,11.09
Peaty,Cotton,1107.6,24.7,7.88,153.8,9.55,5.8,2.15,No,5.6
Sandy,Rice,874.6,24.8,6.43,73.1,3.33,6.4,2.41,No,7.14
Peaty,Barley,1196.5,19.9,7.32,163.9,5.98,11.5,1.42,No,8.04
Clay,Cotton,1019.5,31.8,8.54,125.4,0.0,4.4,9.14,Yes,5.58
Sandy,Wheat,1040.1,15.6,5.25,152.5,9.29,,,No,6.75
Silty,Barley,766.2,17.2,7.46,214.7,8.48,7.8,3.65,Yes,8.81
Peaty,Maize,1213.4,25.4,6.76,139.6,4.65,8.5,2.34,Yes,12.05
Sandy,Barley,917.9,32.9,7.31,54.5,6.96,7.1,6.73,No,5.22
Sandy,Maize,1072.8,14.0,5.73,153.9,2.58,5.8,2.02,Yes,10.43
Silty,Cotton,921.7,25.0,6.11,67.5,6.82,6.0,4.68,Yes,7.27
Silty,Soybean,659.0,26.2,7.42,65.1,3.91,9.4,2.44,No,6.15
Loamy,Rice,1163.2,26.1,5.59,212.8,4.88,7.9,6.95,Yes,10.52
Silty,Rice,1033.5,23.3,5.63,35.3,6.72,6.8,,Yes,8.58
Sandy,Wheat,1230.3,26.1,6.21,121.2,1.32,10.4,3.4,No,7.59
Clay,Rice,1155.8,18.8,5.69,161.8,5.76,8.4,0.35,Yes,9.48
Sandy,Rice,983.6,28.3,6.47,120.4,7.32,7.6,1.31,Yes,9.64
Loamy,Cotton,727.3,12.0,6.47,172.6,5.7,6.2,1.05,Yes,7.39
Peaty,Barley,1321.6,28.6,6.07,121.5,5.97,5.9,7.61,Yes,8.26
Sandy,Rice,1020.1,16.7,7.21,138.2,2.05,6.4,1.5,No,7.93
Loamy,Rice,1074.7,19.2,5.87,174.7,0.82,8.6,2.71,No,9.53
Clay,Soybean,1228.7,29.7,4.71,119.7,0.0,5.9,1.59,Yes,6.32
Silty,Cotton,1177.7,33.2,6.52,220.9,4.66,7.4,1.09,Yes,7.43
Loamy,Wheat,1245.7,31.0,6.69,174.4,6.58,6.1,1.08,Yes,9.25
Silty,Barley,,,6.45,136.6,,4.4,1.23,Yes,8.5
Loamy,Soybean,1080.7,16.5,7.2,160.3,2.19,9.0,5.78,Yes,8.61
Peaty,Soybean,979.4,21.8,7.0,172.2,4.28,6.1,3.12,No,7.92
Loamy,,1164.9,13.2,6.84,122.9,3.13,6.9,5.97,Yes,9.13
Sandy,Barley,981.2,22.0,6.13,4.6,7.74,7.1,,Yes,6.54
Loamy,Maize,1403.6,20.4,,160.2,1.34,7.1,1.83,No,11.09
Peaty,Rice,838.3,24.8,8.8,85.6,7.14,8.7,2.83,Yes,8.06
Silty,Barley,1207.4,20.4,7.99,103.3,3.38,9.2,2.18,Yes,8.9
Sandy,Cotton,989.9,29.0,6.6,124.6,8.05,7.5,2.46,Yes,6.04
Peaty,Soybean,1141.3,19.9,5.98,196.4,8.28,6.5,2.87,No,7.17
Loamy,Maize,580.3,17.7,,167.7,3.01,7.3,2.82,Yes,11.52
Sandy,Soybean,633.1,22.4,7.43,158.9,6.95,9.0,2.25,Yes,7.75
Silty,Cotton,699.5,19.1,7.44,166.7,6.25,5.2,13.6,No,6.64
Sandy,Barley,968.1,30.0,,61.2,5.66,5.1,3.37,No,6.47
Loamy,Wheat,856.0,28.9,6.55,245.0,3.0,7.7,2.39,Yes,8.86
Silty,Barley,548.4,21.5,6.02,259.8,6.29,5.6,4.76,Yes,9.34
Sandy,Cotton,1158.1,25.7,6.24,77.4,6.43,5.8,1.37,Yes,6.44
Sandy,Cotton,454.6,27.5,5.83,148.0,5.54,6.8,2.4,No,5.58
Clay,Soybean,813.7,18.4,6.87,209.8,5.92,5.7,2.15,No,6.85
Clay,Soybean,934.0,20.9,,175.5,4.01,9.1,0.69,Yes,8.24
Loamy,Cotton,1218.9,33.9,6.59,130.1,7.6,7.7,6.59,Yes,7.4
Loamy,Soybean,682.3,26.5,6.09,116.3,3.92,6.3,0.95,Yes,8.4
Clay,Barley,979.8,26.2,7.52,96.4,,8.5,0.88,No,7.09
Sandy,Cotton,796.7,29.9,5.35,165.5,6.54,8.0,1.94,No,5.65
Loamy,Wheat,1028.1,21.1,6.78,,5.48,4.7,2.13,No,7.97
Clay,Rice,814.9,22.7,,186.7,5.29,7.5,1.46,Yes,10.09
Loamy,Wheat,803.4,16.8,7.03,154.0,4.92,7.5,6.59,Yes,9.88
Sandy,Barley,582.2,27.4,5.24,0.0,5.59,7.3,9.52,No,4.99
Peaty,Rice,1079.0,21.8,7.05,174.0,5.43,9.2,1.76,No,9.4
,Cotton,605.1,22.6,5.96,113.6,6.58,7.6,6.65,Yes,7.36
Loamy,Barley,851.2,17.6,7.8,159.7,2.69,7.5,3.33,Yes,8.69
Silty,Cotton,780.2,30.1,7.72,229.8,5.21,6.5,6.3,Yes,6.75
Loamy,Wheat,823.2,24.6,5.84,251.6,6.66,,2.06,Yes,9.52
Sandy,Maize,1236.4,32.8,5.06,181.0,6.31,5.4,17.97,Yes,9.83
Clay,Barley,559.4,24.6,5.73,200.3,1.45,10.0,8.68,,7.55
Sandy,Rice,1274.0,31.3,5.71,264.9,6.71,6.3,4.75,Yes,8.18
Clay,Rice,898.2,26.9,6.45,,6.06,7.8,1.19,Yes,7.86
Silty,Cotton,494.2,29.2,6.97,122.9,4.35,5.3,1.99,Yes,7.55
Loamy,Barley,,30.8,5.74,164.4,2.87,6.9,1.69,No,7.1
Loamy,Soybean,953.5,31.1,6.5,143.4,8.35,7.1,13.03,Yes,8.43
Sandy,Wheat,1132.7,24.2,6.08,148.1,7.45,10.6,4.76,No,7.88
Sandy,Maize,1384.2,31.2,7.07,74.8,7.89,9.8,2.31,No,9.1
Loamy,Maize,618.3,23.7,5.47,129.2,7.43,7.9,6.89,Yes,11.48
Peaty,Barley,1405.0,21.6,6.27,13.0,7.61,5.1,10.31,Yes,7.21
Sandy,Wheat,788.4,19.5,7.22,163.5,5.98,8.1,8.64,No,7.32
Loamy,Soybean,631.4,29.9,6.95,210.0,0.29,10.3,1.74,No,6.81
Clay,Cotton,1197.5,19.8,6.28,247.2,8.5,6.7,1.43,Yes,6.87
Peaty,Barley,856.6,28.1,7.14,241.2,7.32,7.2,0.6,No,7.89
Loamy,Cotton,1113.0,17.8,6.33,218.3,3.08,8.6,0.72,No,7.61
Loamy,Wheat,1195.9,17.5,6.39,260.3,8.11,8.0,0.82,Yes,8.89
Peaty,Barley,1048.9,24.9,6.72,76.1,,11.0,1.39,Yes,8.43
Silty,Cotton,1014.0,23.8,6.32,161.2,2.49,7.5,10.89,No,7.51
Loamy,Rice,925.0,22.4,5.22,210.3,4.95,8.1,8.66,Yes,10.36
Silty,Rice,1097.6,20.5,6.72,153.3,8.91,6.1,2.04,Yes,9.44
Sandy,Maize,1273.0,33.9,7.7,221.0,0.58,,12.99,No,9.17
Peaty,Maize,1077.3,25.9,6.34,145.5,5.25,9.0,3.14,Yes,10.46
Sandy,Rice,983.8,27.1,6.08,57.8,5.37,9.8,3.19,Yes,8.93
Clay,Barley,1067.5,28.5,6.29,91.4,2.78,7.0,14.14,No,7.85
Sandy,Barley,876.9,23.7,5.83,133.5,4.23,7.7,5.95,No,6.79
Silty,Soybean,1079.9,23.3,7.02,230.3,3.33,9.3,3.26,No,8.28
Sandy,Cotton,695.9,26.5,7.67,130.1,0.97,6.5,7.63,Yes,6.21
Silty,Barley,1004.8,28.4,5.32,282.0,7.81,6.1,3.98,No,7.06
Silty,Soybean,385.9,16.8,6.74,160.0,2.44,7.4,2.78,No,7.42
Loamy,Barley,722.2,24.7,6.47,155.2,4.99,9.7,1.17,Yes,8.62
Sandy,Barley,1091.5,16.8,7.4,88.3,,6.9,4.05,Yes,7.28
,Maize,1071.7,17.1,7.19,95.0,1.71,7.5,3.83,Yes,10.69
Loamy,Soybean,1475.7,28.5,7.49,127.6,6.51,10.8,5.94,Yes,8.21
Sandy,Maize,753.8,18.5,6.7,195.3,0.47,5.4,0.8,No,9.32
Loamy,Soybean,740.1,19.7,4.58,203.4,6.5,8.9,1.2,No,6.7
Sandy,Wheat,734.8,17.7,6.72,152.3,4.07,6.9,1.5,Yes,8.49
Silty,Barley,965.0,23.4,5.88,169.4,4.45,6.6,4.05,Yes,8.27
Sandy,Rice,579.4,36.0,7.09,177.4,9.09,7.1,19.63,Yes,7.8
Sandy,Rice,934.2,,5.7,155.3,,6.5,3.39,Yes,8.97
Silty,Barley,473.1,28.0,,160.0,8.22,6.2,3.76,No,7.28
Silty,Soybean,1085.5,17.8,6.83,124.1,7.17,9.4,4.93,Yes,7.61
Sandy,Cotton,812.9,17.0,,137.6,8.02,6.1,2.47,Yes,6.39
Peaty,Soybean,,19.9,7.38,16.5,6.82,9.8,8.95,Yes,7.68
Loamy,Wheat,881.7,22.5,,172.2,4.17,8.7,2.56,Yes,9.51
Clay,Cotton,865.8,16.4,6.42,75.5,7.39,10.5,8.41,Yes,6.76
Loamy,Wheat,859.1,28.2,7.97,153.9,6.83,6.8,5.38,Yes,8.52
Loamy,Barley,779.2,18.1,7.73,124.4,8.61,7.1,4.92,No,7.7
Silty,Barley,803.7,23.2,6.51,81.5,5.77,7.3,1.54,No,7.76
Silty,Maize,757.0,30.2,6.26,,3.85,4.8,8.71,Yes,10.41
Loamy,Wheat,1078.3,20.8,7.31,117.1,7.83,7.0,1.78,No,7.91
Clay,Maize,691.2,32.2,6.36,123.0,3.7,3.6,1.4,Yes,9.81
Peaty,Soybean,,34.3,6.58,205.4,8.8,5.6,5.78,No,5.58
Silty,Rice,898.4,24.8,6.02,,3.77,8.2,9.63,Yes,10.04
Peaty,Cotton,909.1,24.5,5.45,153.3,2.67,8.4,5.56,No,6.64
Loamy,Wheat,593.0,28.5,6.36,114.9,5.27,7.0,5.85,No,8.04
Loamy,Wheat,725.7,24.7,6.4,,6.32,7.4,10.56,Yes,9.4
Sandy,Cotton,1093.4,24.3,6.61,143.5,4.18,6.6,,No,5.85
,Maize,796.4,21.0,4.47,226.2,5.54,6.7,42.56,Yes,10.74
Sandy,Soybean,1029.2,20.3,6.4,176.8,8.01,6.1,1.17,No,6.98
Silty,Maize,565.8,23.5,4.97,124.1,5.51,7.9,0.62,Yes,10.11
Silty,Wheat,733.5,14.7,5.2,179.6,8.07,6.2,1.78,Yes,8.22
Peaty,Barley,725.4,17.0,7.17,165.6,3.02,8.6,4.66,No,8.22
Clay,Wheat,574.3,19.8,5.66,164.2,5.28,9.1,2.97,Yes,8.99
Peaty,Wheat,885.3,18.5,7.5,112.4,6.22,7.1,1.46,Yes,8.72
Loamy,Cotton,372.9,23.0,5.5,230.3,,8.8,0.64,Yes,7.92
Clay,Maize,1163.7,21.2,6.83,136.9,4.92,6.7,1.25,No,10.18
Peaty,Maize,859.1,31.3,6.08,186.5,3.53,7.9,,,11.43
Peaty,Cotton,1599.3,24.4,6.25,106.3,6.27,7.0,2.37,No,5.94
Sandy,Soybean,1431.4,26.3,6.33,192.1,3.45,4.9,1.12,Yes,7.02
Sandy,,667.4,11.7,6.47,126.8,3.17,6.5,0.92,Yes,9.22
Sandy,Soybean,1058.6,28.9,5.73,191.3,7.93,8.5,3.25,Yes,7.44
Sandy,Barley,830.8,18.8,7.68,143.1,7.42,8.6,1.36,No,6.97
Peaty,Soybean,749.4,27.1,7.14,149.9,9.29,5.5,3.19,No,5.71
Clay,Maize,511.0,30.1,7.82,141.3,7.96,7.8,3.35,Yes,9.82
Sandy,Soybean,907.3,21.9,6.89,97.7,5.28,4.9,9.72,Yes,7.26
Silty,Barley,1307.8,12.6,7.3,123.6,0.91,8.1,7.41,Yes,7.52
Clay,Wheat,1137.2,29.0,5.1,169.1,3.4,6.9,12.03,No,6.68
Clay,Cotton,1031.8,21.2,5.79,190.0,1.32,5.6,7.61,No,6.97
Sandy,Soybean,884.8,32.3,5.24,261.8,2.56,6.1,1.55,No,5.48
Peaty,Wheat,568.4,33.2,6.99,0.0,,7.8,3.47,Yes,5.88
Clay,Soybean,716.1,30.7,7.67,39.4,15.07,9.0,0.75,Yes,5.13
Peaty,Soybean,1187.6,22.5,6.28,82.6,5.87,7.3,5.13,No,7.75
Sandy,Soybean,,,6.77,,0.9,6.5,1.48,Yes,5.86
Sandy,Cotton,808.0,28.2,6.4,237.9,3.52,4.8,1.09,Yes,7.0
Sandy,Barley,991.1,26.1,7.01,199.3,2.59,7.5,1.58,Yes,8.0
Sandy,Rice,826.1,27.9,6.75,140.9,12.54,6.3,4.53,Yes,9.67
Loamy,Barley,850.3,24.3,6.96,97.0,4.25,4.6,0.89,Yes,7.99
Sandy,Wheat,1106.1,19.2,7.07,128.1,2.76,9.4,4.88,Yes,8.08
,Barley,903.0,24.7,5.16,56.1,4.48,7.6,0.54,Yes,6.96
Peaty,Maize,686.4,19.4,6.13,,5.65,5.0,2.76,No,10.59
Silty,Cotton,1009.8,21.5,7.12,169.3,4.67,7.7,2.45,Yes,7.43
Peaty,Cotton,927.4,21.4,7.21,69.9,5.4,7.6,0.45,No,7.0
Silty,Wheat,817.5,28.8,5.8,257.5,5.18,8.7,6.06,Yes,8.31
Loamy,Rice,1207.2,31.7,6.85,183.4,11.55,8.9,3.37,No,9.24
Clay,Soybean,456.6,25.8,6.4,166.1,3.24,7.1,1.09,Yes,8.36
Sandy,Soybean,1182.9,22.7,5.54,,6.62,6.4,24.24,No,6.2
Sandy,Maize,1076.7,23.1,5.76,0.0,4.14,6.5,2.91,No,9.18
,Wheat,849.7,27.4,8.61,154.8,6.41,6.0,2.12,No,5.98
Peaty,Cotton,1030.2,20.6,6.67,71.2,8.97,7.9,5.6,Yes,7.15
Clay,Wheat,918.8,18.7,6.65,,5.5,7.7,15.0,No,8.67
Peaty,Rice,1315.5,27.0,5.87,170.0,5.14,6.2,4.64,Yes,10.14
Loamy,Maize,903.3,23.6,7.16,206.1,4.82,7.2,0.76,No,10.92
Clay,Cotton,1234.9,23.6,6.57,119.3,,6.9,1.95,No,5.97
Loamy,Maize,1127.0,24.0,6.51,196.8,3.81,8.8,0.45,Yes,10.99
Sandy,Rice,853.3,22.2,6.1,154.9,7.93,7.1,1.6,No,8.16
Sandy,Rice,814.0,26.8,4.97,110.1,6.54,6.2,2.78,Yes,8.77
Sandy,Rice,822.0,22.5,5.09,216.9,7.55,8.0,18.05,Yes,9.18
Clay,Barley,715.2,24.6,5.52,154.0,5.11,6.9,3.16,Yes,8.35
Silty,Wheat,431.6,17.4,5.82,112.2,,6.8,1.88,No,7.42
Peaty,Soybean,,27.9,5.48,203.6,11.56,5.8,0.75,No,6.62
Clay,Wheat,1001.3,20.7,4.98,182.3,9.55,7.4,1.46,Yes,8.03
Loamy,Rice,892.7,21.1,6.37,182.5,4.68,8.9,3.88,No,9.93
Peaty,Rice,925.8,,5.22,273.8,7.32,5.5,6.28,Yes,9.23
Peaty,Barley,1108.3,23.3,5.52,120.5,4.16,7.0,1.6,Yes,8.1
Clay,Wheat,805.6,,5.38,263.2,4.75,,1.78,No,6.29
Loamy,Barley,1025.5,19.7,7.42,194.5,5.12,8.9,1.5,No,9.03
Peaty,Wheat,780.1,29.1,6.35,143.1,6.81,5.2,2.09,Yes,8.59
Silty,Maize,1094.8,22.7,5.7,61.1,4.7,7.2,2.55,No,10.44
Loamy,Maize,1446.5,21.9,7.85,41.8,2.21,8.7,37.4,Yes,10.87
Loamy,Wheat,1126.5,,5.17,149.2,1.98,10.6,,Yes,9.27
Silty,Barley,617.3,24.9,7.51,194.1,4.67,7.1,8.91,Yes,8.68
Silty,Cotton,864.0,22.2,6.34,159.6,0.0,6.9,1.11,No,6.44
Silty,Cotton,808.4,25.5,7.02,94.5,5.95,8.6,3.03,No,6.6
Loamy,Rice,809.3,26.0,8.05,104.7,7.61,9.6,6.1,Yes,9.63
Loamy,Cotton,369.6,25.9,5.45,174.7,0.0,7.5,6.51,No,6.52
Silty,Rice,901.8,24.2,7.05,199.5,7.25,10.2,2.86,No,9.11
Loamy,Soybean,1015.4,29.7,6.35,,3.94,9.3,3.19,No,7.1
Silty,Wheat,736.8,27.1,6.93,139.4,7.19,9.5,5.29,Yes,8.61
Silty,Wheat,692.2,29.0,5.99,208.3,5.81,7.4,10.25,Yes,9.21
Clay,Maize,910.9,22.9,6.4,141.9,3.8,6.1,,Yes,11.1
Sandy,Maize,1071.4,18.0,,126.5,6.33,6.6,0.38,Yes,10.25
Silty,Barley,705.0,23.8,6.19,161.0,6.1,7.9,2.15,Yes,8.36
Loamy,Maize,809.9,21.2,7.11,19.5,5.43,10.8,2.28,No,10.39
Clay,Rice,668.8,28.0,6.45,89.4,,9.6,5.78,Yes,9.32
Loamy,Maize,1141.1,21.4,6.35,173.2,3.43,7.7,3.78,Yes,12.06
Sandy,Rice,998.5,31.6,5.76,135.1,5.79,7.4,3.29,Yes,8.75
Sandy,Cotton,1226.7,30.3,6.8,122.2,5.67,12.0,4.62,Yes,7.37
Sandy,Maize,1054.0,27.7,6.43,155.1,4.3,6.9,2.28,No,9.24
Clay,Soybean,925.1,27.8,6.6,181.1,6.74,6.2,0.76,Yes,7.71
Clay,Rice,570.9,33.6,7.36,193.7,3.38,6.3,5.25,No,7.81
Loamy,Barley,698.5,28.3,6.18,,6.46,8.3,1.66,Yes,9.33
Loamy,Soybean,644.7,20.3,6.63,78.6,6.8,7.0,3.35,Yes,8.65
Sandy,Soybean,753.3,23.7,6.13,175.3,7.47,7.8,3.71,Yes,6.94
Silty,Rice,669.5,24.2,5.58,,10.43,8.0,5.92,Yes,9.45
Sandy,Wheat,1189.6,26.0,6.26,146.7,6.81,7.4,0.54,No,8.25
Clay,Maize,1005.3,23.6,4.71,244.8,3.94,8.3,2.03,No,10.03
,Wheat,898.6,32.7,6.17,211.3,6.99,7.6,1.4,Yes,7.97
Peaty,Soybean,1248.9,17.2,6.43,189.5,8.46,8.9,7.68,Yes,8.56
Clay,Wheat,732.5,27.1,5.24,164.1,4.16,5.4,4.92,No,6.58
Clay,Soybean,709.5,36.1,6.72,154.8,5.84,9.7,1.79,Yes,7.1
Sandy,,487.9,19.9,4.49,146.9,8.53,6.8,2.15,No,5.25
Silty,Rice,1023.0,16.3,6.87,121.7,0.0,8.7,2.49,No,8.48
Peaty,Wheat,732.4,12.9,6.4,168.8,6.76,5.2,4.74,Yes,8.09
Clay,Maize,1203.3,29.4,5.62,51.0,6.22,8.1,10.04,No,9.98
Sandy,Cotton,885.8,32.5,6.58,223.6,4.34,6.0,1.98,Yes,6.58
Sandy,Maize,606.8,26.2,5.58,74.2,3.23,6.3,9.67,Yes,9.79
Peaty,Wheat,905.2,17.4,5.52,70.4,6.18,6.8,7.76,Yes,7.73
Peaty,Maize,606.1,20.5,5.76,109.7,6.89,9.1,3.11,No,9.72
Peaty,Wheat,974.1,19.6,5.86,100.9,8.08,6.4,4.66,No,7.71
Loamy,Cotton,301.0,25.0,7.41,194.7,,6.4,6.01,No,6.77
Peaty,Soybean,1217.4,24.9,5.44,174.6,4.0,8.0,2.07,Yes,8.27
Loamy,Barley,1182.1,,5.85,165.0,5.28,8.8,15.39,Yes,9.46
Loamy,Cotton,738.2,25.7,6.85,149.8,2.54,9.9,6.55,No,7.01
Silty,Cotton,313.0,13.3,5.84,142.4,6.09,8.9,14.48,Yes,7.19
Peaty,Barley,786.8,14.9,6.71,213.5,3.88,8.5,3.87,No,7.61
Loamy,Soybean,649.6,17.5,7.13,137.0,3.52,8.6,6.53,Yes,9.42
Peaty,Soybean,1003.2,21.6,7.01,130.1,10.68,,,No,6.25
Loamy,Cotton,1107.7,,4.71,94.1,6.12,3.3,0.66,Yes,5.8
Peaty,Rice,740.9,14.7,5.51,241.1,8.14,7.6,3.77,No,7.75
Loamy,Cotton,1011.3,23.8,6.37,78.4,,10.1,1.77,No,8.04
Peaty,Cotton,1255.4,23.4,6.35,110.8,8.37,7.0,7.41,No,6.09
Peaty,Rice,1300.3,19.8,5.02,112.3,4.26,6.6,4.86,Yes,7.72
Peaty,Wheat,914.1,29.2,7.09,170.2,7.1,8.0,3.28,No,7.63
Sandy,Barley,680.1,27.5,7.41,214.5,11.91,7.4,0.37,No,7.25
Clay,Soybean,1004.8,28.3,7.35,101.7,1.21,8.2,5.61,No,6.21
Clay,Cotton,713.6,28.7,6.1,210.0,4.96,5.2,2.32,No,6.67
Loamy,Wheat,1348.9,12.8,7.69,82.4,0.0,8.4,7.88,No,7.49
Sandy,Rice,1257.9,26.5,7.59,121.3,4.36,6.5,4.25,No,7.19
,Cotton,1051.1,26.2,6.71,189.2,1.26,8.9,4.33,Yes,7.27
Peaty,Soybean,772.4,27.7,7.57,,6.86,9.6,0.57,Yes,6.9
Peaty,Wheat,580.9,17.9,7.66,153.6,4.79,6.2,2.89,Yes,8.29
Clay,Rice,930.8,24.6,6.12,164.1,3.4,10.2,8.95,Yes,9.58
Peaty,Soybean,979.7,23.3,6.39,181.2,2.71,7.3,7.1,No,7.91
Peaty,Wheat,634.1,19.3,6.32,217.4,6.42,7.8,3.19,No,8.3
Sandy,Barley,1314.7,26.9,6.33,134.7,8.23,5.4,4.33,Yes,6.79
Loamy,Maize,676.0,25.7,5.96,88.5,8.69,8.2,4.03,Yes,11.44
Sandy,Rice,1181.4,26.0,5.45,101.7,5.67,8.2,1.23,Yes,9.66
Clay,Soybean,509.9,27.0,5.83,215.8,0.74,7.7,5.57,Yes,7.83
Loamy,Wheat,1045.1,26.6,5.71,207.8,6.89,10.6,2.67,No,8.43
Silty,Barley,827.7,33.7,7.9,142.3,6.34,7.8,11.61,Yes,7.41
Loamy,Wheat,,30.7,6.72,134.8,3.3,7.3,10.98,No,7.94
Silty,Soybean,884.1,33.6,5.14,7.8,4.97,7.4,16.72,Yes,6.67
Silty,Wheat,837.4,20.8,5.26,184.4,5.07,10.9,1.27,Yes,7.56
Silty,Maize,952.3,25.2,5.77,,3.37,7.1,3.37,Yes,11.53
Sandy,Wheat,536.5,26.1,5.93,85.9,3.73,7.2,1.86,No,7.2
Silty,Rice,533.2,26.6,7.16,124.2,8.22,8.1,0.45,No,8.09
,Maize,827.1,21.8,5.52,216.4,7.51,7.3,3.47,Yes,10.7
Sandy,Maize,1137.4,23.1,6.58,164.2,3.94,9.8,18.25,No,9.83
Loamy,Cotton,569.7,20.4,6.88,227.6,6.38,8.0,12.35,Yes,7.49
Sandy,Cotton,1255.5,28.8,,192.5,6.04,,2.76,No,5.61
Sandy,Cotton,1018.4,11.1,7.18,184.3,5.2,5.3,2.29,Yes,5.72
Clay,Cotton,890.5,22.7,6.78,26.0,4.1,7.1,13.36,No,5.9
Clay,Maize,651.1,21.0,6.58,257.6,6.09,6.2,4.85,No,10.19
Sandy,Rice,1244.8,24.5,6.89,45.5,7.38,5.5,1.37,No,8.16
Sandy,Barley,762.1,26.8,5.52,100.1,3.61,5.9,0.78,Yes,6.27
Sandy,Wheat,741.2,28.5,8.12,107.8,4.6,4.5,19.67,Yes,6.62
Peaty,Rice,968.0,18.3,5.67,115.5,5.99,8.6,4.29,Yes,9.28
Sandy,Rice,1022.9,,6.5,228.3,3.12,7.6,2.74,Yes,8.9
Peaty,Maize,1130.6,22.1,7.2,140.1,5.64,7.8,1.22,No,10.83
Clay,Wheat,918.3,17.4,6.29,163.2,0.0,7.1,14.8,Yes,8.89
Sandy,Wheat,1065.4,27.7,6.33,173.6,6.88,7.0,,Yes,8.54
Clay,Barley,1121.0,22.9,5.06,174.1,8.43,4.7,6.03,No,6.31
Clay,Barley,842.7,21.4,7.29,82.8,4.72,6.2,3.38,No,6.44
Peaty,,1004.2,26.8,5.21,121.1,7.81,9.2,6.43,Yes,7.89
Sandy,Wheat,,24.3,5.44,211.1,0.95,7.5,1.75,Yes,8.12
Clay,Soybean,954.0,30.1,8.26,204.2,5.72,8.7,1.05,No,5.62
Sandy,Cotton,1339.7,22.7,6.27,167.7,4.08,8.6,1.53,Yes,6.74
Sandy,Rice,773.5,31.7,6.15,124.1,4.98,11.6,,Yes,8.7
Loamy,Wheat,1097.6,20.5,,0.0,2.03,8.1,0.8,Yes,7.34
Sandy,Wheat,1181.7,29.4,5.77,230.9,7.72,6.6,1.43,No,6.77
Sandy,Barley,1298.1,27.5,5.22,140.4,6.79,7.5,6.73,No,6.46
Loamy,Rice,688.4,26.8,6.95,186.5,8.34,5.8,0.42,Yes,9.66
Loamy,Soybean,1082.8,26.3,7.67,207.0,5.64,7.2,5.5,No,7.25
Peaty,Cotton,,32.7,6.1,105.3,8.55,8.2,3.44,Yes,6.62
Loamy,Wheat,485.2,23.3,7.62,139.9,1.67,3.3,14.05,Yes,8.66
Loamy,Wheat,745.4,18.1,7.03,146.8,6.78,6.8,1.75,No,9.23
Peaty,Maize,1264.6,23.4,4.76,,4.41,,5.48,Yes,10.58
Sandy,Barley,865.2,18.3,6.03,205.7,4.3,5.0,3.59,No,6.72
Sandy,Soybean,926.6,22.3,6.27,116.3,6.22,6.8,1.56,Yes,7.61
Peaty,Wheat,1423.9,28.3,,55.9,8.08,7.3,8.54,Yes,8.22
Loamy,Rice,887.2,18.3,7.36,,4.22,5.3,1.2,,9.42
Peaty,Barley,754.4,29.5,5.6,132.1,4.76,6.8,3.87,Yes,6.88
Loamy,Soybean,364.8,28.2,6.24,0.0,3.89,6.6,1.8,Yes,6.26
,Soybean,1166.4,16.8,6.27,160.6,,6.8,4.96,No,7.85
Sandy,Soybean,1082.0,25.0,5.5,155.0,7.41,6.9,2.86,Yes,7.94
Loamy,Rice,728.5,28.0,6.37,146.7,2.11,5.5,2.51,No,8.97
Clay,Rice,593.2,20.9,6.89,94.4,5.37,5.7,1.88,No,7.81
Silty,Maize,1064.3,33.5,6.26,98.3,8.05,8.4,11.18,Yes,10.35
,Wheat,,25.8,5.67,172.9,9.4,10.0,0.29,Yes,8.33
Peaty,Wheat,290.1,16.4,6.68,157.1,6.78,8.4,1.97,No,6.88
Loamy,Cotton,846.5,22.8,6.07,113.2,6.34,4.9,33.8,Yes,7.61
Sandy,Barley,1109.4,22.2,7.12,203.0,4.48,5.9,3.54,No,6.29
Silty,Maize,685.0,23.5,,211.5,6.05,7.5,3.44,Yes,11.83
,Rice,857.9,30.5,6.04,126.1,6.01,7.7,3.18,No,7.51
Clay,Maize,1019.5,22.3,7.44,59.8,2.94,5.8,0.71,No,9.65
Sandy,Barley,,18.1,6.8,175.1,5.98,7.9,5.84,No,7.04
Peaty,Wheat,811.4,25.3,7.01,143.5,1.67,8.5,2.03,Yes,10.01
Clay,Soybean,686.9,13.5,6.28,36.3,2.55,6.7,2.84,No,6.05
Loamy,Cotton,972.8,24.2,6.45,201.3,5.13,6.0,22.42,No,6.66
Clay,Rice,894.6,21.1,7.52,,9.06,6.8,,No,8.5
Clay,Soybean,972.9,13.8,7.14,312.1,3.0,7.6,15.83,Yes,7.15
Silty,Barley,540.3,23.4,,155.2,0.35,9.2,4.61,No,7.98
Sandy,Cotton,1088.0,27.3,6.23,75.0,7.29,7.1,12.24,Yes,6.84
Sandy,Soybean,857.8,30.8,7.87,187.3,2.43,7.4,,No,6.65
Peaty,Barley,967.9,,8.22,,4.66,,6.14,Yes,8.49
Peaty,Cotton,1165.6,19.4,6.58,198.9,8.16,9.1,0.6,Yes,7.72
Silty,Wheat,1120.8,18.6,5.12,118.2,5.22,7.4,0.32,No,7.36
Silty,Barley,860.6,26.1,5.78,174.8,3.71,9.5,8.4,Yes,7.37
Sandy,Wheat,1213.6,12.9,6.57,114.9,5.45,7.6,2.3,Yes,7.89
Peaty,Barley,893.5,23.8,6.68,145.0,5.59,9.3,0.83,Yes,8.42
Sandy,Cotton,952.1,25.4,7.4,264.2,0.63,7.4,2.28,Yes,6.79
Loamy,Soybean,1009.8,23.3,6.55,176.9,4.3,8.1,3.06,No,8.52
Clay,Soybean,435.4,16.8,6.07,133.0,0.3,7.1,6.81,Yes,7.7
Peaty,Maize,346.8,15.2,6.34,228.9,6.9,7.3,1.47,No,9.41
Peaty,Maize,972.9,17.3,6.58,115.1,6.75,7.0,7.43,Yes,11.0
Sandy,,,18.8,7.49,32.4,4.3,6.3,1.02,Yes,6.93
Clay,Barley,669.4,20.7,5.24,81.2,5.87,7.1,,Yes,7.61
Sandy,Wheat,734.3,25.1,6.22,153.5,4.86,8.8,4.05,Yes,8.49
Peaty,Barley,767.7,14.8,6.33,217.9,4.24,5.5,5.33,Yes,7.68
Sandy,Maize,693.1,37.0,7.01,200.6,6.46,7.6,3.29,Yes,9.0
Clay,Soybean,760.2,20.2,5.91,207.2,8.58,8.3,1.76,Yes,8.32
Loamy,Cotton,682.7,22.0,6.16,165.2,6.11,9.4,,No,7.77
Sandy,Soybean,,25.4,5.78,121.3,,8.7,5.63,No,7.16
Clay,Rice,970.3,14.4,6.71,3.9,5.01,9.3,4.82,No,7.55
Sandy,,956.1,16.1,5.94,72.9,5.76,6.6,0.86,No,5.92
Silty,Barley,1334.7,29.9,6.81,,6.55,7.0,3.35,No,6.76
Sandy,Wheat,1106.4,29.5,6.96,154.9,7.39,6.9,3.88,No,6.79
,Barley,983.3,32.8,4.97,98.1,6.72,8.9,5.85,No,5.78
Clay,Barley,793.8,25.6,6.38,169.6,1.44,6.6,2.79,No,6.55
Loamy,Maize,875.7,23.5,5.83,144.5,2.84,8.1,1.28,Yes,12.66
Silty,Wheat,1086.4,25.5,6.08,133.1,5.26,8.6,5.4,,9.18
Silty,Rice,886.6,38.2,5.91,160.5,6.57,12.0,,Yes,8.28
Loamy,Barley,1259.3,25.7,6.09,73.9,8.62,7.0,0.75,No,6.47
Peaty,Cotton,1209.2,29.1,7.43,12.0,3.97,7.4,1.53,No,4.73
Loamy,Cotton,736.7,36.5,6.58,109.9,2.72,8.1,7.79,Yes,7.07
Loamy,Cotton,485.7,27.4,5.22,107.6,6.05,7.5,0.94,Yes,6.83
Sandy,Soybean,254.5,21.1,6.71,111.6,3.53,7.4,19.17,No,6.13
Silty,Soybean,680.4,19.0,5.78,129.8,9.79,6.3,5.93,No,7.7
Loamy,Cotton,922.9,24.7,7.54,198.0,2.15,8.1,3.16,Yes,8.31
Silty,Soybean,788.1,28.5,5.49,,6.73,7.2,6.02,No,7.2
Loamy,Wheat,1160.2,23.8,7.4,235.8,,7.8,3.32,No,8.97
Sandy,Barley,774.1,26.3,6.51,,0.0,7.8,4.9,Yes,7.16
Loamy,Maize,867.3,27.4,6.19,103.0,4.0,9.3,1.48,Yes,11.02
Sandy,Cotton,937.9,29.4,7.53,237.7,5.32,6.6,3.95,No,5.77
Loamy,Cotton,1138.0,22.8,6.61,72.6,5.43,5.7,,No,6.61
,Wheat,851.2,21.7,5.93,142.4,6.64,9.9,1.47,Yes,8.66
Sandy,Wheat,574.4,24.5,6.59,151.5,4.12,7.6,2.41,Yes,7.79
Loamy,Soybean,1147.4,28.1,7.21,221.5,6.7,,,Yes,9.08
Silty,Rice,463.3,28.6,6.43,,5.45,7.9,4.76,No,7.99
Loamy,Maize,1042.3,23.5,7.5,,4.23,4.6,11.61,No,10.13
Loamy,Cotton,1107.9,23.2,7.11,92.7,0.73,7.4,0.39,Yes,7.9
Silty,Wheat,833.7,27.8,7.19,175.2,2.6,7.8,1.72,Yes,8.77
Sandy,Wheat,1377.0,27.0,5.37,117.4,4.37,11.3,1.85,Yes,7.54
,Maize,1167.8,21.6,5.32,79.5,2.63,8.7,2.94,,11.28
Peaty,Maize,915.9,23.5,6.23,133.8,6.66,7.7,4.36,,11.02
Silty,Barley,700.3,15.0,5.63,109.5,5.11,7.5,8.33,No,7.65
Silty,Maize,474.7,21.8,6.35,175.9,5.95,7.3,1.29,Yes,10.74
Sandy,Barley,668.4,26.7,6.21,162.7,9.54,,9.89,No,6.96
Sandy,Cotton,581.9,16.2,6.52,148.8,4.42,5.4,2.26,Yes,6.74
Sandy,Wheat,678.3,26.7,6.9,269.5,5.7,5.2,,Yes,7.58
Silty,Rice,1324.8,27.8,5.66,141.1,,5.5,0.43,No,9.26
Peaty,Barley,937.0,21.6,6.78,89.7,7.0,,14.56,Yes,8.56
Silty,Barley,1196.6,19.6,7.37,207.5,3.16,7.0,0.92,Yes,7.78
Loamy,Cotton,711.9,30.2,6.36,80.3,5.11,7.8,2.19,Yes,7.79
Peaty,Rice,619.7,26.1,8.54,251.4,4.35,9.1,7.87,No,7.5
Loamy,Cotton,880.1,32.2,6.35,306.3,1.44,9.0,6.74,Yes,7.37
Peaty,Barley,1078.4,17.1,6.51,227.5,5.01,6.9,7.57,Yes,7.95
Clay,Maize,823.6,37.6,5.64,65.4,6.66,3.5,3.09,Yes,8.74
Loamy,Soybean,660.9,34.4,6.82,120.8,5.84,8.2,3.73,,7.34
Loamy,Soybean,359.0,23.3,6.3,169.8,5.3,7.5,,Yes,8.93
Loamy,Wheat,929.3,30.6,4.83,118.1,4.58,8.9,2.53,Yes,8.68
Peaty,Soybean,1423.1,29.6,4.97,207.9,5.54,6.2,4.25,Yes,7.78
Loamy,Soybean,674.1,30.8,6.71,185.5,0.81,8.5,3.44,Yes,9.48
Clay,Barley,867.7,21.7,6.21,104.5,4.31,6.7,1.3,Yes,8.54
Clay,Barley,926.3,25.9,5.58,47.2,3.71,5.8,,Yes,7.52
Silty,Maize,1298.5,25.5,,88.3,0.08,,3.11,Yes,9.37
Silty,Maize,394.3,,6.99,188.3,0.0,6.7,5.81,No,10.03
Loamy,Rice,1125.5,25.9,7.26,170.0,3.51,7.9,6.99,No,8.67
Clay,Maize,955.8,28.9,5.44,193.7,1.36,5.1,9.77,No,9.78
Sandy,Soybean,670.8,26.8,6.64,197.8,4.87,5.4,2.56,Yes,7.56
Loamy,Cotton,1341.8,13.9,5.72,96.3,3.81,6.5,6.46,Yes,7.85
,Barley,668.9,23.9,6.96,109.2,1.79,7.8,6.55,No,7.63
Clay,Soybean,435.9,,5.85,201.0,6.67,6.1,7.12,No,6.03
Sandy,Wheat,1231.9,23.0,7.19,180.9,8.65,7.2,4.66,Yes,8.51
Sandy,Maize,,19.9,5.73,158.2,6.72,7.3,1.43,Yes,10.54
Loamy,,1229.8,12.5,7.02,130.1,3.7,7.1,5.79,Yes,8.33
Clay,Barley,842.1,13.4,6.96,154.8,0.08,6.4,0.62,Yes,7.47
Sandy,Soybean,1050.7,33.1,5.21,190.6,8.76,9.1,3.39,Yes,5.94
Sandy,Rice,857.3,21.3,8.21,195.0,0.85,7.6,1.98,No,7.73
Clay,Cotton,729.5,32.1,6.82,170.6,4.56,6.3,3.89,Yes,6.86
Peaty,Rice,1382.7,28.5,6.15,,6.39,7.2,2.15,Yes,8.38
Loamy,Rice,469.6,24.1,7.38,,3.06,7.7,3.48,No,9.41
Sandy,Rice,794.9,20.5,5.99,151.6,8.74,7.0,1.51,No,8.28
Clay,Maize,801.3,34.5,6.39,206.7,4.99,6.6,3.59,Yes,10.18
Silty,Wheat,730.6,19.3,7.25,300.8,9.55,5.9,3.28,No,7.72
Clay,Cotton,568.3,30.8,6.62,239.8,1.2,7.2,0.47,Yes,6.27
Peaty,Wheat,690.6,24.1,7.01,116.3,1.09,9.3,5.02,Yes,8.51
Clay,Wheat,535.8,18.3,6.45,93.6,12.05,5.4,2.67,No,7.27
Clay,Cotton,999.7,30.3,7.81,92.5,0.04,7.8,9.93,Yes,5.81
Sandy,Cotton,447.1,35.3,6.33,104.6,10.81,10.0,,No,4.56
Peaty,Barley,968.0,8.2,7.53,105.2,6.69,6.1,2.27,Yes,7.21
Loamy,Barley,636.4,14.1,6.35,59.0,7.1,6.3,2.51,No,7.55
Silty,Cotton,378.3,21.1,5.92,80.4,7.14,3.0,1.83,No,5.39
Loamy,Rice,877.1,26.4,7.21,163.0,0.95,9.3,6.11,No,9.59
Silty,Rice,671.2,38.0,,177.9,5.54,7.5,5.48,No,7.72
Silty,Soybean,652.6,18.6,8.07,106.3,0.76,5.0,3.54,Yes,7.18
Silty,Cotton,1106.6,26.8,6.86,281.8,2.34,5.9,3.15,Yes,8.08
Sandy,Soybean,1048.8,21.0,6.6,145.0,7.22,,,No,6.36
,Cotton,1092.9,18.7,4.91,,7.08,8.3,4.1,No,5.76
Sandy,Rice,1325.4,33.0,6.19,165.1,4.69,9.1,1.25,No,8.09
Peaty,Maize,1175.1,19.6,5.78,126.9,9.49,8.4,4.51,No,11.0
Sandy,Rice,558.7,11.1,5.49,195.3,7.08,8.0,1.18,,7.28
Sandy,Wheat,1297.7,30.5,7.4,152.7,3.19,5.1,0.71,Yes,7.34
Sandy,Maize,702.8,26.4,6.23,70.7,5.03,8.3,3.85,Yes,10.63
Clay,Wheat,1059.9,31.4,6.91,112.1,7.45,5.5,1.76,Yes,7.66
Sandy,Maize,910.1,27.6,,40.5,2.97,,2.53,Yes,9.86
Sandy,Barley,956.6,29.4,4.69,150.0,6.45,8.3,,No,6.03
Clay,Barley,358.9,26.2,,153.6,0.0,10.9,3.15,Yes,8.29
Loamy,Soybean,,21.5,6.26,199.1,6.06,8.3,0.85,Yes,9.73
Clay,Rice,1019.2,25.5,6.96,167.5,3.18,6.4,3.9,Yes,9.44
,Rice,665.9,34.7,6.63,168.5,2.62,6.9,1.12,Yes,7.59
Silty,Soybean,1095.8,17.8,6.48,137.8,6.5,6.4,,Yes,8.53
Silty,Rice,1027.5,16.3,7.03,137.6,5.34,4.1,6.91,No,8.43
Loamy,Soybean,777.2,25.4,7.37,45.9,2.78,8.9,4.04,No,7.51
Peaty,Cotton,935.2,19.1,6.72,68.8,6.33,8.7,21.06,Yes,6.78
Peaty,Rice,1273.3,18.6,7.64,152.7,11.75,5.8,,Yes,9.25
Silty,Barley,670.7,25.1,6.94,133.6,8.5,12.0,3.07,Yes,8.01
Silty,Rice,799.2,22.5,4.84,98.2,3.22,7.6,1.01,No,7.93
Sandy,Barley,450.1,26.6,6.57,146.6,4.95,5.3,2.89,Yes,7.6
Silty,,1275.5,21.9,8.07,263.8,8.0,8.3,1.71,Yes,9.43
Peaty,Cotton,1241.2,23.8,5.8,181.3,1.43,7.6,4.73,Yes,7.2
Peaty,Barley,855.1,29.3,6.15,221.7,1.39,9.6,3.18,No,6.66
Loamy,Cotton,419.9,24.7,5.61,232.8,,8.6,2.1,Yes,7.23
Silty,Soybean,714.0,18.8,6.93,119.2,8.02,8.8,2.73,No,8.1
Sandy,Soybean,694.8,17.4,5.87,128.0,7.27,10.0,2.81,No,6.73
Silty,Maize,1236.1,23.4,7.13,133.8,8.3,7.7,2.17,Yes,11.7
Sandy,Barley,779.4,34.9,7.38,,,5.5,,No,5.37
Loamy,Maize,1128.3,25.1,7.38,223.6,5.69,7.2,1.06,No,11.03
Loamy,Wheat,801.2,18.1,6.52,190.5,7.03,10.4,7.46,Yes,9.34
Peaty,Soybean,735.2,26.6,6.05,189.6,2.05,9.7,33.26,Yes,7.76
Peaty,Cotton,804.9,18.5,7.0,161.6,6.01,4.8,4.19,Yes,7.77
Loamy,Barley,624.3,22.0,6.49,43.9,5.71,8.6,5.26,No,7.75
Clay,Barley,898.5,28.8,7.33,150.6,5.8,5.9,2.06,Yes,8.01
Peaty,Rice,796.2,25.9,6.65,77.1,4.83,10.7,3.3,No,8.66
Clay,Wheat,1285.7,26.1,5.85,195.0,1.16,6.8,2.04,Yes,9.15
Loamy,Wheat,1108.9,23.4,5.93,28.0,5.53,7.2,0.79,No,8.06
Sandy,Wheat,280.1,23.8,5.98,176.9,3.82,11.1,8.59,Yes,8.56
Loamy,Maize,989.4,21.7,6.36,39.5,7.07,6.9,4.84,Yes,11.06
Loamy,,,25.3,5.45,214.1,5.21,6.5,4.95,No,10.39
Sandy,Barley,539.4,36.0,6.81,67.3,7.16,7.0,3.43,Yes,6.19
Sandy,Rice,849.0,22.4,6.32,125.3,5.85,6.5,1.86,No,8.12
Silty,Soybean,1211.1,23.1,,59.3,8.93,6.5,1.51,Yes,7.45
Clay,Maize,606.8,25.3,5.11,102.9,0.26,6.0,3.98,Yes,9.85
Silty,Cotton,1454.0,29.1,5.94,301.2,6.8,7.4,1.54,Yes,7.23
Peaty,Wheat,948.9,33.0,7.58,118.3,3.08,6.9,1.37,No,7.45
Peaty,Cotton,1335.0,24.1,5.22,,4.04,7.0,1.63,No,6.19
Peaty,Wheat,620.2,29.4,5.82,253.4,3.61,6.5,1.25,Yes,8.44
Peaty,Wheat,727.0,16.8,7.64,,0.1,7.3,1.58,Yes,7.84
Loamy,Wheat,814.1,32.6,5.73,98.9,4.85,6.7,2.16,No,6.57
Sandy,Wheat,713.2,26.9,6.65,141.0,5.46,9.6,1.36,Yes,8.42
,Cotton,979.1,26.5,7.68,208.1,5.34,7.7,16.67,Yes,7.87
Sandy,Wheat,921.8,22.0,6.83,115.2,1.61,7.7,5.19,No,7.65
Loamy,Soybean,701.7,24.2,6.79,157.3,2.36,6.6,6.85,Yes,9.65
Clay,Rice,894.3,24.8,5.92,151.3,4.65,7.4,6.93,No,8.65
Peaty,Rice,684.4,22.9,7.79,74.5,1.62,8.8,2.72,Yes,8.13
Loamy,Maize,535.7,23.7,5.85,152.7,7.09,7.9,5.46,No,11.07
Clay,Maize,855.2,25.8,6.78,139.5,8.0,,1.64,Yes,10.38
,Wheat,767.3,31.6,6.19,165.2,7.64,6.2,5.59,Yes,8.51
Peaty,,871.1,31.1,6.22,140.3,3.66,7.4,1.24,No,10.54
Silty,Cotton,905.0,19.8,7.75,181.8,3.9,5.6,8.01,Yes,7.04
Sandy,Maize,651.6,18.3,7.47,11.6,9.18,7.3,3.42,Yes,9.23
Silty,Soybean,,13.0,8.64,0.0,6.09,7.3,4.78,No,5.11
Loamy,Maize,417.2,33.4,7.39,152.8,,7.6,0.58,No,9.82
Peaty,Maize,849.1,29.6,5.05,152.7,4.81,6.7,1.57,Yes,10.38
Peaty,Cotton,622.2,19.5,6.0,197.5,4.29,6.5,1.43,Yes,7.23
Peaty,Wheat,1013.0,20.7,7.43,141.5,4.63,6.2,9.37,Yes,9.01
Silty,Wheat,784.8,20.3,5.8,219.6,,8.5,0.56,No,7.85
Silty,Rice,845.3,27.4,5.71,32.0,8.98,6.9,1.11,No,7.82
Clay,Barley,793.4,28.5,5.99,77.2,3.17,8.3,15.3,No,6.77
Clay,Wheat,850.7,15.6,6.29,73.6,6.27,5.5,0.54,Yes,8.0
Clay,Cotton,516.2,32.2,7.13,224.6,1.95,8.4,4.04,Yes,6.57
Silty,Barley,967.3,23.9,5.1,105.1,3.41,5.2,6.21,Yes,8.32
Sandy,Cotton,898.1,16.0,5.38,168.7,5.02,6.7,2.15,Yes,6.72
Loamy,Soybean,835.7,25.2,6.46,109.3,7.2,6.9,0.66,No,6.71
Loamy,Cotton,1271.7,16.7,6.54,123.5,6.89,6.4,2.12,Yes,7.71
Clay,Barley,974.8,29.3,7.53,147.8,3.72,9.8,1.06,Yes,7.8
Silty,Maize,1117.3,25.8,5.45,119.4,7.69,6.1,6.84,No,9.67
Loamy,Cotton,1335.2,24.5,6.82,173.1,5.1,7.3,6.7,Yes,7.51
Clay,Soybean,875.5,15.7,6.45,126.4,3.98,5.9,0.88,Yes,7.65
Sandy,Maize,1232.7,29.6,5.28,168.9,3.57,6.5,1.46,Yes,9.74
,Soybean,1172.2,30.4,6.26,112.0,7.83,,3.09,Yes,8.41
,Wheat,1106.0,21.5,6.57,,0.69,7.1,2.18,No,6.56
Loamy,Soybean,968.3,20.8,7.28,168.3,12.64,4.1,3.52,Yes,8.87
Silty,Rice,979.2,24.6,6.97,83.7,1.78,6.5,0.88,Yes,9.77
Peaty,Rice,1025.6,29.7,7.13,208.9,2.7,7.4,23.89,Yes,9.57
Peaty,Soybean,966.2,20.2,8.04,159.2,10.63,6.9,,Yes,7.26
Clay,Soybean,1063.7,22.2,6.79,,4.1,5.4,7.15,Yes,8.26
Peaty,Wheat,1124.4,31.5,6.81,65.4,1.56,8.4,0.51,No,6.98
Loamy,Soybean,520.5,29.3,6.97,78.9,3.09,9.0,1.15,No,7.09
Silty,Cotton,645.2,29.5,6.0,200.7,7.72,6.4,3.99,No,5.92
Loamy,Soybean,1072.8,23.0,5.88,122.5,,7.5,6.16,Yes,8.75
Loamy,Barley,957.9,18.1,6.99,212.0,8.62,8.5,2.65,Yes,8.92
Sandy,Soybean,1180.9,33.6,6.47,228.2,,8.4,0.73,No,5.86
Clay,Cotton,1106.5,21.7,6.33,57.0,8.09,8.6,3.25,No,5.55
Silty,Rice,621.0,28.7,6.5,169.9,,7.1,1.28,Yes,9.39
Loamy,Wheat,742.7,24.9,5.72,133.6,6.42,7.7,3.35,No,8.8
Loamy,Cotton,557.2,26.8,7.59,278.5,0.0,8.1,2.87,No,6.35
Sandy,Wheat,775.1,29.7,6.92,202.1,6.96,9.7,0.7,,7.72
Silty,Cotton,1112.1,28.0,6.76,172.0,5.24,6.1,2.06,Yes,7.06
Peaty,Rice,1064.4,22.5,6.5,195.6,2.93,7.7,5.4,Yes,9.69
Silty,Maize,476.1,26.1,5.09,,5.61,7.1,0.5,No,9.69
Silty,Soybean,1067.7,18.9,6.8,139.4,8.6,6.8,15.34,No,8.02
Peaty,Cotton,1050.1,29.5,7.03,124.1,0.0,5.9,1.65,Yes,7.22
Clay,Wheat,1247.4,28.8,6.15,89.8,6.28,8.6,7.28,No,7.16
Clay,Maize,1402.2,20.6,5.88,96.3,6.29,6.7,4.27,No,9.43
Sandy,Maize,901.7,24.2,6.42,16.3,4.86,3.5,10.25,Yes,9.67
Clay,Soybean,1105.4,25.3,7.03,269.4,5.34,7.1,3.86,No,7.37
Peaty,Cotton,960.6,19.9,6.36,107.5,5.62,10.1,3.97,Yes,7.76
Silty,Barley,751.7,24.0,7.35,80.2,6.98,,1.42,Yes,8.41
Loamy,Cotton,643.2,21.5,6.76,173.6,10.82,9.7,3.81,Yes,7.61
Loamy,Wheat,1020.1,22.5,6.84,,2.3,6.0,1.39,No,8.53
Clay,Rice,966.2,26.6,7.62,146.5,1.49,7.1,0.75,Yes,8.63
,Maize,1221.9,26.8,7.28,210.2,8.55,7.2,,Yes,11.48
Clay,Maize,822.1,27.5,5.55,178.5,3.51,8.1,0.88,No,8.97
Silty,Rice,1184.0,28.3,6.29,156.5,1.75,5.0,3.23,Yes,9.67
Peaty,Barley,959.4,19.5,5.94,185.5,5.53,8.0,0.91,Yes,7.87
Silty,Cotton,267.7,29.4,5.78,291.6,,6.6,2.89,Yes,6.42
Clay,Wheat,413.3,18.6,5.73,172.4,6.67,7.9,4.28,Yes,8.36
Clay,Maize,668.7,27.5,7.32,172.2,4.87,6.4,0.98,Yes,10.74
Clay,Barley,1183.0,20.0,5.64,139.6,0.0,7.4,4.38,No,7.09
Silty,Barley,960.8,20.3,6.63,84.9,7.79,7.9,6.1,No,7.83
Silty,Maize,1000.7,29.3,6.69,217.2,5.98,6.5,3.99,Yes,11.82
Clay,Maize,857.1,18.5,4.58,153.8,5.78,9.7,1.52,Yes,9.47
Clay,Soybean,1046.1,27.1,5.64,74.9,8.07,6.1,14.42,Yes,6.99
Silty,Maize,1244.3,22.2,5.58,26.6,0.0,9.0,17.9,Yes,10.51
Peaty,Cotton,811.2,35.2,7.72,215.4,10.13,8.1,2.22,No,5.71
Peaty,Cotton,643.1,26.1,6.02,96.7,4.41,9.2,3.68,Yes,7.78
Clay,Rice,454.5,19.0,6.45,191.0,3.38,8.9,2.23,Yes,8.93
Loamy,Soybean,859.3,16.3,6.84,,5.23,6.6,1.12,No,7.04
Sandy,Wheat,547.7,34.8,,94.1,2.19,6.0,1.41,No,5.79
Peaty,Soybean,,26.8,5.97,37.3,6.43,7.5,2.49,Yes,7.14
Sandy,Maize,470.9,26.3,7.04,145.1,5.57,7.2,13.04,No,10.0
Sandy,Rice,738.2,24.8,6.48,131.1,6.82,6.8,5.54,No,7.88
Loamy,Soybean,726.7,20.1,7.31,169.9,3.63,8.6,1.97,Yes,8.68
Sandy,Cotton,1106.0,25.7,6.83,186.1,5.87,7.4,0.94,Yes,6.68
Silty,Wheat,1211.3,31.6,8.24,227.1,4.14,7.1,12.17,No,6.85
Silty,Cotton,970.1,20.6,7.85,166.7,3.81,9.8,4.53,Yes,8.78
Sandy,Barley,1173.3,26.2,6.01,103.8,9.05,4.2,2.91,Yes,8.07
Peaty,Soybean,,28.8,6.74,265.1,4.63,6.1,7.36,Yes,7.71
Silty,Cotton,521.1,25.7,6.48,176.3,9.18,6.1,8.93,Yes,7.01
Sandy,Cotton,962.4,26.8,7.77,260.0,5.85,9.1,1.37,No,6.47
Clay,Cotton,940.9,28.5,5.91,132.1,0.0,8.0,5.21,No,7.08
Sandy,Maize,1078.0,30.1,5.49,182.6,6.85,9.1,1.01,Yes,11.57
Sandy,Rice,986.5,30.0,8.17,174.8,4.86,5.9,0.94,No,7.31
Clay,Maize,956.8,31.4,6.21,65.6,5.97,8.1,2.4,Yes,10.04
Loamy,Barley,983.5,16.8,7.69,114.2,2.62,7.3,1.38,Yes,8.9
Clay,Barley,957.3,18.9,7.45,232.1,4.8,5.4,2.85,No,7.0
Loamy,Soybean,419.9,32.5,7.78,61.4,5.94,10.3,11.33,Yes,7.2
Loamy,Maize,921.1,28.8,6.82,66.6,3.88,8.4,2.05,Yes,10.67
Silty,Rice,936.7,28.8,6.98,30.7,4.89,7.7,1.2,No,8.0
Peaty,Rice,749.1,25.3,7.87,145.6,5.28,7.2,1.67,Yes,8.67
Clay,Soybean,1121.4,21.7,6.57,108.6,3.89,7.2,2.06,Yes,8.3
Clay,Rice,680.6,21.6,6.91,158.0,7.26,8.1,3.01,Yes,10.01
Silty,Maize,793.8,23.1,6.77,134.4,8.93,11.5,4.14,No,10.71
Silty,Soybean,839.4,27.4,6.51,154.6,2.89,9.6,6.15,Yes,7.94
Peaty,Cotton,978.3,27.4,5.28,76.3,4.28,6.2,1.14,Yes,6.05
Sandy,Barley,1310.0,30.2,5.98,51.7,6.32,7.0,0.84,No,5.66
Loamy,Soybean,674.1,28.8,6.31,46.1,2.6,6.8,5.82,No,7.21
Peaty,Cotton,1014.5,24.2,6.85,222.5,4.32,6.3,9.2,Yes,7.05
Peaty,Wheat,100.0,34.9,6.85,142.2,3.7,9.8,3.11,Yes,6.77
,Cotton,395.2,18.6,6.96,52.9,6.1,6.1,3.49,,6.4
Silty,Rice,975.7,20.2,5.69,151.6,3.86,8.5,5.05,Yes,10.47
Sandy,Rice,1286.3,29.3,6.78,174.3,7.48,8.5,0.38,No,7.92
Sandy,Maize,1154.5,24.4,6.33,,5.68,8.3,2.3,Yes,10.38
Silty,Cotton,1131.4,20.0,6.06,160.1,3.25,11.1,0.38,,6.99
Silty,Wheat,1035.4,14.8,6.04,129.8,4.99,5.0,3.02,No,7.8
Sandy,Soybean,882.4,18.8,6.12,83.8,6.84,5.8,6.71,Yes,7.99
Sandy,Cotton,978.9,27.6,6.08,159.6,5.94,7.8,0.77,Yes,6.56
Peaty,Wheat,1144.5,30.3,6.03,99.2,6.0,8.4,1.52,No,6.19
Silty,Wheat,1078.8,22.3,5.91,244.2,12.48,6.0,2.79,No,8.08
Silty,Soybean,642.2,23.9,8.44,174.4,4.3,6.7,1.99,No,6.06
Loamy,Soybean,557.0,21.5,5.47,104.5,4.39,,13.7,No,7.28
Loamy,Cotton,1054.2,11.6,6.22,122.8,7.72,5.5,3.75,Yes,7.2
Sandy,Cotton,805.7,20.4,7.19,,6.04,5.9,2.63,Yes,6.04
Silty,Wheat,884.9,29.0,,162.5,3.03,5.5,6.3,No,8.31
Silty,Maize,1213.8,27.7,6.83,109.9,5.29,8.7,5.68,No,10.18
Clay,Wheat,1048.9,,5.91,110.1,,6.3,1.58,Yes,8.08
Peaty,Barley,834.3,19.9,6.62,241.5,8.0,8.9,1.57,No,8.49
Peaty,Maize,1200.6,21.2,7.39,207.6,8.01,8.4,24.07,No,9.97
Clay,Soybean,935.7,21.2,5.88,204.7,9.49,,10.16,Yes,7.68
Sandy,Maize,1362.2,,5.53,246.4,7.41,7.1,11.94,Yes,10.75
Silty,Soybean,934.6,24.8,5.99,96.0,4.94,4.9,,No,7.6
Sandy,Maize,826.9,22.0,6.21,204.1,8.58,9.1,1.04,Yes,10.92
Clay,Rice,1113.1,27.8,6.55,199.0,5.14,6.0,1.14,Yes,9.57
Clay,Maize,939.4,18.8,7.52,221.5,6.46,6.9,6.95,Yes,10.75
Sandy,Maize,849.5,24.4,7.16,123.2,0.0,6.1,4.7,Yes,9.41
Loamy,Wheat,1332.3,13.3,,109.3,5.5,6.7,0.54,Yes,9.19
Silty,Soybean,841.6,26.1,8.12,156.7,8.13,6.4,,No,5.97
Silty,Barley,515.0,17.6,6.91,44.9,5.7,7.2,3.47,No,7.28
Clay,Wheat,668.9,28.8,6.14,21.5,6.21,8.3,6.6,Yes,8.52
Peaty,Maize,693.9,25.5,6.55,118.7,1.19,,0.99,Yes,10.4
Sandy,Wheat,1001.4,21.5,,164.3,1.98,,8.57,No,6.8
Clay,Barley,1247.9,16.0,6.03,116.7,8.29,6.0,2.6,Yes,7.88
Sandy,Cotton,1311.9,30.0,7.45,,4.81,11.0,2.82,Yes,6.32
Silty,Barley,651.6,28.2,6.97,49.1,6.2,9.2,8.64,No,7.71
Peaty,Barley,1352.6,24.1,7.68,69.9,0.99,7.6,1.89,Yes,7.86
Silty,Soybean,625.9,31.6,6.05,91.1,7.26,5.0,15.4,No,7.02
Silty,Rice,727.6,19.0,5.77,127.0,4.75,5.5,2.85,Yes,9.71
Peaty,Barley,823.6,29.2,6.05,,3.94,7.9,3.47,No,7.54
Clay,Cotton,1035.8,25.3,5.94,91.3,9.32,9.8,3.27,Yes,7.29
Loamy,Wheat,947.0,24.1,6.57,186.9,7.2,8.6,16.53,No,9.83
Clay,Wheat,536.6,27.3,6.07,94.9,2.11,6.2,2.14,Yes,7.48
Peaty,,584.3,19.4,7.55,105.0,,9.2,4.17,No,7.76
Silty,Maize,1016.6,24.9,6.45,105.4,4.26,6.7,15.24,Yes,11.39
Loamy,Maize,638.8,19.8,6.43,152.5,11.03,6.0,1.27,Yes,11.29
Clay,Wheat,1357.3,26.7,5.16,246.0,4.17,6.2,1.88,Yes,6.82
Clay,Barley,1089.0,13.8,6.71,258.4,2.41,5.7,6.05,,7.4
Silty,Soybean,826.4,21.0,7.1,226.2,6.75,8.1,3.54,Yes,8.96
Clay,Soybean,1394.7,23.6,6.93,303.4,6.82,5.9,2.2,No,6.05
Silty,Rice,1280.6,28.5,6.58,201.3,8.1,8.5,7.11,Yes,10.39
Loamy,Soybean,392.2,26.0,6.76,143.5,2.43,7.3,,No,7.07
Sandy,Maize,840.0,23.4,4.95,218.0,4.57,8.5,4.12,No,9.29
Clay,Cotton,1034.8,23.5,4.91,237.6,4.92,9.6,6.34,No,6.05
Silty,Barley,964.6,31.3,7.51,49.3,,7.4,,No,6.58
Silty,Rice,954.7,22.7,4.85,138.6,9.76,6.2,1.27,Yes,9.31
Sandy,Cotton,1334.6,30.5,6.96,60.2,5.83,4.6,5.55,Yes,5.67
Peaty,Cotton,789.2,19.4,5.11,252.1,7.07,6.2,1.12,Yes,6.65
Sandy,Rice,898.5,23.4,7.22,164.3,3.2,9.1,5.89,No,8.37
Silty,Cotton,403.9,,4.95,275.0,7.72,7.8,5.95,Yes,6.07
Sandy,Barley,466.1,28.5,5.87,178.6,5.35,7.4,,Yes,7.52
Loamy,Barley,,25.7,6.01,207.3,6.45,8.2,2.73,Yes,8.8
Clay,Rice,1120.1,22.0,5.6,97.3,,6.3,1.87,No,8.19
Loamy,Rice,584.7,12.4,6.46,133.2,4.11,7.9,0.61,Yes,9.16
Silty,Rice,753.8,25.0,7.11,189.5,5.83,9.7,2.75,Yes,9.73
Clay,Wheat,997.2,26.5,6.18,168.3,6.01,8.3,10.02,Yes,9.13
Loamy,Cotton,1179.7,20.7,8.22,81.6,4.18,8.2,5.09,No,6.24
Sandy,Maize,858.2,22.2,7.16,156.9,3.53,9.9,2.04,Yes,11.22
Loamy,Maize,,7.7,5.81,107.8,,9.1,2.83,Yes,10.99
Clay,Maize,739.6,25.4,6.24,213.8,6.55,7.1,3.09,Yes,10.6
Sandy,Maize,873.1,25.1,6.61,178.3,4.29,7.6,4.19,No,9.64
Peaty,Soybean,719.2,26.0,7.51,66.6,3.02,9.2,3.52,,7.22
Loamy,Cotton,913.9,26.7,7.95,176.7,4.6,7.4,1.12,Yes,7.72
Clay,Barley,885.9,26.1,7.53,102.0,6.65,8.4,21.39,,8.14
Silty,Soybean,668.8,23.5,7.28,228.2,2.46,7.5,,Yes,7.92
,Soybean,1115.9,22.5,6.7,91.6,5.83,5.5,2.23,Yes,7.25
Peaty,Rice,1000.5,22.2,7.06,112.7,8.68,7.2,1.18,No,8.19
Silty,Cotton,615.4,25.8,7.18,103.3,6.27,6.4,2.15,Yes,7.27
Peaty,Cotton,1138.9,23.5,7.68,73.7,4.38,7.4,4.91,Yes,6.43
Sandy,Rice,1225.5,23.6,6.67,11.2,5.38,5.3,4.74,Yes,7.78
Silty,Maize,1034.2,25.4,6.34,239.0,4.84,8.7,1.43,No,10.71
Peaty,Barley,1173.9,27.7,7.06,155.0,4.6,7.6,5.51,Yes,7.96
Silty,Barley,1113.6,20.4,7.3,170.5,3.28,8.2,6.18,No,8.01
,Soybean,864.2,26.5,6.89,38.6,8.86,8.1,7.53,Yes,7.07
Clay,Rice,668.4,28.6,8.01,232.8,5.09,7.7,0.38,No,7.17
Silty,Barley,1231.7,32.9,5.52,113.5,4.39,8.8,6.04,Yes,7.28
Loamy,Rice,1071.7,25.5,6.39,191.6,2.37,,34.4,Yes,10.38
Clay,Cotton,1112.5,27.9,7.41,168.1,4.04,9.1,10.6,Yes,6.32
Clay,Wheat,692.1,28.7,6.43,95.1,1.75,5.9,8.11,No,7.17
Loamy,Rice,842.4,20.6,6.09,225.4,8.3,4.3,,Yes,10.96
Sandy,Rice,624.7,23.9,6.47,211.0,3.2,8.6,0.58,No,8.02
Clay,Maize,887.7,,7.36,176.6,3.65,7.7,2.91,Yes,10.04
Silty,Rice,1099.5,20.7,6.11,130.3,3.63,8.0,6.24,No,8.68
Loamy,Barley,,20.9,6.63,257.7,4.66,9.3,2.07,Yes,9.22
Sandy,Barley,1060.9,25.7,7.94,,6.31,8.7,5.94,Yes,8.31
Clay,Cotton,1034.4,25.5,7.67,176.1,8.81,9.6,1.83,No,6.62
Silty,Maize,955.5,21.8,5.85,191.4,1.71,8.6,3.72,No,10.67
Sandy,Wheat,1336.2,20.4,6.17,182.5,7.84,7.9,1.77,Yes,8.07
Peaty,Cotton,536.4,19.5,7.47,0.0,5.53,6.0,11.25,Yes,5.58
Sandy,Maize,775.6,23.2,7.65,234.8,4.36,7.4,6.59,Yes,10.92
Clay,Rice,703.7,32.0,6.62,215.9,7.33,6.4,6.69,Yes,8.61
Clay,Cotton,419.0,23.0,6.11,179.6,3.47,6.9,9.07,Yes,6.81
Silty,Cotton,643.5,26.1,6.26,62.4,3.09,9.6,3.03,Yes,6.68
Clay,Maize,970.4,21.7,6.92,187.8,7.22,6.7,7.54,Yes,10.88
Loamy,Rice,670.8,31.2,6.49,199.1,4.81,8.0,10.62,Yes,9.72
Sandy,Rice,1027.8,29.9,7.68,188.0,8.64,7.1,1.78,No,7.0
Sandy,Rice,,25.9,8.07,,1.83,10.1,3.34,Yes,8.4
Clay,Soybean,1263.0,27.1,5.2,,4.76,6.0,4.04,No,6.96
Peaty,Wheat,937.6,21.2,6.28,152.0,10.9,6.9,6.85,Yes,8.45
Sandy,Wheat,815.6,17.5,7.28,131.0,5.59,10.3,0.97,No,6.94
Clay,Wheat,1254.2,21.8,6.39,154.5,8.62,5.5,4.64,Yes,8.61
Loamy,Cotton,1215.9,23.2,6.26,60.4,4.27,7.3,3.66,No,6.82
Silty,Wheat,1114.8,24.4,7.48,181.6,0.7,5.8,2.9,Yes,8.18
Peaty,Rice,791.6,28.1,6.24,155.6,2.72,6.6,21.64,Yes,8.66
Sandy,Soybean,1115.7,14.5,5.17,77.8,4.03,4.9,7.4,Yes,6.92
Peaty,Wheat,213.2,22.0,,134.7,5.54,6.9,2.34,Yes,6.71
Sandy,Rice,804.4,28.2,4.75,99.7,5.51,8.2,80.12,,8.09
Peaty,Wheat,988.5,19.3,6.27,142.4,5.4,7.9,1.23,No,8.14
Silty,Wheat,1175.8,28.2,6.42,165.4,,7.8,2.47,No,7.23
Loamy,Soybean,686.7,20.2,,126.7,11.33,8.3,1.37,Yes,8.78
Silty,Cotton,1071.3,27.9,5.66,214.3,7.35,7.5,3.13,Yes,7.99
Sandy,Barley,1126.7,20.5,7.3,199.3,3.6,5.9,0.89,No,6.99
Sandy,Rice,828.0,24.8,4.36,218.2,4.88,6.6,3.28,Yes,8.16
Sandy,Rice,973.9,29.5,7.0,131.0,7.11,7.4,5.59,No,7.95
Peaty,Rice,,36.0,7.4,152.3,2.05,9.5,3.2,No,7.34
Sandy,Wheat,576.0,31.5,6.39,115.8,3.39,7.7,2.22,No,6.32
Clay,Rice,1001.8,24.3,4.9,169.7,3.49,7.1,0.71,Yes,8.61
Silty,Cotton,1004.6,19.6,7.81,,9.53,9.7,6.05,No,6.24
Clay,Cotton,775.6,16.6,6.25,88.5,1.62,7.6,6.99,Yes,6.9
Silty,Maize,832.0,19.6,5.25,0.0,6.42,9.4,1.21,Yes,9.41
Clay,Cotton,927.3,22.4,6.8,73.7,5.79,7.3,4.82,Yes,7.24
Sandy,Maize,898.4,20.3,5.66,,5.51,8.6,,Yes,11.11
Peaty,Soybean,1167.7,26.6,7.65,146.0,4.4,9.7,0.71,No,7.32
Clay,Soybean,849.4,17.3,6.67,211.7,3.0,8.4,5.89,Yes,7.98
Peaty,Soybean,890.9,20.8,6.3,90.3,5.54,10.6,1.02,No,6.91
Clay,Barley,585.4,27.7,6.21,28.5,5.01,5.0,20.12,No,6.1
Peaty,Wheat,887.5,21.7,7.45,106.6,2.24,6.6,8.72,Yes,7.99
Peaty,Rice,1287.9,27.1,6.4,181.1,7.44,6.2,0.32,No,7.9
Silty,Maize,986.6,23.5,6.37,166.8,6.22,7.2,3.06,No,10.9
Clay,Soybean,724.7,18.6,7.71,108.4,8.26,7.6,0.3,Yes,7.07
Silty,Rice,694.7,27.0,5.75,100.8,5.3,6.3,1.94,Yes,10.01
Loamy,Soybean,953.4,17.7,8.49,147.2,6.62,5.4,6.75,No,6.93
Silty,Barley,593.8,23.1,6.06,148.2,4.02,8.0,3.04,Yes,8.81
Loamy,Wheat,1058.4,19.9,6.43,119.9,7.42,9.5,1.25,No,8.09
Silty,Wheat,,28.7,6.94,74.2,2.14,7.3,1.8,No,7.68
Peaty,Wheat,868.8,30.1,5.79,164.1,6.97,7.5,4.74,Yes,8.29
Sandy,Soybean,619.3,29.7,7.23,219.4,6.9,3.6,5.22,Yes,7.54
Sandy,Barley,820.8,24.5,6.21,101.7,3.86,5.5,12.81,Yes,8.28
Sandy,Soybean,822.6,19.5,6.59,22.3,1.3,8.7,1.88,Yes,6.04
Sandy,Cotton,979.3,19.8,6.75,139.3,4.98,11.0,0.96,Yes,6.58
Sandy,Maize,1095.6,20.3,6.99,95.9,2.85,7.4,2.82,Yes,10.84
Peaty,Barley,660.4,20.9,7.13,108.6,,8.1,3.81,No,7.98
Clay,Barley,,23.8,6.76,90.2,4.49,9.1,2.81,Yes,7.47
Clay,Wheat,,20.4,6.58,177.9,7.27,7.6,5.73,Yes,9.21
Sandy,Cotton,1082.0,24.6,6.94,167.6,7.69,,1.51,Yes,7.11
Silty,Barley,464.9,25.2,6.17,116.8,2.34,4.8,3.87,Yes,7.83
,Barley,297.2,26.9,6.23,,3.68,8.9,8.31,Yes,6.81
Silty,Barley,975.5,,5.76,185.9,4.94,5.0,3.72,No,7.64
Sandy,Soybean,1029.9,24.7,6.79,171.2,4.65,9.6,2.07,No,6.65
Clay,Rice,885.8,28.3,6.65,134.5,5.86,6.4,1.69,No,8.27
Sandy,Barley,697.7,16.2,7.51,125.1,4.59,9.2,,Yes,8.02
Clay,Wheat,793.6,26.3,8.29,159.1,1.92,9.4,0.42,Yes,7.57
Sandy,Rice,796.7,25.0,5.22,216.8,3.31,6.6,6.55,No,7.93
Silty,Rice,1244.7,29.5,6.88,39.7,2.89,6.5,2.17,No,7.92
Clay,Soybean,1047.4,23.3,4.51,104.5,11.6,10.3,1.68,Yes,7.46
Clay,Soybean,828.2,25.9,7.19,100.2,6.93,8.4,7.63,No,6.71
,Rice,1321.5,24.6,,275.5,6.22,7.6,0.55,No,8.68
Sandy,Wheat,857.4,28.5,7.8,121.2,2.98,5.5,1.16,Yes,7.0
Silty,Barley,973.0,29.3,,119.9,6.68,6.6,3.05,No,7.3
Silty,Wheat,1123.7,26.8,7.58,183.0,0.0,7.5,1.56,Yes,8.29
Peaty,Wheat,1267.4,25.0,7.34,142.8,9.99,10.3,0.76,Yes,8.31
Peaty,Soybean,1146.9,30.9,7.09,167.5,4.79,6.2,0.2,No,6.4
Sandy,Cotton,627.6,18.9,6.61,221.2,5.93,7.0,1.24,Yes,7.76
Peaty,Soybean,1166.0,33.2,6.28,163.9,2.06,6.3,2.84,No,6.77
Clay,Maize,1109.8,32.3,7.58,148.3,4.38,6.5,3.9,No,9.25
Peaty,Cotton,943.3,22.8,6.88,143.0,7.17,,4.99,Yes,7.45
Silty,Maize,492.3,15.8,6.4,77.0,8.66,8.2,1.03,No,9.91
Loamy,Cotton,619.4,16.7,7.54,211.4,5.27,7.2,2.67,,6.73
Clay,Wheat,1034.2,27.2,5.67,153.9,,7.0,3.31,Yes,8.52
Peaty,Soybean,804.0,23.9,7.75,123.0,0.33,11.1,1.32,Yes,7.59
Peaty,Wheat,1443.1,21.6,6.56,73.9,4.62,4.8,3.48,Yes,8.21
Peaty,Soybean,1102.3,28.8,6.94,245.4,3.66,8.5,1.29,Yes,7.86
Silty,Soybean,1029.9,20.6,,172.9,,8.8,2.48,Yes,8.36
Silty,Barley,710.8,28.4,6.75,186.1,1.56,4.1,3.26,Yes,8.59
Clay,Soybean,878.4,,6.68,152.2,1.48,5.9,0.64,No,6.8
Sandy,Soybean,,22.7,6.08,151.6,4.25,5.8,16.15,Yes,6.61
Sandy,Maize,761.5,16.3,7.06,46.5,3.84,,2.04,No,9.19
Loamy,Barley,1129.0,21.6,6.18,128.7,5.29,9.0,8.12,No,8.79
Loamy,Barley,1259.4,21.3,6.76,94.2,4.28,6.2,3.07,Yes,8.53
Loamy,Wheat,854.9,26.7,6.64,69.2,11.65,6.3,13.29,Yes,8.24
Silty,Rice,1022.0,25.6,5.37,131.3,5.01,7.1,11.28,Yes,9.64
Sandy,Cotton,798.0,21.3,5.85,60.6,8.29,7.0,26.88,No,5.14
Sandy,Barley,1346.0,26.7,6.96,59.3,9.88,4.8,15.14,Yes,7.6
Silty,Barley,1222.2,15.1,6.56,64.8,3.42,4.4,0.7,No,6.74
Peaty,Maize,1048.2,17.9,6.84,41.6,8.39,9.0,13.77,No,9.81
Sandy,Cotton,1022.3,,6.38,111.9,3.41,6.9,6.16,Yes,7.04
Silty,Soybean,1048.1,22.4,5.75,111.6,1.47,8.6,1.55,No,7.0
Clay,Wheat,1380.3,9.3,6.35,188.0,3.69,7.7,3.84,No,6.07
Peaty,Maize,,29.4,6.56,199.5,5.51,9.6,1.11,Yes,10.0
Clay,Maize,,21.7,6.51,204.5,,7.3,1.38,No,9.85
Clay,Cotton,861.5,19.9,4.76,146.1,7.78,7.7,3.97,No,6.42
Silty,Rice,1059.1,28.7,7.49,207.6,5.73,8.2,8.06,Yes,10.03
Sandy,Cotton,,30.0,6.13,188.8,4.46,8.2,4.56,Yes,6.45
Clay,Rice,406.2,25.6,7.29,197.5,7.0,8.0,7.17,No,8.7
Clay,Barley,1019.6,29.8,6.49,109.5,3.04,10.4,9.43,No,7.29
Clay,Wheat,596.4,22.4,5.64,97.6,5.33,7.4,1.61,No,7.98
Silty,Cotton,946.1,20.5,6.08,54.1,4.71,8.7,0.48,No,6.67
Loamy,Barley,745.6,26.7,7.47,111.8,4.16,7.9,0.79,No,8.24
Sandy,Soybean,898.5,30.8,6.97,189.3,7.98,9.2,13.12,Yes,7.26
Silty,Cotton,848.3,24.7,6.72,191.0,2.13,10.3,4.44,Yes,8.06
Sandy,Soybean,956.4,27.1,5.85,125.3,5.31,5.7,1.26,Yes,6.35
Clay,Maize,1074.1,20.4,6.64,132.5,6.54,7.7,3.23,No,10.1
Silty,Soybean,1108.1,27.6,6.26,39.7,10.83,7.5,0.63,No,6.43
Sandy,Rice,626.3,24.5,6.28,201.7,3.14,8.1,,No,8.15
Silty,Maize,803.1,27.5,5.65,126.5,0.0,9.2,18.19,Yes,10.94
Sandy,Wheat,322.4,30.9,6.21,71.5,1.08,7.9,9.96,No,5.59
Sandy,Barley,959.1,18.7,8.06,30.1,4.62,6.6,6.9,Yes,6.38
Loamy,Rice,881.3,21.3,4.97,,2.56,6.1,3.12,No,8.73
Silty,Soybean,1063.4,24.9,6.22,142.0,3.44,8.2,2.15,Yes,9.61
Silty,Cotton,915.8,27.4,,115.8,4.7,9.8,3.57,Yes,7.28
Silty,Soybean,742.8,26.2,6.92,155.3,6.85,8.2,,Yes,7.37
Silty,Barley,1164.1,33.8,7.23,102.7,0.79,5.2,8.25,Yes,8.29
Clay,Maize,1508.7,21.0,6.67,,4.86,8.0,6.2,Yes,10.46
Silty,Soybean,738.0,24.6,6.31,,3.09,6.1,,Yes,7.97
Clay,Rice,,27.2,6.26,192.4,4.49,7.2,4.86,No,9.1
Clay,Maize,1076.6,31.6,6.54,219.6,,7.2,,No,9.63
Silty,Cotton,639.3,19.1,6.44,21.1,8.06,6.6,11.36,No,5.7
Sandy,Wheat,868.5,,5.51,102.9,0.71,9.3,1.14,Yes,6.49
Silty,Cotton,811.5,30.7,6.04,154.8,7.1,8.2,7.79,Yes,7.4
Peaty,Cotton,729.4,22.6,6.84,104.3,5.11,6.6,2.97,Yes,7.91
Sandy,Barley,887.6,20.8,6.51,182.5,7.41,9.1,0.64,Yes,8.04
Peaty,Cotton,,34.8,6.66,137.0,3.57,6.6,2.52,Yes,5.77
Silty,Maize,1291.3,29.1,7.02,18.5,10.03,9.5,5.5,No,9.32
Clay,Maize,766.4,24.8,5.57,118.5,,5.7,1.63,Yes,11.11
,Wheat,911.2,24.5,6.89,225.7,0.39,4.7,1.9,No,7.24
Loamy,Rice,743.9,28.6,6.52,90.6,2.79,6.8,2.76,No,9.08
Sandy,Wheat,976.2,29.6,7.38,138.4,,6.3,0.59,,7.79
Clay,Rice,211.2,15.9,7.43,208.4,4.0,10.5,,Yes,8.44
Loamy,Maize,1049.7,24.1,6.65,26.7,5.11,8.3,4.4,,11.94
Peaty,Soybean,500.4,20.0,6.41,48.7,5.21,5.7,6.35,Yes,7.3
Clay,Rice,1009.3,20.4,5.77,,6.39,7.4,3.48,,8.77
Loamy,Wheat,816.0,18.1,6.01,104.5,7.34,7.1,2.37,No,8.93
Peaty,Soybean,1224.5,23.5,5.66,131.9,5.18,7.7,3.98,Yes,7.0
Sandy,Cotton,630.6,23.2,6.51,209.4,2.85,9.0,2.32,No,5.81
Loamy,Wheat,1011.2,21.7,5.51,219.4,4.99,7.3,3.85,No,8.3
Loamy,Maize,555.6,17.9,6.44,162.8,4.33,,1.87,Yes,12.02
Loamy,Maize,1144.2,25.2,5.7,160.0,5.17,7.3,1.94,Yes,12.0
Clay,Soybean,554.1,29.3,7.09,237.2,4.91,4.6,4.16,Yes,6.85
Sandy,Soybean,854.2,24.7,6.07,190.3,,5.0,2.49,No,6.71
Peaty,Wheat,816.7,27.1,5.51,301.9,4.53,9.5,38.51,Yes,8.99
Loamy,Maize,886.0,19.5,6.38,27.4,5.17,8.2,2.96,Yes,10.81
Sandy,Wheat,756.2,18.5,5.77,160.0,,5.9,3.49,Yes,7.79
Sandy,Barley,992.1,13.8,6.48,182.6,7.21,9.0,0.72,Yes,7.49
Sandy,Rice,1181.3,30.9,6.0,170.1,8.48,8.9,,No,7.9
Loamy,Wheat,902.7,23.4,5.9,186.6,,8.2,7.44,No,8.47
Peaty,Barley,870.9,27.2,,175.1,3.37,11.0,4.67,No,8.34
Silty,Barley,1074.3,21.5,6.71,173.1,4.06,,0.83,Yes,8.48
Silty,Wheat,951.8,15.6,6.68,170.9,6.45,5.8,3.28,No,8.79
Sandy,,571.1,25.1,5.86,140.0,4.37,4.5,2.93,No,6.59
Loamy,Wheat,,14.7,6.69,162.0,7.99,5.3,9.14,No,8.15
Loamy,Maize,1048.6,24.6,6.5,242.6,7.21,6.6,0.74,No,11.03
Peaty,Rice,1193.9,14.9,4.54,180.5,7.42,8.8,2.61,No,7.54
Loamy,Cotton,769.0,25.4,6.08,154.8,5.66,8.9,0.47,No,7.45
Loamy,Cotton,418.3,20.7,7.03,121.1,5.37,10.7,1.89,No,6.39
Silty,Wheat,904.9,19.3,,162.9,7.48,7.7,8.38,No,7.87
,Cotton,994.1,26.3,7.75,127.9,2.44,6.6,1.36,Yes,7.52
Silty,Barley,1353.7,15.6,5.61,162.9,7.14,6.2,,Yes,7.8
Peaty,Barley,1414.1,36.0,6.43,28.4,7.8,7.7,2.1,Yes,6.29
Loamy,Cotton,1194.4,29.9,6.85,124.1,4.41,7.2,3.52,Yes,7.75
Loamy,Maize,685.0,17.1,6.18,76.7,7.11,9.7,4.22,No,11.55
Sandy,Wheat,967.4,25.7,7.05,162.1,6.42,9.0,6.65,No,7.02
Clay,Cotton,800.1,30.9,6.4,118.2,5.38,9.7,3.27,Yes,6.46
Silty,Maize,682.2,13.4,6.43,204.0,7.3,8.6,4.18,,10.22
Clay,Cotton,728.1,28.3,5.41,,7.95,6.5,15.31,No,6.34
Loamy,Maize,941.8,25.2,7.55,88.6,5.74,9.6,1.24,No,10.57
Clay,Wheat,1142.9,13.7,6.45,71.3,6.12,7.6,4.25,Yes,8.46
Peaty,Cotton,1056.0,22.2,7.87,107.6,1.36,7.6,1.22,,6.23
Sandy,Maize,613.0,17.2,7.16,,5.52,7.4,,No,9.86
Clay,Wheat,280.9,20.7,6.91,107.8,4.96,8.1,9.15,Yes,8.21
Peaty,Rice,1176.6,27.3,7.85,157.2,6.01,9.9,1.08,Yes,9.17
Clay,,1036.3,26.8,7.02,61.5,,8.3,16.89,Yes,8.16
Loamy,Soybean,684.5,19.9,6.52,25.8,5.18,8.0,,Yes,7.9
,Maize,1194.8,26.4,7.99,158.2,,6.8,33.2,Yes,10.94
Silty,Cotton,663.9,15.6,6.29,130.2,7.66,11.1,9.5,No,6.33
Sandy,Cotton,,31.2,,119.8,4.99,8.2,9.53,Yes,6.16
Loamy,Rice,735.6,32.8,6.06,152.0,5.16,4.7,8.27,Yes,8.97
Silty,Rice,666.6,19.9,5.7,154.3,9.14,5.8,0.88,Yes,9.68
Sandy,Barley,652.7,12.2,6.63,,8.56,6.7,2.27,No,6.62
,Rice,811.9,21.3,7.05,120.3,0.23,6.5,1.17,Yes,10.1
Sandy,Rice,583.0,23.3,6.52,177.4,10.17,5.5,13.75,No,7.47
Sandy,,1283.7,34.0,7.29,131.4,3.41,7.5,0.93,No,5.89
Peaty,Rice,720.1,25.2,5.95,224.1,5.69,6.5,5.63,Yes,9.72
Sandy,Barley,1027.3,21.2,7.37,241.6,2.13,6.2,7.58,No,6.36
Loamy,Cotton,1213.7,20.5,5.92,55.8,2.85,8.8,3.01,Yes,7.98
Sandy,Barley,1041.4,18.5,7.42,108.1,2.16,8.4,2.78,No,6.96
Peaty,Wheat,,30.0,7.22,158.1,8.54,4.8,1.03,No,6.85
Sandy,Barley,687.8,29.1,6.28,,1.55,6.8,4.75,Yes,7.96
Silty,Cotton,851.4,21.9,5.82,192.2,1.85,4.3,1.87,Yes,6.98
Peaty,Maize,1022.0,14.5,6.15,157.7,10.15,9.1,11.28,No,9.84
Clay,Soybean,,31.9,5.89,154.7,3.04,6.0,3.08,Yes,7.96
Loamy,Rice,838.8,22.2,6.75,158.6,3.57,7.5,7.08,No,9.73
Clay,Barley,1216.7,21.9,7.25,54.4,3.99,5.3,0.58,Yes,7.59
Sandy,Barley,690.4,19.4,6.42,140.4,4.87,8.9,1.17,Yes,8.2
Silty,Barley,809.9,26.3,7.0,,6.72,6.3,2.48,No,7.93
Peaty,Soybean,1036.8,20.9,6.59,177.1,6.26,8.6,8.32,No,8.41
Peaty,Rice,511.0,17.9,,140.1,5.85,9.4,,Yes,9.72
Loamy,Soybean,661.1,27.7,5.01,268.8,1.74,8.6,3.8,Yes,7.89
Silty,Barley,340.6,21.8,6.56,113.4,1.89,4.4,4.61,Yes,7.2
Clay,Barley,1202.9,34.3,4.73,111.1,3.36,8.0,12.19,No,5.91
Silty,Wheat,996.8,25.6,5.8,83.0,4.52,7.0,3.08,No,8.11
Clay,Soybean,613.8,32.2,5.59,155.0,2.55,6.8,1.98,Yes,6.25
Peaty,Barley,891.1,28.4,6.63,118.0,4.32,7.4,1.31,Yes,7.63
Silty,Soybean,450.0,15.7,6.51,117.7,2.07,8.3,3.99,No,7.33
Loamy,Barley,724.2,27.4,6.64,152.0,0.66,7.0,3.0,No,7.95
Clay,Rice,673.9,26.7,7.03,181.4,8.25,6.3,2.46,Yes,9.21
Clay,Maize,948.8,23.8,7.71,222.3,5.04,7.8,27.81,No,10.63
Clay,Rice,1069.8,21.8,6.05,242.2,0.0,8.3,10.39,No,8.81
Clay,Wheat,807.9,30.9,5.34,182.2,7.87,6.4,8.07,Yes,7.3
Peaty,Maize,1029.5,12.7,6.13,139.2,5.23,7.5,18.26,Yes,10.84
Silty,Soybean,632.7,27.3,,155.4,3.37,5.1,17.93,No,6.32
Peaty,Maize,873.1,18.4,6.02,33.0,1.78,7.9,4.02,No,9.44
Sandy,Maize,935.7,29.5,6.75,208.0,2.26,8.2,6.97,Yes,10.51
Clay,Wheat,1118.6,19.5,5.69,179.3,6.72,7.9,1.85,No,7.68
Clay,Soybean,692.9,17.1,,230.7,5.8,6.6,1.59,No,6.49
Peaty,Cotton,390.6,17.4,7.65,211.8,4.94,9.3,5.69,Yes,6.55
Peaty,Barley,1043.5,28.2,6.63,166.4,1.69,6.4,2.53,No,7.89
Sandy,Cotton,858.3,37.8,5.62,119.8,,8.7,2.29,Yes,5.37
Clay,Barley,602.5,24.6,5.44,198.9,0.03,7.4,8.72,Yes,7.14
Silty,Wheat,1095.7,16.9,6.79,181.6,4.47,6.5,1.06,Yes,8.93
Peaty,Soybean,914.4,25.8,,267.7,4.62,7.0,4.17,Yes,9.15
Peaty,Soybean,1118.1,23.0,6.1,207.7,6.74,4.9,2.46,Yes,8.84
Sandy,,717.7,23.8,5.92,174.9,5.04,6.9,5.02,Yes,8.21
Clay,Maize,1158.2,30.2,6.7,192.7,0.61,5.1,1.65,Yes,10.86
Peaty,Wheat,1021.2,,6.58,129.0,6.14,6.3,4.45,Yes,8.37
Peaty,Wheat,753.6,24.0,6.79,67.3,8.46,6.0,2.21,No,6.71
Sandy,Barley,3199.5911849282625,18.8,7.92,118.8,1.24,8.5,2.41,Yes,7.1
Sandy,Maize,846.4,21.9,6.73,382.1,9.08,7.4,1.09,No,8.89
Loamy,Barley,1018.6,17.6,6.04,175.9,4.24,8.7,,Yes,9.17
Sandy,Cotton,923.4,30.8,6.36,70.2,6.83,6.1,1.8,No,5.1
Clay,Barley,998.5,24.2,5.22,170.8,4.49,8.5,7.36,Yes,8.36
Sandy,Barley,827.5,24.7,6.01,129.3,7.59,7.1,1.88,No,7.81
Loamy,Barley,,21.3,7.55,73.0,4.49,9.6,,Yes,8.38
Loamy,Cotton,767.9,17.4,6.83,262.1,1.32,9.2,4.43,No,6.56
Peaty,Wheat,761.5,23.9,6.84,164.4,6.45,7.5,3.65,Yes,8.92
Peaty,,688.0,26.0,6.09,147.1,0.48,5.8,5.77,Yes,9.19
Sandy,Cotton,952.2,27.7,,114.2,2.44,7.0,,No,6.8
Loamy,Maize,360.2,17.4,6.1,199.1,6.08,6.7,1.39,Yes,11.18
Clay,Cotton,1045.1,33.2,7.04,11.6,5.63,5.4,4.3,Yes,5.64
Silty,Cotton,522.9,16.3,6.37,,,6.6,1.4,Yes,6.94
Loamy,Barley,650.1,28.3,6.42,137.3,4.86,4.4,1.53,No,7.6
Loamy,Barley,785.7,18.1,5.5,170.2,4.86,5.8,2.79,Yes,8.8
Peaty,Rice,987.9,28.3,6.24,208.3,6.38,4.2,2.04,Yes,9.79
Clay,Rice,796.5,16.7,6.87,277.8,5.29,8.4,7.46,Yes,9.72
Silty,Rice,806.5,20.4,4.89,158.4,1.92,9.2,0.79,No,8.94
Silty,Maize,1163.9,18.9,6.38,162.8,2.57,10.0,2.8,Yes,11.36
Sandy,Maize,723.8,22.2,6.1,,10.73,8.1,1.81,No,9.2
Loamy,Soybean,1182.9,20.4,7.58,85.9,,7.1,2.53,No,7.55
Sandy,Cotton,894.6,29.0,6.67,145.9,7.16,7.6,2.32,No,6.12
Clay,Rice,787.3,16.1,6.63,171.6,5.17,7.2,13.41,No,8.79
Peaty,Cotton,1349.6,15.5,7.44,217.1,,6.9,5.55,No,5.42
Clay,Cotton,1091.3,25.0,4.61,120.1,3.54,7.8,3.09,No,5.66
Sandy,Soybean,1061.9,18.9,8.36,141.7,4.19,6.2,3.34,Yes,6.52
Sandy,Barley,1076.9,29.6,6.7,113.3,1.46,4.0,1.29,No,6.52
Sandy,Wheat,534.0,18.9,6.62,77.6,5.88,4.4,23.51,Yes,8.56
Clay,,1341.2,21.4,6.17,,0.0,7.3,5.67,No,5.99
Sandy,Soybean,1076.8,18.5,5.71,71.5,2.43,8.9,6.47,No,6.31
Loamy,Soybean,1000.4,25.3,5.56,170.9,6.79,8.9,1.52,No,8.15
Sandy,Maize,782.5,23.2,6.08,170.5,7.75,7.8,1.02,Yes,10.92
Loamy,Soybean,1064.1,31.0,5.96,259.9,4.05,3.0,10.38,No,7.06
Peaty,Barley,627.2,25.2,5.35,89.7,5.71,8.4,4.29,Yes,7.05
Peaty,Rice,1114.7,28.6,7.78,98.5,5.21,8.2,2.2,Yes,9.17
Sandy,Maize,936.0,11.7,6.68,205.1,5.77,8.1,0.96,No,9.64
Sandy,Cotton,1359.1,,7.73,290.1,1.19,5.2,1.93,Yes,5.95
Loamy,Cotton,810.1,23.4,7.35,133.7,9.44,6.6,1.79,Yes,8.28
Sandy,Cotton,543.8,22.2,6.33,147.5,3.28,8.0,5.84,Yes,6.53
Loamy,Cotton,691.9,20.8,6.95,87.6,3.27,7.4,2.26,Yes,8.49
Clay,Soybean,916.8,21.9,7.14,228.0,11.32,6.6,1.28,No,7.83
Silty,Rice,1022.2,30.7,5.1,173.3,7.73,6.5,2.66,No,7.69
Clay,Rice,643.6,28.6,6.35,210.5,4.73,8.4,1.21,Yes,9.15
Peaty,Soybean,748.6,26.6,7.09,189.6,5.99,10.6,8.63,Yes,8.45
Loamy,Soybean,1265.3,23.2,5.09,136.3,2.21,9.2,9.56,No,7.93
Silty,Rice,1026.7,31.3,,180.6,7.75,9.6,7.06,Yes,9.01
Clay,Cotton,1249.3,25.3,5.7,137.4,3.7,5.3,8.74,No,6.54
Sandy,Rice,958.2,25.3,7.17,123.1,4.28,7.6,8.08,Yes,9.07
Sandy,Barley,640.3,21.2,5.77,136.5,3.31,8.7,0.73,No,7.79
Peaty,Soybean,970.2,25.5,7.92,,6.63,6.2,2.91,Yes,7.13
Loamy,Maize,472.4,17.3,6.03,231.4,5.92,8.9,0.5,No,11.28
Clay,Rice,1047.8,21.8,,210.4,2.92,,1.94,No,8.41
Clay,Maize,1040.6,27.4,6.88,258.1,10.38,7.3,0.94,No,10.21
,Soybean,786.3,21.4,6.9,111.7,0.0,8.7,2.9,Yes,8.43
Loamy,Wheat,728.4,21.2,6.87,122.2,7.09,8.0,6.07,No,8.16
Peaty,Barley,954.3,24.6,7.19,110.1,2.2,4.8,1.82,No,7.56
Silty,Cotton,937.8,30.4,7.27,161.3,,8.4,,No,6.77
Clay,Rice,657.3,26.4,7.6,,5.99,10.2,1.94,Yes,8.74
Peaty,Barley,564.1,34.6,,112.8,1.51,7.7,2.01,Yes,7.32
Clay,Soybean,817.3,,6.89,240.1,5.25,,1.54,No,7.18
Loamy,Soybean,1138.7,25.5,7.85,165.3,2.33,6.8,4.26,No,7.23
Silty,Barley,1449.2,23.1,7.55,,1.3,9.6,11.46,,7.9
Loamy,Cotton,1303.2,22.4,6.18,132.6,9.36,8.3,3.66,Yes,8.57
Peaty,Rice,860.5,24.8,6.91,168.5,3.98,5.6,1.14,Yes,9.6
Peaty,,1037.9,23.2,6.39,105.7,3.87,6.5,1.41,Yes,7.39
Loamy,Barley,679.8,28.2,8.1,129.9,8.56,11.4,1.39,No,6.86
Sandy,Soybean,815.6,20.5,6.63,144.9,8.22,10.2,1.99,No,7.45
Silty,Soybean,949.0,22.8,6.56,221.1,3.64,7.1,3.42,,8.38
Peaty,Soybean,971.4,27.0,7.36,,0.26,9.7,1.07,No,7.57
Sandy,Maize,673.6,24.6,7.23,220.0,3.88,11.1,3.5,No,10.29
Silty,Barley,1124.0,14.4,5.4,151.6,6.34,8.6,7.7,Yes,8.34
Peaty,Maize,1001.0,16.1,6.09,73.3,10.74,9.4,2.02,Yes,11.2
Loamy,Rice,524.5,20.8,7.24,,2.74,5.6,15.69,No,8.39
Clay,Cotton,868.4,26.7,8.22,,6.25,11.3,1.68,No,5.21
Loamy,Rice,548.8,23.2,6.2,172.4,6.7,5.8,1.27,No,9.28
Silty,Cotton,993.1,17.7,7.06,138.4,3.45,9.5,2.17,Yes,7.33
Sandy,Barley,1000.5,15.8,7.36,74.4,4.05,8.3,1.92,No,8.01
Silty,Wheat,806.9,,6.71,201.9,5.47,9.9,0.58,No,7.44
Loamy,Rice,697.9,24.6,6.5,154.7,2.64,4.7,2.14,No,9.38
Loamy,Cotton,968.2,22.4,7.18,55.5,2.88,3.4,5.67,Yes,7.16
Sandy,Barley,875.0,23.6,,175.3,3.62,3.0,4.84,Yes,7.21
Loamy,Soybean,765.7,25.9,7.26,10.5,1.0,8.7,4.43,Yes,7.78
Peaty,Cotton,833.4,28.8,6.53,137.7,5.93,9.6,1.3,Yes,7.18
Loamy,Barley,843.6,29.5,5.83,165.7,4.01,6.8,2.8,Yes,9.46
Loamy,Wheat,1253.7,22.6,5.1,186.7,6.89,6.4,3.19,Yes,9.05
Clay,Maize,1100.1,18.7,7.29,102.3,3.94,8.7,32.39,Yes,11.42
Peaty,Maize,1042.6,33.6,6.72,240.0,7.96,8.5,1.67,No,9.47
Silty,Rice,924.7,28.8,5.87,129.6,4.79,4.7,14.23,Yes,9.18
Sandy,Cotton,905.4,26.1,5.59,191.9,3.33,6.4,1.82,Yes,7.05
Loamy,Rice,766.6,16.8,6.89,164.1,7.34,9.2,1.42,No,9.23
Sandy,Wheat,660.9,35.7,6.23,,6.79,8.8,2.23,Yes,7.08
Silty,Maize,609.5,27.3,5.94,112.9,,7.6,1.43,Yes,10.86
Clay,Wheat,876.9,22.2,6.45,208.9,3.71,8.2,4.72,Yes,9.46
Loamy,Maize,717.1,28.4,4.47,221.3,3.02,7.5,6.09,Yes,10.09
Clay,Cotton,892.8,15.2,6.7,99.2,6.61,7.7,2.62,Yes,7.73
Silty,Rice,975.7,23.1,6.87,124.5,3.69,9.0,3.27,Yes,9.73
Clay,Cotton,1243.3,32.4,8.06,22.5,6.14,6.5,1.45,Yes,4.61
Loamy,Soybean,928.9,24.2,6.45,63.8,4.83,8.3,1.01,,8.88
Loamy,Rice,872.6,33.5,5.79,77.4,4.54,8.5,3.64,No,8.87
Silty,Cotton,1281.0,24.7,6.66,161.3,4.73,10.1,,No,6.36
Clay,Wheat,1092.7,20.7,5.45,147.1,6.61,6.6,8.86,Yes,8.48
Loamy,Maize,750.2,34.4,6.04,53.1,4.46,6.5,1.8,No,10.04
Peaty,Soybean,1225.5,24.2,,104.6,4.74,7.9,2.19,No,7.51
Peaty,Wheat,1221.5,28.1,,87.8,4.19,7.3,0.5,,7.79
Loamy,Rice,,26.6,5.4,150.8,7.4,9.4,7.1,Yes,9.75
Peaty,Cotton,794.1,,5.42,106.8,6.32,7.4,0.81,Yes,6.13
Loamy,Barley,1011.9,26.2,6.98,93.3,9.0,7.3,2.32,Yes,8.33
Sandy,Barley,1391.5,23.4,5.54,279.6,4.83,7.6,1.24,No,7.09
Clay,Barley,857.2,20.7,6.82,220.8,3.62,8.4,2.78,,8.83
Sandy,Rice,750.8,21.6,7.17,91.4,4.65,8.6,20.09,No,9.3
Sandy,Cotton,721.1,21.6,6.79,83.9,1.44,7.5,3.72,Yes,6.12
Sandy,Rice,541.1,25.1,,180.9,0.66,9.5,30.82,No,7.86
Sandy,Maize,709.6,12.7,5.87,124.1,2.65,11.0,,Yes,10.07
Peaty,Wheat,559.0,18.0,6.96,141.2,7.22,4.9,0.27,Yes,7.53
Peaty,Wheat,1088.4,23.5,6.58,236.4,4.87,5.6,6.27,No,7.57
Loamy,Maize,966.6,36.3,7.26,81.3,0.31,6.8,4.36,Yes,9.59
Peaty,Maize,1097.1,27.1,4.25,107.9,4.56,9.1,0.64,Yes,9.65
Loamy,Rice,,23.8,5.77,149.5,0.45,6.2,1.77,Yes,9.97
Silty,Wheat,1032.0,26.5,7.07,265.4,11.47,9.1,13.05,No,8.07
Silty,Maize,814.7,21.2,5.48,,4.81,7.7,1.84,No,9.75
Sandy,Cotton,918.3,23.6,7.75,274.1,4.57,7.2,6.59,Yes,7.63
Silty,Rice,1422.3,24.1,,123.3,5.32,9.5,1.07,Yes,9.66
Silty,Barley,1338.2,,6.16,202.5,7.57,8.8,1.22,Yes,8.5
Peaty,Wheat,652.3,21.3,7.37,93.6,5.95,7.5,2.26,No,7.7
Peaty,Barley,602.9,24.7,6.72,314.1,7.33,6.5,1.64,Yes,7.87
Loamy,Soybean,1249.4,29.5,5.97,42.8,7.17,7.9,3.86,Yes,8.28
Peaty,Cotton,1043.6,18.5,6.86,175.3,4.38,4.2,6.12,,7.64
Loamy,Cotton,471.7,19.3,7.06,110.9,0.62,7.1,3.03,No,6.38
Silty,Wheat,920.6,27.8,6.88,50.3,4.2,5.7,13.33,Yes,7.49
Peaty,Rice,783.6,25.3,7.13,106.0,6.0,,3.16,Yes,9.0
Peaty,Maize,1215.3,29.2,5.62,221.2,2.03,6.1,3.49,Yes,10.1
Silty,Rice,507.3,17.2,6.6,129.1,5.63,8.4,1.47,No,9.36
Clay,Maize,813.4,24.4,6.56,100.1,5.16,5.9,25.68,Yes,10.75
Clay,Wheat,909.5,33.6,6.44,107.7,3.38,9.3,2.22,No,6.82
Silty,Wheat,964.5,34.7,6.75,196.0,3.38,4.9,2.08,No,6.38
Peaty,Rice,845.3,25.6,5.87,90.6,7.68,7.2,1.45,No,9.44
Loamy,Barley,901.3,20.6,7.29,99.5,1.86,10.3,4.22,Yes,9.25
Clay,Maize,408.2,23.1,6.23,266.0,8.06,9.3,0.7,,10.48
Peaty,Rice,866.0,32.8,6.44,143.1,7.99,7.6,0.48,Yes,9.56
Peaty,Rice,766.0,17.4,6.66,143.0,,,,No,8.9
Clay,Cotton,1216.0,17.4,6.07,220.6,0.83,8.0,9.01,Yes,7.38
Silty,Maize,1202.3,35.3,6.24,51.1,2.49,5.7,1.31,Yes,9.09
Clay,Wheat,904.1,24.1,7.6,84.4,7.7,8.0,4.47,No,7.67
Sandy,Soybean,744.1,16.8,7.21,162.1,5.87,9.0,9.78,Yes,8.22
Silty,Barley,,23.3,6.72,149.3,5.03,8.0,16.77,No,7.8
Sandy,Barley,,18.8,6.39,146.8,5.68,6.2,1.41,No,7.1
Loamy,Barley,1147.7,16.1,5.49,94.5,3.17,8.1,1.81,Yes,8.65
Silty,Wheat,665.5,24.5,6.19,192.0,0.84,9.4,7.03,Yes,8.85
Silty,Barley,900.8,23.0,6.61,150.6,5.57,7.8,2.73,Yes,8.28
Peaty,Maize,682.4,,6.03,172.4,6.06,9.0,2.0,No,9.8
,Soybean,1083.2,17.1,7.14,220.1,0.0,,4.83,Yes,9.35
Peaty,Wheat,1010.1,18.2,6.08,159.8,3.82,4.6,8.96,,8.65
Clay,Maize,279.5,22.2,6.51,152.7,8.78,7.1,0.88,No,9.47
Loamy,Rice,1090.5,31.5,6.04,311.9,4.44,6.7,12.58,Yes,9.44
Loamy,Rice,948.3,18.8,7.53,83.5,6.19,7.2,1.39,No,9.46
Sandy,Maize,1145.3,22.1,5.77,,3.65,9.3,,Yes,10.8
Loamy,Wheat,929.4,21.6,6.71,185.6,8.3,4.0,2.77,No,8.52
Silty,Wheat,,27.3,6.69,116.7,6.05,9.1,8.87,,9.73
Sandy,Cotton,1395.9,24.2,6.0,160.8,4.57,7.9,11.51,No,6.05
Peaty,Rice,1226.1,33.2,6.48,97.9,5.05,8.6,10.1,Yes,9.45
Peaty,Maize,866.6,21.7,6.59,209.3,5.93,8.5,10.13,Yes,11.27
Silty,Maize,822.0,25.6,7.24,74.8,2.94,6.6,2.63,No,10.01
Loamy,Rice,1267.7,29.6,7.43,180.5,5.15,7.2,,Yes,10.46
Clay,Soybean,1196.1,16.7,7.88,212.9,8.8,7.2,6.7,Yes,7.78
Clay,Barley,547.5,20.8,6.81,231.5,7.59,8.9,5.31,Yes,8.67
Peaty,Wheat,1068.7,28.8,7.12,159.8,5.37,9.0,3.5,Yes,8.32
,Soybean,1145.0,33.4,6.04,125.2,5.91,7.0,4.94,Yes,7.28
Sandy,,853.5,37.5,6.76,134.4,0.61,4.5,1.3,No,8.63
Loamy,Cotton,722.4,29.8,5.86,56.4,0.5,9.2,5.16,No,6.52
Loamy,Maize,876.1,24.1,,212.4,3.35,8.4,4.67,Yes,10.36
Sandy,Soybean,909.5,,6.03,111.3,7.4,7.0,2.23,Yes,7.53
Peaty,,701.0,26.9,6.86,293.3,6.77,6.5,9.6,No,8.7
Peaty,Maize,1025.8,25.6,7.41,81.9,7.37,5.5,2.33,Yes,10.21
Peaty,Rice,586.6,7.8,,251.7,5.2,8.1,3.91,Yes,7.77
Silty,Cotton,868.0,31.1,5.64,27.5,4.82,5.9,0.52,No,5.86
Peaty,Wheat,1128.3,26.1,5.47,153.0,10.5,4.8,5.45,No,6.94
Loamy,Cotton,985.6,25.0,6.5,177.0,2.87,9.4,8.34,No,7.83
Sandy,Maize,1125.2,15.9,6.94,174.9,3.72,5.9,2.47,Yes,10.23
Clay,Cotton,979.3,25.4,7.2,122.3,9.66,7.0,12.0,No,6.75
Loamy,Soybean,563.1,20.5,6.44,134.4,6.63,6.7,0.87,Yes,8.67
Peaty,Rice,870.5,27.5,7.08,36.0,7.19,7.2,1.94,No,9.11
Sandy,Soybean,1444.5,21.0,6.14,127.5,3.75,5.5,8.03,No,5.82
Sandy,Soybean,882.9,23.1,7.39,132.8,0.89,7.5,3.31,No,5.85
Sandy,Soybean,493.9,23.8,7.21,144.5,4.05,6.5,4.7,Yes,7.48
Peaty,Wheat,571.6,18.7,7.56,211.1,1.29,8.8,6.54,No,7.14
Silty,Rice,1277.4,31.4,,136.6,8.1,7.3,2.27,Yes,9.04
Peaty,Rice,487.0,20.5,6.07,153.8,3.85,7.0,3.6,Yes,9.3
Silty,Soybean,277.6,24.6,7.31,270.4,4.46,8.3,5.7,Yes,6.73
Clay,Soybean,958.0,17.7,7.65,109.6,4.07,5.8,0.93,Yes,7.93
Peaty,Maize,,21.7,,137.1,4.81,5.4,5.9,No,9.9
Silty,Soybean,660.6,16.7,6.78,151.1,6.46,6.2,2.73,Yes,7.6
Sandy,Maize,954.8,24.0,6.08,,4.61,10.0,10.17,Yes,10.45
Sandy,Cotton,1232.9,28.1,6.65,216.5,7.35,7.3,6.78,No,7.18
Sandy,Cotton,1278.8,24.0,6.46,128.8,6.32,7.7,2.16,Yes,7.87
Peaty,Wheat,608.0,35.0,6.51,86.6,6.49,8.8,1.9,,6.62
Silty,Rice,505.2,29.9,7.19,115.8,4.52,2.2,2.51,No,7.39
Sandy,Rice,,22.0,4.85,203.3,7.39,5.6,3.38,Yes,8.23
Peaty,Rice,911.2,16.7,7.34,104.9,2.02,8.0,10.81,No,8.87
Loamy,Cotton,424.7,20.7,7.08,88.8,2.22,5.5,,No,6.29
Sandy,Rice,1121.3,26.5,7.25,166.9,2.25,8.2,1.77,No,8.76
Silty,Soybean,625.5,20.4,5.97,163.5,5.82,8.8,11.71,No,8.0
Loamy,Wheat,794.2,37.6,7.06,119.6,5.89,5.9,5.43,Yes,7.94
Silty,Wheat,995.3,18.6,5.95,161.0,5.49,6.4,1.07,Yes,9.13
Loamy,,520.3,21.4,6.6,161.8,6.41,8.8,3.55,No,8.63
Silty,Barley,961.7,22.1,7.41,234.5,6.15,10.0,4.81,Yes,9.31
,Maize,965.6,17.2,7.2,,2.09,5.1,2.16,No,10.48
Clay,,,27.4,7.51,98.8,8.69,7.0,6.14,No,9.38
Silty,Maize,1417.3,24.5,7.38,197.9,6.2,7.4,6.76,No,10.16
Clay,Rice,789.7,25.3,7.15,161.8,5.4,6.6,0.42,No,9.21
Clay,Rice,969.2,25.5,6.18,179.5,5.96,10.3,0.88,Yes,10.09
Silty,Maize,683.7,13.4,6.69,135.9,4.52,8.2,5.76,No,10.48
,Wheat,813.1,13.2,6.46,234.1,,5.7,2.15,No,6.77
Silty,Wheat,789.0,23.9,6.53,53.9,10.38,8.3,2.09,No,7.77
Peaty,Cotton,743.6,19.0,8.43,241.5,8.47,7.5,1.17,Yes,6.55
Peaty,Maize,1458.5,16.2,7.72,87.4,7.54,5.9,2.93,Yes,9.82
Clay,Barley,788.5,16.2,5.06,116.3,1.95,4.9,14.55,No,6.34
Silty,Soybean,922.3,24.5,4.77,166.3,8.0,10.1,21.53,,7.72
Sandy,Cotton,933.4,25.0,5.64,204.2,8.41,9.0,,Yes,6.71
Silty,Soybean,601.5,20.4,7.77,187.8,5.06,3.6,0.84,Yes,7.76
Sandy,Maize,417.7,32.8,5.88,,4.68,8.2,7.71,Yes,9.95
Sandy,Barley,877.3,25.9,6.68,184.2,2.42,9.8,9.42,No,7.2
Silty,Cotton,,26.9,6.5,161.9,9.62,8.5,9.75,No,6.43
Clay,Barley,1113.2,26.2,6.3,265.2,7.08,8.1,1.95,No,7.96
Peaty,Maize,1273.1,28.9,6.66,120.1,0.71,8.6,4.61,Yes,10.93
Loamy,Maize,784.6,19.3,6.85,161.1,8.83,6.1,6.9,No,11.56
Sandy,Rice,432.4,22.3,6.3,90.6,5.31,7.0,4.32,Yes,8.43
Silty,Soybean,747.6,18.5,5.76,106.7,4.71,7.1,1.26,No,7.5
Loamy,Rice,1181.1,21.4,6.53,210.3,6.59,8.7,6.78,No,9.83
,Rice,907.4,,7.02,165.5,6.63,,1.91,No,9.02
Sandy,Barley,1407.8,23.3,5.85,182.3,0.0,10.2,9.45,Yes,8.03
,Rice,1276.2,22.5,6.89,153.1,1.86,8.5,0.33,Yes,10.07
Loamy,Rice,1239.8,19.3,5.67,99.9,8.79,8.6,4.03,No,8.83
Clay,Rice,1526.3,18.7,5.74,190.5,5.38,8.3,,No,8.26
Sandy,Soybean,718.9,23.6,,249.9,3.71,8.3,3.43,No,6.97
Silty,Rice,818.3,25.5,5.54,,6.15,9.0,1.19,No,9.16
Sandy,Soybean,987.4,17.2,7.72,170.7,5.23,8.9,3.3,Yes,8.22
Peaty,Soybean,1358.6,24.6,5.54,112.0,6.02,8.3,4.14,Yes,8.0
Clay,Rice,834.7,26.1,5.52,255.2,5.95,8.3,4.96,Yes,8.97
Peaty,Rice,1017.6,26.8,8.22,114.3,4.18,7.6,9.01,Yes,8.03
Silty,Wheat,1136.1,17.7,7.13,,5.6,7.0,14.32,Yes,8.89
Sandy,Rice,,20.6,7.45,135.1,7.51,7.1,2.03,No,7.98
Loamy,Barley,820.3,24.7,8.51,,2.34,7.9,7.59,No,7.23
Peaty,,,20.3,4.5,148.9,4.38,8.1,,Yes,6.56
Loamy,Wheat,,23.0,7.3,242.5,5.48,8.2,2.88,No,7.88
Sandy,Rice,837.6,24.3,6.09,203.1,7.62,9.3,5.86,No,9.24
Peaty,Barley,566.1,19.2,6.83,199.9,2.68,7.3,,No,6.51
Loamy,Wheat,1380.1,18.0,5.43,98.4,7.41,9.9,1.3,No,7.84
Peaty,Soybean,693.5,20.6,6.73,108.7,3.42,8.6,7.69,No,7.15
Loamy,Barley,981.2,20.7,6.69,113.9,7.23,6.5,1.01,No,8.09
Sandy,Rice,930.5,25.5,7.01,18.1,3.33,9.2,0.58,No,6.77
Clay,Soybean,759.4,21.9,6.77,133.2,,7.6,10.91,Yes,7.74
Sandy,Wheat,516.8,29.1,6.05,126.6,5.68,5.4,39.55,No,7.4
Loamy,Barley,701.7,30.1,6.63,101.9,6.3,5.1,6.66,Yes,8.55
Peaty,,1066.2,31.1,6.85,,3.66,7.2,3.02,No,9.76
Silty,Rice,944.2,18.6,6.66,174.1,8.81,7.1,11.24,No,9.95
Loamy,Rice,1347.1,24.9,6.1,143.8,3.97,7.1,1.62,Yes,9.56
Clay,Cotton,1108.7,21.5,6.46,241.6,3.95,4.9,12.31,Yes,6.51
Sandy,Wheat,1007.7,32.2,7.01,,5.15,4.6,10.58,No,5.04
Loamy,Wheat,1144.4,,6.43,,2.71,4.3,2.03,No,6.98
Peaty,Rice,1236.7,17.0,6.71,219.7,6.25,11.0,13.38,Yes,10.48
Clay,Barley,902.1,25.5,6.89,101.4,5.35,8.1,1.14,No,7.64
Silty,Maize,957.8,29.4,5.08,226.5,5.86,7.5,1.61,No,9.51
Sandy,Soybean,915.0,28.5,5.43,116.0,0.57,7.0,0.75,Yes,6.61
Loamy,Soybean,980.4,40.5,6.12,180.5,2.6,8.5,7.09,Yes,7.71
Peaty,,873.8,31.2,7.67,225.9,4.56,3.1,3.73,,5.77
Loamy,Soybean,1037.9,10.1,7.08,166.0,5.0,9.2,3.32,No,6.91
Sandy,Maize,788.2,15.4,5.93,,4.21,9.8,10.46,Yes,10.62
Sandy,Cotton,1162.2,16.9,6.79,,2.52,7.3,3.09,No,6.41
Sandy,Maize,873.1,27.9,7.43,127.6,2.54,8.5,3.98,No,9.99
Silty,Barley,974.1,32.1,7.03,225.6,7.36,9.1,6.91,No,7.92
Peaty,Cotton,952.1,22.9,5.87,199.0,3.7,8.0,6.01,Yes,7.21
Peaty,Wheat,1215.9,25.2,6.22,172.5,6.84,8.2,1.76,Yes,7.91
Silty,Soybean,1022.0,23.1,6.08,171.5,6.41,7.3,3.64,No,8.23
Peaty,Wheat,913.4,32.6,5.67,120.3,,7.2,,,6.48
Clay,Cotton,1220.5,14.5,6.81,182.5,,8.4,2.58,Yes,7.01
,Rice,965.2,42.4,6.16,254.9,7.63,8.2,2.49,No,6.24
,Wheat,744.7,24.2,6.02,190.2,3.66,7.8,4.49,Yes,8.72
Sandy,Rice,746.0,27.8,5.99,50.0,4.84,7.9,4.08,Yes,9.04
Peaty,Rice,821.7,27.3,4.86,57.5,8.04,8.6,5.65,No,8.5
Sandy,Barley,1251.3,,7.41,83.8,4.7,7.7,3.21,Yes,8.31
Sandy,Soybean,860.6,16.1,6.28,116.0,8.83,6.3,3.13,No,7.39
Clay,Maize,1126.9,24.8,6.88,27.9,4.3,4.3,5.25,No,9.2
Sandy,Soybean,1113.0,25.7,7.8,60.9,1.86,6.9,3.25,Yes,6.6
Sandy,Wheat,1441.0,28.1,,161.9,4.99,8.9,,Yes,8.23
Peaty,,1195.5,17.8,7.13,169.6,3.7,6.2,2.81,No,6.66
Clay,Cotton,,20.2,6.68,181.5,6.33,4.8,2.34,No,6.1
Clay,Cotton,707.7,18.0,6.08,128.5,5.39,6.3,2.46,No,6.34
Sandy,Maize,,19.9,8.03,206.0,3.08,6.2,2.3,Yes,10.32
,Barley,1033.3,24.1,8.35,201.0,5.49,7.7,6.93,No,7.82
Silty,Soybean,977.0,26.5,7.03,63.5,4.4,7.5,1.89,No,6.6
Loamy,Rice,1155.5,29.0,5.93,215.3,4.58,8.3,0.9,No,9.18
Loamy,Rice,1038.4,36.9,,137.5,7.83,8.6,1.85,Yes,8.23
Clay,Rice,741.5,25.7,7.53,129.8,3.1,6.5,2.53,No,9.2
Peaty,Cotton,827.6,24.6,8.39,125.3,8.59,8.6,5.87,No,6.08
Clay,Maize,745.6,27.0,6.0,92.5,5.33,10.0,19.49,Yes,10.67
Loamy,Rice,,,,128.2,4.4,8.7,9.46,Yes,10.23
Peaty,Soybean,1167.1,27.8,6.74,,7.27,8.6,8.14,No,7.19
Peaty,Soybean,988.6,,5.75,118.1,0.0,7.9,9.34,No,6.53
Silty,Wheat,989.4,23.7,7.29,157.3,1.93,7.8,1.19,No,7.68
Silty,Wheat,1001.5,16.6,6.1,119.3,1.36,9.6,1.62,Yes,8.69
Loamy,Cotton,,24.7,7.81,136.0,6.02,9.2,3.75,,7.65
Peaty,Soybean,743.8,17.3,7.21,82.1,3.93,7.6,12.97,Yes,8.13
Loamy,Barley,784.0,28.6,5.42,101.8,4.87,7.0,2.08,Yes,8.22
Loamy,Cotton,988.9,29.8,6.91,157.8,,5.6,5.98,Yes,7.42
Sandy,Maize,909.7,,7.53,157.2,1.65,9.2,2.17,No,10.03
Loamy,Soybean,743.5,23.9,7.05,162.6,6.59,4.6,3.0,No,7.17
Clay,Maize,587.8,18.2,7.13,273.6,8.69,6.5,3.97,No,9.25
Peaty,Rice,1078.5,18.4,6.9,55.5,8.19,4.8,10.9,Yes,9.12
Sandy,Soybean,1340.7,28.4,6.49,71.8,5.22,10.0,2.7,Yes,6.59
,Maize,705.4,27.6,6.33,179.5,4.17,4.6,9.52,Yes,11.75
Sandy,Soybean,1096.9,20.2,6.46,,3.32,5.9,6.07,No,6.35
Sandy,Maize,1119.5,24.0,6.41,178.0,7.97,9.3,2.46,No,9.76
Peaty,Wheat,1503.9,24.6,6.11,165.1,6.72,5.2,7.5,Yes,8.27
Peaty,Barley,699.3,30.5,5.85,137.8,2.32,7.6,2.34,No,6.64
Sandy,Cotton,1139.0,24.3,5.82,142.7,6.26,3.5,1.8,Yes,7.23
Loamy,Maize,1030.0,28.0,6.05,135.6,3.39,6.7,2.0,No,9.99
Peaty,Barley,1074.8,20.4,5.87,187.3,5.09,7.0,0.32,Yes,7.65
Clay,Soybean,1103.2,30.4,8.5,148.5,5.46,5.8,14.67,Yes,6.75
Sandy,Barley,942.4,20.6,6.4,113.1,6.27,5.0,4.1,Yes,7.79
Silty,Maize,987.2,27.8,7.06,209.7,7.97,11.4,4.08,Yes,11.8
Clay,Rice,1326.8,27.3,,57.2,4.19,,1.57,Yes,7.92
Loamy,Maize,1243.9,23.1,6.36,185.0,5.78,11.4,11.67,No,11.27
Peaty,Barley,1292.2,20.8,6.52,,,7.9,1.82,Yes,8.15
Clay,Soybean,954.3,23.9,6.52,211.7,4.02,9.3,19.17,Yes,8.12
Sandy,Wheat,1082.6,15.5,4.43,63.8,4.17,7.9,1.61,No,5.92
Clay,Barley,907.7,25.0,7.35,218.7,1.21,9.6,7.58,No,7.17
Loamy,Barley,977.1,17.2,8.06,163.9,5.04,5.3,4.52,Yes,8.36
Silty,,906.9,21.4,6.91,240.1,6.33,5.0,2.23,Yes,8.66
Clay,Rice,349.4,25.0,6.05,127.6,4.21,5.7,2.22,Yes,8.08
Clay,Rice,630.0,18.6,5.92,287.2,5.37,10.3,4.37,,8.75
Loamy,Wheat,879.0,21.8,6.44,153.0,7.68,4.5,3.16,Yes,8.99
Silty,Rice,650.5,24.4,6.64,142.1,1.5,8.0,0.92,No,8.39
Clay,Barley,1170.4,,6.56,190.0,2.7,8.8,9.44,No,7.5
Silty,Barley,644.1,22.7,5.72,95.2,8.76,8.5,6.87,Yes,8.04
Sandy,Soybean,1032.5,23.9,6.49,242.0,3.07,7.4,13.93,Yes,7.41
Loamy,Soybean,402.8,20.8,6.76,84.5,6.21,6.8,,No,7.95
Loamy,Rice,826.8,19.2,,54.3,3.14,10.8,66.85,No,9.32
Silty,Cotton,970.4,28.7,6.36,110.5,3.9,8.2,2.8,No,6.14
Sandy,Barley,753.6,26.4,7.04,,3.61,5.5,4.39,Yes,7.76
Peaty,Cotton,,23.4,6.22,133.9,7.39,5.6,6.91,,7.14
Loamy,Wheat,810.4,32.1,5.93,,6.58,6.5,1.62,No,7.72
Clay,Cotton,1025.3,21.2,5.79,129.3,3.83,8.9,3.62,No,6.03
Peaty,Maize,670.4,25.1,6.73,140.7,6.67,6.5,9.46,Yes,11.7
Loamy,Maize,1309.6,24.5,7.67,196.2,4.83,9.3,3.15,Yes,11.54
Loamy,Rice,944.4,29.0,5.68,247.1,4.23,8.6,,No,8.18
Silty,Maize,1116.7,19.4,6.07,257.9,3.9,7.0,2.29,Yes,11.37
Loamy,Soybean,724.9,18.7,6.12,216.1,5.86,9.2,17.37,,9.0
Sandy,Barley,782.6,30.3,7.54,120.3,12.85,7.6,2.71,No,5.26
Sandy,Cotton,595.2,29.6,7.56,130.0,1.0,6.0,5.24,No,4.74
Sandy,Barley,562.0,24.0,6.13,96.0,4.1,6.5,7.89,No,7.02
Sandy,Rice,1443.7,28.1,7.28,63.8,4.53,8.7,0.56,Yes,8.38
Loamy,Rice,1151.8,14.6,6.82,173.2,7.85,7.3,4.66,No,8.47
Peaty,Soybean,1024.9,29.6,6.47,99.5,3.64,9.1,2.17,,6.35
Sandy,Maize,1050.1,14.8,,24.9,5.02,10.4,6.31,Yes,9.45
Silty,Maize,,26.0,6.03,214.7,3.69,7.7,10.12,No,10.54
Clay,Maize,737.2,32.4,5.87,105.6,5.98,8.4,2.04,Yes,9.47
Sandy,Rice,1268.8,18.3,7.22,191.3,3.7,7.4,3.37,No,8.32
Clay,Wheat,1063.1,27.5,5.6,151.7,3.62,5.6,1.42,No,7.07
Sandy,Rice,1140.9,24.9,6.81,125.8,4.98,,1.99,Yes,7.93
Loamy,Maize,804.1,13.1,5.04,224.4,5.8,6.7,5.91,No,10.89
Sandy,Barley,1214.9,,7.07,42.9,2.68,6.4,1.01,Yes,7.6
Clay,Rice,884.3,21.4,6.25,,9.7,10.4,0.56,Yes,9.96
Loamy,Barley,,23.8,6.21,241.7,3.89,9.6,0.58,Yes,9.52
Peaty,Rice,1170.7,21.5,,133.8,3.92,8.7,1.03,No,8.52
Clay,Maize,957.6,,6.22,160.7,6.24,5.3,4.73,No,10.0
Loamy,Soybean,1196.1,26.3,6.81,201.7,7.4,9.6,1.26,Yes,8.3
Silty,Soybean,415.9,22.1,6.89,170.0,1.2,8.7,0.54,No,6.99
Silty,Maize,839.2,27.8,7.21,161.5,5.93,5.0,4.54,Yes,11.31
Silty,Maize,1055.3,20.0,7.59,127.5,3.78,8.8,2.11,No,10.8
Clay,Maize,1314.8,23.7,6.62,186.1,6.14,6.1,2.19,Yes,10.77
Peaty,Rice,760.6,26.5,5.62,161.6,2.66,7.5,16.85,Yes,9.98
Peaty,Maize,1029.0,24.0,7.31,135.3,1.24,8.2,7.71,Yes,10.85
Silty,Barley,892.3,31.5,6.35,92.6,3.94,6.5,5.04,Yes,7.66
Loamy,Rice,581.2,34.9,5.74,119.9,7.08,7.7,10.29,,8.71
Silty,,754.8,24.2,6.29,,,7.9,0.75,Yes,10.42
Loamy,Wheat,583.2,22.8,,233.8,1.29,8.5,2.62,Yes,10.04
Silty,Soybean,896.8,23.9,6.47,146.0,2.78,6.3,2.52,No,7.03
Loamy,Soybean,,19.7,6.66,145.2,4.11,7.5,10.45,Yes,8.93
Clay,Soybean,754.3,23.3,7.18,190.9,4.93,9.0,2.17,No,7.49
Loamy,Barley,933.4,17.4,6.17,126.9,5.54,6.9,4.91,Yes,8.27
Sandy,Cotton,1030.8,15.7,7.17,203.7,2.6,4.1,4.58,Yes,6.27
,Barley,1017.8,26.2,5.08,147.8,0.9,7.5,8.01,No,8.13
Loamy,Maize,895.4,24.7,5.78,,1.26,8.0,4.45,Yes,11.95
Sandy,Rice,563.1,,8.04,167.5,4.11,6.4,6.34,No,6.89
Peaty,Barley,782.8,30.6,7.83,144.7,6.91,8.0,2.83,No,6.28
Loamy,Wheat,875.4,27.8,4.68,111.1,5.84,9.3,10.18,No,7.34
Sandy,Barley,622.5,22.6,6.68,193.3,6.54,5.4,3.86,No,7.04
Clay,Soybean,980.7,24.0,5.43,260.5,1.65,8.7,0.73,Yes,7.52
Clay,Barley,504.1,25.0,5.77,89.6,6.19,5.8,2.18,Yes,7.61
Sandy,Cotton,663.3,26.8,6.92,130.4,8.54,8.6,6.17,Yes,6.7
Silty,Barley,955.0,,6.84,176.5,5.02,5.0,17.85,Yes,8.7
Peaty,Cotton,1267.3,23.5,5.55,146.3,3.06,8.9,3.35,Yes,7.94
Peaty,Soybean,755.3,22.2,6.36,179.3,8.5,9.7,2.82,Yes,7.96
Clay,Maize,884.7,19.1,6.29,128.9,5.55,7.9,2.07,Yes,11.64
Loamy,,795.9,31.8,6.19,70.5,3.96,7.7,4.15,No,7.57
Peaty,Cotton,931.5,25.3,7.92,224.4,5.16,5.1,3.47,Yes,7.23
Silty,Barley,757.5,23.7,7.24,223.6,7.03,11.1,5.71,Yes,9.15
Clay,Maize,1024.6,15.6,7.04,148.4,1.21,8.0,,Yes,10.16
Loamy,Rice,716.7,25.5,6.64,92.7,4.15,6.0,3.12,Yes,9.05
Peaty,Barley,1271.9,30.7,6.35,190.8,2.7,4.9,0.33,Yes,7.3
Loamy,Cotton,776.8,37.5,5.99,227.6,7.64,4.6,3.0,Yes,5.54
Peaty,Soybean,263.4,26.0,7.65,243.7,5.77,6.1,0.67,Yes,7.82
Silty,Cotton,604.5,14.0,6.34,185.6,7.83,5.8,6.74,Yes,7.99
Sandy,Maize,923.1,20.1,6.7,136.0,4.66,8.7,1.52,Yes,11.46
Peaty,Wheat,752.3,29.0,6.44,,7.27,5.5,1.97,,8.28
Sandy,Maize,778.2,28.3,7.83,225.6,4.94,7.2,1.31,Yes,10.47
Sandy,Soybean,1227.5,31.8,7.27,147.9,5.52,5.2,7.65,Yes,6.76
Sandy,Soybean,1266.8,14.3,6.99,,5.78,9.1,4.77,Yes,7.11
Sandy,Rice,677.2,14.2,6.65,117.0,,7.8,8.37,Yes,9.23
Clay,Maize,906.0,27.8,4.52,149.7,2.38,8.8,3.56,No,8.57
Sandy,Wheat,712.0,29.1,6.5,111.5,3.98,6.9,5.13,No,6.84
Clay,Wheat,991.7,23.0,6.65,134.7,5.62,6.4,2.03,Yes,8.66
Clay,Soybean,695.3,18.4,5.94,74.5,4.42,7.9,1.75,Yes,7.41
Clay,Soybean,1223.8,21.2,7.17,105.8,2.92,,4.38,No,7.0
Silty,Cotton,1070.3,20.4,5.99,24.5,5.66,8.4,5.51,Yes,7.57
Clay,Cotton,988.2,17.8,6.02,71.2,2.89,5.7,23.54,Yes,6.54
Clay,Maize,1056.7,15.6,6.63,100.2,3.72,6.2,8.23,Yes,10.62
Clay,Cotton,1171.4,25.1,5.73,82.4,4.45,8.3,2.88,Yes,7.24
Loamy,Maize,503.7,23.6,6.64,191.1,8.52,7.9,,No,10.81
Sandy,Cotton,,25.3,5.74,190.4,2.8,8.1,2.27,Yes,7.44
Loamy,Maize,785.6,27.6,5.55,131.8,1.97,7.0,14.03,Yes,11.33
Silty,Cotton,960.8,20.4,7.13,161.6,3.31,7.9,1.87,Yes,7.55
Clay,Cotton,1038.9,21.2,7.07,170.3,8.54,7.0,4.01,No,6.46
Loamy,Rice,722.5,28.1,6.57,76.2,8.16,6.8,10.73,Yes,9.78
Peaty,Cotton,693.2,22.8,7.62,156.4,3.15,10.3,1.33,No,6.12
Peaty,Cotton,809.3,23.4,5.9,241.8,3.92,7.8,2.23,Yes,8.39
Clay,Barley,716.8,16.2,6.36,264.4,1.0,7.8,1.27,No,7.34
,,,16.5,6.34,214.0,,7.9,8.43,No,7.74
Sandy,Wheat,1052.4,22.0,6.43,201.3,,7.6,3.07,No,7.11
Peaty,Barley,876.0,26.3,8.27,127.3,9.35,6.7,4.55,No,5.58
Clay,Rice,,24.0,6.33,226.4,6.98,9.2,4.34,No,9.34
Silty,Rice,1125.7,25.8,5.24,118.1,4.78,5.0,2.08,Yes,8.87
Loamy,Cotton,,33.8,6.87,193.7,5.84,6.2,4.1,Yes,7.16
Peaty,Barley,703.4,29.1,7.51,102.8,3.25,8.4,2.43,Yes,7.62
Sandy,Rice,422.4,23.6,6.17,92.4,7.15,7.4,10.75,Yes,7.73
Silty,Barley,913.1,10.2,7.27,138.3,1.67,4.6,0.76,No,6.4
Sandy,Maize,1141.5,24.3,6.24,75.0,6.49,9.4,7.38,Yes,10.13
Silty,Rice,859.8,23.2,7.34,,5.39,6.2,2.57,No,8.22
Loamy,Rice,406.1,24.7,4.85,,3.04,9.0,1.4,No,8.07
Peaty,Cotton,1222.9,23.6,7.23,230.6,2.15,8.2,3.32,No,7.49
Peaty,Cotton,1005.6,20.0,4.96,275.1,6.32,8.2,6.84,No,5.84
Sandy,Cotton,1067.6,24.9,6.28,108.0,4.98,9.0,3.88,Yes,7.39
Clay,Barley,1104.4,17.9,6.52,225.7,4.86,8.4,11.11,Yes,7.76
Loamy,Wheat,310.5,23.4,6.88,112.6,6.29,8.2,7.21,No,7.5
Sandy,Soybean,956.1,28.0,6.23,259.3,6.28,7.7,1.9,Yes,8.32
Clay,Soybean,948.5,26.7,6.18,62.7,,5.1,5.76,Yes,7.78
Loamy,Cotton,1131.8,19.4,4.9,263.8,5.91,7.6,6.29,No,6.51
Clay,Rice,1182.3,19.0,4.53,177.2,9.08,6.1,12.55,Yes,8.09
Silty,Wheat,792.6,24.3,6.6,138.2,3.38,9.9,24.35,No,8.11
Loamy,Maize,601.0,21.1,5.62,150.3,4.71,6.3,2.26,Yes,11.2
Loamy,Cotton,670.5,23.0,6.24,86.3,6.88,6.0,3.25,Yes,7.08
Peaty,Rice,1008.7,12.9,5.16,178.4,6.98,8.1,10.15,No,8.33
Loamy,Maize,529.9,26.8,6.81,82.1,9.04,6.3,0.61,Yes,10.34
Sandy,Wheat,1247.4,21.5,7.32,146.3,9.4,9.1,3.9,No,7.48
Clay,Rice,799.9,,6.95,107.4,8.19,6.2,10.71,Yes,9.45
Silty,Barley,614.0,25.6,6.89,144.1,7.15,7.6,,,7.47
,Rice,636.5,22.4,6.58,137.8,,7.3,1.86,Yes,10.18
Sandy,Wheat,1258.7,22.9,5.99,103.8,4.2,10.4,16.3,Yes,8.08
Silty,Wheat,1093.9,32.2,6.64,145.6,6.68,8.4,3.39,No,7.53
Loamy,Soybean,1049.4,26.2,5.34,87.1,,8.3,5.69,No,7.52
Peaty,Barley,1427.3,21.4,6.49,200.8,3.83,9.5,6.34,Yes,8.47
Peaty,Maize,1133.6,24.5,7.32,220.5,5.97,6.5,1.15,Yes,10.52
Clay,Cotton,552.7,22.8,6.44,198.0,7.65,6.6,2.58,No,6.09
Peaty,Maize,1066.8,25.2,6.82,76.1,3.02,9.3,3.97,No,10.49
Silty,Soybean,1008.0,30.6,5.73,,0.0,8.9,1.75,No,7.51
Peaty,Wheat,567.2,26.1,5.53,126.2,6.91,8.5,4.7,No,7.44
Clay,Maize,925.8,29.9,6.34,,,6.9,4.34,Yes,10.05
Clay,Wheat,947.8,28.9,6.88,226.0,7.44,7.5,0.79,Yes,8.77
Sandy,Rice,1039.9,19.3,5.67,228.0,8.17,6.2,2.02,Yes,9.31
Loamy,Maize,1016.3,28.9,5.83,188.9,3.7,7.7,1.57,No,11.13
,Barley,893.0,16.5,6.9,163.8,1.45,9.6,5.16,Yes,9.08
Silty,Soybean,355.8,,5.18,141.1,5.39,5.7,4.3,Yes,7.2
Sandy,Maize,1448.3,34.2,5.6,76.1,4.06,6.3,5.27,Yes,9.01
,Maize,656.5,26.3,6.27,193.5,7.04,8.5,1.33,Yes,9.93
Peaty,Barley,653.7,19.4,7.13,96.4,1.23,9.6,,Yes,8.69
Sandy,Wheat,898.7,12.9,6.79,202.9,6.75,6.7,1.46,No,7.06
Clay,Soybean,766.3,29.3,6.08,84.6,5.22,4.0,2.74,Yes,7.28
Clay,Barley,822.0,33.7,5.18,151.6,3.36,6.2,2.33,Yes,7.78
Clay,Cotton,329.6,27.2,7.34,66.1,6.11,9.3,2.83,Yes,5.94
Silty,Rice,1300.4,,5.67,136.9,5.29,8.9,2.31,No,8.13
Sandy,Cotton,647.0,24.1,7.63,191.9,2.46,8.4,3.56,Yes,7.09
Clay,Soybean,971.0,15.9,8.0,141.9,5.99,8.4,,No,6.11
Loamy,Soybean,448.1,25.2,6.54,160.2,5.62,7.0,9.9,Yes,8.35
Silty,Soybean,1425.9,12.6,5.64,,3.65,6.3,1.71,Yes,7.15
Sandy,Cotton,723.9,25.6,6.65,198.1,6.43,8.6,1.56,Yes,7.39
Peaty,Soybean,1337.7,11.8,7.51,239.3,,5.3,2.41,Yes,7.62
Sandy,Maize,1318.6,23.7,6.65,145.9,3.96,6.6,31.96,No,9.96
Sandy,Wheat,780.9,25.9,7.02,261.2,1.95,8.4,1.63,No,7.7
Sandy,Wheat,940.7,31.3,7.37,160.4,2.96,8.7,8.08,No,6.98
Silty,Rice,1019.1,28.1,8.53,125.7,4.61,7.6,1.75,No,7.24
Silty,Wheat,670.8,24.7,5.78,187.6,6.29,8.9,,Yes,8.49
Clay,Barley,,21.0,6.98,210.7,6.16,7.1,4.4,Yes,7.46
Silty,Soybean,1062.3,25.6,5.28,207.8,8.55,5.0,1.52,No,6.74
Peaty,Soybean,1030.4,,6.18,,0.72,4.9,1.18,Yes,7.8
Loamy,Rice,388.2,22.8,5.23,167.6,2.17,8.9,3.26,Yes,9.96
Loamy,Maize,1340.6,26.2,6.28,158.6,8.34,8.3,2.19,No,10.38
Sandy,Barley,637.5,31.0,,,4.67,9.7,1.8,Yes,7.85
Clay,Cotton,,18.0,6.36,199.4,0.86,2.8,5.73,No,6.65
Loamy,Rice,,30.4,8.02,70.8,2.97,5.9,2.99,No,8.12
Sandy,Maize,879.7,33.8,6.58,76.5,6.14,6.2,5.8,Yes,10.58
Loamy,Wheat,403.1,,6.23,149.6,9.12,7.5,4.67,Yes,8.83
Peaty,Wheat,1192.3,21.1,,223.2,3.18,5.7,6.28,Yes,7.64
Silty,Rice,834.4,27.6,6.81,183.3,2.71,7.5,4.02,No,8.62
Loamy,Rice,872.9,21.5,7.47,123.1,3.73,7.1,5.27,Yes,10.84
Sandy,Maize,1043.1,31.1,6.82,214.2,6.09,6.3,3.99,,10.13
Peaty,Barley,,25.4,7.55,,0.0,7.3,,No,6.54
,Rice,945.4,29.2,6.04,,4.55,8.4,5.39,No,8.93
Clay,Rice,527.0,17.8,6.34,62.8,3.09,7.3,1.07,Yes,8.29
Clay,Cotton,856.7,24.3,7.03,92.7,5.79,8.8,2.34,Yes,7.11
Clay,Rice,1244.8,26.6,6.85,127.7,7.17,7.5,1.34,Yes,9.46
Silty,Cotton,1100.5,26.6,,189.8,5.43,,2.07,,6.36
Sandy,,1417.2,26.2,5.73,65.2,2.29,,15.51,No,5.79
Clay,Rice,1253.1,14.5,5.79,75.8,5.98,,3.3,Yes,9.41
Loamy,Rice,1120.6,32.7,5.63,115.9,3.75,7.4,2.37,No,8.18
Clay,Barley,419.2,19.1,7.78,112.2,7.26,5.7,9.12,Yes,6.6
Clay,Maize,969.8,33.9,6.64,196.5,1.38,6.2,,Yes,9.87
Loamy,Barley,1061.9,18.7,6.06,156.8,6.67,7.9,17.39,No,8.38
Loamy,Maize,609.3,17.5,6.41,155.4,8.34,8.0,1.26,No,10.04
Loamy,Soybean,702.2,,6.95,156.1,8.0,7.2,2.19,Yes,7.49
Clay,Barley,721.2,30.6,7.87,186.1,3.71,6.1,2.91,,6.83
Silty,Maize,,24.8,7.61,110.5,3.59,8.3,11.16,No,9.82
,Soybean,,28.4,6.39,133.0,3.02,8.2,3.22,No,7.43
Peaty,Barley,874.4,25.5,6.03,113.7,5.46,5.4,2.94,Yes,6.73
Loamy,Barley,1104.6,24.7,6.14,101.9,7.64,6.7,1.73,No,7.88
Sandy,Rice,685.0,30.1,5.19,185.2,6.81,11.4,5.39,Yes,9.5
Sandy,Wheat,595.9,26.2,5.32,165.6,6.69,5.1,1.04,Yes,7.91
Loamy,Cotton,1296.2,26.5,6.4,211.2,1.86,7.6,0.58,No,6.55
Sandy,Rice,1244.2,27.7,5.82,195.9,2.06,6.5,5.73,No,7.57
Silty,Barley,798.9,25.2,5.89,159.6,5.21,8.0,2.56,No,7.72
Loamy,Barley,452.5,24.6,6.95,194.3,6.71,9.8,6.49,No,7.91
Silty,Rice,283.8,26.4,7.5,73.8,7.14,7.6,3.87,No,8.23
Peaty,Barley,741.2,20.3,6.61,79.4,3.72,6.9,4.13,Yes,9.27
Peaty,Cotton,1002.5,,5.53,161.9,2.48,7.5,1.0,Yes,8.47
Clay,Maize,1021.3,27.3,8.1,190.5,3.91,6.1,1.94,Yes,8.81
Silty,Maize,1067.9,23.4,6.46,64.7,5.89,8.2,7.85,Yes,10.65
Loamy,Maize,538.7,25.4,6.32,100.6,6.39,8.7,4.9,Yes,11.07
Clay,Rice,867.5,22.6,7.66,,8.35,7.5,0.65,No,8.4
Clay,Cotton,1058.4,25.2,7.85,144.8,7.17,7.0,12.25,No,6.53
Silty,Maize,1256.7,25.2,5.94,15.0,0.87,11.2,2.23,Yes,10.4
Clay,Cotton,959.9,25.7,6.7,63.8,5.46,10.4,2.96,No,6.66
Loamy,Cotton,890.0,19.4,6.04,161.4,7.01,8.7,3.74,Yes,8.15
Silty,Barley,731.0,37.4,5.46,61.1,10.66,7.1,1.19,Yes,6.33
Peaty,Cotton,1031.0,18.2,4.98,160.7,6.59,7.4,4.96,No,7.12
Silty,Maize,653.1,23.1,7.22,48.4,0.0,4.8,2.46,Yes,9.58
Peaty,Maize,680.4,24.9,5.6,187.2,10.29,7.7,2.19,No,9.57
Clay,Cotton,891.8,24.1,5.91,114.8,1.9,6.0,1.7,Yes,5.81
Clay,Cotton,1051.7,15.9,6.88,102.8,3.45,5.8,5.48,Yes,6.85
Clay,Rice,849.1,26.8,5.89,225.3,3.91,8.0,2.54,No,8.43
Peaty,Barley,,27.0,5.6,50.7,10.68,7.9,1.2,No,6.27
,Maize,957.4,17.3,6.1,88.9,3.64,8.3,4.33,Yes,11.36
Loamy,Rice,1108.6,23.1,6.78,159.3,4.32,7.2,,Yes,9.86
Clay,Barley,1088.3,27.9,6.86,219.9,0.7,7.6,7.21,Yes,8.46
,Cotton,873.1,25.5,5.91,275.6,3.05,6.0,2.44,Yes,7.21
Silty,Wheat,905.3,18.5,7.66,202.4,7.96,,0.96,No,7.72
Silty,Rice,880.2,28.7,6.46,32.1,9.36,6.9,9.91,No,7.86
Loamy,Barley,1524.1,20.3,7.51,102.0,,6.4,3.46,Yes,7.88
Loamy,Barley,,29.5,7.27,164.6,9.34,5.5,9.52,Yes,8.39
Clay,Barley,958.8,24.8,7.53,103.7,6.29,6.6,21.65,Yes,8.04
Peaty,Cotton,1271.6,25.0,6.19,126.0,6.78,6.0,0.79,No,5.6
Sandy,Maize,1089.5,23.8,6.66,128.3,3.41,7.8,2.99,No,9.86
Sandy,Maize,1152.0,28.0,7.82,176.8,11.78,8.7,2.46,Yes,10.1
Loamy,Cotton,728.8,30.4,6.56,88.9,0.96,8.3,16.35,Yes,7.51
Clay,Wheat,952.1,31.9,6.96,206.2,3.03,5.1,,No,7.59
Sandy,Rice,584.1,15.4,7.15,,3.9,6.3,2.51,Yes,8.92
Clay,,1361.6,27.3,7.04,80.6,4.32,8.8,0.81,No,8.0
Peaty,Soybean,914.6,21.0,5.79,146.8,3.51,10.2,2.78,Yes,7.71
Clay,Rice,741.0,16.2,6.25,132.6,6.11,6.0,2.4,Yes,9.27
Sandy,Soybean,1016.6,31.7,6.96,48.2,4.63,7.6,5.01,No,6.25
Loamy,Maize,674.0,31.9,7.33,100.1,1.74,9.1,,Yes,10.09
Sandy,Cotton,911.5,19.5,6.76,239.6,4.74,5.5,1.86,No,6.7
Loamy,Wheat,917.3,31.7,6.42,121.8,5.86,7.7,20.04,No,8.51
Peaty,Barley,911.8,20.9,6.2,197.3,4.86,3.8,2.98,Yes,8.13
Silty,Maize,776.4,28.8,5.78,181.3,3.52,6.4,0.38,No,10.05
Sandy,Cotton,1118.8,20.2,6.17,170.5,7.77,9.9,0.48,Yes,7.12
Loamy,Cotton,,30.4,7.22,77.0,6.98,8.4,3.78,Yes,6.97
Sandy,Maize,900.8,22.0,6.47,147.1,5.13,6.7,0.5,Yes,10.87
Silty,Rice,782.0,23.9,6.05,137.8,7.08,6.6,16.32,Yes,9.93
Clay,,,29.7,6.67,123.8,1.27,8.6,4.11,No,7.0
Silty,Soybean,521.6,27.6,7.16,184.0,3.65,7.0,2.76,Yes,8.7
Silty,Soybean,1032.8,14.1,6.86,122.3,4.02,7.9,3.92,Yes,7.37
Peaty,Maize,937.2,20.8,6.78,178.3,3.02,4.5,5.03,No,9.99
Silty,Barley,930.6,17.6,6.51,169.4,10.39,6.7,6.88,No,7.49
Peaty,Wheat,1191.2,20.0,7.37,122.8,3.46,8.1,2.61,No,6.89
Silty,Rice,,21.7,5.31,128.3,3.58,7.8,4.12,Yes,9.56
Silty,Wheat,1187.8,18.5,6.52,140.9,2.59,6.6,1.42,No,7.15
Silty,Maize,930.5,20.6,6.58,,5.01,4.8,5.47,Yes,10.49
Silty,Barley,604.2,30.7,5.81,140.9,4.59,9.4,2.77,No,7.17
Sandy,Cotton,802.5,,4.66,105.4,6.74,6.6,6.06,Yes,5.66
Clay,Rice,1098.2,22.2,7.95,165.8,6.05,5.6,5.41,No,8.27
Loamy,Cotton,939.8,15.4,5.14,69.3,4.67,10.7,2.12,No,6.75
Silty,Rice,632.8,24.5,6.52,180.3,7.18,9.8,1.26,No,8.89
Peaty,Cotton,945.5,28.4,7.46,,7.4,8.1,1.78,Yes,7.28
Peaty,Barley,713.7,27.6,5.57,215.2,4.08,6.6,1.82,No,7.86
Silty,Barley,354.3,23.2,5.83,58.9,0.73,7.4,5.15,Yes,7.13
Sandy,Maize,895.9,16.8,6.14,0.0,8.16,6.4,2.18,No,8.59
,Rice,1075.5,20.1,6.05,94.5,6.89,5.2,4.88,Yes,9.25
Silty,Barley,821.2,32.2,7.54,198.9,6.36,7.1,1.06,Yes,7.73
Silty,Maize,902.8,25.1,6.56,142.4,6.74,8.7,1.14,Yes,12.09
Silty,Rice,415.1,16.7,5.74,156.9,4.24,7.8,3.39,Yes,9.59
Clay,Maize,924.2,22.7,5.65,141.8,2.18,7.0,,Yes,10.54
Peaty,Barley,517.3,23.6,6.59,199.1,4.65,6.4,6.88,No,8.5
Peaty,Soybean,1497.9,25.5,7.22,197.2,10.84,5.2,3.57,Yes,7.78
Loamy,Cotton,1176.4,30.9,5.62,80.7,7.71,7.5,1.39,,6.79
Loamy,Soybean,653.3,26.9,,123.7,5.8,8.0,2.36,Yes,9.07
Sandy,Soybean,900.4,32.5,8.61,69.0,5.16,7.5,7.77,No,4.7
Clay,Barley,1222.2,15.1,7.67,194.6,3.45,7.3,5.51,Yes,7.86
Clay,Soybean,847.1,20.0,5.19,44.5,4.36,6.7,2.08,Yes,6.09
Silty,Cotton,1118.0,20.4,7.0,93.8,2.78,6.3,3.94,No,6.97
Silty,Maize,983.9,30.8,5.97,137.2,10.31,8.6,2.71,No,9.88
Peaty,Soybean,844.0,20.0,5.11,135.3,6.1,8.5,0.78,No,6.5
Peaty,Rice,939.0,21.1,,303.8,8.72,7.6,5.26,No,8.32
Peaty,Barley,1209.9,30.4,5.93,,,7.7,6.55,No,7.09
Sandy,Maize,875.4,28.7,6.1,134.0,4.16,9.9,12.79,No,10.02
Clay,Soybean,664.8,26.7,5.84,161.4,4.95,7.8,11.36,Yes,7.58
Peaty,Barley,527.7,,7.52,143.4,7.15,7.3,2.03,Yes,8.27
Clay,Cotton,1070.3,27.3,6.35,198.2,2.5,7.4,4.91,Yes,6.62
Peaty,Wheat,948.2,,6.53,125.9,2.93,8.7,13.35,No,7.55
Clay,Wheat,438.5,18.0,6.09,208.2,4.81,8.6,3.76,Yes,7.49
Silty,Rice,812.3,27.4,7.21,113.4,3.71,4.3,2.04,Yes,9.35
Loamy,Soybean,781.2,23.1,5.49,217.2,4.83,7.7,1.04,,8.67
Clay,Cotton,757.1,20.4,6.52,132.9,3.76,4.6,4.89,Yes,7.02
Clay,Rice,994.6,27.0,7.45,208.1,1.76,7.6,4.81,Yes,9.19
Sandy,Barley,481.0,21.9,7.55,180.9,3.13,6.0,3.25,No,5.74
Peaty,Soybean,990.3,28.5,5.52,122.3,3.19,,5.77,Yes,8.31
Silty,Cotton,1271.1,22.6,6.58,182.8,3.06,9.3,4.7,Yes,8.45
Loamy,Rice,874.4,14.9,4.8,216.5,5.94,7.3,3.89,Yes,9.28
Peaty,Maize,798.7,28.2,6.44,67.5,2.11,5.1,1.82,Yes,10.94
Sandy,Maize,1600.2,29.8,5.71,145.1,2.41,5.7,16.93,Yes,9.59
Clay,Maize,845.8,18.1,7.07,36.0,6.88,6.7,2.28,Yes,10.78
Clay,,920.2,18.2,7.05,69.5,7.04,5.1,7.52,Yes,9.25
Clay,Maize,598.7,28.0,7.63,111.3,3.09,10.5,1.84,Yes,11.19
Sandy,Maize,947.1,21.6,6.82,150.0,2.47,7.8,2.18,Yes,11.08
Sandy,Cotton,821.7,31.3,6.16,93.5,7.33,9.1,3.9,No,5.41
Sandy,Maize,483.2,20.4,6.44,193.9,1.81,6.0,5.58,No,10.07
Silty,Wheat,891.4,,6.27,,8.69,7.0,,Yes,8.89
Silty,Rice,1230.6,28.2,6.33,224.6,2.96,7.9,21.42,Yes,10.62
Sandy,Cotton,1430.4,19.0,6.25,124.6,8.05,6.2,2.51,No,5.96
,Soybean,934.5,20.4,7.18,146.8,5.98,7.5,3.9,Yes,8.11
Clay,Wheat,1162.5,24.0,6.58,137.9,5.51,7.4,1.1,Yes,8.12
Sandy,Barley,901.8,20.3,6.38,185.0,6.45,8.1,11.2,No,7.46
Silty,Barley,1015.3,25.1,7.0,157.6,2.16,7.1,2.01,No,8.42
Sandy,Wheat,949.2,27.4,6.55,124.0,5.83,10.4,2.41,No,8.07
Clay,Cotton,925.9,17.9,6.8,129.5,2.77,,4.04,Yes,7.47
Peaty,Barley,1095.5,18.7,,105.1,4.96,5.5,1.17,No,6.54
Sandy,Soybean,1267.2,17.7,6.43,136.9,3.59,6.3,13.53,Yes,8.01
Clay,Cotton,1063.9,26.0,6.34,177.0,4.91,6.4,3.57,Yes,7.43
Loamy,Rice,1558.4,27.4,5.88,74.7,6.58,6.8,2.99,No,8.68
,Wheat,937.7,31.1,5.37,189.1,7.22,11.0,4.95,Yes,9.07
Peaty,Maize,1076.3,20.4,7.04,108.1,4.88,7.5,1.6,Yes,11.16
Peaty,Cotton,683.6,25.0,6.94,149.0,0.0,7.4,,Yes,7.69
,Wheat,1072.6,24.3,6.53,112.0,4.58,9.9,6.3,Yes,8.99
Loamy,Soybean,692.6,30.3,6.5,,4.98,7.4,7.73,No,8.04
Sandy,Cotton,712.1,13.7,7.29,129.4,2.82,4.3,1.27,No,4.36
Clay,Cotton,845.0,23.8,6.33,158.3,1.74,8.3,3.27,No,6.55
Peaty,Barley,975.7,25.6,6.07,91.8,7.45,8.6,5.66,Yes,8.58
Sandy,Soybean,823.7,26.8,5.54,118.5,3.06,9.9,9.39,No,7.02
Sandy,Wheat,1060.7,17.1,7.26,227.9,3.26,10.1,12.15,Yes,8.81
Loamy,Maize,1315.9,16.9,6.31,105.1,3.28,5.0,5.53,Yes,10.68
Loamy,Wheat,1086.5,18.8,5.7,136.9,4.85,6.9,7.63,No,7.77
Silty,Cotton,1376.4,27.1,6.31,201.7,4.24,8.8,1.29,Yes,7.28
Peaty,Soybean,877.1,26.0,6.94,155.5,0.0,8.5,9.6,Yes,8.29
Loamy,Rice,,21.8,,134.6,7.6,5.0,2.72,No,9.13
Sandy,Maize,1536.2,32.5,5.79,93.4,6.04,6.3,3.35,No,8.91
Peaty,Cotton,688.7,27.7,6.63,179.5,8.43,4.4,6.31,Yes,6.99
Peaty,Rice,936.2,17.9,6.19,,8.48,8.4,,Yes,11.05
Sandy,Rice,645.6,33.2,,,4.92,10.5,1.37,No,7.62
Peaty,Cotton,1306.0,26.5,5.44,208.2,5.87,7.5,9.07,No,5.81
Silty,Rice,1013.6,27.4,6.12,168.3,0.0,7.0,0.85,No,8.33
Peaty,,1103.1,23.4,6.16,132.1,4.92,8.3,3.17,Yes,8.34
Clay,Rice,794.4,33.6,7.16,177.3,4.9,5.0,0.8,Yes,7.95
Loamy,Barley,1287.4,12.1,7.16,123.4,7.35,6.9,5.33,No,7.17
Clay,Maize,918.8,15.7,6.2,152.9,4.95,5.8,1.67,No,10.23
Silty,Rice,1185.6,28.5,6.44,,4.62,5.2,1.84,No,8.73
,Wheat,1311.1,26.3,6.28,74.9,5.22,7.9,26.22,Yes,7.8
Peaty,Wheat,1132.4,22.4,7.36,,6.29,7.2,3.26,Yes,7.58
Loamy,Barley,716.4,16.5,5.95,111.9,,8.4,0.94,No,8.07
Silty,Soybean,1010.9,26.7,5.85,95.9,7.44,9.4,2.5,No,6.95
Silty,Rice,1083.4,26.0,,168.8,4.22,6.3,6.01,No,9.13
Clay,Maize,713.1,21.9,6.37,135.1,4.56,6.6,2.55,Yes,10.73
Silty,Barley,957.5,36.2,6.0,117.2,4.2,7.4,1.21,No,6.98
Clay,Barley,1177.3,29.1,5.09,,1.94,6.7,,Yes,7.95
Silty,Barley,1454.7,20.5,7.09,137.1,4.79,6.8,21.17,Yes,8.55
Silty,Maize,951.0,23.4,5.9,143.6,7.55,9.3,12.58,No,11.01
Clay,Cotton,847.5,25.5,6.69,143.8,9.03,8.1,8.38,Yes,7.54
Loamy,Maize,885.4,35.0,6.35,142.7,2.72,11.7,9.06,Yes,11.48
Loamy,Barley,1122.6,17.2,6.35,121.3,,8.2,5.13,Yes,9.48
Sandy,Wheat,1140.7,16.2,,120.1,4.21,6.9,1.01,Yes,8.07
Sandy,Rice,889.9,23.7,5.56,70.8,7.21,12.0,4.19,Yes,8.73
Clay,Maize,1150.2,16.1,7.1,107.4,10.79,8.9,5.2,No,9.8
Clay,Maize,1025.5,25.3,4.7,136.3,1.12,7.1,3.06,Yes,9.94
Clay,Rice,867.1,25.7,6.77,217.0,1.34,7.0,5.1,Yes,9.48
Loamy,Maize,1261.7,20.3,4.86,133.9,8.47,8.5,2.94,Yes,10.95
Loamy,Barley,1110.9,22.5,5.81,131.0,3.36,8.5,1.81,Yes,8.61
Clay,Maize,490.3,15.4,6.97,157.0,5.78,4.8,7.12,No,9.07
Peaty,Rice,787.4,23.9,6.35,146.8,0.03,8.4,0.52,Yes,10.37
Clay,Barley,1530.1,23.3,5.87,143.4,5.99,8.7,11.55,Yes,8.14
Silty,Wheat,1246.2,16.3,6.96,19.7,4.32,5.9,3.44,No,6.35
Clay,Wheat,1300.0,22.9,6.49,33.5,4.48,6.3,8.13,Yes,7.44
Clay,Soybean,758.2,26.3,6.18,146.0,7.12,6.0,12.66,No,6.51
Clay,Barley,923.0,30.4,7.75,91.9,3.87,,4.63,No,6.73
Peaty,Barley,1080.6,26.7,7.99,132.7,,6.8,1.17,No,7.0
Silty,Soybean,734.0,21.9,6.03,85.3,1.95,9.3,2.58,Yes,8.36
Sandy,Wheat,911.3,20.1,7.78,140.1,4.25,7.1,1.5,No,7.07
,Barley,773.6,13.7,6.69,188.3,7.32,8.1,7.0,No,7.59
Peaty,Wheat,701.7,23.9,7.0,138.3,3.38,5.8,7.02,Yes,8.49
,Barley,773.7,29.1,7.67,181.5,2.35,,7.48,No,6.67
Clay,Soybean,1337.6,20.9,6.95,207.5,5.7,7.9,2.04,Yes,7.75
Clay,Barley,739.8,33.8,6.59,30.8,4.0,,0.89,Yes,6.79
Loamy,Wheat,949.3,26.8,5.8,142.2,2.97,8.0,7.25,Yes,8.98
Loamy,Barley,626.3,22.0,5.74,197.6,0.49,7.0,5.84,Yes,8.26
Clay,Soybean,919.4,18.3,6.1,186.1,2.66,6.4,6.34,Yes,8.06
Sandy,Maize,733.5,22.3,7.0,205.3,3.77,5.2,1.05,Yes,10.78
Sandy,Rice,1101.4,15.8,6.16,300.8,4.03,7.9,1.45,No,8.73
Peaty,,684.3,19.7,7.23,,8.47,6.2,2.78,Yes,8.93
Sandy,Soybean,1042.8,18.4,6.98,139.1,5.18,5.0,4.78,Yes,7.06
Loamy,Wheat,606.3,27.5,4.68,214.0,,11.9,11.78,No,7.84
,Cotton,1311.0,,7.17,,1.09,7.3,2.47,Yes,6.07
Sandy,Wheat,840.7,7.1,4.58,173.7,2.89,6.6,1.34,No,5.45
Clay,Cotton,324.9,19.0,6.26,145.3,4.59,10.7,3.48,Yes,6.84
,Barley,1043.0,15.9,5.64,196.9,6.87,7.1,5.77,Yes,8.9
Loamy,Wheat,899.4,25.5,5.74,194.0,11.3,7.4,3.06,No,8.25
Silty,Maize,897.2,21.4,6.41,,,7.9,5.06,Yes,11.73
Silty,Wheat,847.2,26.4,7.76,154.6,4.89,5.5,6.21,No,7.0
Silty,,600.6,28.4,6.83,107.4,4.19,9.0,1.06,No,9.28
Sandy,Rice,358.2,22.5,7.01,212.5,,7.4,1.2,No,7.79
Sandy,Rice,660.9,19.8,7.5,147.5,6.16,9.1,,No,8.28
Sandy,Wheat,,32.4,5.49,116.8,9.3,8.7,1.47,No,6.03
Loamy,Cotton,955.2,22.8,6.34,159.6,7.19,9.9,2.11,No,7.8
Loamy,Wheat,873.2,20.6,5.41,120.7,5.38,4.7,2.08,No,8.17
Silty,Wheat,,26.6,6.77,95.6,5.77,8.7,5.36,Yes,9.6
Clay,Rice,739.3,21.9,7.2,151.7,6.45,7.2,9.62,Yes,9.32
Peaty,Wheat,1028.4,27.8,6.71,90.7,5.39,7.2,4.31,Yes,8.16
Sandy,Cotton,1118.8,28.5,5.11,168.5,5.18,10.5,4.21,No,5.74
Sandy,Soybean,885.5,21.5,5.11,55.3,3.14,8.4,13.2,Yes,7.02
Silty,Rice,539.1,23.5,6.72,208.4,3.41,7.2,,,8.44
Silty,Wheat,668.8,24.4,7.05,167.2,5.37,5.8,0.55,No,7.76
Silty,Barley,818.8,20.3,7.45,161.1,,8.6,3.99,No,8.19
Clay,Rice,1492.8,36.9,5.24,122.5,5.08,,4.69,No,7.49
Sandy,Barley,1269.9,22.4,6.73,76.6,6.17,9.7,9.24,Yes,8.19
Sandy,Rice,979.6,25.3,7.43,100.4,5.0,6.7,3.27,Yes,9.24
Peaty,Wheat,944.5,16.9,6.67,66.3,,8.6,0.9,Yes,8.11
Loamy,Wheat,975.8,21.7,5.69,189.5,0.17,7.0,8.68,No,8.26
Silty,Soybean,805.9,29.5,6.48,182.2,5.09,4.9,2.11,Yes,7.8
Silty,,703.2,23.1,6.15,132.9,3.89,8.3,3.87,Yes,9.74
Loamy,Barley,1120.0,26.9,6.05,148.9,5.72,10.0,3.97,No,8.28
Clay,Barley,734.9,20.3,6.83,179.4,4.28,8.5,3.33,No,7.54
Peaty,Wheat,755.6,22.5,6.22,0.0,0.05,9.7,6.91,Yes,7.73
Sandy,Barley,,28.9,5.89,128.8,7.57,9.2,5.71,Yes,7.6
Silty,Soybean,1248.3,26.8,6.14,,4.52,8.6,0.63,No,7.77
Sandy,Barley,909.5,28.0,6.3,138.4,6.39,8.4,1.69,No,7.22
Silty,Cotton,837.3,26.0,7.36,113.5,7.63,7.4,7.34,No,6.3
Clay,Wheat,,18.0,6.72,213.6,3.8,8.5,2.41,No,8.0
Silty,Soybean,1268.2,26.7,7.08,,8.16,7.6,5.19,No,7.61
Sandy,Rice,789.1,30.6,7.19,104.5,6.37,6.2,2.69,Yes,8.03
Silty,Cotton,824.5,,5.11,256.3,3.91,9.5,6.23,No,6.8
Silty,Wheat,798.3,24.8,6.29,97.5,2.02,6.3,13.73,No,8.1
Peaty,Rice,760.2,22.4,6.39,152.3,8.96,,6.13,Yes,10.32
Peaty,Cotton,779.7,30.2,4.99,96.7,5.67,,,Yes,6.66
Peaty,Soybean,631.9,25.1,7.68,178.3,2.68,5.9,5.01,Yes,7.25
Clay,Rice,784.9,23.2,5.03,156.4,5.98,8.8,,Yes,9.36
Loamy,Maize,1005.1,22.0,6.05,139.5,5.8,7.7,4.4,Yes,12.98
Clay,Soybean,1082.1,22.5,4.44,185.4,2.88,8.2,9.09,No,6.54
Clay,Wheat,996.7,30.6,6.62,123.2,1.46,4.8,1.94,Yes,7.78
Peaty,Barley,767.1,15.6,6.09,206.9,,5.9,5.77,Yes,8.11
Loamy,Maize,849.6,20.0,6.83,278.1,0.0,6.7,2.72,No,10.41
Clay,Wheat,1233.2,27.5,6.44,208.3,5.51,8.9,2.62,No,8.04
Clay,Rice,789.6,21.5,6.53,251.4,7.24,8.8,3.33,Yes,8.56
,Wheat,841.7,30.1,6.99,177.6,0.0,9.5,3.14,No,7.91
Loamy,Wheat,1001.9,30.4,6.15,113.0,4.84,6.1,7.02,Yes,9.52
Silty,Soybean,572.6,31.8,7.07,223.4,2.35,6.6,2.33,Yes,7.1
Loamy,Barley,944.8,27.5,5.68,261.2,7.99,8.3,9.74,No,7.4
Silty,Maize,966.3,23.5,7.14,,5.26,5.7,2.25,Yes,10.32
Sandy,Cotton,863.2,26.2,7.32,265.9,7.59,6.5,1.79,No,5.8
Peaty,Cotton,828.8,24.1,5.8,80.2,6.84,7.2,2.24,Yes,7.26
Silty,,917.2,23.2,7.11,145.5,4.58,6.8,1.62,Yes,7.7
Peaty,Wheat,1096.7,30.9,6.61,175.9,7.2,8.5,1.55,No,7.91
Loamy,Maize,594.9,18.4,7.74,149.0,3.6,6.2,2.79,No,10.8
Silty,Maize,969.0,25.6,6.49,55.7,6.82,,5.7,Yes,10.44
Clay,Soybean,351.9,23.4,7.71,144.4,5.55,7.4,,Yes,7.38
Clay,Cotton,1095.4,28.2,5.61,,3.81,6.4,18.33,No,4.96
Clay,Barley,694.9,25.2,7.47,200.3,9.64,7.9,,Yes,8.71
Peaty,Maize,1218.7,23.0,6.63,128.8,3.78,6.9,3.27,No,10.55
Loamy,Wheat,566.9,14.9,6.71,216.5,7.97,5.0,2.7,Yes,7.73
Sandy,Cotton,624.3,22.3,8.42,143.8,3.87,10.3,7.98,Yes,5.45
Peaty,Barley,914.1,18.9,7.27,148.0,0.74,8.9,1.03,No,7.73
Peaty,Cotton,604.5,18.8,7.45,117.4,6.33,,4.36,Yes,6.23
Silty,Wheat,1155.0,30.5,6.1,180.1,4.84,8.6,5.11,No,7.69
,Soybean,553.2,31.5,5.9,165.8,7.0,12.0,2.11,Yes,7.28
Clay,Rice,497.9,21.3,5.27,152.4,3.83,8.6,2.34,Yes,9.22
Silty,Soybean,948.0,22.5,6.04,124.6,4.67,5.6,4.08,Yes,8.07
Peaty,Wheat,870.7,19.6,5.71,120.7,6.21,6.7,0.71,No,8.35
Silty,Maize,1580.1,25.4,6.24,112.4,,8.0,1.26,No,10.04
Loamy,Rice,873.2,22.8,6.41,188.4,6.28,7.7,2.16,Yes,10.29
Silty,Soybean,775.0,22.4,,98.0,7.61,5.5,8.69,No,6.92
Clay,Soybean,567.0,26.2,7.1,106.8,4.81,6.1,12.53,Yes,7.22
Peaty,Wheat,817.4,22.6,6.79,199.9,4.28,7.8,7.19,No,7.56
,Barley,707.8,21.3,5.78,205.3,9.84,8.6,0.51,No,7.18
Sandy,Cotton,1163.6,17.0,7.65,145.9,,5.7,2.12,No,5.3
Peaty,Barley,1276.2,23.4,7.17,308.6,3.86,7.5,0.96,No,7.38
Peaty,Rice,1236.8,23.7,5.81,124.9,4.96,7.2,5.87,Yes,9.9
Sandy,Cotton,1199.4,19.4,5.13,116.6,7.2,4.2,11.4,No,5.3
Silty,Barley,844.4,28.5,6.28,171.1,3.76,,1.41,Yes,8.19
Clay,Maize,1015.6,25.8,6.85,117.4,0.0,6.9,5.23,No,11.05
Clay,Barley,919.8,15.9,6.21,238.2,,6.4,0.84,No,7.05
Clay,Barley,958.3,24.6,6.82,138.3,6.49,7.8,1.07,Yes,7.32
Sandy,Rice,951.4,14.9,5.98,134.7,2.58,6.9,7.24,No,8.02
Clay,Rice,922.9,28.2,5.65,233.5,4.7,9.3,3.08,No,9.12
Clay,,1013.6,24.2,6.37,96.3,1.24,6.1,2.87,No,8.37
Clay,Maize,600.0,37.9,4.64,197.3,,6.7,1.38,Yes,8.54
Clay,Rice,913.5,34.2,6.14,128.2,2.07,6.3,5.32,No,8.0
,Maize,928.7,26.4,7.53,101.3,0.77,7.7,7.38,No,10.08
Loamy,Soybean,1065.0,24.6,6.42,81.3,,6.5,1.9,Yes,8.19
Clay,Maize,915.0,30.6,6.4,,7.82,9.0,0.8,Yes,10.17
Peaty,Cotton,480.0,,6.72,96.6,5.82,6.7,4.21,Yes,7.21
Loamy,Rice,819.1,20.2,6.89,168.4,3.7,6.3,3.5,Yes,10.7
Sandy,Barley,903.0,28.6,6.83,82.4,7.34,4.9,0.66,No,6.49
Loamy,Cotton,1036.8,30.6,6.87,113.6,7.53,7.9,3.0,No,6.58
Sandy,Barley,813.2,19.8,7.29,116.4,3.84,9.4,2.93,No,6.97
Sandy,Maize,877.0,23.0,6.47,0.0,2.1,6.2,2.65,No,8.3
Peaty,Soybean,858.9,24.1,5.75,,6.8,7.4,7.24,No,7.31
Sandy,Rice,1115.7,26.6,5.99,98.2,,7.3,2.03,No,7.86
Peaty,Soybean,616.0,21.8,6.47,222.0,5.74,9.4,3.46,Yes,7.91
Peaty,Cotton,1178.1,23.4,7.04,184.6,5.16,6.0,5.89,Yes,7.15
Sandy,,712.2,29.2,6.84,179.6,7.64,7.9,8.28,Yes,7.72
Silty,Wheat,1153.7,23.6,6.67,131.2,6.45,7.7,1.03,No,8.76
Loamy,Cotton,657.0,28.2,7.62,136.9,5.13,6.7,2.06,No,7.03
Silty,Cotton,1090.6,20.2,6.95,237.0,0.0,10.1,4.01,Yes,7.61
Loamy,Maize,1026.7,24.1,6.47,158.1,5.37,4.2,4.46,Yes,11.93
Silty,Wheat,869.7,25.6,6.6,29.8,1.31,6.6,4.11,No,7.08
Silty,Barley,859.6,27.7,6.7,211.2,7.09,10.2,2.08,No,8.14
Silty,Wheat,732.9,34.4,6.35,166.0,4.44,6.2,0.65,Yes,7.06
Peaty,Cotton,413.4,30.5,6.73,291.9,2.57,8.5,8.46,No,5.41
Clay,Maize,1163.2,28.8,,104.2,5.07,8.8,0.68,Yes,10.02
,Soybean,,,5.55,74.0,2.49,9.0,,Yes,8.51
Clay,Barley,574.4,19.1,6.18,129.1,3.46,6.4,3.93,Yes,8.08
Silty,Barley,897.2,,5.07,229.5,1.05,10.7,3.36,No,7.48
Loamy,,695.9,19.9,7.48,124.6,5.6,7.3,0.39,Yes,8.1
Clay,Cotton,865.2,34.0,4.93,175.2,9.93,9.0,2.89,No,5.75
Sandy,Soybean,873.8,24.7,7.0,154.1,3.18,6.6,10.13,Yes,7.12
Silty,Rice,1200.9,23.8,6.5,211.4,6.24,6.4,3.7,No,9.09
Peaty,Maize,1108.9,19.1,5.43,195.3,0.0,9.2,3.85,Yes,11.04
Peaty,,891.5,20.2,5.79,271.6,5.98,7.4,3.58,Yes,8.71
Clay,Cotton,,31.6,6.64,105.8,8.93,,569.5118424699408,Yes,5.99
Sandy,Wheat,642.5,21.4,6.81,100.6,4.66,7.5,1.23,No,7.22
Clay,Rice,1081.1,25.6,7.01,150.2,6.02,8.0,3.56,Yes,8.87
Silty,Maize,,28.8,5.31,110.3,5.38,6.6,8.31,Yes,10.51
Clay,Maize,1111.6,25.3,5.94,186.5,5.66,6.8,1.02,No,10.85
Sandy,Soybean,1221.1,22.4,7.69,180.4,4.81,8.3,1.5,No,6.6
Peaty,Rice,728.5,22.3,7.07,254.5,9.4,3.5,4.85,No,8.01
Sandy,Cotton,963.1,23.7,6.02,176.3,7.17,9.5,0.5,Yes,6.74
Clay,Barley,1285.2,28.7,6.53,147.9,1.41,11.2,1.43,No,6.69
Clay,Wheat,370.1,19.1,,175.5,8.02,7.4,1.67,Yes,7.33
Silty,Rice,602.7,29.5,6.28,200.1,6.81,7.3,21.97,No,8.56
Clay,Wheat,824.1,23.2,7.29,93.8,8.12,9.7,14.51,Yes,7.57
Loamy,Maize,968.8,16.3,5.12,109.0,9.25,8.6,3.95,Yes,11.26
,Rice,915.6,21.5,7.63,177.8,5.86,7.4,22.38,Yes,9.83
Loamy,Wheat,974.8,21.7,6.79,226.5,2.15,4.8,2.65,No,7.91
Clay,Rice,1166.1,28.6,5.5,713.7114560569444,8.67,9.4,2.53,Yes,9.56
Loamy,Soybean,902.0,27.1,6.91,110.5,4.25,8.4,1.32,Yes,8.28
Clay,Barley,1115.2,19.7,6.2,73.7,4.48,9.6,19.57,Yes,7.84
Loamy,Soybean,946.7,,6.37,156.2,6.27,8.9,6.13,Yes,8.67
Silty,Rice,842.8,16.8,5.76,187.8,0.99,6.2,1.79,Yes,9.3
Loamy,Rice,926.6,23.9,5.71,112.4,3.61,10.5,2.5,No,9.96
Sandy,Barley,882.3,27.7,5.62,137.1,12.2,8.0,2.77,No,7.12
Clay,Maize,399.5,13.6,7.04,239.5,2.2,6.0,18.75,Yes,8.97
Clay,Cotton,910.8,31.7,7.23,232.6,10.86,6.6,2.44,Yes,6.98
Silty,Rice,779.4,28.1,7.73,127.3,6.94,8.5,2.39,Yes,9.14
Silty,Barley,1254.5,17.1,7.0,191.7,,6.8,16.23,No,7.84
Peaty,Soybean,1054.2,29.5,5.36,240.1,1.6,9.4,5.38,No,7.22
Silty,Barley,1036.3,28.6,6.62,116.6,0.31,7.8,2.75,Yes,8.49
Silty,Soybean,,22.0,6.26,67.0,6.24,7.6,5.42,,7.5
Clay,Wheat,1011.2,13.9,7.32,42.9,3.67,6.8,3.73,Yes,7.31
Clay,Cotton,1139.3,24.5,5.71,164.9,4.34,7.7,2.94,No,6.2
Silty,Rice,750.2,24.7,6.56,266.6,12.14,8.1,6.08,Yes,9.57
Peaty,Rice,754.1,31.8,6.68,81.7,5.09,6.2,3.39,Yes,9.32
Sandy,Soybean,1057.7,24.4,7.08,80.1,0.0,6.3,1.85,No,6.34
Sandy,Maize,653.6,23.6,6.77,305.9,2.55,5.2,5.87,Yes,10.34
Clay,Cotton,819.9,25.8,7.27,210.7,6.4,8.1,2.72,Yes,7.34
Sandy,Rice,875.9,29.3,6.6,155.4,8.82,,11.08,Yes,10.05
Silty,Maize,432.4,24.6,,,7.33,7.5,5.78,Yes,8.83
Loamy,,658.2,22.3,5.7,196.1,8.26,7.8,4.98,No,11.22
Peaty,Soybean,1016.4,23.0,6.35,84.4,5.88,9.4,6.05,Yes,8.24
Loamy,Barley,1345.8,27.0,6.88,166.2,3.7,6.1,8.6,No,7.74
Clay,Cotton,679.0,31.4,7.02,135.5,7.47,7.8,6.55,Yes,5.48
Loamy,Soybean,1283.6,27.2,6.23,144.6,1.04,7.4,1.76,No,6.93
Silty,Wheat,964.9,21.7,6.69,162.2,9.02,6.7,,No,8.92
,Maize,1015.5,17.9,7.63,112.6,1.58,6.1,3.56,No,10.33
Sandy,Rice,1032.3,26.9,7.14,,6.51,10.1,2.79,No,8.81
Peaty,Rice,,20.9,7.81,164.0,6.63,5.5,1.89,No,8.37
Clay,Cotton,,22.4,6.08,126.3,4.83,11.0,1.82,Yes,7.47
Clay,Cotton,1100.6,26.7,5.56,235.2,1.87,5.7,2.57,No,5.79
Clay,Cotton,950.1,27.9,6.54,55.3,0.0,6.4,28.82,No,6.19
Clay,Wheat,922.9,21.9,6.33,258.8,1.33,9.4,1.21,No,7.56
Silty,Rice,1383.7,23.6,6.43,68.1,10.66,8.8,0.58,No,9.35
Sandy,Maize,1302.7,12.4,7.64,122.3,8.22,6.2,5.55,Yes,10.18
Clay,Barley,795.2,18.7,5.97,130.5,3.31,,19.43,No,7.32
Silty,Wheat,679.8,21.3,6.31,155.7,3.28,8.2,1.23,No,7.79
Clay,Cotton,617.6,20.3,6.94,66.0,4.59,8.0,7.96,Yes,7.02
Peaty,Maize,960.3,18.0,6.0,193.8,6.56,7.9,2.7,Yes,11.04
Silty,Wheat,1062.5,29.3,6.06,174.1,5.23,6.6,2.29,No,7.93
Sandy,Wheat,734.9,,7.49,136.1,7.6,8.7,3.92,No,6.69
Silty,Rice,1142.7,24.0,6.91,138.5,1.88,3.9,1.28,Yes,10.06
Sandy,Wheat,1140.3,26.7,6.0,168.7,4.46,5.3,1.25,No,7.19
Sandy,Rice,752.7,25.2,4.91,212.5,,7.4,2.13,Yes,8.14
Peaty,Wheat,727.5,23.8,6.94,182.3,4.25,7.5,4.65,No,7.54
Clay,Maize,1700.1,29.1,,249.5,4.54,7.1,8.11,Yes,8.83
Clay,Soybean,847.9,19.9,5.83,190.5,0.73,7.6,10.49,Yes,7.71
Loamy,Rice,753.9,36.8,6.42,146.0,,8.0,14.25,,9.67
Peaty,Rice,811.2,24.9,8.51,89.8,,8.4,1.42,Yes,7.76
Sandy,Wheat,,19.3,4.95,278.1,5.98,5.8,12.38,Yes,7.09
Silty,Wheat,1067.4,25.1,7.67,193.6,10.01,7.4,2.64,Yes,9.14
Silty,Wheat,1011.5,28.2,7.28,222.8,5.07,4.9,2.96,No,7.99
Silty,Maize,927.2,19.6,6.56,126.9,2.92,7.6,1.16,Yes,10.55
Loamy,Barley,870.6,29.1,6.21,228.0,6.31,8.9,2.96,Yes,9.23
Peaty,Wheat,1002.6,,,,8.2,8.9,4.04,No,7.9
Clay,Maize,836.9,28.8,6.82,194.7,,9.6,3.75,Yes,10.33
Sandy,Rice,1197.8,32.2,5.9,63.3,3.06,9.9,1.12,Yes,8.28
Loamy,Barley,755.0,18.4,6.0,38.0,,10.7,7.8,Yes,8.12
Sandy,Cotton,,19.5,7.44,187.2,4.51,9.5,,Yes,6.48
Peaty,Barley,721.3,22.0,6.68,153.2,4.38,7.6,8.0,Yes,8.02
Silty,Maize,926.2,22.8,6.62,145.5,7.18,7.2,,No,9.13
Peaty,Maize,156.7,19.0,6.37,187.4,5.17,8.8,8.18,No,9.26
Silty,Barley,643.5,23.4,6.81,209.3,5.98,8.7,3.81,No,7.58
Silty,Cotton,812.0,26.0,6.0,162.5,4.54,4.7,1.61,No,6.58
Loamy,Barley,964.1,36.0,6.46,141.6,7.83,8.3,1.19,No,7.53
Loamy,Rice,803.0,27.8,6.64,169.4,3.25,6.9,6.82,Yes,10.09
Sandy,Wheat,615.2,25.1,5.66,77.7,9.34,8.9,0.7,No,6.73
Silty,Wheat,903.4,22.0,6.39,288.9,5.33,6.0,31.11,No,7.29
Peaty,Rice,969.5,15.8,6.88,90.4,1.91,9.0,1.13,Yes,8.34
Peaty,Soybean,1596.9,31.6,6.24,86.3,2.67,8.7,3.68,Yes,6.47
Sandy,Soybean,1161.7,26.9,6.43,136.9,5.6,7.8,1.74,No,6.61
Loamy,Rice,727.0,21.8,8.41,120.5,3.37,9.5,2.7,No,8.82
Silty,Cotton,893.7,28.0,6.08,243.7,5.05,,2.46,No,6.63
Sandy,Soybean,872.8,31.4,7.05,79.2,5.35,5.8,,Yes,6.78
Loamy,Wheat,346.6,,7.2,84.1,,6.8,2.79,No,7.54
Silty,Rice,,17.1,4.97,167.1,4.71,7.4,5.35,Yes,9.05
Loamy,Maize,1646.4,,6.53,294.4,6.24,8.0,1.33,No,10.53
Clay,Barley,908.4,25.8,7.18,112.0,6.95,10.5,2.23,No,7.75
Silty,Soybean,261.2,,6.81,293.3,9.46,7.7,3.02,No,6.63
Loamy,Soybean,1007.4,20.5,5.59,109.3,6.79,9.1,3.37,No,8.82
Sandy,Soybean,124.3,29.3,6.41,184.9,10.2,7.9,3.95,No,5.15
Peaty,Barley,1109.9,31.2,6.55,3.7,3.9,8.7,2.52,Yes,6.28
Silty,Rice,,21.7,6.0,185.0,3.14,9.6,8.53,Yes,9.35
Sandy,Wheat,752.9,24.7,6.45,203.1,,9.4,3.45,No,7.53
Clay,Cotton,690.1,16.9,5.89,156.8,1.95,8.7,2.51,No,6.05
,Wheat,1016.6,28.3,6.74,158.2,4.51,11.9,4.37,Yes,8.66
Silty,Soybean,1036.3,25.6,5.38,223.1,5.85,6.6,1.37,No,7.5
Loamy,Soybean,719.5,21.8,6.43,173.7,7.72,6.6,9.78,Yes,9.02
Clay,Maize,,25.5,6.93,260.6,3.29,5.2,2.91,Yes,10.35
Sandy,Soybean,956.8,22.3,6.55,,4.96,6.1,0.48,No,5.75
Silty,Rice,501.8,15.4,7.17,245.6,3.86,7.2,5.3,Yes,9.09
Peaty,Cotton,785.2,24.1,6.56,,5.61,6.5,2.13,Yes,7.46
Sandy,Maize,,12.4,5.22,119.5,2.56,6.9,0.73,Yes,9.53
Clay,Maize,1100.7,29.1,8.28,243.1,7.75,7.8,1.49,Yes,10.09
Sandy,Wheat,1072.4,27.8,6.43,96.5,4.61,7.5,2.05,No,7.61
Sandy,Cotton,807.3,25.6,6.44,43.3,4.79,8.6,4.36,No,5.7
Clay,Maize,827.2,,6.26,114.8,8.15,6.9,1.61,Yes,10.47
Clay,Wheat,1107.9,23.1,6.19,130.1,3.75,8.1,2.34,No,7.16
Loamy,Soybean,665.6,29.7,,112.5,2.9,6.5,2.17,Yes,7.37
Loamy,Soybean,885.5,16.5,7.12,58.2,5.45,7.1,18.33,No,7.36
Clay,Wheat,582.1,20.0,5.67,229.8,4.6,9.1,2.4,No,7.48
Sandy,Rice,733.2,19.5,6.08,93.3,3.55,7.9,7.08,No,8.67
Sandy,Wheat,1211.6,28.4,6.35,205.0,0.0,8.9,3.41,Yes,7.82
Peaty,Maize,755.5,21.9,6.61,189.0,3.43,7.6,6.05,Yes,10.99
Loamy,Maize,960.7,25.5,,206.8,1.79,8.7,32.43,Yes,12.24
Peaty,Barley,819.6,25.4,7.32,163.4,5.02,,3.03,Yes,8.58
Sandy,Maize,859.0,27.7,6.91,162.4,6.95,7.2,0.72,Yes,10.84
Loamy,Wheat,1033.0,24.2,7.87,117.0,5.95,6.7,6.04,Yes,8.52
Peaty,Barley,942.6,22.3,7.81,,5.81,8.1,4.6,No,7.2
Silty,Maize,851.8,18.0,6.66,205.3,4.3,6.6,0.65,Yes,10.79
Clay,Maize,1032.0,32.8,6.02,118.0,2.19,5.9,3.27,Yes,9.75
Loamy,Soybean,1085.5,20.9,7.79,160.9,5.99,5.8,2.22,Yes,8.5
Loamy,Cotton,1149.1,,6.41,198.7,3.15,8.3,8.95,No,8.43
,Soybean,1137.9,20.8,6.63,71.4,7.31,8.4,3.22,No,6.59
Peaty,Barley,1042.5,,6.26,235.0,2.03,5.8,1.67,Yes,7.82
Silty,Wheat,742.6,32.2,5.11,190.7,5.54,7.0,6.32,No,6.83
Silty,Rice,814.8,20.6,7.09,210.5,5.81,9.0,8.52,No,10.38
,Maize,712.1,22.6,6.16,109.4,3.14,6.2,4.14,No,9.48
Peaty,Wheat,958.2,26.0,5.54,61.1,2.77,8.2,14.96,No,7.06
Peaty,Wheat,461.6,29.1,7.92,81.0,7.16,8.3,,Yes,7.58
Sandy,Barley,853.3,22.6,8.21,246.5,6.84,7.9,4.02,Yes,7.41
Silty,Maize,1321.9,22.5,5.93,119.2,2.22,6.0,5.75,Yes,10.59
Clay,Barley,552.3,18.1,6.79,177.8,3.92,4.6,1.22,Yes,8.49
Silty,Cotton,1109.3,25.9,7.28,201.3,7.85,8.1,3.1,No,7.61
Loamy,Rice,665.2,15.9,5.66,164.2,6.78,6.8,0.83,No,9.01
Sandy,Barley,812.3,,6.53,164.5,1.38,8.7,2.99,Yes,8.82
,Cotton,1125.9,33.1,,230.9,4.53,5.9,4.52,No,5.57
Peaty,Wheat,934.2,22.3,7.59,,6.09,5.4,2.02,No,6.46
Loamy,Maize,924.4,,7.17,196.0,2.96,7.1,0.68,No,10.47
Clay,Cotton,862.4,28.7,4.84,146.4,0.96,8.8,2.59,Yes,6.8
Sandy,Maize,1074.0,26.4,7.48,258.2,4.05,9.0,,No,9.5
Peaty,Barley,1023.7,21.5,7.2,116.6,6.53,8.8,5.44,Yes,8.43
Peaty,Rice,1155.5,27.0,5.15,225.1,6.43,7.5,4.03,No,8.31
Sandy,Cotton,719.3,,6.96,211.1,3.57,10.3,0.58,Yes,7.9
Clay,Barley,,19.5,,146.9,5.96,6.4,4.03,No,6.85
Loamy,,1050.8,,5.76,147.8,,7.9,3.65,Yes,9.45
Peaty,Soybean,967.0,19.5,5.86,51.9,,9.0,10.25,No,7.76
Clay,Maize,741.1,20.3,,188.3,1.94,9.0,2.05,Yes,9.47
Loamy,Barley,1007.5,26.2,5.07,108.3,4.13,10.4,2.35,Yes,9.39
Peaty,Wheat,792.6,21.4,8.13,219.2,5.25,7.9,10.91,No,8.19
Loamy,Cotton,718.7,31.6,7.19,191.8,5.3,6.8,7.45,Yes,7.64
Peaty,Wheat,891.0,18.6,5.8,98.0,3.23,7.5,9.73,No,7.96
Peaty,Maize,937.4,27.1,6.3,213.7,5.37,8.2,2.34,Yes,11.01
Sandy,Wheat,848.3,28.4,6.95,169.1,3.78,8.3,3.77,Yes,8.35
Peaty,Maize,1084.7,27.2,5.7,195.0,3.4,9.4,0.3,Yes,11.48
Silty,Rice,952.3,24.6,5.68,176.3,7.64,10.0,6.18,Yes,9.73
Loamy,Soybean,1025.5,16.7,6.48,137.4,0.65,7.5,2.12,No,8.37
Silty,Maize,1299.0,32.1,6.93,234.2,6.12,7.3,5.67,Yes,10.63
Silty,Rice,523.5,22.2,6.57,208.1,1.78,,1.75,,9.67
Loamy,Rice,1256.5,22.8,6.89,126.0,4.74,8.8,1.34,No,10.68
Peaty,Barley,957.4,26.9,6.22,259.1,6.03,8.9,3.69,No,7.68
Loamy,Cotton,1057.5,19.6,6.82,222.9,5.48,7.0,0.58,Yes,8.3
Loamy,Wheat,458.0,27.4,7.7,203.4,,8.7,3.37,Yes,8.11
Clay,Cotton,917.3,20.4,7.85,175.8,6.21,,6.53,Yes,7.82
Sandy,Soybean,1196.4,30.8,6.8,222.9,1.95,7.7,1.43,No,6.34
Sandy,Rice,851.5,28.0,6.27,216.1,4.44,8.2,4.72,No,8.44
Silty,Maize,1588.3,18.3,8.07,161.4,1.92,8.2,5.64,No,8.69
Silty,Cotton,900.4,28.6,4.59,77.7,5.95,7.8,1.12,No,5.46
Peaty,Soybean,911.3,18.7,7.47,184.1,4.08,7.3,0.75,Yes,7.33
Loamy,Barley,1248.3,26.6,6.3,170.5,6.2,6.3,1.23,Yes,9.26
,Wheat,470.1,30.4,6.34,147.9,6.77,9.4,16.53,Yes,8.3
Peaty,Rice,1067.0,21.0,5.18,168.2,3.3,,18.57,No,8.95
Loamy,Maize,1111.3,29.0,6.03,119.8,0.53,9.0,,No,11.0
Loamy,Barley,950.1,16.9,6.47,205.2,5.29,5.9,6.8,No,7.45
Loamy,Wheat,1015.3,20.9,6.52,74.2,1.71,6.5,0.95,Yes,8.59
Loamy,Rice,982.9,23.6,3.94,202.3,5.82,9.3,,No,7.85
Sandy,Wheat,815.9,19.5,6.42,91.8,3.16,6.4,9.58,No,6.61
Sandy,Maize,1182.3,30.3,6.98,282.8,0.22,8.3,2.38,Yes,10.13
Silty,Cotton,635.9,18.0,7.64,196.4,6.27,8.5,,No,6.44
Clay,Cotton,747.0,32.0,5.75,182.0,1.16,6.5,1.13,No,5.24
Peaty,Barley,1121.1,,5.93,177.8,3.41,5.6,4.58,No,7.69
Silty,Soybean,1192.4,8.8,6.57,227.1,6.96,7.6,2.54,Yes,7.08
Loamy,,649.4,24.5,5.71,180.6,7.88,6.7,46.01,No,7.83
Sandy,Barley,1355.6,24.6,7.38,129.0,6.17,4.5,,No,6.5
Silty,Maize,986.3,19.2,6.82,105.2,2.39,7.6,1.8,No,10.8
Peaty,Maize,873.6,27.1,6.81,,5.67,4.5,14.43,No,9.69
Clay,Maize,660.9,,6.61,72.3,3.57,7.1,2.39,No,9.37
Loamy,Wheat,1240.8,17.0,6.27,158.4,9.74,9.2,4.21,Yes,10.36
Clay,Wheat,961.1,22.4,6.99,128.3,11.45,4.0,1.44,Yes,8.39
Loamy,Rice,912.5,20.7,7.64,102.1,2.36,7.1,5.66,Yes,9.7
Silty,Soybean,804.8,26.1,7.55,112.6,2.96,6.6,15.58,No,7.49
Silty,Barley,1041.9,26.3,7.02,,2.29,6.1,11.62,Yes,7.83
Sandy,Soybean,902.2,15.9,6.28,52.6,8.6,7.2,2.67,Yes,6.5
Peaty,Maize,671.7,18.6,5.49,178.8,2.74,6.0,5.73,Yes,11.36
Peaty,Barley,1034.8,,6.67,133.3,9.54,8.3,0.49,Yes,8.93
Sandy,Maize,402.8,21.1,5.76,240.3,4.56,8.2,1.4,Yes,11.31
Sandy,Soybean,910.9,24.3,5.21,195.5,6.85,8.3,5.08,No,6.79
Sandy,,651.8,17.3,6.52,152.8,3.85,9.0,,No,6.87
Silty,Soybean,920.8,33.0,7.03,170.5,0.0,9.9,4.59,Yes,7.19
Loamy,Maize,859.1,22.3,7.01,191.5,0.02,8.7,5.93,No,11.03
Loamy,Barley,679.9,28.6,6.5,80.7,2.19,7.2,,No,7.21
Silty,Maize,987.6,32.3,6.65,225.4,2.28,8.7,7.0,Yes,10.76
Peaty,Barley,915.2,18.7,6.28,110.7,7.77,6.6,4.12,Yes,8.35
Silty,Rice,1038.2,28.9,5.34,106.3,5.74,10.3,7.02,No,9.34
Clay,Wheat,1001.1,22.5,6.59,275.0,2.88,7.5,3.13,,9.3
Peaty,Barley,684.9,,6.23,142.0,3.76,10.1,12.66,No,7.73
Loamy,Wheat,421.4,27.6,6.54,104.1,3.75,11.0,,Yes,9.08
Clay,Soybean,1031.0,26.5,7.05,106.9,6.04,6.9,5.54,No,6.23
Sandy,Soybean,886.4,31.6,7.21,164.4,,7.4,0.65,No,5.91
Loamy,Barley,918.1,18.9,,83.3,6.11,7.8,1.76,Yes,8.85
Peaty,Wheat,587.7,19.2,,135.3,2.51,7.6,0.54,No,7.69
Loamy,Wheat,500.7,18.9,7.34,133.9,6.06,4.8,0.5,Yes,8.53
Sandy,Maize,955.5,25.8,7.78,70.6,5.1,6.8,,Yes,9.59
Silty,Wheat,648.0,22.8,,175.9,4.89,7.3,2.93,Yes,8.39
Peaty,Maize,1092.6,26.3,5.85,155.9,4.53,5.6,5.64,Yes,11.12
Loamy,Wheat,410.9,27.3,6.94,,5.96,9.1,4.12,No,8.36
Silty,Rice,,33.3,6.44,163.3,2.18,6.0,7.69,Yes,9.74
Loamy,Maize,979.3,23.3,5.78,198.2,3.74,9.3,3.94,No,11.66
Silty,Cotton,785.2,35.4,8.48,76.7,7.86,9.2,2.98,,5.32
Clay,Barley,1063.3,21.9,6.78,303.8,6.37,6.7,2.53,Yes,7.95
Loamy,Barley,855.2,18.5,6.2,148.0,,8.9,3.66,Yes,8.54
Clay,Barley,831.7,,5.51,100.4,4.41,6.6,2.93,No,6.74
Silty,Rice,573.4,22.5,7.18,210.8,1.89,7.7,3.05,No,8.99
Peaty,Wheat,370.0,23.4,6.68,152.0,4.13,8.4,0.72,Yes,8.4
Peaty,Soybean,834.9,17.8,6.02,,7.95,6.5,1.34,Yes,8.71
Clay,Wheat,875.4,,4.66,,6.54,7.1,11.9,No,6.85
Peaty,Barley,1109.8,21.6,6.29,58.2,5.84,6.6,5.78,,6.74
Sandy,Wheat,468.8,22.8,6.97,219.7,10.79,7.8,,Yes,8.21
Clay,Maize,1056.7,27.1,,241.7,7.73,9.2,2.15,Yes,11.09
Sandy,Cotton,334.0,28.1,6.14,194.9,7.82,5.8,2.76,No,5.88
Sandy,Soybean,626.6,21.1,7.0,,4.45,7.7,0.44,Yes,7.94
Loamy,Wheat,870.9,21.8,6.62,91.9,4.17,6.7,2.15,Yes,9.67
Sandy,Barley,606.0,27.6,6.44,286.7,5.45,5.8,1.71,Yes,7.12
Silty,Cotton,937.0,29.8,6.49,269.6,5.06,4.8,4.5,,7.4
Sandy,Barley,,21.7,6.09,150.7,5.75,6.8,2.6,Yes,8.63
Sandy,,646.4,22.5,7.22,50.0,5.48,7.3,2.07,No,7.03
Silty,Wheat,842.3,15.2,5.76,,3.56,8.7,0.66,Yes,8.93
Clay,Soybean,955.2,23.3,6.21,164.0,7.81,8.2,6.94,Yes,8.72
Silty,Wheat,846.5,31.4,8.06,182.2,2.21,6.5,13.7,No,7.32
Loamy,Barley,841.3,26.9,7.22,166.2,6.39,6.1,8.19,No,8.49
Peaty,Maize,,19.5,6.95,68.5,5.94,7.1,14.25,No,9.24
Peaty,Wheat,617.5,27.3,6.14,128.9,5.72,7.7,1.18,Yes,6.66
Peaty,Cotton,842.1,33.1,5.75,64.4,1.5,9.5,2.21,Yes,6.61
Loamy,Barley,688.8,25.4,6.98,152.9,7.28,7.6,,Yes,9.09
Loamy,Soybean,1104.7,18.6,7.01,147.8,5.59,6.6,0.31,No,7.48
Sandy,Soybean,1108.2,19.1,,230.5,1.62,8.1,1.69,No,6.67
Clay,Soybean,515.2,25.0,5.54,101.9,10.78,,1.55,No,5.92
Silty,Cotton,843.1,30.4,7.43,166.2,2.9,,1.69,No,6.95
Peaty,,967.9,21.5,5.81,141.2,6.61,6.9,0.95,No,8.54
,Wheat,871.3,20.1,6.3,220.1,7.58,7.6,0.76,Yes,8.27
Clay,Rice,1022.8,26.8,6.9,146.0,2.65,6.4,1.67,No,8.46
Loamy,Wheat,982.3,21.9,7.29,110.4,5.94,5.9,7.42,No,7.82
Clay,Wheat,799.4,20.9,5.95,107.8,3.46,8.5,21.65,Yes,9.11
Peaty,Rice,1040.6,27.1,7.11,198.5,9.38,5.8,4.05,No,9.2
Sandy,Rice,768.4,18.4,6.43,179.1,4.92,8.9,1.41,Yes,9.2
Sandy,Wheat,818.8,21.6,6.71,192.4,4.52,6.9,5.25,Yes,8.78
Loamy,Wheat,1167.6,32.7,6.67,151.2,4.46,9.2,0.72,No,7.72
,Barley,740.4,30.9,7.08,169.9,2.87,8.2,5.94,No,7.58
Silty,Soybean,694.6,32.5,6.03,211.2,8.04,6.9,1.86,No,6.77
Sandy,Barley,1044.9,24.7,7.45,271.7,4.7,6.1,0.97,Yes,7.07
Loamy,Soybean,651.1,24.1,6.95,271.7,,8.1,14.09,No,7.85
Clay,Soybean,587.4,27.8,5.52,122.7,7.74,7.9,2.84,Yes,7.56
Sandy,Soybean,1259.6,26.3,5.5,140.5,4.77,10.3,8.37,Yes,7.83
Peaty,Rice,1027.4,12.5,4.57,173.8,8.78,5.5,1.94,No,6.82
Sandy,Maize,1038.9,18.0,5.97,140.0,4.78,9.5,0.82,Yes,10.9
Silty,Barley,,24.2,6.5,80.9,3.91,5.3,5.03,Yes,8.08
Silty,Barley,499.3,25.0,5.53,106.9,,7.9,7.5,Yes,8.32
Peaty,Barley,925.5,30.6,5.92,100.0,5.68,9.6,6.28,Yes,7.53
Silty,Soybean,643.5,25.1,7.0,46.7,10.6,8.0,0.75,No,7.59
Silty,Cotton,503.2,24.3,6.46,209.0,1.2,10.9,5.67,,7.65
Loamy,Maize,595.7,23.7,6.38,58.6,4.23,10.1,3.89,No,10.75
Clay,Cotton,1199.8,24.0,6.3,163.3,7.29,7.7,0.6,Yes,7.83
Clay,Soybean,794.1,29.1,6.64,142.2,2.47,6.9,2.25,No,6.02
Peaty,Soybean,1191.0,26.7,7.54,187.1,,7.9,10.25,Yes,7.7
Clay,Cotton,774.3,,5.37,,,7.4,11.58,No,6.64
Silty,Rice,1206.7,27.5,6.76,198.0,6.5,5.1,1.31,No,8.81
Loamy,Barley,966.9,18.5,7.68,153.4,2.4,6.1,5.26,No,7.78
Sandy,Barley,1401.1,24.0,6.08,137.9,0.58,4.9,7.04,No,6.5
Clay,Maize,610.1,19.0,6.46,228.0,8.8,9.5,2.15,Yes,10.77
Clay,Cotton,556.4,25.2,6.57,231.9,4.83,7.6,1.72,Yes,6.92
Silty,Barley,296.7,30.1,5.84,271.6,4.68,7.1,2.08,No,6.09
Loamy,Maize,662.5,28.1,6.72,209.9,10.58,5.3,4.22,Yes,11.44
Clay,Maize,1226.2,21.0,6.99,174.6,2.39,8.3,3.17,Yes,10.38
Loamy,Soybean,867.5,21.3,7.21,185.8,2.25,9.0,6.53,No,7.55
Clay,Soybean,1099.8,16.0,6.32,131.3,5.02,6.5,,Yes,8.54
Clay,Maize,606.4,32.7,5.65,158.7,5.09,9.0,4.12,No,8.84
Clay,Wheat,630.0,21.6,7.49,188.7,,8.2,2.09,No,6.41
Peaty,Rice,1182.1,24.8,7.09,,5.65,8.1,1.57,No,8.92
Loamy,Wheat,631.3,21.6,5.47,258.3,7.39,6.3,1.75,Yes,8.61
Loamy,Maize,889.1,22.3,6.88,,4.43,4.1,2.4,No,10.27
Sandy,Barley,1297.1,17.5,6.63,117.8,4.14,7.7,25.58,Yes,7.89
Loamy,Soybean,1141.3,16.8,5.51,304.8,,5.0,,No,6.67
Peaty,,1104.8,18.9,8.03,,2.92,8.2,4.98,No,9.72
Peaty,Soybean,656.1,22.5,6.3,98.3,5.83,5.6,0.65,No,6.06
Loamy,Soybean,,26.1,7.28,170.5,5.98,5.9,1.68,No,7.75
Silty,Maize,1187.1,25.2,6.07,178.3,5.04,9.5,6.89,Yes,11.46
Silty,Cotton,780.3,20.0,7.02,,6.88,9.2,2.95,Yes,7.68
Clay,Soybean,880.6,33.3,5.52,217.0,5.71,8.0,,Yes,7.24
Silty,Soybean,738.8,21.9,5.54,171.5,,7.6,29.55,No,7.92
Sandy,Soybean,1141.0,34.2,7.25,185.5,3.81,4.7,2.82,Yes,7.1
Sandy,Wheat,627.3,28.3,6.95,53.1,10.6,8.3,2.09,No,6.3
Clay,Cotton,1340.6,26.0,7.75,94.0,,8.3,1.97,No,5.25
Silty,Rice,871.6,26.9,7.35,142.5,8.48,8.5,7.49,Yes,9.69
Peaty,Cotton,484.9,28.4,7.1,183.6,5.97,7.2,1.39,,5.7
Peaty,Rice,936.7,24.9,8.08,147.8,4.69,7.6,8.74,Yes,8.82
Loamy,Rice,737.7,28.6,6.87,197.4,9.82,8.1,3.26,No,9.77
Silty,Soybean,831.3,29.7,,130.4,9.0,5.9,1.54,No,6.93
Silty,Barley,781.2,29.7,6.06,36.1,8.54,5.0,1.24,Yes,7.63
Peaty,Barley,840.3,19.1,4.66,131.7,7.37,8.0,3.6,Yes,7.8
Loamy,Soybean,692.8,26.2,5.93,247.9,8.67,7.7,1.58,Yes,8.6
Peaty,Maize,968.1,21.3,6.3,133.3,3.0,7.6,2.03,Yes,11.11
Sandy,Wheat,1176.1,33.4,6.95,224.1,5.57,9.2,3.01,Yes,8.11
Peaty,Soybean,849.4,26.8,7.54,129.5,2.43,9.5,14.66,Yes,8.04
Silty,Barley,1014.3,34.3,6.22,179.9,6.29,8.0,2.2,No,7.8
Peaty,Soybean,509.0,20.1,6.75,241.3,4.36,6.1,5.29,No,8.09
Clay,Cotton,1165.3,24.1,6.99,200.7,4.5,8.7,1.57,No,5.47
Peaty,Cotton,1034.4,28.9,7.14,186.7,5.11,7.7,2.55,No,6.52
Clay,Cotton,767.4,,6.06,56.4,6.72,5.7,11.12,No,6.08
Peaty,Maize,762.4,23.4,6.12,,3.4,7.1,,No,10.78
Sandy,Rice,1408.5,22.7,5.28,188.5,6.15,8.3,4.14,No,7.61
Clay,Rice,716.2,33.7,5.33,237.2,6.79,7.7,1.35,No,7.25
Peaty,Wheat,,24.5,6.42,98.3,8.66,7.9,1.61,Yes,8.09
Sandy,Barley,1121.5,33.9,,120.9,0.0,7.2,1.56,Yes,6.17
Sandy,Soybean,543.1,22.4,7.1,170.9,,6.4,,Yes,7.16
Clay,Cotton,500.9,9.8,6.49,,4.62,10.5,2.77,No,5.75
Silty,Barley,872.7,28.8,7.57,192.8,5.52,10.3,2.6,No,7.93
Silty,Rice,547.9,,,121.4,2.36,8.5,1.89,Yes,8.52
Peaty,Maize,,33.9,6.47,137.4,8.32,8.0,1.2,Yes,10.53
Peaty,Maize,751.4,30.3,6.85,185.0,5.86,5.7,0.89,Yes,10.55
Loamy,Cotton,704.2,23.0,5.96,254.1,6.31,7.3,1.1,No,6.73
Peaty,Rice,1448.2,21.2,7.16,245.9,5.02,6.8,2.08,No,8.31
Silty,Maize,458.6,26.4,6.07,184.1,9.08,8.6,0.81,Yes,11.1
Peaty,Rice,1012.4,30.3,6.12,110.8,4.57,6.9,,Yes,8.19
Peaty,Wheat,670.1,,5.58,235.0,3.02,9.1,0.51,No,7.61
Clay,Maize,836.0,36.4,6.04,74.5,,9.3,22.74,Yes,9.25
Clay,Wheat,1248.8,15.9,5.86,201.9,0.0,9.0,1.02,,8.91
Sandy,Wheat,1053.2,18.0,6.65,86.1,3.59,6.0,0.91,No,6.89
Silty,Soybean,1514.4,23.6,7.53,230.4,3.14,9.0,1.22,Yes,7.8
Sandy,Maize,721.8,20.7,5.26,86.7,2.56,10.3,5.79,No,9.18
Silty,Barley,986.3,15.8,5.22,161.2,0.0,7.4,6.66,Yes,7.63
Sandy,Cotton,787.8,19.6,6.53,130.5,1.57,4.9,2.9,Yes,7.26
Clay,Maize,888.8,25.9,5.76,131.4,9.08,6.1,1.67,No,9.79
Clay,Soybean,,13.6,5.58,137.4,5.96,5.3,3.09,Yes,6.92
Silty,Soybean,932.5,25.7,6.42,187.4,0.0,8.6,,No,6.9
Silty,Soybean,1151.7,29.1,6.33,118.3,3.57,6.5,2.56,Yes,7.91
Clay,Barley,1001.6,,6.9,121.3,4.16,7.2,1.51,No,7.74
Peaty,Rice,615.0,19.1,8.17,140.9,5.45,8.8,6.23,Yes,9.46
Sandy,Soybean,,41.4,6.69,133.0,4.38,9.5,4.55,Yes,4.76
Clay,Cotton,507.4,24.0,7.1,149.0,9.04,9.6,1.48,Yes,6.91
Peaty,Barley,1011.1,22.0,5.47,200.3,7.78,7.8,4.56,No,7.33
Clay,Wheat,1241.1,26.7,7.42,108.9,4.0,7.4,6.31,No,7.57
Silty,Rice,777.6,27.6,7.07,150.3,1.31,8.6,1.49,Yes,9.78
Loamy,Cotton,946.0,34.2,5.55,282.4,8.65,5.3,3.16,Yes,7.36
Silty,Cotton,893.5,28.5,7.24,,6.47,10.8,2.05,Yes,7.65
Loamy,Cotton,1167.9,21.6,6.42,156.9,5.6,7.7,3.62,Yes,8.62
Loamy,Rice,850.0,32.5,6.3,,7.1,11.2,2.19,No,8.67
Clay,Cotton,,21.7,6.09,263.1,,7.3,4.48,No,6.05
Loamy,Soybean,1162.5,25.0,5.14,194.4,8.27,9.4,11.24,Yes,8.59
Sandy,Rice,554.2,28.5,7.01,266.7,2.16,7.4,0.76,Yes,8.22
Silty,Soybean,970.1,28.8,7.05,185.7,4.49,8.1,10.71,Yes,7.79
Peaty,Rice,455.4,29.6,7.44,119.0,6.32,9.0,7.14,No,8.29
Clay,Barley,706.2,15.3,,93.7,1.44,7.4,2.29,No,6.94
Silty,Soybean,1262.2,24.1,7.05,194.2,0.07,4.3,6.88,Yes,8.08
Peaty,Barley,1262.0,28.1,5.68,180.7,3.29,8.6,4.18,Yes,7.88
Loamy,Rice,1202.6,21.5,7.06,14.5,8.21,5.0,2.32,Yes,9.86
Loamy,Cotton,1378.3,15.7,5.38,151.6,6.23,5.2,4.4,,7.57
Clay,Maize,945.2,22.1,6.24,80.1,5.22,9.2,3.64,Yes,11.0
Clay,Maize,397.9,29.4,5.4,81.4,3.91,8.8,3.35,Yes,9.0
Silty,Rice,875.5,35.3,6.66,171.5,3.87,9.1,1.86,Yes,9.4
Peaty,Soybean,497.3,21.4,6.97,223.5,,6.9,4.53,No,6.64
Silty,Soybean,1139.6,26.6,5.34,134.6,9.43,8.9,0.94,No,6.5
Silty,Wheat,972.2,25.8,7.25,103.3,4.85,6.3,12.43,Yes,7.95
Silty,Rice,888.0,26.0,,218.1,6.5,8.4,6.75,No,7.81
Clay,Rice,938.9,33.7,6.89,100.7,3.84,6.0,3.37,Yes,7.95
,Wheat,,24.9,6.18,185.5,5.67,7.7,3.47,No,8.16
Clay,Rice,997.4,23.4,8.03,125.6,6.33,6.2,1.59,Yes,9.76
Sandy,Rice,1250.1,23.8,5.24,184.0,4.59,4.9,1.63,No,8.8
Clay,Rice,863.7,24.0,6.89,83.3,7.03,8.5,2.56,Yes,9.03
,Cotton,1160.7,28.0,7.23,198.4,2.62,4.3,7.54,Yes,7.09
Loamy,Rice,1067.7,20.1,7.54,218.5,0.9,7.8,7.83,No,9.7
Peaty,Cotton,794.2,,7.4,164.3,10.71,7.8,3.74,No,6.2
Clay,Maize,1151.2,21.8,6.54,257.1,8.03,9.3,,No,11.28
Peaty,Barley,1324.2,22.4,5.58,108.6,3.11,4.9,3.45,No,7.03
Clay,Cotton,912.8,28.0,7.72,10.1,5.06,9.8,9.04,Yes,6.37
Peaty,Wheat,805.8,24.2,4.55,234.5,4.23,7.5,15.29,No,7.05
Silty,Soybean,610.3,32.5,8.11,73.9,4.96,8.2,3.62,No,6.14
Loamy,Soybean,986.3,27.4,6.93,,5.92,10.2,0.91,Yes,8.4
Silty,Barley,803.0,29.5,6.63,135.8,3.34,7.7,0.76,No,7.57
,Wheat,905.9,25.0,6.79,161.5,4.35,8.5,1.93,No,7.65
Sandy,Rice,1083.1,26.0,6.86,173.5,6.4,6.6,4.54,Yes,9.69
Sandy,Soybean,834.3,28.4,5.52,194.2,8.44,8.8,5.4,Yes,8.13
Peaty,Soybean,775.1,21.0,6.74,42.6,8.96,6.3,2.82,Yes,7.18
Peaty,Cotton,967.3,22.4,7.11,154.9,5.06,8.0,6.58,Yes,7.12
Clay,Barley,1315.7,29.8,6.65,52.1,8.19,7.2,3.24,No,6.13
Peaty,Cotton,1629.5,36.6,6.76,123.6,4.44,7.3,1.34,Yes,5.78
Clay,Wheat,872.0,25.3,6.34,132.3,5.1,5.9,4.83,No,8.26
Clay,Cotton,1073.7,20.0,6.24,135.6,1.65,5.2,2.95,Yes,6.37
Loamy,Soybean,944.8,27.2,6.86,162.9,6.53,9.1,0.8,,8.15
Clay,Maize,872.1,25.6,7.2,95.4,4.61,7.6,2.0,No,9.35
Clay,,623.9,,6.99,148.0,4.89,8.7,17.93,Yes,7.36
Sandy,Soybean,1086.2,20.0,5.86,142.7,3.27,7.4,1.4,Yes,7.53
Loamy,Rice,479.1,27.7,6.96,110.8,7.0,7.2,1.59,Yes,9.47
Sandy,Rice,854.6,22.4,6.73,170.0,3.69,9.9,6.42,Yes,9.17
Sandy,Maize,824.0,33.9,6.31,44.6,3.89,,1.14,Yes,10.01
Silty,Soybean,1428.4,,6.4,202.6,7.12,8.5,4.33,Yes,7.75
Clay,Cotton,743.4,17.3,5.54,204.7,6.45,8.1,,Yes,6.37
Clay,Cotton,218.5,22.7,7.39,118.4,7.7,3.9,7.28,Yes,6.74
Loamy,Soybean,686.6,26.7,7.1,226.6,4.22,7.8,8.33,No,7.94
Sandy,Maize,752.8,22.2,7.11,202.2,2.03,7.6,0.52,Yes,10.06
Sandy,Wheat,650.4,18.0,6.11,254.1,3.01,9.0,15.13,No,7.69
Loamy,Wheat,1110.5,27.2,6.73,143.6,3.97,8.6,,,9.77
Sandy,Barley,888.3,17.7,6.8,166.5,8.81,11.3,2.98,No,6.86
Peaty,Wheat,818.1,28.6,5.75,117.0,,,8.17,No,7.68
Peaty,Barley,891.4,15.0,6.44,81.2,5.9,,1.49,Yes,7.32
Loamy,Cotton,457.8,25.1,7.53,163.2,3.06,6.7,3.28,No,6.98
Loamy,Wheat,1405.2,31.9,6.06,191.8,7.47,4.9,3.74,Yes,8.59
Peaty,Cotton,963.3,18.9,6.72,147.6,4.41,6.3,2.27,No,7.35
Clay,Wheat,501.9,,7.27,99.7,5.82,7.4,1.57,Yes,8.17
Silty,Barley,909.0,23.9,7.5,233.1,7.41,,6.01,Yes,8.02
Silty,Cotton,563.2,25.9,5.01,104.0,4.47,8.3,3.25,Yes,7.35
Peaty,Barley,699.0,28.9,7.39,231.7,6.86,7.8,1.64,No,7.24
Peaty,Cotton,830.1,22.5,6.08,220.0,,8.0,2.16,No,6.57
Sandy,Barley,896.6,35.1,6.28,100.3,,5.1,1.06,Yes,6.48
Loamy,Soybean,794.7,24.2,6.36,228.6,1.35,6.5,6.52,Yes,8.54
Sandy,Barley,1128.4,29.4,6.4,103.1,,6.9,1.22,Yes,7.41
Loamy,Rice,1152.4,31.6,,157.1,4.3,6.3,12.04,Yes,10.69
Clay,Wheat,1204.6,23.7,6.31,121.4,6.1,,0.96,No,7.84
Peaty,Maize,828.7,23.7,8.04,79.1,5.48,7.3,1.66,Yes,9.61
Silty,Cotton,986.7,21.1,7.44,207.6,7.74,7.7,12.46,Yes,8.22
Sandy,Soybean,514.6,27.4,7.8,204.1,4.28,4.8,1.17,Yes,6.27
Clay,Cotton,1250.3,27.9,5.04,54.5,3.12,7.0,0.95,Yes,5.35
Peaty,Wheat,1390.3,22.6,5.84,15.0,6.13,7.2,2.76,Yes,7.29
,Rice,215.5,22.8,,119.5,1.22,4.1,,No,8.53
Peaty,Barley,1219.8,24.1,7.31,147.3,0.0,9.3,3.05,Yes,8.99
Sandy,Barley,805.7,33.0,7.32,148.4,,6.8,7.18,Yes,8.02
Sandy,Cotton,426.0,12.7,6.67,202.5,6.7,5.5,4.33,No,5.09
Silty,Rice,1059.1,28.7,7.49,207.6,5.73,8.2,8.06,Yes,10.03
Loamy,Barley,1063.8,28.1,5.56,126.6,8.67,4.8,0.48,Yes,7.64
Silty,Maize,828.3,31.8,6.3,186.8,8.47,5.8,1.07,No,9.9
Sandy,Rice,709.8,28.5,6.05,131.1,3.83,7.5,1.75,Yes,8.88
Silty,Barley,565.7,29.0,4.6,150.4,4.45,9.9,3.84,Yes,7.67
Loamy,Soybean,1248.2,24.6,,151.2,6.16,7.5,6.22,No,7.77
Sandy,Rice,1061.1,20.8,6.07,169.9,5.73,3.7,6.48,Yes,8.68
Silty,Soybean,953.6,31.2,7.01,88.2,3.75,7.4,3.97,No,6.96
Loamy,Maize,636.4,5.0,7.25,201.9,1.99,5.6,4.98,Yes,9.8
Sandy,,934.2,21.5,6.39,90.8,6.14,7.2,1.6,No,7.12
Clay,Cotton,1389.5,14.9,6.95,,,9.2,2.46,No,5.27
Peaty,Rice,658.9,25.7,7.17,250.5,5.38,7.9,6.41,Yes,9.35
Silty,Barley,1108.8,29.3,6.74,223.6,7.47,7.8,0.77,Yes,8.42
Silty,Soybean,992.8,32.1,6.26,126.1,5.9,6.6,2.29,Yes,8.25
Silty,Rice,1220.3,,7.12,144.7,4.66,5.2,1.48,No,8.77
Silty,Barley,,19.7,4.96,157.7,5.83,5.4,39.13,Yes,8.09
Clay,Soybean,984.6,24.5,6.06,119.0,9.73,4.8,2.79,No,6.98
Sandy,Wheat,847.2,27.8,5.97,206.4,3.83,8.6,3.22,Yes,7.72
Sandy,Barley,822.4,17.2,5.75,228.3,6.2,8.1,13.61,No,7.82
Clay,Barley,1322.1,26.8,5.98,,0.0,6.9,4.12,,7.91
Loamy,Cotton,932.0,15.6,7.37,,4.92,9.3,5.17,Yes,8.31
Silty,Barley,1033.6,21.5,5.53,,8.18,8.9,1.44,,9.1
Loamy,Barley,880.3,19.1,7.8,172.8,,7.7,1.72,Yes,9.15
Loamy,Soybean,672.5,23.0,7.32,163.0,8.28,8.2,3.54,Yes,8.91
Loamy,Soybean,591.7,24.2,8.13,157.4,6.79,9.7,0.59,No,8.0
Clay,Barley,732.1,16.4,5.44,139.7,8.31,8.8,1.4,Yes,8.23
Peaty,Barley,1128.9,22.7,6.97,155.7,10.67,8.5,2.15,No,7.46
Peaty,Cotton,1097.7,28.4,6.26,174.0,1.68,7.1,3.17,No,6.16
Sandy,Cotton,743.7,28.6,7.57,158.5,8.0,6.2,12.07,No,6.17
Peaty,Barley,356.3,30.0,5.31,191.2,6.45,6.5,0.32,Yes,7.17
Sandy,Wheat,1095.7,19.6,6.87,122.6,3.8,3.8,7.93,No,6.82
Loamy,Soybean,769.4,23.0,6.69,189.8,0.65,6.9,3.45,Yes,9.42
Sandy,Soybean,1062.5,21.4,,220.2,5.6,,4.26,Yes,7.21
Peaty,Cotton,814.7,22.5,7.0,181.0,4.48,5.9,0.98,Yes,7.05
Loamy,Soybean,1015.8,30.7,5.54,234.1,4.7,6.1,0.55,Yes,8.83
Silty,Soybean,567.9,25.0,6.79,171.9,5.64,8.4,1.98,No,7.5
Peaty,Rice,642.9,23.4,8.37,118.1,8.45,6.2,1.64,Yes,8.25
Peaty,Cotton,796.0,25.0,7.86,155.4,2.82,5.4,8.66,No,6.3
Clay,Barley,1210.3,22.4,6.57,84.6,3.75,8.5,15.35,No,7.54
Peaty,Barley,653.4,29.0,7.43,244.0,3.78,7.7,6.19,No,7.56
Sandy,Maize,713.8,31.7,6.02,313.6,4.16,8.6,1.3,Yes,9.49
Clay,Barley,1135.8,,7.41,184.3,6.82,9.4,14.9,Yes,8.44
Sandy,Barley,980.2,26.1,5.44,136.1,10.14,8.9,,Yes,8.1
Loamy,Maize,1169.6,19.6,5.98,201.7,,6.6,4.71,Yes,11.39
Sandy,Maize,743.8,21.0,5.69,143.6,1.77,7.0,2.83,Yes,10.55
Clay,Rice,366.0,18.2,7.75,182.5,3.24,4.2,4.7,No,6.62
Loamy,Soybean,791.7,26.2,5.16,126.3,4.42,7.8,4.25,No,7.87
Peaty,Soybean,917.0,28.3,7.19,178.9,6.81,6.3,5.91,Yes,8.01
Peaty,Maize,806.3,8.2,5.19,111.2,8.31,,2.93,Yes,9.62
Clay,Rice,841.4,28.2,5.56,127.8,5.95,8.1,5.29,No,9.06
Silty,Cotton,1017.6,27.5,5.72,129.4,,7.9,12.75,No,7.1
Clay,Barley,661.3,24.3,7.48,106.5,3.06,8.4,2.54,Yes,6.91
Clay,Maize,734.2,27.3,5.86,106.0,1.82,7.6,0.78,Yes,9.57
Loamy,Soybean,1136.7,23.1,6.73,,0.0,8.4,28.83,No,8.03
,Wheat,1181.0,17.2,7.35,164.6,5.75,7.9,0.77,Yes,9.19
Silty,Wheat,957.4,24.4,6.27,278.6,8.47,7.8,2.66,No,8.21
Peaty,Soybean,1197.6,31.5,6.55,135.9,7.4,8.7,9.87,Yes,7.46
Peaty,Maize,709.0,25.9,6.27,157.3,4.2,9.0,5.06,Yes,10.95
Sandy,Barley,1361.8,17.6,5.79,93.8,,7.1,19.79,Yes,8.68
Loamy,Cotton,1302.5,19.2,7.65,,0.28,5.4,2.51,No,6.97
Peaty,Maize,1186.4,28.3,5.67,276.7,5.43,8.2,4.15,Yes,11.02
Loamy,Soybean,1509.5,24.0,6.84,190.8,8.2,8.6,9.89,Yes,9.42
Silty,Cotton,846.3,25.3,7.33,132.3,4.31,6.0,2.39,No,7.18
Clay,Soybean,985.2,26.3,6.46,151.6,5.01,7.1,34.88,No,7.56
Clay,,1357.4,24.6,6.68,207.3,3.85,6.5,0.69,Yes,7.0
Peaty,Rice,514.5,28.3,6.34,179.8,2.99,9.0,3.71,Yes,9.71
Clay,Wheat,948.4,23.7,,99.3,8.56,8.1,5.06,No,7.27
Clay,Barley,1310.0,21.2,5.99,292.4,7.46,7.5,3.81,Yes,8.12
Silty,Rice,1049.4,44.4,5.94,164.4,7.84,6.5,2.4,No,6.24
Silty,Maize,834.8,16.9,6.65,,0.0,5.6,2.04,No,11.02
Silty,Barley,1202.9,23.6,6.48,50.0,3.45,8.3,19.94,Yes,8.52
Sandy,Rice,622.0,,5.67,152.6,6.2,7.5,3.22,Yes,8.79
Peaty,Soybean,867.5,27.8,6.11,140.0,2.28,5.2,3.61,Yes,8.18
Sandy,Maize,865.3,16.1,6.37,114.8,8.45,7.7,0.33,No,10.31
Loamy,Rice,746.7,27.2,5.83,177.0,2.49,5.8,2.46,Yes,9.65
Silty,Soybean,1099.5,34.0,,171.3,5.97,6.4,1.09,Yes,7.39
Loamy,Maize,1387.7,16.2,5.57,179.4,1.75,8.4,3.31,No,10.05
Loamy,Barley,574.0,30.4,4.42,134.1,6.88,9.9,1.05,Yes,7.23
Sandy,Rice,462.9,33.9,6.15,183.9,4.27,8.7,11.45,Yes,8.49
Peaty,Soybean,523.9,19.9,6.08,154.5,,8.6,2.95,Yes,9.37
Peaty,Maize,1313.6,26.9,5.75,65.4,8.67,8.4,6.38,Yes,10.1
Peaty,Soybean,576.2,23.8,6.55,186.1,6.46,10.0,3.6,No,7.18
Sandy,Soybean,1031.0,21.7,5.41,125.2,5.61,3.9,2.71,No,6.6
Sandy,Maize,479.4,16.5,7.74,157.7,2.62,7.4,0.9,No,8.98
Peaty,Rice,941.4,22.5,6.13,110.5,7.2,6.8,6.55,No,8.45
Peaty,Wheat,927.2,27.5,7.24,206.7,5.94,6.5,1.94,Yes,8.51
Silty,,1174.8,26.8,7.55,173.1,3.11,6.1,1.18,Yes,8.49
Sandy,Rice,,31.7,6.26,171.4,5.07,7.1,3.87,Yes,8.39
Loamy,Wheat,1202.4,31.7,6.28,141.0,2.1,8.8,2.52,Yes,9.36
Sandy,Soybean,1515.6,20.4,6.55,149.3,8.62,6.5,29.19,Yes,8.11
Loamy,Maize,1181.6,18.3,5.83,197.0,4.55,10.4,2.68,No,12.1
Clay,Maize,632.9,19.5,5.06,,10.62,8.6,2.25,Yes,10.68
Clay,Rice,907.9,23.9,7.53,231.7,3.25,9.6,19.83,Yes,9.32
Loamy,Cotton,455.0,,6.43,90.8,7.15,7.5,5.94,,7.5
Sandy,Barley,870.8,29.3,5.52,241.4,7.21,8.9,8.16,Yes,8.22
Clay,Wheat,1017.1,16.1,6.0,140.1,6.49,8.4,2.91,Yes,9.08
Peaty,Rice,896.4,17.4,6.18,114.3,0.81,8.4,1.6,Yes,9.65
Clay,Maize,1076.9,24.1,6.83,98.4,2.69,9.3,4.99,Yes,10.54
Clay,Rice,644.6,22.6,7.5,203.1,3.18,6.9,8.57,Yes,8.92
Silty,Barley,894.0,30.7,6.56,200.4,4.28,7.3,1.22,Yes,8.35
Peaty,Cotton,799.3,26.2,6.19,237.4,4.5,7.9,1.53,Yes,7.82
Sandy,Barley,1208.4,21.0,6.55,140.6,3.02,6.4,7.1,No,6.91
Silty,Barley,635.1,24.2,6.41,236.8,4.21,6.3,6.79,Yes,8.18
Clay,Wheat,1260.3,13.1,7.35,121.8,0.55,7.4,14.15,No,6.91
Peaty,Barley,978.3,14.8,6.65,49.5,8.32,7.3,0.94,Yes,7.4
Clay,Maize,499.2,12.3,5.36,148.6,7.0,8.6,0.94,Yes,9.57
Loamy,Soybean,1241.1,19.4,7.31,263.6,2.44,,1.89,No,7.93
Silty,Barley,872.8,25.0,7.07,182.9,4.63,6.8,9.49,Yes,9.07
Loamy,Wheat,1115.3,24.5,5.12,110.1,8.02,8.0,21.41,No,8.28
Sandy,Maize,993.9,29.6,7.26,55.4,7.02,8.3,6.99,Yes,10.33
Silty,Wheat,1336.2,29.2,6.82,104.1,6.25,6.0,1.64,Yes,7.27
Sandy,Barley,1092.4,25.9,7.65,174.3,3.93,9.6,5.09,Yes,8.2
Peaty,Soybean,563.5,23.7,7.47,123.8,11.96,7.4,1.95,Yes,7.46
Peaty,Barley,1009.7,24.0,,202.7,3.65,6.6,1.89,No,7.15
Clay,Rice,1131.5,26.6,5.69,162.2,3.66,7.6,1.18,Yes,10.09
Loamy,Soybean,592.0,24.5,7.23,181.3,3.87,7.5,0.48,Yes,8.41
Silty,Cotton,1210.8,23.9,6.35,30.1,1.69,8.1,3.28,No,6.12
Clay,Maize,1232.8,22.4,7.73,117.7,3.83,5.8,10.14,Yes,10.47
Sandy,Barley,720.4,37.3,6.88,235.2,7.18,5.6,1.59,Yes,7.07
Sandy,Soybean,,31.8,6.38,164.5,7.41,5.5,7.49,No,5.38
Peaty,Wheat,993.0,11.2,7.72,160.8,9.99,6.4,3.0,Yes,6.91
Silty,Soybean,995.3,18.5,5.94,212.2,,6.9,1.03,No,7.14
,Cotton,1231.6,28.0,7.1,250.5,3.36,8.1,1.4,Yes,7.82
Peaty,Soybean,1185.0,22.8,5.08,72.6,1.66,8.5,24.78,Yes,7.92
Peaty,Soybean,732.5,32.8,4.94,152.5,,7.3,2.4,Yes,7.27
Silty,Rice,1285.4,17.2,5.83,249.8,4.73,7.7,2.53,No,8.58
Clay,Maize,1127.7,,5.95,265.3,1.87,,2.74,No,9.31
Sandy,Rice,,20.8,8.89,240.2,3.94,11.0,1.44,Yes,7.03
Peaty,Soybean,730.0,32.9,6.07,103.7,10.31,6.6,4.0,Yes,7.26
Clay,Barley,1336.4,31.1,6.5,160.6,4.82,5.4,1.27,No,6.62
Sandy,Wheat,985.4,22.5,5.62,0.0,3.68,6.9,1.58,No,6.5
Clay,Cotton,1078.0,27.6,7.24,162.4,0.0,7.7,3.16,Yes,6.82
Loamy,Cotton,,23.9,6.04,,0.42,10.5,9.68,No,6.93
Peaty,Wheat,1130.2,19.5,6.36,248.7,7.19,4.2,1.76,Yes,8.24
Peaty,Rice,468.3,20.1,5.94,172.9,4.12,7.4,8.5,No,7.57
Peaty,Soybean,718.1,30.0,7.07,0.0,0.0,7.4,3.21,,7.6
Silty,Rice,929.9,26.9,5.84,136.2,4.91,5.6,,Yes,10.19
Sandy,Maize,1058.8,22.2,6.25,156.2,,7.1,1.93,Yes,10.3
Sandy,Soybean,909.4,25.1,7.19,163.0,2.94,8.3,1.7,No,5.74
Clay,Cotton,788.2,20.6,6.73,102.8,3.57,6.9,1.36,Yes,8.43
Silty,Cotton,816.9,29.2,5.76,218.8,4.1,6.4,0.65,Yes,7.3
Clay,Cotton,982.9,30.4,5.25,243.4,6.31,4.6,1.78,Yes,6.26
Loamy,Barley,733.3,20.1,,151.6,2.62,9.2,1.47,Yes,8.65
Sandy,Rice,1345.5,16.3,6.72,177.8,5.26,7.6,2.94,No,7.71
Loamy,Wheat,995.0,21.8,6.54,148.1,2.81,6.3,12.57,Yes,8.37
Peaty,Maize,822.5,27.5,7.15,282.7,4.1,5.9,15.64,Yes,10.52
Sandy,Cotton,962.1,29.9,5.74,147.7,6.02,5.8,4.0,Yes,7.16
Clay,Barley,726.5,29.7,5.51,260.2,5.47,6.1,24.46,Yes,7.85
Sandy,Maize,928.9,23.4,6.43,23.7,7.88,6.0,4.75,Yes,9.46
Loamy,Maize,1385.7,21.6,6.27,113.7,4.98,7.7,0.52,Yes,11.87
Silty,Cotton,1349.5,29.8,6.95,211.5,3.87,7.3,2.77,Yes,6.43
,Rice,1196.5,28.9,7.78,,5.65,6.8,1.02,Yes,7.98
Silty,Cotton,1047.1,23.7,6.93,,6.27,8.9,5.16,Yes,7.41
Peaty,Cotton,640.0,27.2,5.66,82.0,5.01,6.3,2.92,No,6.15
Silty,Soybean,502.6,22.0,5.49,,6.62,8.1,1.53,Yes,8.11
Peaty,Wheat,624.7,22.5,6.06,100.6,6.73,6.6,3.09,Yes,7.95
Peaty,Maize,742.5,21.5,4.79,101.5,6.78,6.7,6.66,No,9.23
Loamy,Barley,1231.2,26.3,8.65,108.2,5.63,7.9,2.8,No,7.48
Peaty,Barley,1237.0,33.0,6.46,201.5,,7.4,,Yes,7.97
Clay,Soybean,1099.0,,6.74,,6.32,7.4,5.54,No,7.17
Peaty,Wheat,1009.7,23.2,6.06,162.5,7.43,6.7,,No,7.97
Loamy,Rice,696.7,22.9,6.46,12.9,5.33,8.0,2.18,Yes,9.19
Sandy,Barley,1183.7,17.5,5.96,177.5,,5.5,9.47,No,6.58
Silty,Maize,736.9,19.9,5.57,83.7,3.2,8.4,,Yes,10.67
Silty,,872.6,26.8,5.64,43.5,6.58,8.7,3.66,No,7.21
Silty,,786.6,31.0,7.67,127.4,6.29,4.7,4.26,No,7.91
Peaty,Rice,505.0,29.7,7.18,159.8,6.25,5.9,0.99,Yes,8.78
Peaty,Soybean,656.4,23.2,6.35,212.6,4.12,7.6,1.52,Yes,7.84
Peaty,Wheat,1162.6,25.3,6.55,47.8,2.9,7.4,1.74,Yes,7.56
Peaty,Maize,487.8,17.1,6.58,137.3,4.25,9.2,1.32,No,9.69
Loamy,Maize,1325.0,24.4,5.08,202.9,6.84,11.1,1.96,Yes,11.53
Silty,Wheat,924.4,12.3,5.98,158.2,7.78,5.2,22.36,Yes,8.13
Clay,Cotton,851.1,16.3,6.09,,4.58,7.9,6.17,Yes,7.87
Silty,Wheat,1179.5,29.9,6.99,167.7,4.77,9.6,11.59,Yes,9.55
Loamy,Rice,1073.1,24.4,6.45,149.1,5.87,6.6,2.48,,10.32
Clay,Wheat,1031.3,20.2,6.16,218.8,7.8,7.8,1.9,Yes,9.35
Silty,Cotton,954.4,25.9,6.94,126.4,3.33,9.5,2.93,No,7.1
Loamy,Cotton,800.7,21.8,7.75,43.1,5.45,8.8,3.02,No,6.14
Sandy,Barley,638.3,20.5,5.64,76.5,8.0,7.1,4.25,Yes,6.94
Silty,Wheat,725.0,28.6,5.46,,5.11,7.3,3.38,No,7.55
Sandy,Barley,1134.1,28.1,6.33,121.9,3.95,10.0,5.28,Yes,7.92
Peaty,Rice,696.5,35.0,,,6.19,6.2,5.4,Yes,8.23
Sandy,Rice,746.8,32.0,6.11,147.5,2.65,4.0,1.98,Yes,8.55
,Maize,755.1,11.7,6.93,85.5,3.59,10.1,4.72,No,10.46
Sandy,Barley,1160.8,24.7,7.23,221.3,6.24,8.2,4.76,Yes,7.74
Sandy,Wheat,961.8,26.6,6.36,,9.84,9.0,7.07,No,7.28
Sandy,Maize,965.6,21.8,5.63,181.6,7.43,8.6,0.32,No,9.82
Peaty,Cotton,537.8,15.3,4.78,181.0,3.89,6.3,2.49,Yes,6.23
Silty,Soybean,1090.4,25.3,6.58,19.9,5.04,7.5,0.72,Yes,8.02
Loamy,Rice,816.2,16.3,7.1,144.6,9.26,6.5,0.89,Yes,10.59
Clay,Wheat,703.7,20.6,6.81,173.4,6.78,11.6,9.26,No,7.7
Sandy,Maize,1140.0,22.3,7.64,153.1,5.89,6.6,1.37,No,9.41
,Maize,1044.5,26.7,5.67,191.3,,7.6,1.46,Yes,12.38
Peaty,Rice,812.9,17.1,7.05,157.2,7.69,7.4,15.49,No,8.44
Sandy,Wheat,1126.5,23.3,,133.3,5.85,5.8,3.59,Yes,7.62
Sandy,Cotton,1196.9,27.9,5.47,131.6,5.56,9.2,2.83,Yes,6.85
Peaty,Maize,1361.6,19.4,7.94,148.8,6.89,7.6,1.93,No,10.37
Silty,Soybean,826.1,22.4,6.28,133.5,2.41,8.7,10.68,Yes,9.27
Peaty,Soybean,794.1,25.0,6.84,0.0,3.95,10.2,3.33,Yes,7.1
Silty,Barley,871.1,23.4,6.22,124.0,4.75,4.7,5.32,Yes,8.34
Peaty,Soybean,654.3,22.7,7.12,72.7,4.63,7.8,3.01,No,5.88
Silty,Barley,252.7,24.1,6.23,104.5,4.89,8.8,3.36,Yes,7.96
,Barley,1551.5,21.3,7.0,99.1,5.57,8.1,4.28,Yes,7.97
Sandy,Wheat,461.3,24.7,6.27,101.8,7.01,5.5,1.19,Yes,7.45
Silty,Barley,1173.4,23.1,7.14,151.3,3.68,8.4,5.82,No,7.9
Peaty,Cotton,793.9,21.1,6.36,150.4,3.5,11.1,2.36,Yes,7.39
Sandy,Soybean,843.1,18.3,,155.9,,8.2,14.89,Yes,7.83
Clay,Soybean,,13.9,6.16,149.9,8.04,9.4,7.5,No,5.94
Loamy,Rice,912.7,21.7,5.85,99.1,5.33,,2.2,Yes,10.05
Clay,Wheat,892.5,23.6,6.9,226.5,8.27,7.9,7.24,Yes,8.72
Clay,Cotton,483.2,26.8,8.28,187.0,4.74,6.2,11.11,No,5.05
Clay,Rice,1209.4,25.2,5.27,240.9,,5.4,5.8,No,8.21
Loamy,Cotton,710.6,25.7,5.97,334.8,,7.1,3.32,Yes,7.92
Silty,Soybean,797.9,24.0,6.73,164.6,2.53,7.2,4.62,Yes,8.77
Loamy,Barley,908.2,35.4,6.37,92.3,6.89,4.2,7.03,No,7.0
Silty,Cotton,609.0,15.4,7.76,183.8,3.1,8.9,3.12,Yes,7.43
Loamy,Rice,871.3,25.2,6.39,208.8,5.98,9.8,2.5,Yes,11.15
Clay,Barley,812.1,22.8,4.63,162.7,4.52,8.2,,Yes,8.29
Clay,Rice,750.3,20.2,6.27,49.8,7.93,7.6,2.53,Yes,7.98
Loamy,Soybean,818.1,20.7,6.03,131.8,3.98,7.3,8.13,Yes,8.91
Loamy,Barley,1332.2,28.0,6.89,232.1,5.38,6.7,1.21,No,8.25
Loamy,Soybean,1220.2,28.3,5.75,158.0,3.91,9.0,9.45,Yes,8.78
Loamy,Maize,1245.2,26.1,5.76,27.2,4.48,8.2,4.75,No,10.66
Clay,Wheat,885.2,30.8,7.11,262.1,3.91,7.0,0.81,Yes,8.15
Sandy,Rice,1572.3,25.3,5.53,89.3,5.51,5.9,2.04,Yes,7.57
Clay,Rice,788.6,26.1,7.11,117.8,4.58,5.7,3.95,No,7.93
Peaty,Soybean,1285.4,18.7,5.86,200.8,3.83,6.3,9.48,No,7.33
Sandy,Soybean,965.0,26.6,5.77,243.7,6.7,7.7,21.15,No,6.48
Sandy,Wheat,683.2,24.2,4.98,140.7,4.68,6.6,1.86,No,6.95
Silty,Cotton,688.4,26.9,5.99,189.2,7.0,9.9,6.61,Yes,6.98
Peaty,Maize,825.6,,6.66,98.3,7.65,6.9,17.26,Yes,11.05
Peaty,Cotton,875.2,,5.92,286.0,3.58,7.1,9.36,No,6.63
Sandy,Maize,857.4,29.7,6.36,164.6,5.73,11.3,3.99,No,9.89
Silty,Cotton,982.4,26.1,6.91,303.3,,8.4,0.75,Yes,7.31
Sandy,Barley,1448.8,,,151.2,2.92,6.6,6.66,Yes,7.74
,Wheat,817.7,25.9,6.87,141.3,10.22,7.3,2.34,Yes,7.49
Peaty,Rice,815.6,27.0,7.08,150.7,1.06,6.6,1.69,Yes,8.71
Peaty,Rice,792.4,21.0,7.78,142.0,3.88,8.4,3.86,Yes,9.41
,Cotton,1384.9,22.5,5.64,113.5,4.99,6.3,1.36,Yes,6.96
Peaty,Cotton,1033.5,29.9,6.04,197.4,9.23,8.2,1.32,Yes,6.9
Sandy,Rice,594.3,24.7,6.74,189.4,3.57,6.6,4.98,Yes,9.42
Silty,Rice,1019.4,19.3,5.81,93.5,4.58,7.6,0.72,,9.0
Peaty,Wheat,850.6,26.9,6.12,154.9,6.67,7.2,3.73,No,7.72
Peaty,Barley,979.6,21.5,7.09,164.5,9.0,6.4,1.04,Yes,8.55
Peaty,Barley,929.9,32.2,6.07,174.1,0.72,,14.01,No,6.61
Peaty,Maize,1214.7,,5.51,126.0,6.02,8.2,4.19,No,9.69
Silty,Maize,1259.7,29.3,5.29,149.3,,6.6,,Yes,11.54
Silty,Cotton,819.4,24.6,,,0.0,4.1,1.73,No,7.53
Loamy,Wheat,888.5,30.2,7.33,184.6,5.43,8.9,2.19,Yes,8.81
Sandy,Maize,546.2,20.6,6.82,84.1,4.71,6.6,3.03,No,8.79
Loamy,Soybean,815.7,15.5,7.01,219.0,8.86,9.3,4.11,Yes,8.59
Clay,Rice,491.5,24.0,6.74,155.4,4.07,8.0,3.92,Yes,9.02
Peaty,Rice,1092.4,25.1,6.81,233.5,1.54,,2.57,Yes,9.76
Peaty,Cotton,1001.0,20.6,7.01,142.4,4.93,7.5,0.74,No,6.82
Peaty,Rice,833.0,23.0,5.07,176.7,6.41,7.9,7.0,Yes,9.56
Peaty,Cotton,1155.8,19.1,6.7,,2.68,4.9,7.15,Yes,7.3
Loamy,Barley,765.1,19.2,6.45,129.2,1.83,6.3,3.69,Yes,8.27
Clay,Maize,1342.0,21.6,6.03,,3.15,6.5,1.66,Yes,10.72
Silty,Rice,941.2,28.3,6.5,157.8,6.67,8.3,2.86,Yes,9.92
Clay,Cotton,729.2,24.8,7.42,168.0,4.21,8.0,3.5,No,7.19
Peaty,Rice,,21.0,5.91,221.9,4.69,3.7,1.9,,9.53
Loamy,Cotton,610.0,27.6,6.74,,4.19,5.8,1.11,No,6.1
Loamy,Wheat,1111.6,29.2,5.36,147.1,6.87,8.1,,Yes,8.84
Clay,Wheat,1316.0,33.0,5.92,67.6,6.35,4.7,2.64,No,6.33
Peaty,Maize,1356.4,24.0,6.73,211.4,0.69,7.5,1.52,Yes,11.21
Loamy,Wheat,832.6,,7.12,113.7,8.46,7.7,1.83,Yes,8.39
Peaty,Maize,707.7,25.2,5.01,237.3,3.55,4.8,1.39,No,9.74
Silty,Cotton,868.3,18.4,6.58,73.1,3.05,6.4,6.59,No,5.77
Silty,Barley,831.4,18.8,7.15,54.2,4.82,7.4,43.45,Yes,7.47
Sandy,Rice,934.6,11.4,6.74,189.2,2.97,9.0,0.98,No,7.65
Peaty,Barley,837.5,29.2,7.64,240.5,4.03,6.7,1.23,Yes,8.28
Peaty,Cotton,870.3,24.5,5.79,11.8,4.37,10.0,9.91,No,6.43
Peaty,Wheat,678.9,23.5,7.12,123.6,5.7,9.5,4.43,No,7.54
Loamy,Cotton,607.5,17.2,5.98,225.5,9.51,10.8,2.66,Yes,8.53
Silty,Rice,797.4,23.1,7.05,105.8,3.89,5.2,4.23,Yes,8.77
Loamy,Cotton,826.1,19.6,5.23,117.3,3.56,9.3,2.78,Yes,7.29
Loamy,Wheat,1165.7,24.7,5.0,200.4,7.94,9.1,8.72,Yes,9.2
Silty,Rice,407.1,23.5,6.93,285.5,2.32,6.7,2.23,Yes,9.13
Silty,Barley,547.8,21.0,5.4,86.9,4.98,8.3,1.82,Yes,7.82
Clay,Cotton,1304.3,21.6,7.42,96.9,3.2,6.6,5.05,Yes,6.67
Silty,Cotton,,20.1,8.49,75.3,7.11,6.1,9.88,Yes,5.61
Sandy,Rice,1446.3,20.8,5.93,81.8,6.3,7.8,3.83,Yes,8.86
Silty,Barley,966.3,18.6,7.07,220.6,6.08,4.7,,No,7.32
Peaty,Cotton,724.5,25.3,7.14,121.3,8.92,9.1,2.21,No,6.82
Loamy,Wheat,1156.2,30.9,7.1,121.0,1.04,7.0,4.77,Yes,8.46
Peaty,Barley,1195.4,25.4,6.13,271.8,6.55,7.3,4.09,Yes,7.74
Loamy,,1112.0,27.8,7.34,0.0,4.94,8.1,3.89,No,8.1
Sandy,Barley,592.2,19.5,7.14,217.0,,7.4,3.22,Yes,7.84
Peaty,Wheat,918.5,28.0,6.97,127.9,,6.4,1.75,Yes,8.09
Silty,Wheat,939.2,28.9,,27.0,7.52,10.2,7.54,No,6.37
Peaty,Wheat,398.2,26.6,7.27,72.5,,7.2,4.44,,8.2
Loamy,Rice,574.8,16.3,5.58,244.9,0.79,10.1,4.06,Yes,9.42
Clay,Wheat,789.9,30.3,7.86,104.4,1.26,6.7,0.69,Yes,8.01
Silty,Wheat,967.7,22.8,6.43,67.2,5.4,6.7,3.32,No,7.32
Clay,Soybean,827.7,26.7,7.42,122.8,4.45,6.2,,Yes,8.07
Sandy,Soybean,1147.3,38.2,5.84,44.9,5.59,7.6,2.03,No,4.68
Silty,Soybean,1104.9,25.7,6.39,,6.15,8.9,1.66,No,8.35
Clay,Barley,920.1,23.0,6.75,152.9,5.77,8.6,4.1,Yes,7.77
Sandy,Soybean,1236.9,13.8,,207.9,4.2,4.9,7.96,No,6.62
Sandy,Maize,1001.2,30.0,6.29,105.7,2.83,,3.09,Yes,10.34
Clay,Maize,1089.6,16.5,7.53,188.1,11.9,6.2,1.54,Yes,10.16
Peaty,Soybean,1258.3,28.8,5.21,151.1,5.22,8.8,3.23,Yes,7.65
Sandy,Cotton,1166.8,25.9,8.48,85.4,9.44,7.2,3.36,Yes,6.17
Loamy,Barley,1023.5,23.4,5.85,201.2,4.69,8.4,5.08,No,8.3
Clay,Barley,983.6,21.6,6.7,204.6,4.33,5.7,1.69,Yes,8.98
Silty,Cotton,881.4,30.7,7.8,177.8,0.23,,5.07,Yes,7.07
Clay,Soybean,1053.9,26.0,6.62,169.8,5.17,8.5,1.55,Yes,7.75
Sandy,Rice,1033.3,21.1,6.6,141.8,7.21,8.6,0.42,No,8.4
Clay,Soybean,340.2,15.3,6.83,226.1,2.54,8.8,4.73,Yes,7.7
Silty,Soybean,870.4,27.5,5.86,80.7,,7.6,0.36,Yes,7.5
Silty,Barley,812.3,12.7,7.31,102.6,3.93,7.9,1.7,No,7.21
Silty,Wheat,834.3,29.1,6.3,71.7,4.72,7.7,1.37,No,6.41
Peaty,Wheat,871.6,17.8,6.69,115.4,4.07,4.1,3.14,No,6.65
Clay,Maize,1152.2,23.3,7.6,181.4,5.5,6.5,2.49,No,10.52
Loamy,Maize,1007.9,20.7,6.03,203.5,2.67,7.2,5.46,No,10.38
Sandy,Cotton,1137.4,15.8,6.81,135.0,6.15,8.6,0.79,No,5.63
Clay,Barley,720.9,30.6,7.01,225.0,8.4,8.4,,Yes,8.17
Loamy,,889.8,18.2,6.16,129.3,3.54,5.3,10.34,Yes,11.53
Silty,Cotton,709.4,26.7,9.3,163.7,8.87,10.6,1.59,No,5.52
Sandy,Maize,1700.6,,5.23,105.8,3.91,8.0,7.06,Yes,9.65
Clay,,907.1,22.3,7.0,170.8,6.0,5.4,10.89,No,9.97
Sandy,Rice,958.1,18.1,7.85,244.1,9.51,6.1,12.05,No,8.3
Silty,Barley,1006.4,25.7,7.35,103.8,5.01,3.9,2.02,Yes,8.72
Sandy,Maize,1077.5,22.1,7.12,253.2,7.32,5.5,3.95,Yes,10.84
Peaty,Barley,1367.0,19.8,7.39,70.6,6.9,9.9,1.74,No,6.85
Peaty,Maize,1202.1,25.5,6.97,111.9,3.87,7.1,3.77,Yes,11.16
Loamy,Maize,814.0,28.4,3.76,163.6,6.44,7.7,2.68,No,7.97
Silty,Maize,984.9,18.5,6.48,,1.66,9.6,2.38,Yes,11.24
Sandy,Soybean,840.8,20.7,6.2,77.0,1.98,6.8,6.8,Yes,7.14
Sandy,Cotton,859.8,22.1,4.92,158.5,3.28,10.0,3.65,No,6.06
Peaty,Cotton,974.4,23.2,7.33,139.0,3.99,7.1,2.17,No,7.06
Sandy,Wheat,770.9,30.9,5.5,123.2,0.98,7.4,1.28,Yes,6.95
Loamy,Maize,1279.2,21.5,6.32,74.6,4.2,7.0,2.21,No,11.1
Peaty,Wheat,618.2,24.1,6.2,175.9,4.15,6.1,5.31,No,8.31
Loamy,Wheat,1228.8,23.1,5.04,125.2,5.68,8.4,42.86,No,8.01
Peaty,Rice,1173.1,,6.09,186.3,5.42,8.7,1.05,Yes,9.42
Loamy,Barley,993.6,25.4,6.01,165.1,6.93,7.9,1.23,Yes,9.9
Clay,Soybean,526.0,23.2,5.41,110.0,4.06,6.1,2.04,Yes,7.36
Silty,Rice,769.4,27.9,5.97,251.5,4.29,6.4,,Yes,9.98
Loamy,Soybean,984.4,21.4,7.7,101.7,1.97,6.6,2.52,No,7.79
Silty,Soybean,891.2,24.4,5.79,206.1,6.01,8.8,4.36,No,6.63
Loamy,Cotton,900.8,18.9,7.52,91.6,7.28,,0.92,Yes,7.45
Peaty,Wheat,,17.4,6.3,230.0,1.62,9.2,1.5,Yes,8.55
Loamy,Rice,431.6,17.2,6.4,141.4,8.2,6.2,7.84,Yes,9.93
Silty,Maize,934.1,21.3,5.26,193.8,3.92,5.4,4.13,No,10.14
Sandy,Maize,1110.7,32.7,7.93,127.9,4.16,,3.4,Yes,9.52
Silty,Soybean,1089.4,40.5,5.61,172.3,1.6,7.1,2.3,Yes,6.08
Sandy,Wheat,512.8,23.5,6.86,128.6,7.22,6.9,0.5,No,6.85
Loamy,Wheat,411.0,26.3,6.03,108.7,6.39,6.7,2.77,No,7.86
Peaty,Maize,586.8,26.6,7.44,157.2,2.48,6.4,5.46,Yes,10.61
Loamy,Rice,561.6,31.2,5.97,110.2,5.3,9.6,2.42,Yes,9.21
Loamy,Cotton,632.1,24.3,6.22,145.4,3.24,8.2,0.58,No,7.34
Loamy,Rice,958.6,35.2,6.83,165.9,1.65,7.1,9.58,Yes,9.36
Peaty,Wheat,1036.1,29.0,7.18,102.1,5.38,9.1,5.35,Yes,8.82
Clay,Wheat,1117.3,23.0,6.92,45.9,4.02,8.0,,Yes,7.79
Clay,Barley,886.0,26.3,5.91,210.2,,9.1,4.22,No,7.11
Silty,Rice,1004.5,26.5,8.35,147.0,4.4,,1.46,No,8.24
Loamy,Rice,931.9,25.2,6.89,94.8,2.3,8.2,1.18,No,8.8
Sandy,Soybean,817.5,22.2,6.45,135.7,4.31,8.1,4.21,Yes,7.78
Clay,Cotton,1000.8,,6.83,166.8,3.38,8.4,,No,5.82
Silty,Rice,872.5,20.5,7.76,140.4,7.48,7.2,2.26,Yes,8.39
Peaty,Cotton,687.4,23.7,7.88,226.7,1.49,6.5,,,6.09
Loamy,Barley,860.9,25.9,7.24,67.2,7.04,8.7,3.11,No,8.11
Peaty,Maize,883.1,14.0,7.56,70.2,5.32,3.7,2.19,Yes,9.61
Peaty,Soybean,1028.3,17.1,7.77,173.7,5.91,7.9,14.54,Yes,8.02
Silty,Barley,1292.6,24.1,6.73,179.6,3.49,7.2,,Yes,8.52
Silty,Soybean,895.3,25.3,6.75,214.2,0.91,6.1,0.97,Yes,7.83
Clay,Rice,490.3,22.7,5.92,83.4,2.75,9.2,3.47,Yes,8.41
Loamy,Barley,1076.8,20.5,7.6,93.3,6.08,7.4,2.26,No,8.65
Clay,Rice,1000.2,29.4,4.99,75.2,7.46,6.2,18.84,Yes,8.88
Peaty,Soybean,689.0,24.4,7.26,194.5,3.4,8.0,1.54,Yes,7.05
Silty,Soybean,456.9,31.2,6.26,175.3,3.52,9.6,1.74,Yes,7.7
Clay,Barley,810.8,27.9,5.68,96.7,6.99,7.9,10.59,Yes,6.93
Peaty,Soybean,934.1,23.2,7.32,166.0,7.1,8.6,1.12,No,8.01
Clay,Barley,771.7,28.1,6.24,97.5,6.3,7.8,0.7,Yes,7.4
Sandy,Maize,997.8,20.1,6.78,67.6,3.02,9.0,2.96,Yes,10.6
Peaty,Maize,1186.3,21.2,5.98,10.7,1.72,9.4,3.59,No,9.23
,Rice,577.9,30.7,6.13,169.2,4.76,10.4,12.64,No,8.56
Peaty,Rice,,23.9,6.83,91.0,3.09,9.3,,No,8.12
Silty,Wheat,960.2,25.6,6.65,122.6,2.71,9.0,6.82,Yes,8.43
Silty,Soybean,1175.9,31.8,6.47,111.2,2.86,7.9,0.42,No,5.79
Sandy,,977.2,,5.39,207.2,5.0,9.0,4.44,No,7.51
Silty,Barley,761.5,31.7,6.07,143.5,3.0,5.8,13.02,Yes,8.0
Silty,Rice,1030.0,22.6,7.76,77.9,0.0,5.9,10.19,Yes,8.57
Clay,Maize,791.0,25.1,4.23,216.8,0.0,7.2,10.21,Yes,8.68
,Wheat,1460.6,25.7,6.15,108.1,2.92,10.3,1.49,,7.87
,Rice,946.5,25.3,6.72,82.5,4.95,10.0,2.76,Yes,10.19
Silty,Soybean,,20.5,5.15,222.5,1.45,9.4,2.84,No,5.53
Clay,Wheat,906.6,21.6,5.21,125.1,6.97,6.1,7.72,No,7.56
Clay,Maize,1224.6,22.0,7.12,208.0,6.81,8.8,6.0,No,10.24
Peaty,Cotton,707.3,25.3,4.94,93.1,5.88,8.2,0.27,Yes,6.2
Silty,Barley,1078.7,27.8,7.34,45.1,5.47,7.8,11.98,Yes,8.46
Loamy,Rice,796.1,24.5,6.59,85.5,,6.6,8.06,No,8.69
Silty,Barley,1221.1,30.7,5.76,154.6,5.62,7.6,0.48,No,6.89
Peaty,Wheat,698.7,25.4,6.81,119.3,3.06,7.4,2.49,Yes,7.48
Peaty,Rice,844.8,,7.2,197.5,6.84,,12.04,No,8.32
Silty,Soybean,873.9,23.1,5.54,170.4,8.67,9.7,1.71,No,7.73
Sandy,Wheat,707.9,34.8,5.96,140.0,7.83,8.2,1.56,No,6.43
Peaty,Wheat,847.4,28.5,6.72,190.7,7.95,8.0,15.8,Yes,7.98
Loamy,Wheat,833.8,31.4,7.99,110.0,0.0,8.8,5.25,Yes,8.05
Loamy,Maize,431.8,21.3,7.6,252.4,6.03,9.1,4.65,No,10.35
Loamy,Soybean,201.4,25.4,6.39,155.5,6.69,6.5,2.08,Yes,7.15
Loamy,Cotton,651.5,23.5,6.09,17.2,3.13,7.1,0.28,Yes,6.78
Clay,Soybean,1150.7,26.6,5.55,114.7,2.62,7.6,1.91,Yes,7.91
Clay,Cotton,722.1,22.7,6.53,196.7,,7.5,9.55,No,7.35
Clay,Wheat,1102.0,,7.8,67.0,,9.3,2.7,Yes,8.07
Sandy,Rice,894.1,19.7,6.88,112.1,2.24,10.1,2.49,No,7.92
Peaty,Maize,1110.7,28.1,7.1,125.4,4.68,5.3,12.0,No,10.22
Sandy,Cotton,1094.0,26.4,7.49,186.2,0.0,8.9,5.95,No,5.76
Clay,,1413.9,37.6,6.38,207.9,3.09,8.9,4.23,Yes,7.0
Sandy,Maize,1231.0,22.9,5.63,79.7,4.1,6.7,2.91,Yes,10.07
Silty,Wheat,787.9,31.3,7.22,170.7,4.76,10.3,1.88,No,7.84
Silty,Maize,988.3,,6.37,180.7,7.55,7.2,46.52,No,10.95
Sandy,Maize,920.1,20.9,5.96,149.6,3.61,5.8,0.36,Yes,10.46
Loamy,Soybean,1569.8,17.4,6.46,,3.21,6.6,5.28,No,7.03
Peaty,Cotton,1030.4,13.1,5.4,124.0,2.78,9.1,1.96,No,5.96
Silty,Soybean,989.2,27.4,7.04,155.7,5.34,6.6,1.43,Yes,7.83
Clay,Rice,1026.3,19.7,7.69,143.9,8.17,8.0,7.13,No,8.05
Loamy,Rice,642.7,30.4,7.21,45.6,,8.0,1.12,No,7.45
Loamy,Cotton,,23.3,7.7,167.4,6.9,8.7,5.97,No,7.52
Loamy,Maize,,22.4,6.85,210.8,7.76,,5.73,Yes,11.35
Loamy,Barley,1247.9,27.7,,156.9,4.21,7.7,,Yes,9.32
Loamy,Barley,762.7,13.2,5.94,128.3,5.55,8.2,0.95,No,7.64
Clay,Maize,941.6,22.2,5.48,118.8,4.54,7.5,3.34,Yes,10.95
Clay,Maize,846.4,24.2,5.34,166.3,4.47,7.8,0.79,No,10.85
Clay,Maize,1089.2,15.6,,111.7,0.0,10.2,4.83,No,10.0
Silty,Barley,1048.6,22.3,7.1,115.6,7.67,7.2,6.7,Yes,8.51
Peaty,Cotton,847.5,27.5,6.86,75.9,4.45,9.4,1.51,Yes,7.16
Clay,Soybean,951.0,35.9,7.54,116.9,2.69,8.1,4.51,Yes,6.25
Sandy,Cotton,957.1,23.8,6.79,73.5,6.81,5.8,3.46,Yes,6.47
Peaty,Wheat,908.3,20.6,5.02,192.1,7.59,8.3,7.01,No,7.7
Peaty,Barley,891.5,27.0,7.33,193.6,6.56,6.2,3.51,No,7.04
Silty,Wheat,992.6,24.2,4.46,168.7,7.58,6.7,0.91,Yes,7.73
Clay,Soybean,811.7,21.3,5.52,0.0,0.0,7.0,0.73,Yes,6.65
Loamy,Barley,815.0,22.2,6.62,130.3,3.77,8.9,13.33,No,8.48
Peaty,Wheat,1227.5,12.1,6.53,128.7,6.89,8.9,,No,7.74
Clay,Maize,808.6,25.2,6.72,,4.32,5.1,4.11,Yes,10.76
Loamy,Rice,1185.6,36.7,6.02,98.8,0.0,7.1,2.77,No,7.64
Silty,,1016.9,24.5,7.72,150.0,9.05,8.6,,No,7.6
Loamy,Rice,775.9,24.0,8.19,87.8,5.12,7.1,11.26,No,8.28
Sandy,Wheat,823.9,24.0,6.96,155.0,5.4,9.2,0.2,Yes,9.03
Clay,Barley,1031.0,14.5,6.29,137.4,1.11,11.0,0.93,No,7.29
Silty,Barley,1302.1,27.6,5.24,189.3,5.56,5.1,1.23,No,6.7
Sandy,Maize,1421.2,25.5,,113.9,2.72,5.7,0.52,Yes,10.69
Sandy,Barley,464.6,19.3,5.38,139.9,,9.0,,No,7.13
Peaty,Wheat,1304.1,23.0,7.73,134.0,1.32,8.5,,Yes,8.16
Sandy,Wheat,712.9,24.5,8.39,119.2,2.75,6.4,0.73,Yes,6.62
Loamy,Barley,531.8,23.0,8.27,218.5,6.78,8.3,1.1,Yes,7.42
Loamy,Rice,828.2,26.0,7.34,52.4,7.04,6.4,5.68,,8.59
Silty,Soybean,911.4,22.6,6.82,204.8,7.54,8.8,4.13,Yes,8.39
Sandy,Soybean,920.8,33.3,6.41,204.9,3.34,8.9,1.72,No,6.43
Sandy,Barley,437.3,17.6,,115.5,5.83,9.1,2.5,No,6.52
Loamy,Wheat,963.7,24.4,7.09,230.0,5.6,7.4,4.4,No,7.83
Peaty,Barley,1246.2,26.0,7.68,123.8,0.0,4.9,1.84,No,6.45
Clay,,963.2,29.1,7.71,130.2,2.9,6.2,0.93,,6.92
Peaty,Cotton,1082.4,17.5,6.33,159.4,10.35,7.0,10.66,No,7.07
Silty,Cotton,757.9,14.8,5.73,226.0,6.91,7.8,0.86,No,7.18
Peaty,Soybean,443.4,32.6,8.35,124.6,4.38,10.6,6.29,Yes,5.89
Peaty,Wheat,1059.6,21.0,7.35,144.9,4.99,7.4,0.61,No,7.88
Peaty,Soybean,959.1,22.8,5.96,101.3,6.35,6.5,7.83,Yes,6.82
Clay,Barley,1006.1,21.3,5.01,24.9,3.51,7.7,7.67,Yes,7.82
Peaty,Cotton,992.9,23.6,7.3,0.0,9.0,5.6,,Yes,6.44
Peaty,Soybean,,30.5,8.64,241.2,6.91,8.4,1.46,Yes,6.15
Peaty,Maize,1066.2,15.6,5.45,71.4,4.01,6.5,1.11,No,9.05
Loamy,Soybean,1090.7,20.3,6.42,155.7,6.72,11.2,1.63,No,8.31
Loamy,Rice,954.7,23.2,7.61,141.7,1.51,6.5,2.33,No,8.85
Peaty,Soybean,977.1,,5.86,211.9,3.22,8.1,11.59,No,6.89
Silty,Maize,1304.8,26.3,6.68,123.9,7.58,8.2,4.26,Yes,11.14
Silty,Cotton,913.1,21.3,5.82,236.1,5.36,10.3,3.63,Yes,7.94
Loamy,Barley,689.3,28.3,5.46,259.3,6.61,6.6,36.72,No,8.49
Sandy,Cotton,331.3,26.7,6.12,7.7,2.17,6.5,7.0,No,4.72
Peaty,Wheat,952.2,25.6,6.52,170.4,6.32,8.5,1.47,No,8.27
Silty,Wheat,1396.7,14.9,6.07,174.8,3.76,8.1,10.67,Yes,8.92
Silty,Cotton,1118.5,28.2,6.7,168.6,4.54,6.9,1.87,Yes,6.64
Peaty,Rice,641.2,16.3,6.68,128.7,6.06,7.4,2.96,Yes,9.52
Silty,Wheat,1291.8,28.3,5.28,134.1,3.38,6.7,2.02,No,7.63
Peaty,Wheat,1062.3,8.9,,124.7,,8.5,9.69,Yes,8.3
Sandy,Wheat,1173.4,35.7,4.85,154.7,5.85,7.4,2.44,Yes,5.83
Loamy,Rice,749.2,22.2,6.39,98.5,8.01,5.7,0.91,Yes,10.34
Peaty,Barley,1066.9,26.3,6.7,,7.1,7.2,1.21,Yes,7.99
Peaty,Barley,964.9,23.3,5.72,120.2,7.68,5.7,4.63,Yes,7.84
Silty,Soybean,692.1,20.0,7.84,94.9,2.75,9.3,1.81,Yes,7.67
Silty,Maize,1149.0,22.8,7.27,192.4,4.36,5.4,2.03,Yes,11.89
Clay,Barley,832.4,25.3,5.42,99.3,3.87,9.6,4.34,No,7.69
Loamy,Rice,1005.0,25.8,6.45,177.8,3.09,6.9,1.83,No,10.12
Silty,Cotton,652.3,21.1,7.17,127.3,3.7,6.8,4.17,Yes,7.25
Silty,,1141.2,27.5,5.97,110.6,3.04,9.6,7.86,Yes,8.9
Silty,Barley,1014.8,33.1,6.99,102.5,9.18,9.3,5.26,Yes,7.88
Silty,Soybean,933.8,24.3,4.69,123.7,4.23,9.7,1.89,No,7.3
Loamy,Barley,1058.7,19.5,6.68,145.5,3.56,8.9,1.96,Yes,9.18
Sandy,Cotton,588.0,20.3,5.84,108.9,4.71,7.0,1.57,Yes,5.94
Clay,Rice,932.7,22.3,5.69,60.0,4.5,10.6,2.53,Yes,7.84
Peaty,Maize,1205.8,21.3,6.07,47.1,9.56,4.4,,Yes,10.05
Sandy,Wheat,,22.1,6.59,165.8,7.5,10.0,5.97,No,7.93
Sandy,Rice,1192.5,21.5,6.7,107.0,5.35,9.8,7.17,Yes,10.01
Peaty,Barley,1077.8,22.4,6.57,142.3,4.73,6.8,5.79,Yes,8.79
Silty,Wheat,1029.8,28.9,6.1,106.1,6.21,9.6,1.6,No,8.0
Peaty,Wheat,778.8,31.7,5.14,137.8,2.27,8.2,1.98,Yes,7.69
Peaty,Maize,,25.0,7.45,162.0,1.55,7.5,9.35,Yes,10.89
Sandy,Maize,846.0,28.5,7.19,60.6,8.85,9.7,4.86,No,8.96
Clay,Barley,,32.3,7.66,199.3,1.71,6.5,4.79,No,6.47
Silty,Cotton,764.6,27.1,6.5,91.5,3.75,4.4,3.74,Yes,6.42
Sandy,Cotton,1040.8,25.2,6.08,57.9,,6.6,1.82,Yes,6.13
Sandy,Cotton,570.3,16.5,4.75,171.1,4.55,10.0,2.2,Yes,5.43
Loamy,Wheat,774.7,25.0,6.49,85.2,1.48,8.1,12.77,Yes,9.18
Clay,Rice,910.2,19.0,6.55,127.0,3.18,8.6,3.2,Yes,9.48
Sandy,Cotton,776.7,27.0,5.76,104.5,3.34,7.5,15.62,No,6.57
Peaty,Maize,698.9,34.4,8.0,152.1,1.68,7.8,6.36,Yes,9.54
Sandy,Maize,736.8,25.9,7.04,103.0,5.97,6.8,1.62,No,10.44
Peaty,Rice,1030.3,17.8,6.6,225.9,12.79,8.3,2.61,No,8.42
Silty,Wheat,663.5,22.4,6.88,150.3,,6.5,19.3,Yes,9.43
Loamy,Rice,632.2,21.7,7.62,267.6,1.84,7.7,3.44,No,8.91
Silty,Wheat,971.5,18.2,4.77,207.4,1.92,5.2,1.41,Yes,7.98
Loamy,Barley,890.3,24.2,,114.5,5.7,7.8,7.05,Yes,8.95
Loamy,Soybean,791.4,21.4,7.15,69.0,0.0,7.6,11.5,Yes,8.31
Sandy,Wheat,1143.5,,6.52,170.5,3.3,7.4,2.63,Yes,8.43
Silty,Rice,1232.1,21.4,5.85,111.4,2.05,8.0,1.31,No,8.95
Loamy,Rice,1068.5,25.9,8.24,11.7,5.96,9.7,1.95,No,7.69
Peaty,Cotton,763.6,,6.47,173.3,3.05,9.0,12.34,Yes,7.58
Clay,Soybean,924.0,36.1,5.99,174.4,7.48,7.9,1.82,Yes,7.38
Silty,Rice,672.2,19.9,6.23,226.4,8.5,7.3,4.8,No,8.89
Sandy,Barley,1258.1,23.1,7.98,185.0,10.35,5.0,3.33,No,6.74
Silty,Rice,,21.5,6.18,138.3,7.69,6.9,8.21,Yes,9.53
Clay,Soybean,,,5.12,273.9,7.34,7.2,10.85,No,5.72
Loamy,Wheat,1100.2,14.8,6.36,79.2,5.24,,16.92,No,7.63
Loamy,Maize,856.7,20.5,6.64,172.4,7.26,6.1,25.67,Yes,11.94
Loamy,Wheat,816.1,29.1,5.04,120.0,5.09,4.6,18.92,No,7.09
Silty,,954.3,19.5,5.71,132.3,4.1,6.1,3.2,No,8.47
Peaty,Cotton,942.9,27.7,5.35,195.1,5.86,7.7,0.45,Yes,6.52
Sandy,Rice,893.7,26.1,5.81,256.4,0.0,8.9,3.1,Yes,8.71
Clay,Maize,431.7,19.5,9.08,145.9,9.28,7.2,0.99,Yes,8.8
,Barley,1190.7,25.1,6.89,102.4,6.11,7.4,4.42,No,7.0
Clay,Cotton,,30.5,6.29,245.1,7.27,8.5,13.86,Yes,7.24
Loamy,Soybean,1121.5,24.1,5.8,257.7,7.36,7.6,,Yes,8.93
Loamy,Wheat,620.5,17.7,7.25,4.6,6.94,8.6,1.3,Yes,7.89
Clay,Rice,1172.8,29.5,8.29,254.6,6.04,6.2,12.84,No,8.26
Silty,Rice,1289.6,27.0,6.68,,5.8,6.5,2.04,No,8.93
Clay,Soybean,1166.1,22.1,5.66,,3.45,7.3,8.81,No,7.23
Sandy,Cotton,693.1,30.2,7.4,136.8,1.96,7.7,11.37,No,5.4
Silty,Barley,1145.8,28.5,6.34,79.3,3.77,8.3,3.52,Yes,7.4
Clay,Cotton,921.3,27.4,5.88,87.7,7.8,,11.46,No,5.97
Peaty,Soybean,601.4,19.6,6.43,164.7,0.0,6.9,1.09,,7.44
Sandy,Maize,750.0,20.1,6.46,167.5,5.24,8.4,4.65,Yes,11.44
,Barley,,21.9,6.75,180.1,5.49,6.7,1.77,No,8.07
Silty,Wheat,909.6,20.5,6.56,106.4,4.35,6.9,2.67,No,8.15
Peaty,Barley,756.3,,5.63,189.1,4.82,7.7,3.57,No,7.35
Loamy,Soybean,1378.3,28.3,5.85,116.6,0.98,9.8,1.05,No,7.77
Peaty,Rice,,30.0,5.7,148.8,4.28,5.1,2.41,Yes,8.51
Clay,Barley,639.9,21.3,6.92,176.6,4.74,10.1,0.84,Yes,9.07
Clay,Barley,268.6,26.8,6.18,44.1,3.32,6.2,0.83,No,5.91
Sandy,Soybean,555.7,24.4,5.67,130.3,6.93,8.2,1.47,Yes,7.01
Peaty,Maize,510.8,21.5,,35.6,3.37,9.9,7.84,No,9.92
Sandy,Maize,706.8,24.8,6.39,,5.75,6.4,7.03,Yes,10.22
Silty,Soybean,1094.4,24.6,3.68,126.4,7.82,8.8,1.48,No,5.56
Loamy,,561.1,27.1,4.53,,7.13,9.1,8.04,No,7.04
Loamy,Cotton,1289.8,23.1,5.86,184.3,6.32,7.7,3.34,Yes,8.58
Sandy,Maize,427.8,31.9,8.16,176.8,6.19,6.8,17.19,No,7.59
Sandy,Rice,624.6,18.5,5.93,145.3,2.52,6.1,0.47,Yes,8.72
Sandy,Soybean,1273.8,18.4,6.8,96.5,4.48,10.2,13.29,No,7.23
Clay,,1172.0,17.3,6.77,124.4,9.44,9.8,4.28,No,7.62
Sandy,Barley,,22.6,5.32,182.3,5.59,6.9,2.46,Yes,8.22
Peaty,Rice,,21.3,6.03,137.1,4.25,8.4,2.08,Yes,9.82
Peaty,Wheat,,24.2,6.24,138.2,8.65,8.7,3.05,No,8.16
Sandy,Wheat,929.5,20.6,6.53,281.3,5.77,6.3,6.34,Yes,8.84
Loamy,Wheat,1077.5,17.1,7.45,81.5,5.61,9.7,1.75,Yes,8.69
Loamy,Barley,762.9,19.3,7.8,92.6,6.82,10.6,2.1,No,7.91
Loamy,Rice,999.1,24.5,6.65,241.8,6.38,8.9,1.55,No,9.39
Peaty,Wheat,1184.7,23.6,7.06,153.3,3.98,9.2,1.6,Yes,9.44
Loamy,Cotton,1204.0,31.9,,69.1,3.69,10.9,0.41,No,5.87
Loamy,Soybean,908.2,21.6,5.61,199.0,0.0,9.4,1.02,Yes,9.07
Peaty,Cotton,1177.2,17.8,5.85,184.1,3.48,6.5,3.29,Yes,7.74
Silty,Soybean,508.4,21.0,,108.1,3.02,7.2,0.98,Yes,7.28
Silty,Rice,1015.5,21.9,7.06,187.5,7.78,8.0,14.31,Yes,10.21
Loamy,Maize,945.9,29.4,6.49,,7.22,,,Yes,12.1
Loamy,Soybean,1029.3,20.7,6.5,197.7,7.9,9.9,33.15,Yes,9.84
Loamy,Barley,768.8,26.8,6.48,129.3,6.28,7.1,4.32,No,8.2
Loamy,Wheat,1161.1,,6.61,102.8,,5.4,4.45,Yes,9.47
Loamy,Rice,907.9,25.0,6.8,191.7,4.24,11.0,3.79,Yes,10.3
Clay,Wheat,468.1,18.8,6.2,128.6,9.88,6.7,11.17,No,6.52
Clay,Barley,1207.3,17.9,6.59,30.0,2.86,7.8,1.96,No,6.61
Loamy,Cotton,595.7,24.9,6.78,230.4,2.71,7.9,0.6,Yes,8.02
Peaty,Maize,364.2,13.7,5.83,170.6,7.7,,18.69,Yes,10.76
Sandy,Soybean,1085.2,20.1,5.78,157.0,2.03,5.8,2.0,Yes,6.76
Peaty,Maize,991.2,20.0,7.5,142.0,,6.1,9.13,No,10.37
Sandy,Maize,913.3,27.2,6.95,171.8,2.72,8.4,3.53,Yes,10.2
Loamy,Cotton,963.9,24.7,5.34,105.6,4.9,5.9,1.22,Yes,7.91
Silty,Cotton,995.9,27.8,5.69,149.9,4.91,6.4,0.61,No,5.62
Clay,Rice,925.4,25.9,8.37,125.1,4.36,8.2,1.83,Yes,8.72
Silty,Rice,837.5,22.1,7.1,124.4,3.04,6.0,3.1,Yes,9.96
Silty,Soybean,670.4,19.5,5.98,173.7,9.11,,1.27,Yes,8.31
Silty,Cotton,898.1,19.6,6.87,134.2,5.25,6.3,7.14,No,6.92
Silty,Rice,637.0,23.3,6.66,229.1,8.71,8.2,6.15,Yes,9.43
Peaty,Wheat,779.3,25.2,6.27,124.7,3.6,6.9,1.04,No,7.28
Clay,Maize,1048.7,16.1,7.32,65.2,4.04,8.6,11.36,Yes,10.97
Silty,Wheat,956.9,16.7,7.08,165.6,10.55,7.2,3.94,Yes,9.6
Sandy,Maize,1288.8,22.1,7.81,122.1,0.99,8.3,2.63,No,9.7
Silty,Barley,797.5,40.0,6.21,135.7,1.22,8.2,3.58,Yes,6.45
Sandy,Rice,641.3,18.0,6.39,153.2,2.22,7.7,6.7,Yes,9.35
Silty,Rice,582.8,26.4,7.1,263.5,2.63,8.9,2.89,No,8.73
Silty,Barley,857.7,26.3,6.89,,9.57,6.0,2.61,Yes,8.0
,Wheat,1104.5,30.5,6.56,133.7,1.31,8.0,4.47,Yes,8.56
Sandy,Cotton,546.3,35.2,6.34,67.5,5.25,7.8,7.59,No,5.15
Peaty,Soybean,,26.6,6.02,78.1,4.14,7.0,0.78,No,7.11
Sandy,Soybean,873.1,19.9,6.71,194.5,5.17,8.7,7.42,No,7.29
Clay,Wheat,868.5,16.7,7.61,118.3,6.21,5.6,1.83,No,7.42
Clay,Wheat,435.8,24.6,6.72,191.7,6.02,8.9,10.7,No,7.45
Silty,Rice,,25.7,6.75,97.3,0.08,8.5,8.91,Yes,9.8
Peaty,Barley,,25.3,,167.0,2.81,8.9,1.14,Yes,8.42
Peaty,Rice,,24.2,6.07,111.5,0.0,8.4,15.09,Yes,9.58
Silty,Wheat,687.7,22.3,6.12,170.5,6.53,7.2,2.2,No,7.18
Sandy,Soybean,697.8,23.2,6.43,143.3,5.84,4.8,,,6.76
Peaty,Maize,893.3,19.1,6.62,156.4,2.83,8.0,12.0,Yes,11.75
Loamy,Barley,877.6,36.8,5.6,255.9,4.96,8.2,1.81,No,7.25
Peaty,Wheat,958.3,26.4,6.68,150.3,6.62,7.3,0.85,Yes,7.82
Sandy,Wheat,921.3,18.8,5.97,166.5,6.37,6.2,,No,6.4
Clay,Maize,933.9,22.6,8.28,225.8,5.82,7.9,1.68,Yes,10.07
Sandy,Cotton,1013.0,26.2,7.19,188.7,8.33,8.4,18.33,Yes,8.26
Loamy,Barley,1143.9,20.3,5.93,154.8,6.18,8.5,18.34,No,7.47
Loamy,Wheat,435.5,20.3,5.66,205.1,3.06,5.9,1.32,No,8.51
Silty,Soybean,924.5,29.5,5.88,152.4,1.64,7.7,2.1,No,6.89
Sandy,Wheat,521.9,17.9,5.94,201.9,6.16,6.4,3.24,No,7.61
Loamy,Cotton,,28.3,,,0.53,8.2,2.4,No,7.32
Clay,Soybean,1049.0,22.2,6.71,76.0,5.95,9.2,1.23,Yes,8.87
Silty,Maize,,31.9,5.14,144.9,3.75,8.1,5.37,No,9.9
Sandy,Maize,675.5,23.4,5.29,77.9,4.17,7.4,8.23,Yes,10.41
Peaty,Maize,643.9,15.5,7.0,,7.0,4.9,3.0,No,10.66
Loamy,Cotton,1255.3,24.7,6.65,122.5,2.82,5.8,27.78,No,6.2
Clay,Maize,604.7,20.6,7.22,142.1,5.03,6.6,41.5,,12.24
Silty,Soybean,972.7,23.5,5.57,175.4,4.49,7.4,2.34,Yes,7.61
Sandy,Soybean,521.2,27.7,5.82,184.4,5.1,5.1,1.23,Yes,6.77
Silty,Barley,779.9,27.9,7.11,191.3,5.84,6.9,41.5,Yes,8.06
Sandy,Maize,1040.6,28.4,6.21,150.0,3.56,5.1,2.02,Yes,10.17
Peaty,Rice,863.0,26.8,7.39,137.9,,10.3,8.89,Yes,9.7
Silty,Rice,645.6,15.0,6.85,,7.9,8.5,1.4,No,8.16
Silty,Maize,1106.0,24.7,6.81,154.0,8.58,10.4,4.79,No,9.42
,Maize,710.8,22.7,7.42,113.4,7.65,10.1,11.1,Yes,11.07
Clay,Soybean,1118.1,21.4,6.82,236.0,3.43,8.0,1.79,Yes,7.63
Clay,Soybean,1418.1,23.1,6.23,259.0,,9.8,23.97,No,7.04
Silty,Barley,1007.3,22.1,7.21,109.3,8.16,7.0,2.81,No,7.13
Silty,Barley,820.0,29.9,7.56,97.0,5.09,4.6,10.43,Yes,8.17
Silty,Barley,1184.3,21.5,6.15,127.1,5.25,9.6,2.13,No,7.86
Loamy,Cotton,813.4,23.7,7.03,152.7,6.46,8.7,3.33,No,7.81
Peaty,Cotton,1090.9,24.2,6.21,,4.91,7.7,4.62,Yes,7.64
Clay,Maize,904.9,21.6,7.62,150.0,1.11,7.9,2.72,No,10.15
Clay,Soybean,875.3,22.8,6.28,109.1,8.58,9.5,1.17,No,7.86
Sandy,Barley,915.2,14.0,8.26,8.9,11.58,7.7,2.06,Yes,5.13
Sandy,Cotton,723.6,20.7,5.85,116.5,6.87,7.3,3.86,No,5.34
Sandy,Maize,868.2,21.9,7.13,139.3,5.73,5.7,5.37,No,10.28
,Maize,950.5,17.1,6.91,149.1,4.82,6.2,22.16,No,10.62
Loamy,Maize,668.1,14.7,5.97,22.1,6.95,9.5,5.98,,10.06
Peaty,Barley,1248.4,30.6,6.63,121.9,4.86,6.9,1.11,Yes,7.88
Clay,Maize,1392.2,27.8,6.1,84.0,4.21,7.5,,No,9.15
Loamy,Maize,831.9,30.8,6.29,209.0,2.26,9.2,5.3,No,10.35
Sandy,Wheat,992.6,25.6,5.87,134.5,3.75,8.1,5.88,Yes,8.74
Silty,Soybean,1260.6,,,181.5,8.75,4.5,6.99,No,7.26
Sandy,Barley,723.3,22.8,6.21,122.5,5.95,10.0,0.87,Yes,8.6
Sandy,Wheat,743.1,21.8,6.07,228.4,,8.1,1.43,No,7.06
Loamy,Cotton,565.4,20.1,5.16,94.7,4.8,9.5,1.59,Yes,7.01
Peaty,Soybean,800.5,25.7,6.98,208.2,5.83,,20.55,No,7.35
Silty,,658.8,26.4,6.81,177.2,4.96,6.9,9.03,No,7.8
Clay,Wheat,769.3,19.9,7.59,51.4,5.57,6.7,6.41,No,6.94
Clay,Wheat,847.4,25.1,6.44,,5.29,5.7,2.44,Yes,8.62
Silty,Rice,867.8,19.2,5.92,147.2,4.85,8.7,11.16,Yes,10.38
Peaty,Rice,1088.2,18.3,6.95,170.6,3.24,8.5,1.48,No,9.03
Sandy,Soybean,399.5,26.0,6.96,82.7,5.75,11.0,,Yes,6.25
Silty,Maize,720.3,35.2,6.91,,,8.8,3.66,Yes,10.67
Sandy,Wheat,496.5,21.5,4.88,175.5,3.24,8.0,12.65,Yes,8.24
,Soybean,614.1,24.8,7.68,172.3,5.83,8.0,7.62,No,6.53
Loamy,Maize,756.9,20.9,6.23,74.2,6.33,4.9,2.13,Yes,10.41
Silty,Cotton,1115.3,21.3,5.53,144.9,9.51,8.4,4.54,Yes,7.77
Sandy,Rice,884.0,29.7,6.41,39.3,7.71,10.2,11.82,No,8.05
Clay,Cotton,732.7,27.0,5.78,127.6,6.27,6.9,3.22,Yes,6.6
Peaty,Wheat,1210.9,28.6,4.91,208.2,5.69,10.3,4.45,Yes,8.24
Silty,Barley,857.5,34.8,6.95,177.2,10.08,8.8,2.09,No,6.42
Clay,Barley,1012.6,24.2,6.48,140.7,8.04,8.9,3.12,Yes,8.91
Loamy,Cotton,787.0,20.5,5.83,248.1,6.56,8.2,1.65,No,6.1
,Wheat,924.3,26.3,5.68,180.0,2.84,8.9,0.9,Yes,8.47
Loamy,Soybean,919.1,21.0,5.32,144.4,5.49,6.6,1.2,Yes,8.86
Clay,Barley,731.1,22.4,6.83,177.3,6.41,6.4,1.7,No,7.61
Silty,Barley,940.2,25.1,6.07,202.2,7.2,6.5,1.2,No,8.04
Sandy,Cotton,708.1,20.5,6.03,,4.31,9.1,1.84,No,5.57
Clay,Soybean,847.1,25.5,5.44,150.6,0.86,9.4,4.66,No,7.05
Loamy,Soybean,336.7,25.7,6.38,160.0,5.72,6.7,4.69,Yes,8.82
Sandy,Barley,517.5,14.7,6.91,81.2,5.95,7.8,19.72,No,5.59
Silty,Maize,812.3,22.1,7.55,129.1,8.41,6.7,10.24,Yes,10.94
Peaty,Barley,842.8,21.7,6.89,88.4,4.32,6.4,5.73,Yes,8.06
Clay,Wheat,918.1,24.3,6.11,81.6,4.56,4.1,3.76,,6.88
Clay,Wheat,737.8,15.7,5.26,90.8,0.61,9.3,3.56,Yes,7.98
Loamy,Wheat,1004.3,27.4,5.55,59.3,3.27,6.8,13.28,No,7.44
Peaty,Rice,1411.7,14.3,6.9,166.0,,7.9,5.57,No,8.76
Clay,Rice,449.8,24.1,7.44,208.0,0.89,9.2,3.25,Yes,9.4
Loamy,Barley,1020.8,24.4,7.69,113.3,8.16,7.8,4.29,No,8.03
Clay,Wheat,972.2,15.3,6.78,136.0,2.89,6.5,2.2,No,6.67
Loamy,Wheat,1116.6,23.9,7.36,,9.4,7.4,8.96,Yes,9.0
,Soybean,699.8,26.4,7.54,163.0,3.24,8.3,4.06,No,7.48
Clay,Soybean,1235.5,25.0,5.69,110.4,8.13,6.9,0.84,No,6.47
Loamy,Maize,937.4,23.4,7.69,157.7,7.64,5.1,3.71,No,10.96
Silty,Maize,1026.1,23.0,4.93,174.2,2.74,4.6,2.05,No,10.65
Peaty,Rice,756.8,22.7,6.53,34.9,4.36,9.2,8.25,Yes,9.6
Peaty,Cotton,780.0,29.7,6.66,240.6,6.98,8.3,,Yes,5.7
Clay,Barley,535.3,20.3,7.33,50.7,4.45,6.9,3.06,No,6.29
Loamy,Barley,1053.6,25.4,7.64,146.4,5.21,6.7,,No,8.26
Loamy,Cotton,,23.9,7.77,150.4,5.25,6.9,1.05,No,7.16
Sandy,Barley,1362.6,19.2,6.53,197.7,1.02,7.7,1.08,No,7.0
Loamy,Soybean,668.9,22.2,6.87,127.6,,4.0,2.33,No,7.73
Loamy,Soybean,1224.8,19.0,8.19,140.9,5.4,4.9,1.34,Yes,7.82
Sandy,Cotton,1731.9,26.1,5.95,281.8,,7.7,2.29,Yes,6.42
Loamy,Maize,837.1,19.7,6.97,198.7,5.23,5.3,,Yes,11.61
Peaty,Maize,968.0,22.3,6.8,103.6,3.62,6.7,5.99,,11.24
Loamy,Rice,1246.5,26.1,,242.4,4.14,8.1,3.61,No,10.08
Sandy,Wheat,708.3,24.8,8.58,,4.04,6.8,2.58,No,6.77
Silty,Rice,891.6,12.1,6.8,157.6,4.65,7.7,5.34,Yes,10.07
Sandy,Barley,616.6,27.3,7.85,,1.73,7.7,0.65,Yes,7.04
Peaty,Maize,1020.1,23.1,6.05,194.4,3.6,4.9,3.63,Yes,11.3
,Barley,822.2,19.9,7.84,147.0,1.78,10.0,0.53,,7.42
Clay,Soybean,713.0,23.8,7.36,177.3,6.26,9.3,2.35,No,7.12
,Cotton,1177.5,25.2,6.7,136.6,6.66,7.5,23.45,Yes,7.33
Silty,Cotton,1192.2,35.2,5.7,152.8,10.51,9.8,5.1,Yes,6.24
Clay,Cotton,558.1,21.5,5.75,177.2,6.25,6.7,2.95,No,6.01
Loamy,Barley,843.7,27.0,7.39,136.4,3.94,9.7,2.02,Yes,9.55
Loamy,Soybean,739.5,12.9,7.56,189.0,9.28,6.9,1.15,Yes,7.71
Loamy,Barley,753.7,8.8,7.83,174.9,4.14,8.8,7.39,Yes,7.51
Loamy,Rice,330.2,21.1,6.28,289.3,9.02,5.8,3.19,No,8.81
Silty,Rice,1032.6,29.3,,130.8,5.95,5.5,3.79,No,7.45
Peaty,Cotton,875.3,28.4,5.42,170.7,10.56,9.1,15.22,Yes,6.21
Silty,Rice,743.4,24.2,7.1,120.9,3.87,9.3,2.66,,9.3
Loamy,Soybean,1130.1,23.8,6.61,158.0,2.92,7.0,1.45,Yes,9.63
Silty,Cotton,890.3,27.7,6.72,164.8,6.53,7.1,3.67,Yes,8.46
Clay,Wheat,557.2,20.1,4.46,153.3,4.44,6.9,1.49,No,6.12
Clay,,1051.1,19.4,6.51,144.5,4.67,6.9,,No,9.66
Peaty,Barley,1167.6,29.4,6.07,129.5,2.58,8.7,3.61,Yes,7.7
Sandy,Soybean,576.5,19.7,7.41,229.6,4.79,6.5,7.92,,7.63
Silty,Barley,657.1,19.7,6.57,83.0,,8.8,12.66,Yes,7.99
Silty,Wheat,1042.3,,4.7,177.8,4.96,8.1,8.63,Yes,7.7
Silty,Soybean,645.3,19.1,7.24,220.8,,10.9,,No,7.41
Loamy,Barley,626.7,27.1,4.55,79.4,6.22,7.7,5.71,Yes,7.86
Loamy,Barley,1120.9,20.3,7.39,164.2,2.56,7.2,1.54,Yes,8.22
Clay,Soybean,913.8,23.2,6.08,240.2,0.24,9.3,8.45,No,8.39
,Rice,,19.5,5.61,197.2,5.63,8.6,15.16,No,9.38
Sandy,Barley,,24.7,5.91,122.1,5.26,8.6,2.61,Yes,7.52
Clay,Soybean,1168.0,21.5,5.96,157.9,8.44,6.1,1.01,Yes,8.25
Loamy,Rice,1176.2,24.6,6.2,142.6,4.45,5.9,1.44,Yes,10.77
,Cotton,1405.6,24.1,6.56,193.2,2.58,6.6,2.8,Yes,7.24
Loamy,Soybean,565.5,20.0,,128.7,5.73,6.1,1.73,No,7.62
Sandy,Barley,1117.0,28.2,6.62,140.9,10.75,7.1,1.02,Yes,8.04
Clay,Wheat,1093.3,21.2,4.95,96.5,7.9,6.8,3.58,No,6.59
Clay,Soybean,722.6,25.4,6.69,150.1,4.59,6.7,7.85,Yes,7.79
Loamy,Cotton,1028.6,23.3,6.21,57.4,3.83,5.8,10.87,No,6.31
Clay,Cotton,1226.4,26.1,6.33,291.1,5.77,9.4,0.69,No,6.12
Clay,Soybean,782.5,26.0,6.11,59.7,4.81,6.3,0.69,No,6.36
Sandy,Rice,1350.3,21.8,6.12,180.7,6.07,8.6,5.13,No,8.33
Peaty,Soybean,1006.9,14.7,5.54,312.7,6.08,6.6,15.81,No,6.54
Silty,Barley,891.0,,6.0,188.6,0.27,6.4,3.23,Yes,8.62
Silty,Wheat,988.6,27.1,6.38,110.9,7.09,9.9,0.82,No,8.34
Silty,Maize,922.4,20.1,6.93,136.2,6.84,9.0,2.03,Yes,11.6
Clay,Barley,775.2,28.5,6.41,193.9,1.65,7.5,2.57,No,7.14
,Wheat,739.9,19.8,7.1,214.8,5.79,6.8,8.27,No,8.42
Loamy,,738.6,28.3,7.55,135.6,8.51,7.0,3.7,No,6.26
Peaty,,860.9,22.9,6.34,,6.57,6.8,4.22,Yes,7.95
Sandy,Wheat,737.4,32.3,6.22,5.2,8.01,6.8,2.09,No,5.41
Sandy,Cotton,1207.1,32.4,6.35,290.8,7.83,7.5,1.46,,6.06
Sandy,Barley,908.1,26.8,6.79,99.4,3.94,7.2,1.77,,6.92
Peaty,Cotton,1119.8,28.6,8.0,271.5,5.74,6.3,2.88,Yes,6.14
Loamy,Wheat,1159.2,16.9,6.54,283.0,3.9,6.2,2.53,Yes,8.76
Silty,Wheat,678.3,24.1,5.89,,5.52,9.8,2.25,Yes,9.59
Peaty,Barley,1002.5,25.6,6.0,151.2,3.63,8.5,6.1,Yes,8.89
Silty,Wheat,852.7,22.4,6.41,162.9,1.74,7.7,1.37,Yes,8.71
Peaty,Rice,969.4,21.9,6.88,125.6,6.31,6.5,,Yes,9.3
Sandy,Maize,1063.9,20.9,8.21,110.2,7.99,11.2,4.81,Yes,10.0
Sandy,Maize,,29.7,6.02,206.0,9.64,4.6,1.43,,10.38
Loamy,Barley,1077.4,24.0,7.65,133.6,3.13,8.3,1.16,,8.57
Silty,Cotton,972.8,25.3,7.17,55.2,5.29,3.7,2.61,No,5.07
Clay,Cotton,927.1,,7.42,204.6,6.86,9.4,1.73,No,6.57
Peaty,Cotton,1150.3,18.7,7.85,258.9,7.1,9.4,4.77,No,7.1
Silty,Rice,973.9,20.2,6.41,174.2,2.63,8.0,4.48,No,9.13
Peaty,Wheat,756.1,20.1,5.76,149.5,1.89,7.6,3.62,Yes,8.78
Loamy,Cotton,1092.4,24.9,5.17,143.9,,7.8,14.47,No,6.98
Silty,Wheat,757.3,26.0,6.56,55.8,,8.2,11.22,Yes,8.66
Clay,Barley,798.6,27.2,7.32,121.7,6.91,9.7,4.64,Yes,8.4
Clay,Cotton,492.2,24.9,5.57,158.2,6.92,8.3,0.73,Yes,6.71
Peaty,Wheat,983.2,25.7,8.15,177.8,5.67,7.6,0.48,No,6.56
Silty,Rice,629.1,23.1,6.79,66.1,2.93,8.7,9.11,No,9.03
Peaty,Soybean,911.8,18.0,8.09,136.0,4.71,7.6,3.73,No,6.07
Peaty,Wheat,1167.0,31.3,5.95,322.3,3.04,4.6,8.1,Yes,7.84
Clay,Cotton,691.6,25.3,5.15,,8.28,4.7,4.69,Yes,6.09
Silty,Cotton,668.1,9.2,6.03,155.9,1.95,6.5,8.74,Yes,6.67
Silty,Cotton,1459.1,31.2,6.98,104.2,4.34,9.1,3.55,Yes,5.99
Sandy,Rice,791.4,21.1,6.41,107.9,4.25,6.7,1.35,No,8.75
Silty,Soybean,1304.8,30.7,5.85,78.2,3.44,7.7,2.16,Yes,7.51
Clay,Barley,1109.4,29.9,5.51,69.4,7.98,7.7,1.08,No,6.37
Silty,Soybean,961.2,21.2,6.54,75.1,3.82,7.9,0.74,Yes,8.05
Silty,Rice,635.2,30.6,6.85,,6.26,7.2,0.84,Yes,10.21
Silty,Wheat,710.2,23.4,7.63,259.8,4.17,7.7,2.51,No,7.76
Clay,Rice,880.0,15.7,5.73,187.6,5.32,6.4,4.45,Yes,8.89
Loamy,Cotton,695.7,32.3,8.64,170.2,7.96,6.5,13.52,No,5.59
Silty,Wheat,,30.7,6.89,193.4,8.87,6.3,3.49,No,7.47
Loamy,,1062.8,24.2,,208.4,5.38,7.1,1.98,No,7.99
Sandy,Maize,934.6,,6.33,80.9,5.61,8.9,1.3,Yes,9.94
Clay,Rice,1096.7,23.3,7.17,184.4,3.05,8.9,1.01,Yes,9.53
Loamy,Rice,752.4,29.1,7.7,198.2,0.0,6.1,6.21,No,8.88
Loamy,Rice,1215.8,33.1,7.96,127.1,5.64,9.7,,Yes,9.42
Sandy,Maize,772.5,,6.79,211.1,6.31,7.6,4.34,Yes,10.86
Silty,Soybean,760.2,,5.95,133.7,3.95,5.8,4.1,Yes,7.63
Clay,Wheat,891.7,28.1,7.95,206.1,,4.5,5.03,No,6.94
Loamy,Maize,810.2,23.1,,34.4,5.63,6.7,3.1,No,10.01
Silty,Soybean,995.7,31.9,7.19,101.2,9.48,8.6,2.12,Yes,7.76
Clay,Soybean,1029.0,21.6,6.47,60.9,2.29,8.2,1.34,Yes,7.06
Silty,Cotton,1084.5,30.4,6.77,65.4,4.54,6.8,0.46,Yes,5.83
Silty,Soybean,3922.262411723911,29.6,6.34,27.6,4.42,6.9,0.62,Yes,6.84
Silty,Cotton,766.0,,6.89,132.1,5.33,5.7,7.75,No,6.62
Clay,Wheat,1569.4,16.7,6.28,177.0,3.46,6.2,3.1,No,7.22
Peaty,Barley,,22.3,6.89,211.6,4.33,7.4,18.72,No,8.57
Sandy,Cotton,930.5,26.2,,102.4,4.34,8.0,2.83,Yes,7.39
Clay,Maize,1393.0,22.9,6.19,120.7,4.77,8.3,4.2,No,9.79
Peaty,Soybean,704.0,15.1,7.21,93.2,7.69,6.6,13.65,No,6.67
Peaty,Rice,1229.8,17.7,,112.2,0.64,5.7,6.46,No,8.21
Clay,Barley,1086.3,34.1,6.77,72.8,4.76,5.8,20.86,No,7.15
Clay,Wheat,1332.2,29.3,7.01,93.6,6.46,5.5,1.24,Yes,6.93
Silty,Wheat,1038.9,17.5,6.08,95.8,6.21,6.1,1.8,Yes,8.37
Silty,Wheat,1260.3,20.7,6.92,176.8,2.77,5.7,2.01,Yes,9.1
Clay,Wheat,1057.3,26.8,6.45,134.8,5.5,8.6,26.8,No,8.36
Silty,Maize,641.5,29.6,7.5,44.1,8.05,4.7,2.19,No,9.21
Clay,Barley,642.7,24.9,7.13,158.5,4.13,5.3,2.99,Yes,8.25
Peaty,Barley,,17.9,6.3,222.9,,5.9,6.82,No,8.74
Sandy,Wheat,664.4,19.1,5.8,713.6600867801969,6.14,8.0,1.24,No,6.7
Clay,Soybean,1129.4,26.2,6.41,23.3,3.1,7.8,2.24,No,6.19
Clay,Soybean,987.5,26.5,5.94,211.4,7.36,8.2,4.09,No,8.55
Silty,Barley,1059.1,29.4,5.35,196.2,8.33,7.5,2.53,No,7.49
Peaty,Soybean,919.5,20.4,7.18,187.8,4.78,7.0,11.83,No,7.4
Peaty,Maize,965.6,19.0,5.69,102.1,5.5,4.6,1.89,Yes,10.16
Clay,Barley,553.6,23.7,4.87,211.5,2.95,5.9,0.67,No,6.12
Silty,Wheat,907.8,21.2,5.62,91.9,2.95,6.2,1.55,Yes,7.87
Loamy,Maize,1254.2,24.9,5.5,189.8,3.98,5.9,3.65,No,9.87
Loamy,,1467.5,24.1,4.55,101.0,7.56,5.8,2.35,Yes,7.14
,Soybean,1285.3,17.5,,275.7,1.97,6.9,2.43,Yes,7.99
Sandy,Wheat,1286.1,29.2,7.66,122.5,4.07,6.9,2.64,Yes,7.58
Silty,Rice,845.2,29.9,6.75,182.5,5.37,5.7,2.41,Yes,9.24
Clay,Maize,1399.7,8.6,6.58,194.8,5.39,9.2,2.67,Yes,10.86
Silty,Wheat,1320.4,19.7,6.54,236.4,1.58,7.8,0.87,Yes,8.12
Sandy,,,16.6,5.42,107.7,6.22,,4.13,No,7.59
Loamy,Rice,998.2,28.4,5.65,209.8,3.79,6.8,1.29,No,9.41
Silty,Cotton,,23.1,7.89,169.4,9.21,8.0,2.29,Yes,6.85
Clay,Barley,850.2,29.7,6.39,28.8,6.61,7.7,9.8,No,7.05
Clay,Soybean,607.6,24.3,7.44,156.5,6.43,4.6,1.37,No,7.27
Silty,Cotton,860.5,24.9,5.77,179.7,4.68,7.8,1.04,No,7.77
Peaty,Wheat,1313.5,22.9,6.61,0.0,5.12,7.5,0.65,Yes,7.86
Sandy,Maize,1088.3,19.4,5.28,226.8,4.94,5.0,,Yes,10.22
Clay,Wheat,1151.9,27.8,7.18,141.0,3.49,7.0,1.24,No,7.5
Silty,Wheat,578.3,20.2,5.36,179.2,6.65,9.7,4.62,No,7.18
Silty,Barley,,22.1,6.69,57.6,8.72,5.8,7.43,Yes,7.89
Loamy,Maize,760.8,23.8,6.86,132.1,3.76,11.2,,Yes,11.87
Peaty,Maize,1097.8,24.2,7.14,74.7,3.78,7.3,7.62,Yes,10.37
Loamy,Soybean,967.3,28.3,5.61,191.4,2.71,7.5,7.39,No,8.08
Silty,Barley,786.2,22.4,6.8,65.1,8.75,5.7,7.42,No,7.45
Silty,Barley,1024.4,25.2,6.59,,8.45,5.0,4.3,No,7.28
Clay,Cotton,649.3,26.4,6.94,236.5,6.9,6.5,7.01,Yes,7.15
Loamy,Cotton,536.7,31.9,7.19,150.0,7.28,8.7,1.57,Yes,6.97
Clay,Soybean,853.7,26.7,6.07,102.6,12.2,10.0,6.92,Yes,7.22
Peaty,Soybean,862.2,17.2,7.17,234.3,5.78,4.0,1.88,Yes,7.59
Silty,Maize,1436.1,20.4,6.55,261.9,6.51,9.2,,No,10.74
Peaty,Soybean,1247.5,15.6,5.94,106.5,4.55,8.9,18.18,No,7.25
Loamy,Barley,1132.7,30.5,6.85,120.3,3.45,6.8,2.08,No,7.59
Loamy,Wheat,912.6,22.1,6.94,126.7,6.15,6.4,0.94,No,8.28
Peaty,Soybean,1296.6,,5.8,245.1,2.27,10.6,1.46,Yes,8.61
Loamy,Cotton,555.5,16.6,5.81,130.6,0.0,5.6,4.62,Yes,7.96
Loamy,Wheat,895.4,24.6,7.42,100.3,7.04,7.8,1.11,No,7.72
Peaty,Rice,546.7,29.6,6.58,75.7,4.08,9.1,6.66,Yes,9.37
Silty,Cotton,1153.5,,7.35,126.3,1.25,8.0,5.27,Yes,7.58
Peaty,Cotton,971.8,30.2,6.69,125.8,2.04,5.4,4.75,Yes,6.75
Silty,Barley,1030.6,23.5,5.94,110.3,6.94,7.7,0.67,No,7.81
,Cotton,757.5,20.4,6.4,181.1,1.59,6.2,3.22,No,5.84
Loamy,Soybean,551.6,19.9,7.66,185.6,3.79,9.8,6.91,Yes,8.91
Sandy,Rice,968.2,24.7,4.59,162.2,8.51,7.5,17.42,Yes,8.25
Peaty,Maize,,22.6,6.37,164.6,6.92,8.4,9.26,Yes,11.19
Loamy,Cotton,442.7,31.0,4.6,145.5,9.11,11.3,0.76,Yes,6.94
Peaty,Cotton,956.9,15.8,,176.7,5.88,8.7,6.05,Yes,6.68
Peaty,Cotton,1340.8,,6.73,,3.77,6.3,3.26,No,6.14
Silty,Wheat,776.3,29.0,5.31,206.0,6.33,9.2,1.48,No,7.04
Loamy,Barley,,24.2,5.65,27.0,3.52,6.8,2.69,Yes,7.76
Sandy,Wheat,946.0,25.4,,268.4,5.87,6.0,1.65,Yes,7.84
Clay,Wheat,848.8,25.9,7.01,,3.83,7.8,4.03,No,7.99
Silty,Rice,963.8,22.3,6.8,124.8,6.0,4.8,2.93,No,9.08
Silty,Soybean,1342.1,18.7,6.43,33.7,6.89,9.2,1.72,Yes,7.83
Peaty,Cotton,799.2,25.3,7.43,179.6,4.96,7.4,2.83,No,7.17
Sandy,Wheat,1144.8,19.8,5.45,131.5,0.0,9.4,6.32,No,7.33
Peaty,Soybean,677.1,22.7,5.75,143.1,2.13,9.3,4.54,Yes,8.6
Loamy,Barley,712.6,31.7,6.8,87.8,3.85,6.4,2.38,No,7.86
Loamy,Wheat,400.7,28.1,6.94,,4.32,7.0,,No,7.72
Silty,Barley,1209.9,29.2,6.45,157.7,5.28,9.1,30.82,No,7.81
Peaty,Maize,722.1,25.2,7.06,119.9,4.51,7.1,4.36,No,10.84
Silty,Barley,944.4,18.8,6.04,138.0,3.42,10.5,2.04,Yes,8.47
Peaty,Soybean,846.7,31.0,6.17,2.3,5.57,7.5,2.92,No,6.0
Clay,Rice,833.3,21.2,7.16,78.1,9.49,5.1,16.81,No,8.19
Silty,Barley,1375.4,16.1,4.7,83.1,1.07,7.6,3.27,No,6.03
Peaty,Rice,1145.4,21.7,5.43,95.3,3.32,9.0,1.85,Yes,9.6
Clay,Rice,819.1,32.4,5.62,180.1,4.98,5.7,1.29,Yes,7.87
Sandy,Maize,1190.1,29.9,6.56,176.5,9.52,6.6,3.1,No,9.18
Sandy,Cotton,1109.2,22.2,6.07,134.1,0.05,5.0,5.63,Yes,6.71
Loamy,Rice,841.3,24.3,5.9,240.8,6.4,6.6,9.16,Yes,10.83
Clay,Soybean,1565.3,34.5,5.06,196.8,10.27,5.2,,No,5.35
Silty,Wheat,1200.9,30.8,5.41,106.2,3.83,7.2,6.65,Yes,8.56
Loamy,Soybean,881.0,34.3,6.88,147.1,0.0,8.1,1.96,No,6.72
Peaty,Rice,741.5,22.7,5.87,98.6,5.56,7.4,6.5,No,9.93
Loamy,Soybean,,19.2,7.11,113.8,6.57,4.3,10.19,No,7.84
Sandy,Rice,850.4,17.0,5.39,228.4,9.15,9.0,12.5,Yes,8.95
Sandy,Wheat,644.9,15.1,5.85,174.7,4.27,7.9,7.14,No,6.55
Silty,Rice,1021.8,,7.66,153.5,4.68,5.3,1.19,,9.89
Clay,Wheat,716.3,14.5,6.18,115.2,1.89,5.1,7.98,Yes,7.81
Loamy,Barley,997.3,28.9,7.14,287.3,4.89,8.4,7.79,No,7.84
Clay,Cotton,,22.5,6.26,132.1,,7.9,1.3,Yes,7.56
Loamy,Barley,578.9,15.6,6.77,150.7,6.57,8.3,1.0,No,7.67
Sandy,Barley,369.5,27.2,7.16,75.6,3.76,6.1,2.05,Yes,6.4
Silty,Wheat,948.4,18.2,7.7,104.1,1.14,9.4,1.77,No,6.99
Peaty,Cotton,1281.4,28.7,6.32,0.0,,9.4,5.46,No,5.47
Silty,Cotton,853.5,15.8,6.6,137.8,8.83,9.0,1.01,,7.06
Clay,Rice,852.9,31.0,6.7,105.6,5.54,6.4,2.79,Yes,9.18
Loamy,Soybean,,21.4,6.31,211.7,7.85,5.2,,No,7.89
Silty,Soybean,448.8,25.6,6.85,30.6,6.59,6.7,5.02,No,6.04
Sandy,Cotton,845.4,18.4,6.08,148.4,3.34,8.6,1.94,,5.29
Clay,Wheat,1120.3,20.8,6.61,225.0,5.28,6.3,,No,8.11
Sandy,Wheat,1069.5,23.3,6.33,77.8,4.12,10.0,3.91,Yes,8.98
Sandy,Soybean,574.3,15.9,6.42,219.0,3.92,7.5,2.97,Yes,6.63
Clay,Maize,1435.6,24.5,5.55,,7.09,6.4,1.7,Yes,10.3
Peaty,Soybean,1012.7,30.8,6.88,100.3,6.37,7.5,15.64,Yes,7.99
Loamy,Soybean,1101.0,22.4,8.36,298.1,4.82,5.4,3.25,Yes,7.77
Sandy,Barley,1105.4,38.9,5.16,149.2,4.65,10.2,3.73,Yes,6.03
Sandy,Soybean,1056.2,26.6,5.58,242.8,3.98,7.5,4.38,Yes,7.54
Clay,Soybean,1269.7,19.3,8.09,209.8,7.28,8.8,5.78,Yes,8.24
Clay,Cotton,755.6,32.9,5.84,221.0,5.4,9.9,3.49,No,5.84
Sandy,Cotton,838.1,33.2,5.99,211.5,3.69,6.9,1.61,Yes,6.35
Silty,Cotton,799.9,34.5,6.96,180.2,4.21,7.5,1.96,Yes,6.54
Silty,Cotton,1028.7,30.5,8.55,165.5,7.63,6.1,1.5,Yes,6.43
Clay,Maize,970.9,21.3,6.21,205.1,,6.2,5.99,No,9.1
Peaty,Cotton,1385.5,29.1,5.15,127.3,0.25,8.1,1.6,No,5.88
Silty,Barley,640.0,31.7,5.82,213.7,7.75,6.9,,Yes,8.07
Silty,Rice,873.9,25.8,6.39,191.2,4.18,3.4,5.45,Yes,9.84
Loamy,Cotton,1172.7,26.1,6.26,57.1,7.44,8.7,7.59,Yes,7.5
Clay,Rice,1319.5,24.2,5.68,117.0,4.4,,1.71,Yes,9.38
Clay,Soybean,807.5,15.8,5.79,99.1,9.82,8.5,1.53,No,6.01
Loamy,Barley,1174.8,24.4,7.17,107.8,3.86,9.6,1.58,No,8.1
Sandy,Barley,1258.5,21.9,7.08,178.6,9.52,9.2,22.32,Yes,8.01
Sandy,Wheat,797.3,27.5,7.16,17.0,3.83,7.2,2.07,Yes,6.63
Sandy,Rice,696.0,26.3,6.81,85.3,2.48,5.0,39.3,Yes,9.05
Loamy,Wheat,997.5,21.9,6.1,175.9,9.84,5.6,4.93,Yes,8.76
Sandy,Soybean,862.9,26.2,6.36,215.9,3.24,10.5,1.58,No,7.17
Clay,Maize,914.7,24.1,5.87,119.5,2.36,8.9,1.41,Yes,11.4
Sandy,Barley,852.6,26.6,7.29,221.4,1.7,5.6,2.01,No,6.37
Clay,Soybean,1237.2,23.8,4.38,259.4,3.69,5.4,,Yes,7.06
Sandy,Soybean,1190.5,18.1,7.52,97.8,7.97,8.3,2.43,No,6.41
Clay,Cotton,506.7,23.5,6.86,36.2,4.34,6.9,0.39,Yes,5.77
Clay,Rice,1363.7,11.8,5.77,92.5,4.68,8.8,0.64,Yes,8.98
Silty,Rice,1242.2,20.5,6.59,93.4,5.6,6.3,3.75,Yes,10.47
Clay,Wheat,761.3,23.1,8.7,213.2,0.36,7.9,2.53,Yes,6.97
Loamy,Cotton,1244.2,25.7,7.38,103.0,7.09,6.9,3.34,Yes,7.5
Clay,Maize,230.6,28.2,6.22,,3.84,7.4,13.1,No,9.76
Clay,Barley,1181.6,24.9,6.18,79.2,5.24,6.1,6.14,Yes,7.97
Silty,Maize,1124.1,28.1,6.23,238.8,4.75,6.8,1.73,Yes,10.79
Silty,Rice,1018.2,24.4,6.57,163.7,0.0,6.9,2.95,Yes,9.7
Clay,Barley,830.8,31.0,,100.0,3.24,6.0,2.86,No,6.94
Peaty,Rice,872.5,21.0,6.88,205.6,4.05,7.6,3.31,Yes,9.73
Silty,Rice,1037.8,22.1,5.6,62.8,5.54,6.7,3.96,No,8.38
Silty,Soybean,480.6,22.7,5.84,118.2,8.52,10.5,7.21,Yes,7.75
,Maize,954.3,25.8,5.85,711.2207095811975,4.53,7.5,8.35,No,10.53
Sandy,Barley,103.0,28.6,4.97,80.9,6.53,6.5,28.59,Yes,5.02
Loamy,Rice,814.1,24.6,6.4,120.5,5.1,7.8,1.32,Yes,9.66
Peaty,Cotton,1044.3,25.5,7.17,136.3,3.4,10.1,9.78,Yes,7.72
Loamy,Cotton,1030.2,22.7,6.66,136.9,9.9,6.6,70.11,Yes,7.69
,Maize,1033.2,33.3,7.35,121.2,6.16,7.5,2.09,Yes,9.82
Clay,Maize,867.9,29.4,6.99,214.4,12.98,6.1,2.94,No,9.64
Silty,Barley,812.9,13.4,,57.0,4.59,,1.94,Yes,7.05
Loamy,Soybean,516.7,25.7,7.52,260.9,6.29,8.9,11.07,No,7.89
Silty,Maize,797.3,25.1,6.08,191.8,6.25,8.2,1.33,Yes,10.54
Silty,Rice,,24.6,5.92,152.7,9.13,7.4,1.61,No,8.22
Loamy,Barley,724.6,17.4,8.61,,6.5,7.7,14.03,No,6.23
Loamy,Cotton,571.3,25.9,7.5,164.5,5.86,8.0,5.27,Yes,7.18
Loamy,Barley,,28.9,6.22,44.1,10.54,5.9,4.41,No,7.37
Sandy,Cotton,490.9,10.2,6.48,63.9,4.2,8.6,,Yes,5.28
Loamy,Soybean,996.5,,6.71,179.2,7.43,8.3,9.16,No,8.62
Clay,Cotton,812.0,23.9,6.18,181.4,1.5,8.8,2.5,Yes,7.85
Silty,Maize,1012.8,26.8,6.19,205.5,4.11,8.9,2.65,Yes,12.23
Peaty,Wheat,904.4,,6.23,138.5,5.29,6.5,10.41,No,7.4
Loamy,Rice,979.8,31.4,7.04,230.2,1.75,8.6,9.3,No,9.78
Peaty,Rice,1082.2,24.3,6.96,66.9,5.69,7.3,,Yes,8.71
Loamy,Cotton,358.3,34.9,4.6,139.0,3.2,7.8,9.65,No,5.6
Peaty,Rice,1243.1,25.0,6.03,37.2,7.28,7.8,1.76,Yes,9.49
Peaty,Maize,595.1,20.7,5.84,167.9,3.33,6.9,4.97,,11.28
Peaty,Maize,824.0,24.5,7.13,221.5,2.32,6.3,4.1,No,9.59
Loamy,Cotton,897.9,15.0,7.36,229.8,7.61,10.6,16.97,Yes,7.66
Silty,Rice,1018.1,8.4,6.25,47.5,6.48,7.7,1.35,Yes,7.94
Sandy,Wheat,533.0,26.2,6.55,241.4,4.32,8.3,7.39,Yes,7.97
Peaty,Rice,1208.4,24.5,7.5,177.0,3.96,5.9,1.49,No,8.7
Loamy,Maize,,24.3,7.1,201.8,6.77,8.4,2.71,Yes,11.24
Peaty,Barley,736.9,31.2,7.54,118.4,5.46,7.6,3.61,Yes,8.19
Loamy,Barley,1139.0,22.7,6.47,120.2,2.36,8.5,2.37,Yes,9.01
Clay,Wheat,629.4,24.3,6.5,116.1,7.19,7.4,1.26,Yes,8.44
Clay,Barley,826.6,25.0,6.9,93.0,11.49,7.2,1.9,Yes,7.25
Sandy,Wheat,,17.9,6.09,107.3,7.54,6.6,13.33,No,7.25
Peaty,Rice,,26.8,7.13,136.3,4.03,7.2,0.61,Yes,9.34
Peaty,Cotton,970.8,24.8,6.24,205.7,5.52,10.6,3.01,Yes,8.22
Silty,Barley,856.6,29.5,6.83,289.0,5.0,6.8,2.12,Yes,8.13
Sandy,Cotton,,25.4,5.7,230.0,7.93,5.7,3.63,Yes,6.09
Sandy,Maize,831.1,28.3,6.35,102.4,4.24,9.4,0.2,Yes,10.47
Silty,Soybean,570.7,17.7,7.15,208.1,,10.1,3.2,Yes,8.06
Loamy,Wheat,940.8,23.7,6.57,212.0,3.03,,8.08,Yes,9.01
Peaty,Maize,1389.1,31.0,6.23,210.5,4.98,9.5,6.03,Yes,10.92
Sandy,Maize,934.7,19.1,5.11,154.5,0.3,7.5,5.13,Yes,10.87
Silty,Cotton,1061.9,24.2,6.73,215.1,6.42,5.5,2.47,Yes,6.66
Peaty,Rice,631.4,21.3,6.51,,,7.0,6.39,No,9.39
,Wheat,791.2,24.6,7.02,,7.83,8.4,11.32,Yes,9.13
Sandy,Rice,809.4,19.8,7.55,203.6,3.17,9.0,14.29,Yes,9.5
Peaty,Barley,1057.8,26.4,5.99,154.2,1.08,7.3,2.74,Yes,7.91
Clay,Rice,1123.7,24.0,5.94,207.2,6.0,7.8,6.84,No,8.53
Silty,Wheat,860.9,27.5,7.05,,1.71,7.3,5.8,Yes,8.42
Peaty,Barley,933.3,25.8,5.6,157.1,3.49,9.2,2.02,Yes,8.15
Clay,Wheat,871.1,16.9,4.94,122.8,4.59,6.4,,Yes,7.68
Peaty,Cotton,839.3,26.3,7.25,174.1,1.11,9.2,,Yes,7.34
Sandy,Soybean,741.5,21.9,5.3,142.8,7.24,5.2,3.72,Yes,7.01
Loamy,Maize,768.7,17.5,,137.4,6.86,6.6,3.63,Yes,11.17
Peaty,Wheat,1191.3,18.5,5.79,148.9,6.78,5.8,3.2,No,8.01
Clay,Wheat,940.9,31.2,6.1,124.1,7.86,7.5,1.93,Yes,7.43
Peaty,Barley,1033.4,28.0,6.97,91.8,4.29,6.1,1.35,No,6.98
Loamy,Wheat,820.4,28.5,7.53,201.6,1.77,11.0,7.22,Yes,10.12
Silty,Cotton,793.2,27.1,6.99,104.9,9.01,8.6,10.43,No,7.76
Silty,Wheat,935.3,23.7,7.34,205.2,0.0,6.9,2.05,No,9.02
Loamy,Rice,1053.7,23.7,,94.2,4.99,7.9,,Yes,10.92
Silty,Cotton,913.6,19.9,5.47,182.4,3.2,5.3,,,7.29
Silty,Soybean,635.0,25.3,6.54,96.2,,7.6,12.86,No,6.83
Peaty,Cotton,811.3,26.0,8.22,152.8,4.53,6.4,7.61,No,5.27
Sandy,Soybean,496.3,30.8,6.16,78.7,1.63,6.4,6.15,No,6.23
Silty,Barley,816.9,20.4,6.44,167.8,4.7,7.7,6.55,No,8.44
Peaty,Barley,752.9,23.7,7.81,136.9,5.86,7.4,1.59,Yes,7.94
Sandy,Maize,979.1,31.7,6.49,209.6,3.34,9.2,2.0,Yes,10.8
Silty,Rice,740.8,23.8,7.56,176.9,2.95,9.3,0.67,Yes,10.23
Sandy,Rice,774.1,28.5,6.91,46.4,6.19,6.8,4.96,Yes,8.9
Silty,Wheat,870.7,27.7,5.72,198.4,7.9,7.7,4.96,Yes,8.17
Loamy,Rice,794.9,28.2,7.06,146.4,0.8,8.0,2.96,Yes,10.14
Peaty,Cotton,763.6,22.1,6.52,207.5,0.0,9.7,13.53,Yes,8.27
Peaty,Cotton,883.0,24.0,7.49,67.1,2.82,7.9,3.63,Yes,6.51
Peaty,Soybean,,28.0,5.37,,5.58,7.7,5.22,Yes,6.95
Silty,Soybean,996.7,23.6,6.28,201.5,7.23,10.8,2.87,No,7.38
Clay,Wheat,1192.2,31.9,7.11,193.0,8.17,6.1,14.2,Yes,8.27
Peaty,Rice,879.0,20.6,7.16,23.8,2.35,8.1,5.19,Yes,8.81
Silty,Barley,1027.1,17.4,6.3,,,8.0,1.96,No,8.06
Clay,Maize,478.9,26.7,7.22,120.6,7.22,8.5,14.07,Yes,10.53
Peaty,Barley,551.5,16.9,4.74,146.9,4.16,8.7,4.59,,7.56
Silty,Wheat,404.4,26.6,5.65,144.0,6.87,8.9,3.09,No,7.43
Clay,Cotton,441.1,17.6,7.04,161.3,8.31,5.8,1.26,Yes,7.09
Peaty,Cotton,1083.4,26.8,6.78,158.0,4.71,,0.73,No,7.31
Loamy,Rice,1199.3,22.0,6.69,226.0,0.0,6.1,7.19,No,10.33
Peaty,Barley,877.9,34.1,6.52,28.3,6.37,6.3,1.66,Yes,6.31
Loamy,Cotton,739.5,18.9,5.54,109.8,8.97,6.0,1.84,Yes,7.25
,Barley,1124.2,31.7,6.33,215.7,3.86,6.5,2.05,No,7.77
Clay,Soybean,1408.7,21.2,,116.4,7.12,5.5,1.92,Yes,6.22
Clay,Wheat,1162.7,25.8,7.46,152.2,5.72,5.8,5.85,No,8.93
Loamy,Rice,761.7,24.1,4.85,224.0,7.71,8.2,7.69,No,9.13
Clay,Rice,626.5,24.5,4.83,50.4,3.42,7.8,2.54,Yes,8.08
Silty,Rice,1087.1,24.0,5.91,147.0,2.67,8.0,2.56,No,8.86
Clay,Maize,878.2,18.5,7.11,112.3,5.52,7.7,8.38,No,9.8
Loamy,Soybean,655.2,14.6,5.66,142.9,4.78,8.7,8.24,Yes,8.18
Peaty,Rice,1052.2,25.6,6.83,100.7,5.59,4.7,1.23,Yes,9.87
Sandy,Soybean,921.2,16.7,6.83,128.9,5.83,5.8,3.98,No,6.13
Sandy,Barley,1026.0,23.9,7.36,,7.43,,11.74,No,6.74
Silty,Wheat,1273.8,32.8,6.05,161.0,5.1,6.7,1.64,Yes,7.93
Clay,Maize,,18.5,7.6,251.9,0.0,6.0,4.47,Yes,10.12
Loamy,Barley,1004.3,21.1,4.22,,2.06,4.7,,No,6.49
Loamy,Maize,618.2,23.5,5.49,129.4,2.25,9.3,7.01,No,9.81
Clay,Wheat,960.6,26.3,6.02,198.5,8.0,6.6,3.35,No,7.69
Sandy,Cotton,354.2,29.2,5.62,62.3,7.7,5.5,5.74,,4.47
Silty,Maize,1226.5,18.4,6.56,141.4,,4.4,2.4,Yes,10.69
Silty,Wheat,889.1,23.6,6.09,57.4,8.95,7.3,4.17,No,7.7
Clay,Rice,1009.3,25.1,7.86,136.1,1.87,7.3,1.55,,8.96
Sandy,Soybean,1148.9,,6.34,181.6,0.92,8.6,0.45,No,6.92
Clay,Barley,1239.5,18.4,6.59,206.5,3.21,5.7,0.76,No,8.16
Clay,Wheat,1131.0,25.3,,29.9,6.74,8.1,10.04,No,7.38
Peaty,Rice,651.8,33.0,6.93,192.2,2.41,5.1,12.06,Yes,8.76
Loamy,Cotton,792.2,28.0,7.1,152.1,4.01,8.7,2.1,Yes,7.75
Peaty,Barley,442.7,21.6,6.81,167.7,1.45,4.3,19.62,Yes,7.71
Clay,Maize,866.4,26.3,6.59,114.9,7.22,6.6,4.71,Yes,10.71
Loamy,Soybean,1007.7,24.5,6.61,101.6,1.64,6.4,6.15,Yes,7.88
Sandy,Barley,840.0,28.3,6.48,,2.64,10.4,5.64,No,6.05
Silty,Cotton,577.8,24.4,6.16,140.8,4.52,5.9,1.59,Yes,6.75
Loamy,Soybean,675.8,27.2,7.69,226.2,6.32,5.9,2.64,No,6.92
Clay,Maize,599.7,22.3,6.07,218.6,4.57,8.9,1.06,No,9.95
Loamy,Cotton,861.9,20.2,5.47,122.3,7.94,8.8,10.19,Yes,8.37
Clay,Soybean,558.7,23.6,7.69,80.2,,8.1,4.16,No,6.98
Loamy,Maize,672.1,22.2,6.96,157.7,5.7,7.4,3.41,Yes,12.09
Peaty,Maize,563.8,22.3,6.96,131.9,0.72,7.4,3.93,No,10.23
Peaty,Maize,1040.2,19.2,6.64,78.5,9.06,8.5,1.95,Yes,11.24
Silty,Barley,303.3,18.6,6.64,121.6,7.49,5.6,0.93,No,7.05
Clay,Cotton,1029.7,25.9,6.48,232.4,3.82,7.6,1.18,No,6.72
Loamy,Rice,547.4,32.2,5.68,158.2,5.1,8.8,8.5,No,8.81
Clay,Cotton,1260.5,22.5,6.65,146.2,1.33,6.9,,No,6.77
,Soybean,,25.7,5.69,281.7,5.16,6.2,1.02,No,8.03
Loamy,Cotton,744.4,24.1,5.64,149.8,1.51,7.4,3.49,Yes,7.17
Clay,Rice,1154.6,29.8,5.72,130.3,0.0,7.7,25.0,Yes,9.38
Silty,Maize,915.4,24.2,6.65,170.3,1.96,5.6,1.12,Yes,11.92
Sandy,Rice,903.9,30.4,6.64,,1.81,7.5,1.33,Yes,8.97
Sandy,Barley,1356.7,20.7,7.12,163.5,3.85,8.3,9.16,No,7.78
Sandy,Soybean,1114.0,29.3,6.8,181.1,4.94,6.6,,No,6.86
Peaty,Cotton,583.1,24.3,7.38,0.0,9.82,6.6,1.79,No,5.55
Clay,Wheat,931.6,25.2,,132.6,,7.5,5.82,Yes,8.58
Loamy,Rice,962.9,26.2,6.83,178.3,3.43,7.3,0.86,No,9.19
Peaty,Rice,1221.4,34.4,6.08,122.3,6.36,8.9,14.41,No,7.55
Peaty,Barley,654.7,33.7,6.06,149.1,3.48,8.8,7.75,Yes,7.36
Clay,Soybean,967.8,27.2,6.06,154.7,7.59,7.0,1.64,Yes,7.98
Peaty,Wheat,642.9,,5.88,,3.31,7.0,2.13,Yes,8.3
Silty,Maize,1146.8,25.6,6.73,162.7,,11.6,11.65,No,10.85
Silty,Maize,605.8,14.1,7.07,33.1,6.65,7.4,2.8,Yes,9.84
Clay,Barley,859.7,27.5,6.76,242.7,6.23,8.5,1.38,Yes,8.43
Peaty,Soybean,968.2,25.0,4.27,152.5,6.29,5.4,0.87,No,5.4
Silty,Wheat,328.5,17.7,8.49,192.7,7.91,7.3,2.91,Yes,7.75
Silty,Maize,1100.4,32.7,5.26,197.3,4.62,5.7,1.1,Yes,10.32
Loamy,Wheat,580.4,16.7,6.32,141.8,,7.8,4.54,Yes,9.04
Peaty,Soybean,,26.8,6.96,45.1,6.53,8.8,3.82,No,6.8
Sandy,Rice,926.7,30.5,6.55,162.1,9.11,6.8,23.76,Yes,9.57
Sandy,Soybean,839.0,32.6,,176.1,4.99,5.4,0.65,Yes,6.7
Sandy,Rice,756.1,17.3,6.63,155.2,4.02,9.3,2.6,Yes,9.49
Clay,Barley,888.9,19.4,5.06,173.3,4.07,9.1,5.93,Yes,8.06
Sandy,Cotton,897.3,22.4,,211.7,6.6,6.9,4.31,Yes,7.11
Loamy,Cotton,1385.7,34.2,9.37,202.4,,6.0,14.49,Yes,5.8
Clay,Barley,1017.8,20.6,8.14,85.0,6.37,7.3,2.47,Yes,7.82
Clay,Maize,862.8,20.2,6.65,113.9,3.16,9.1,6.8,Yes,10.71
Peaty,Wheat,1060.2,24.7,6.3,117.0,3.05,8.9,4.01,No,8.7
Clay,Barley,687.3,,7.45,86.1,5.16,,2.18,No,7.44
Silty,Maize,692.4,27.6,5.75,238.0,6.64,10.1,0.67,Yes,10.76
Silty,Soybean,914.1,21.6,5.67,162.4,0.92,4.6,3.34,No,7.71
Clay,Rice,1132.5,29.7,6.22,120.1,0.0,7.0,12.32,No,8.55
Sandy,Barley,799.5,25.4,6.89,231.9,7.8,3.4,1.25,No,7.0
Silty,Rice,1180.2,,5.77,110.5,10.21,9.5,1.07,Yes,9.37
Silty,Barley,1126.9,28.2,8.17,176.5,3.73,8.7,7.32,No,8.06
Silty,Maize,1109.4,25.2,6.02,136.8,3.53,7.3,1.58,Yes,11.75
Silty,Wheat,1063.1,18.5,,240.2,7.08,7.5,9.04,No,7.61
Silty,Barley,1265.4,20.0,7.38,,3.01,7.2,1.6,Yes,7.97
Loamy,Barley,1181.0,17.4,6.1,140.4,0.08,8.6,1.26,No,7.51
Sandy,Rice,830.3,21.7,6.22,,4.57,6.8,1.16,No,8.85
Loamy,Wheat,956.6,20.9,5.7,222.2,4.7,8.1,9.64,Yes,9.14
Peaty,Soybean,864.0,14.7,6.7,108.1,9.28,8.8,1.61,No,6.6
Sandy,Wheat,723.0,,,108.4,0.24,5.0,3.02,No,7.01
Peaty,Cotton,793.2,20.4,6.73,161.1,4.92,7.8,1.82,No,7.41
Peaty,Cotton,532.1,24.0,6.99,,3.44,5.4,7.99,No,6.11
Loamy,Rice,599.2,27.1,7.25,58.8,7.96,6.9,1.44,Yes,8.97
Sandy,Soybean,671.4,,6.08,62.8,3.87,7.3,1.83,Yes,6.6
Silty,Maize,995.4,28.4,,124.4,6.96,,7.75,Yes,11.33
Peaty,Soybean,,22.7,6.25,127.7,5.1,7.3,1.77,Yes,7.66
,Wheat,706.1,26.5,6.6,241.3,3.55,5.4,5.7,Yes,9.08
Clay,Wheat,502.7,24.3,6.88,243.5,6.31,7.8,4.93,Yes,7.83
Peaty,Cotton,713.3,21.7,6.14,100.1,7.97,7.8,6.38,No,6.49
Silty,Cotton,624.7,26.2,7.77,,7.2,7.2,2.87,Yes,7.57
,Soybean,952.8,20.7,7.73,,12.07,8.4,4.59,No,6.96
Peaty,Cotton,881.1,25.6,7.06,,1.8,8.0,7.92,Yes,6.23
Loamy,Soybean,1042.8,22.6,,236.2,7.63,7.6,6.25,Yes,9.34
Silty,Soybean,551.2,20.7,,205.4,7.92,6.9,5.81,Yes,8.17
Loamy,Rice,960.0,20.2,7.31,,4.84,6.4,3.55,No,9.99
Sandy,Barley,946.9,20.1,5.92,79.8,4.55,6.9,,Yes,7.24
Loamy,Cotton,744.1,28.3,4.73,74.0,3.99,2.3,2.15,,5.26
Sandy,Wheat,477.4,27.6,7.51,133.6,1.57,9.2,0.45,No,6.69
Clay,Wheat,677.9,21.9,7.33,178.7,5.19,7.1,2.21,No,7.98
,Soybean,1164.4,20.0,4.5,146.5,6.81,11.2,3.68,,6.72
Peaty,Maize,1001.8,17.1,6.75,139.0,8.03,9.5,2.74,No,10.45
Peaty,Soybean,1648.8,26.1,8.05,172.4,7.02,7.8,0.45,Yes,7.0
Clay,Soybean,731.1,24.0,6.18,205.7,,9.0,1.84,Yes,7.92
Peaty,Wheat,757.2,27.8,6.49,147.1,4.07,9.5,3.54,No,8.05
Sandy,Wheat,938.8,26.2,6.62,175.9,7.61,6.7,3.39,Yes,8.74
Loamy,Soybean,959.5,25.4,5.62,166.7,1.88,9.3,3.51,Yes,9.35
,Wheat,893.9,35.2,6.42,208.4,6.96,6.2,2.35,No,7.78
,Cotton,835.6,34.4,6.77,214.6,5.46,8.6,7.16,Yes,7.37
Silty,,875.8,20.7,5.95,182.9,3.87,6.7,2.6,Yes,8.1
Silty,Barley,779.9,23.5,6.13,97.6,0.0,6.5,1.27,No,7.25
Silty,Barley,727.3,29.6,6.95,178.7,5.91,8.2,11.83,Yes,8.45
Clay,Wheat,1118.6,17.5,6.9,113.6,1.39,6.4,1.65,Yes,7.55
Silty,Cotton,991.5,24.3,7.49,95.5,3.91,6.6,1.25,No,6.41
Sandy,Cotton,889.0,30.8,7.17,194.4,7.97,7.9,4.22,No,5.03
Silty,Cotton,1026.9,21.0,7.01,71.2,4.37,10.4,1.98,No,6.47
Peaty,Rice,649.1,34.6,6.44,9.3,6.78,7.5,1.1,No,6.26
Silty,Barley,868.1,,7.84,143.0,4.34,,13.47,No,7.88
Sandy,Cotton,1237.7,23.0,5.72,253.9,4.64,6.5,10.09,Yes,7.74
Sandy,Wheat,1063.2,24.4,5.67,257.8,0.0,7.2,2.39,Yes,8.16
Sandy,Rice,762.0,28.7,6.98,189.1,4.66,6.5,1.38,Yes,8.79
Silty,Soybean,,26.9,5.87,138.4,6.75,4.9,2.35,No,7.67
Peaty,Wheat,1505.5,17.2,6.91,93.3,5.63,8.4,9.95,Yes,8.49
Clay,Rice,1069.2,22.6,6.27,144.2,5.51,9.6,1.41,No,9.05
Silty,Wheat,1153.6,24.7,6.6,2.5,3.9,8.2,4.88,No,7.21
Silty,Wheat,960.2,22.7,7.01,186.3,2.02,8.6,,Yes,9.73
Silty,Cotton,,20.9,5.5,212.8,5.32,5.6,1.11,Yes,7.13
Loamy,Rice,958.1,20.0,6.42,202.2,6.85,7.5,8.0,Yes,10.75
Sandy,Wheat,,27.1,7.11,205.2,5.26,8.4,8.47,Yes,8.6
Sandy,Maize,513.2,24.9,6.02,52.6,8.56,7.5,9.16,No,9.27
Clay,Wheat,887.7,34.7,7.02,216.5,7.58,,3.96,No,7.63
Silty,Wheat,1118.1,25.4,,221.7,4.1,10.3,3.73,Yes,9.61
Silty,Maize,738.8,,6.74,64.8,4.43,6.6,2.59,Yes,9.75
Sandy,Cotton,970.2,30.2,7.76,212.0,6.58,10.2,1.34,Yes,6.35
Peaty,Wheat,785.1,21.9,5.37,69.3,2.65,5.3,4.66,No,7.44
Clay,Barley,1087.5,19.1,6.93,185.5,0.07,8.9,3.54,Yes,8.36
Sandy,Soybean,850.2,34.7,6.78,216.2,2.68,8.2,4.36,No,6.79
Loamy,Soybean,1054.3,18.7,4.95,,4.35,7.8,2.18,Yes,9.28
Loamy,Barley,1148.0,22.8,5.68,197.7,7.62,7.4,,Yes,9.27
Clay,Barley,709.6,25.3,4.59,117.6,6.9,8.3,3.24,Yes,7.01
Silty,Rice,1088.3,31.8,7.14,84.7,7.97,5.4,3.88,No,8.5
Clay,Maize,935.1,29.6,8.02,,4.39,8.8,12.31,Yes,10.84
,Barley,533.8,29.5,6.45,,6.08,7.7,2.12,Yes,8.23
Silty,Maize,1117.2,32.9,7.12,224.2,9.56,7.1,2.75,No,10.0
Clay,Barley,,27.1,6.2,87.8,,9.9,14.4,Yes,7.14
Loamy,Soybean,668.4,22.0,5.82,58.0,5.94,9.4,1.31,No,7.6
Clay,Soybean,810.3,23.8,6.68,185.3,6.82,7.8,,Yes,8.42
Clay,,,24.7,6.64,111.9,4.25,7.7,6.95,Yes,11.17
Silty,Wheat,,21.9,6.54,143.4,3.71,5.4,2.6,No,8.09
Clay,Cotton,280.5,,7.22,184.1,3.89,8.2,2.86,Yes,6.89
Loamy,Wheat,674.8,16.3,6.68,161.2,5.47,8.1,1.67,Yes,9.11
Loamy,Rice,1174.5,29.0,7.25,192.2,5.21,8.6,3.89,No,9.29
Silty,Maize,608.2,20.7,,237.3,9.34,10.3,11.84,No,10.59
Sandy,Soybean,1362.9,25.5,5.4,168.6,0.0,6.3,6.91,Yes,6.7
Clay,Maize,1159.5,26.4,6.37,186.4,8.68,5.9,19.39,No,10.7
Peaty,Rice,863.0,24.6,6.52,143.1,5.88,9.9,8.12,Yes,9.67
Silty,Wheat,594.7,23.9,6.16,168.5,3.63,7.1,3.04,No,7.93
Loamy,Cotton,509.5,18.7,6.21,208.6,0.64,6.8,11.27,No,7.05
Silty,Barley,1026.8,16.9,5.44,156.0,,,13.03,Yes,8.05
Peaty,Soybean,1280.4,26.0,,223.4,4.08,8.0,1.87,Yes,7.63
Peaty,Rice,1040.1,30.7,5.28,240.9,3.3,7.0,3.42,No,7.89
Sandy,Barley,1333.9,18.3,6.2,,4.26,9.8,0.54,No,7.16
Clay,Barley,,15.1,5.81,246.4,0.94,4.2,10.11,No,6.88
Peaty,Rice,643.9,28.1,5.63,124.9,7.1,7.3,1.86,Yes,8.49
Loamy,Soybean,1201.2,22.2,6.37,118.2,0.0,7.4,3.42,No,7.71
Peaty,Rice,820.3,21.8,6.76,181.3,7.11,10.1,3.14,No,8.08
Sandy,Maize,,37.9,6.25,191.8,9.25,,2.83,,9.34
Sandy,Wheat,,15.3,6.37,184.4,2.28,6.4,1.24,Yes,8.02
,Wheat,1051.5,31.5,,194.9,6.16,10.0,1.66,No,7.86
Sandy,Barley,1454.5,,8.01,158.4,5.33,7.7,1.26,No,6.05
Loamy,Barley,1357.5,27.4,6.97,100.7,4.74,7.0,1.34,No,8.06
Sandy,Maize,656.1,20.8,5.98,124.7,2.53,6.8,6.61,No,9.27
Silty,Soybean,1501.1,22.2,5.35,176.5,5.87,6.2,2.03,Yes,7.7
Loamy,Barley,572.1,26.1,6.61,203.5,,7.2,1.67,Yes,9.31
Peaty,Soybean,1268.0,33.7,6.42,138.7,8.19,4.7,4.42,No,6.75
Silty,Barley,1158.1,20.9,6.95,106.4,3.33,11.5,4.98,Yes,8.46
Silty,Soybean,910.5,19.6,7.37,110.3,5.01,10.7,5.02,No,7.09
Silty,Barley,838.4,30.8,7.73,76.7,6.74,8.3,0.94,Yes,6.56
Peaty,Maize,,26.3,6.32,183.0,3.67,,1.6,Yes,11.13
Clay,Wheat,1051.6,27.7,6.09,265.3,1.67,4.0,1.12,Yes,8.04
Silty,Barley,709.4,14.5,6.34,126.5,1.04,7.6,1.2,Yes,7.68
,Soybean,829.2,26.6,7.23,165.4,10.59,6.2,3.52,Yes,7.49
Peaty,Soybean,,19.3,6.07,106.5,,6.6,0.92,Yes,7.76
Sandy,Maize,831.0,,6.6,120.2,6.35,5.5,6.23,Yes,10.96
Peaty,Soybean,791.6,24.2,6.1,107.1,6.75,8.0,3.82,Yes,8.8
Clay,Rice,781.4,27.6,6.36,142.9,4.15,6.7,3.71,Yes,8.82
Sandy,Barley,1003.9,24.1,6.6,94.4,,7.0,1.26,No,5.75
Silty,Wheat,808.8,24.8,5.87,234.5,8.07,7.1,12.08,No,8.56
Peaty,Barley,625.6,26.2,5.48,218.9,1.06,6.9,2.51,No,7.09
Clay,Maize,1054.5,19.4,6.6,212.7,4.82,9.7,0.47,No,10.58
Loamy,Wheat,534.9,,7.86,161.5,7.84,10.0,,No,8.71
Clay,Barley,817.5,23.5,5.87,112.6,7.92,11.3,6.22,Yes,8.49
Clay,Rice,1027.9,21.4,6.32,136.5,5.54,7.0,5.42,Yes,9.99
Clay,Rice,1240.3,26.1,7.44,134.2,1.49,7.0,1.28,,8.7
Peaty,Barley,979.5,38.4,6.07,91.7,3.13,5.6,,No,5.75
Clay,Soybean,921.9,20.2,5.38,141.4,9.67,9.8,1.09,Yes,7.72
Peaty,Wheat,819.7,34.3,6.13,86.8,0.0,8.7,3.3,No,7.12
,Soybean,801.0,17.4,6.76,130.2,1.97,7.5,1.7,No,7.72
Sandy,Rice,1154.0,17.0,5.44,,0.0,,2.23,Yes,8.68
Peaty,Wheat,1155.0,13.7,,209.1,2.92,5.3,3.29,No,6.58
Sandy,Cotton,835.5,23.8,5.61,135.3,2.69,5.5,16.6,Yes,5.95
Clay,Barley,820.3,23.3,6.1,,7.81,5.6,0.51,Yes,7.49
Peaty,Rice,599.5,22.6,6.28,93.6,3.86,6.8,5.51,No,7.92
Silty,Wheat,1161.9,20.9,6.88,159.0,2.83,6.1,1.82,Yes,8.01
Sandy,Barley,1198.8,19.8,6.94,159.3,2.42,8.0,3.75,Yes,8.09
Loamy,Rice,953.7,20.0,6.65,,3.6,10.3,2.33,Yes,9.98
Silty,Rice,713.3,22.6,6.21,158.5,5.39,8.6,0.99,No,8.42
Peaty,Cotton,1020.0,23.0,6.84,88.0,8.28,7.1,1.6,Yes,7.06
Peaty,Rice,588.9,18.9,6.52,186.0,4.4,6.7,2.03,No,8.59
Loamy,Cotton,,31.7,6.19,118.4,7.81,7.0,1.74,No,6.58
Clay,Wheat,871.1,22.7,6.85,111.8,1.93,5.1,6.34,Yes,7.65
Clay,Wheat,1213.6,14.7,6.42,188.1,5.82,7.3,2.46,No,6.96
Clay,Maize,646.1,23.9,6.42,178.7,6.04,7.0,7.68,Yes,10.9
Sandy,,1061.3,19.3,6.03,49.6,6.13,5.8,1.75,No,6.91
Clay,Soybean,,30.6,6.57,154.2,5.43,7.6,3.71,Yes,7.24
Clay,Barley,612.0,26.7,6.23,151.4,8.59,8.6,3.31,No,7.47
Silty,Cotton,1119.0,30.5,7.34,105.2,1.21,8.9,2.48,Yes,6.7
Clay,Cotton,1291.8,32.1,6.88,168.2,4.52,7.0,4.73,No,5.7
Silty,Rice,732.0,20.3,7.27,124.6,5.56,5.8,8.64,No,8.35
Sandy,Rice,315.7,23.5,,114.5,6.5,8.0,2.05,Yes,8.14
Sandy,Maize,787.8,21.7,6.42,,9.66,7.7,1.87,No,8.82
Peaty,Cotton,844.9,18.7,5.73,297.4,5.34,6.4,3.45,No,6.5
Silty,Rice,727.3,25.7,5.51,287.7,9.5,9.0,5.32,Yes,9.9
Silty,Cotton,944.0,18.5,6.26,159.1,3.5,,4.62,Yes,7.69
Clay,Rice,1362.8,18.7,7.0,206.9,3.9,8.7,3.39,Yes,9.16
Sandy,Soybean,854.1,20.8,,130.8,7.42,7.0,7.03,Yes,7.87
Loamy,Cotton,770.2,17.8,5.53,254.3,5.38,9.3,4.4,Yes,7.17
Peaty,Cotton,932.8,28.7,5.55,172.5,0.12,7.1,0.81,No,5.44
Peaty,Soybean,1001.7,24.7,7.88,159.9,2.01,4.7,3.62,Yes,7.12
Clay,,982.0,,7.96,199.8,0.52,5.1,7.66,No,5.77
Loamy,Wheat,1458.9,31.7,5.92,165.0,6.59,10.7,0.85,No,7.44
Clay,Rice,1006.6,17.2,6.86,130.6,3.47,7.7,0.84,No,8.68
Peaty,Wheat,1042.4,32.1,,215.0,2.2,5.4,3.7,No,7.39
Clay,Rice,,24.4,5.75,170.1,3.95,9.1,0.2,Yes,10.01
Sandy,Soybean,818.7,22.2,,113.6,4.87,8.0,1.85,No,6.76
Silty,Soybean,660.5,29.7,5.13,128.7,7.32,9.4,2.94,Yes,7.22
Clay,Barley,,20.8,6.64,117.3,10.01,7.3,1.8,No,7.61
Silty,Barley,714.4,17.5,6.64,128.7,0.0,6.1,2.84,Yes,8.17
Loamy,Soybean,1071.5,23.6,6.25,147.9,4.87,8.8,2.9,Yes,8.84
Loamy,Wheat,1022.0,27.9,5.38,197.7,4.29,9.5,2.26,Yes,8.17
Sandy,Rice,923.3,18.0,7.06,154.4,4.74,4.3,3.14,Yes,9.71
Clay,Barley,1096.7,29.5,6.14,168.8,8.12,8.1,10.35,Yes,8.84
Sandy,Barley,627.2,21.9,6.32,105.9,4.26,4.2,3.09,Yes,7.0
Sandy,Rice,,19.6,6.23,173.5,5.66,8.4,3.48,Yes,8.91
Peaty,Maize,854.5,19.1,5.9,72.3,3.43,8.8,4.1,No,9.78
Peaty,Rice,710.3,21.3,6.81,195.7,3.49,8.1,3.24,Yes,9.43
Clay,Maize,1220.0,20.1,6.0,131.0,6.12,7.6,4.0,No,10.01
Peaty,Wheat,1092.3,23.0,6.19,152.9,10.17,9.8,0.86,No,7.0
Clay,Barley,1157.9,32.9,6.85,200.2,8.36,8.0,2.31,Yes,7.38
Loamy,Maize,980.5,21.5,7.81,120.7,1.35,7.2,4.61,No,9.32
Loamy,Maize,959.9,14.1,4.94,205.8,,8.7,1.19,No,10.5
Peaty,Maize,544.3,32.5,6.4,227.8,,9.7,6.36,Yes,10.11
Peaty,Wheat,999.2,19.7,7.28,259.9,9.03,6.2,8.08,No,6.98
Sandy,Cotton,665.5,27.0,7.64,86.6,4.8,11.2,,No,5.21
Loamy,Soybean,648.0,29.4,6.68,156.4,4.06,7.7,0.94,No,7.37
Silty,Soybean,1079.7,27.9,6.36,107.6,6.78,7.2,1.35,Yes,9.38
Peaty,Wheat,765.1,10.8,6.18,49.7,1.77,8.6,1.36,No,6.03
Loamy,Rice,1178.0,22.9,6.34,116.4,,5.6,3.32,No,10.0
Sandy,Soybean,,23.6,7.19,204.7,,10.0,1.44,No,7.71
Silty,Cotton,985.0,26.1,4.63,42.4,4.97,5.6,8.78,Yes,6.65
Silty,Wheat,1223.7,27.6,7.27,81.5,0.62,7.4,3.12,Yes,8.33
Silty,Maize,626.2,26.1,6.36,90.7,7.7,8.3,9.9,Yes,11.45
Loamy,Soybean,432.6,33.8,6.6,50.3,8.96,8.1,2.88,Yes,7.34
Clay,Maize,996.3,22.0,7.01,,9.52,10.0,0.78,,11.12
Loamy,Wheat,885.2,20.6,7.23,140.0,1.24,5.9,,No,8.2
Silty,Maize,1006.2,20.0,7.47,170.0,7.07,7.6,2.5,Yes,11.37
Silty,Soybean,548.9,18.0,7.31,149.2,6.78,9.0,2.7,No,7.17
Clay,Wheat,960.3,,4.27,214.0,4.45,7.9,10.16,Yes,7.09
Sandy,Wheat,884.8,29.4,6.51,105.7,1.39,7.6,0.76,No,7.11
Loamy,Soybean,729.8,28.8,6.99,104.9,2.69,9.4,11.94,No,8.19
Clay,Barley,975.9,21.3,6.35,147.5,9.54,9.0,11.73,No,8.08
Sandy,Soybean,1282.1,19.5,6.8,135.1,0.0,9.7,1.92,Yes,7.27
Peaty,Maize,992.5,15.3,6.58,712.2103971324965,7.48,8.2,3.7,Yes,11.15
Peaty,Wheat,715.2,19.6,6.01,63.5,1.79,8.4,2.02,Yes,8.2
Sandy,Barley,1140.3,25.0,6.49,145.6,7.24,7.7,4.14,Yes,7.57
Loamy,Rice,723.0,18.0,6.59,77.0,4.28,6.0,7.04,No,9.11
Loamy,Barley,648.3,23.7,6.06,130.5,5.55,8.0,7.29,Yes,9.29
Sandy,Barley,1145.7,,5.76,112.5,8.33,7.8,1.7,Yes,7.69
Sandy,Cotton,1151.5,22.5,7.31,152.4,4.04,,1.45,No,6.42
Clay,Barley,649.4,25.5,6.97,125.6,6.36,9.1,0.52,Yes,7.52
Clay,Wheat,,12.2,6.69,203.4,5.57,7.3,2.16,Yes,7.84
Sandy,Wheat,949.2,23.0,6.89,132.2,4.56,,8.81,Yes,7.91
Loamy,Soybean,1060.9,21.2,6.2,236.7,0.0,8.8,7.71,No,7.9
Loamy,Soybean,530.7,17.0,7.34,232.0,12.26,5.3,7.59,Yes,7.53
Peaty,Maize,663.7,27.3,6.7,119.0,2.21,7.7,2.57,Yes,10.26
Loamy,Soybean,,32.4,5.42,261.8,8.51,5.5,4.41,No,7.34
Peaty,Wheat,1602.9,,7.69,208.0,2.92,6.3,7.89,Yes,8.63
Peaty,Cotton,781.4,18.7,6.94,,7.47,9.3,,Yes,7.64
Silty,Cotton,1071.2,28.9,6.5,,5.31,6.6,2.89,No,6.13
Peaty,Soybean,717.2,25.1,6.5,155.1,5.75,6.4,0.78,Yes,8.41
Sandy,Soybean,603.3,22.3,,144.0,1.39,7.4,1.91,Yes,7.41
Peaty,Cotton,868.6,21.9,6.46,190.4,3.54,6.0,0.62,No,7.1
Sandy,Wheat,1025.0,37.8,7.14,132.4,5.52,,1.12,Yes,7.15
Silty,Barley,686.0,,5.94,148.0,6.9,7.7,11.23,No,7.26
Loamy,Cotton,798.3,17.4,5.58,,1.44,9.8,6.52,Yes,6.79
Loamy,Wheat,283.7,14.4,8.01,125.8,6.8,3.9,7.75,No,6.73
Loamy,Maize,1010.9,26.3,6.04,85.0,4.4,8.6,3.79,Yes,11.52
Peaty,Wheat,854.4,14.4,6.22,214.5,4.87,10.3,3.18,Yes,7.86
Silty,Rice,699.2,32.5,8.27,178.0,3.08,6.6,1.98,Yes,8.28
Loamy,Wheat,945.1,27.8,6.44,204.9,4.93,5.1,4.58,No,8.42
,Cotton,672.5,19.9,6.93,133.1,4.44,8.9,2.41,No,7.67
Loamy,Wheat,925.0,26.0,5.8,232.7,4.28,9.0,7.57,Yes,9.32
Loamy,Cotton,1075.9,24.1,5.47,189.6,7.12,7.1,3.34,Yes,8.37
Sandy,Cotton,1171.7,23.5,6.67,239.4,2.88,9.3,1.35,Yes,6.93
Sandy,Rice,635.0,14.8,6.65,94.4,3.43,6.2,1.05,No,7.64
Peaty,Rice,1203.5,20.7,,192.2,5.01,8.4,4.4,Yes,10.09
Sandy,Rice,293.3,24.1,6.8,84.1,3.64,6.1,4.95,No,7.49
Loamy,Maize,766.3,,6.91,145.5,,7.5,2.34,No,10.58
Silty,,1062.0,31.5,6.98,215.5,4.72,9.8,1.13,No,9.27
Clay,Wheat,732.2,20.2,6.14,120.0,6.25,6.0,3.23,Yes,8.24
Sandy,Wheat,3013.507525858792,19.7,5.66,168.3,2.9,10.4,0.51,Yes,7.87
Peaty,Rice,1065.2,28.8,5.79,157.0,2.74,8.6,8.17,Yes,9.44
Peaty,Barley,1177.5,,7.75,219.4,2.78,6.9,,Yes,8.51
Peaty,Cotton,729.5,21.0,7.33,,8.32,6.7,1.17,No,5.92
Clay,Maize,984.5,,7.38,141.8,5.5,6.5,,No,9.75
Loamy,Barley,1020.8,21.6,8.37,140.8,2.98,7.0,,Yes,8.09
Sandy,Soybean,720.6,13.0,7.38,186.1,2.64,,5.23,Yes,7.64
Sandy,Cotton,844.9,22.5,5.7,156.6,6.43,5.8,1.03,No,6.41
Silty,Wheat,767.6,22.5,7.68,284.6,3.3,8.6,23.98,Yes,7.87
Peaty,Barley,354.5,15.5,6.92,,5.43,8.5,1.21,No,7.39
Clay,Rice,1273.6,23.5,6.54,206.1,6.27,6.6,9.18,No,8.93
Sandy,Rice,734.1,33.7,5.78,148.2,5.61,7.6,2.78,No,7.69
Silty,,,12.6,5.72,103.0,1.37,5.8,2.79,Yes,8.87
Clay,Cotton,977.5,,7.29,189.4,5.84,6.1,2.25,No,6.38
Clay,Rice,988.4,24.3,7.74,,6.05,7.5,2.1,,9.44
Loamy,Rice,579.4,28.6,5.95,,,6.5,7.42,Yes,9.44
Peaty,Soybean,513.7,26.1,6.32,208.0,4.87,6.8,4.4,Yes,7.66
Loamy,Wheat,1059.6,24.1,6.87,0.0,4.91,8.2,2.43,Yes,8.85
Silty,Rice,476.0,31.8,6.99,108.0,6.92,5.6,11.47,No,8.54
Peaty,Cotton,1126.4,15.4,6.43,132.1,2.18,7.8,1.23,No,6.23
Peaty,Cotton,848.3,29.7,6.36,57.6,6.84,4.1,9.33,No,6.03
Loamy,Rice,780.8,14.9,6.7,257.1,3.21,9.0,1.53,Yes,10.25
Silty,Cotton,832.6,24.0,6.56,140.7,5.13,9.0,3.63,No,7.49
Silty,Wheat,1297.6,27.4,7.61,193.0,4.37,7.7,1.29,No,7.62
Clay,Wheat,1170.4,25.2,5.71,107.9,7.58,9.5,6.64,No,7.82
Silty,Maize,639.7,24.1,6.56,140.2,6.99,9.8,4.35,Yes,11.43
Loamy,Barley,,28.7,8.02,214.9,,4.6,2.45,,6.63
Clay,Wheat,982.0,22.9,6.18,165.8,6.11,6.9,20.65,No,7.65
Silty,Rice,1443.7,20.8,6.13,165.7,7.24,4.0,8.19,No,8.65
Silty,Maize,1393.3,17.9,7.18,159.2,4.79,8.1,1.02,Yes,10.8
Sandy,,619.0,27.2,7.59,151.1,12.25,6.8,0.58,Yes,7.13
Silty,Wheat,732.5,28.1,7.1,238.5,5.2,8.7,0.63,No,7.67
Peaty,Cotton,922.5,30.3,6.44,139.0,6.43,7.2,0.51,Yes,7.23
Clay,Rice,849.1,22.7,5.67,162.6,3.41,7.0,,No,8.68
Peaty,Maize,758.5,21.4,4.82,4.0,7.28,7.2,14.13,No,8.23
Peaty,Barley,1184.6,17.4,5.5,138.7,8.66,5.7,9.57,Yes,8.49
Peaty,Rice,823.2,19.8,5.93,48.0,6.1,10.5,8.79,Yes,9.59
Clay,Cotton,715.8,31.8,5.59,146.7,6.06,8.6,2.12,Yes,5.1
Peaty,Cotton,769.5,17.4,7.62,121.5,4.59,7.1,4.74,Yes,7.18
Peaty,Maize,,15.0,7.44,102.5,6.53,6.4,18.39,Yes,10.54
Peaty,Soybean,1087.8,23.3,6.84,177.8,7.93,,1.15,No,7.04
Peaty,Wheat,869.4,28.1,8.25,110.0,1.98,7.5,2.11,Yes,7.97
Clay,Maize,954.7,16.1,6.19,148.9,5.21,6.8,3.92,No,10.88
Sandy,Wheat,943.7,26.4,6.08,122.8,8.02,9.8,2.47,Yes,8.31
Sandy,Barley,631.3,26.6,6.92,80.8,8.27,7.0,2.22,No,7.18
Loamy,Soybean,1027.3,29.5,,125.2,7.29,9.2,6.11,Yes,8.59
Peaty,Maize,952.9,15.5,6.22,167.6,7.15,7.5,3.21,No,10.48
Peaty,Wheat,1312.7,,5.87,159.3,6.84,5.6,1.31,Yes,7.21
Clay,Wheat,631.4,31.8,5.88,53.9,,8.0,1.21,Yes,7.59
Loamy,Rice,978.1,26.8,6.64,82.5,7.29,5.8,4.76,Yes,9.83
Clay,Maize,1234.9,16.1,6.17,103.4,1.94,8.4,,Yes,10.42
Loamy,Wheat,611.6,25.9,5.89,177.2,4.83,8.2,9.27,No,8.84
Sandy,Soybean,835.6,26.9,6.55,219.6,2.88,9.3,2.26,Yes,8.34
Loamy,Maize,722.0,30.2,7.42,212.2,8.98,8.1,2.47,Yes,11.22
Loamy,Maize,927.0,24.4,7.75,114.8,3.52,8.1,0.65,No,10.93
Clay,Wheat,878.3,18.8,6.91,139.3,4.47,7.2,3.02,No,7.49
Sandy,Soybean,869.7,24.8,6.37,,2.0,8.1,6.47,No,6.8
Silty,Soybean,1190.5,25.2,6.64,152.2,2.02,6.0,4.4,Yes,7.81
Silty,Soybean,1156.8,16.9,7.57,58.5,4.34,9.3,1.57,No,7.62
Sandy,Soybean,630.7,20.1,7.0,10.1,8.58,6.1,11.25,Yes,5.91
Loamy,Rice,720.3,21.3,5.7,222.1,3.82,8.6,5.08,No,10.41
Clay,Maize,753.0,23.1,5.31,92.8,0.0,6.7,2.77,No,8.44
Peaty,Cotton,1073.5,23.5,6.37,93.3,3.03,7.9,2.04,Yes,8.04
Silty,Soybean,1116.0,24.6,6.45,168.9,1.48,7.5,4.51,No,7.92
Silty,Rice,1083.5,18.1,7.09,109.9,5.28,6.9,0.85,No,8.51
Peaty,Soybean,680.9,29.9,7.13,186.9,1.65,7.8,3.91,Yes,7.36
Peaty,Maize,723.7,24.7,7.93,112.7,7.99,6.9,5.61,Yes,10.21
Sandy,Wheat,1085.1,40.7,5.09,138.5,4.78,7.7,1.98,No,5.57
Peaty,Barley,314.0,23.9,6.69,126.8,4.01,7.3,1.36,Yes,7.6
Loamy,Maize,1249.8,23.1,7.36,84.8,4.07,7.3,1.31,Yes,11.27
Silty,Wheat,1097.7,,7.55,145.2,3.56,11.2,3.98,Yes,9.6
Loamy,Soybean,1064.6,25.1,,208.1,3.88,,2.79,No,8.91
Peaty,Soybean,,24.2,6.86,205.5,3.98,5.1,3.28,Yes,7.61
Loamy,Maize,672.0,17.1,7.79,143.3,8.27,8.5,5.59,Yes,11.23
Sandy,Soybean,862.2,29.1,5.9,81.7,7.36,3.9,13.29,Yes,7.38
Silty,Wheat,970.9,25.1,6.1,151.4,5.65,7.6,5.75,Yes,8.81
Sandy,Maize,837.9,21.4,6.88,117.2,5.61,8.9,2.39,No,8.97
Loamy,Rice,1027.0,18.9,6.62,102.4,5.8,8.4,,No,9.29
Peaty,Maize,944.2,26.9,7.01,38.2,3.73,6.6,3.72,Yes,10.01
Peaty,Rice,1004.3,21.8,7.09,219.9,2.06,7.8,1.97,Yes,9.32
Sandy,Wheat,807.2,19.8,5.74,,8.31,7.0,2.42,Yes,8.2
Loamy,Soybean,1408.4,27.9,7.17,163.5,4.71,6.6,1.58,Yes,8.5
Peaty,Cotton,874.0,24.8,7.25,78.3,5.34,8.1,7.77,Yes,7.16
Silty,Cotton,873.9,27.4,6.14,112.4,6.33,9.2,2.63,No,7.25
Sandy,Soybean,530.2,23.1,5.19,197.7,7.96,6.0,2.39,Yes,7.13
Clay,Soybean,741.7,21.9,6.56,106.6,,7.2,3.8,No,7.38
Clay,Rice,568.0,22.9,6.12,55.3,1.34,7.2,5.01,No,7.92
Peaty,Maize,,24.3,6.53,90.1,4.51,7.5,5.89,No,10.3
Silty,Maize,456.8,18.6,6.71,94.6,2.63,8.6,3.96,Yes,10.12
Peaty,Maize,937.4,18.6,7.48,79.2,3.54,7.2,5.76,Yes,11.67
Peaty,Cotton,1328.2,17.4,6.84,0.0,5.71,7.0,7.47,No,4.83
Clay,Soybean,590.6,29.9,5.25,81.3,4.02,3.8,5.91,No,5.3
Peaty,Rice,550.4,26.5,6.74,177.9,6.88,4.6,0.69,Yes,8.91
Sandy,Rice,780.9,,6.9,,3.37,6.1,4.14,Yes,9.0
Silty,Cotton,1331.2,29.1,6.5,125.9,0.66,11.9,9.56,Yes,7.85
Silty,Soybean,825.6,26.8,6.44,184.1,4.92,7.2,1.86,Yes,8.04
Sandy,Maize,575.1,19.2,5.75,205.0,5.57,9.0,13.66,Yes,11.23
Clay,Rice,956.8,20.3,8.07,207.9,1.91,9.3,1.27,Yes,9.33
Sandy,Soybean,720.8,28.0,6.16,64.0,3.56,4.7,,No,6.28
Clay,Wheat,1079.5,25.5,6.05,114.3,9.76,4.8,3.83,Yes,8.49
Peaty,Rice,946.6,12.8,6.29,85.6,6.11,8.8,0.97,Yes,8.0
Sandy,Rice,,22.7,6.02,130.2,3.2,9.2,3.57,Yes,8.7
Silty,Cotton,896.9,24.3,5.2,177.3,3.63,7.0,1.58,No,5.53
,Wheat,618.7,31.3,4.7,239.7,8.07,10.4,12.01,,5.97
Silty,Soybean,795.0,22.0,6.76,121.2,2.06,9.7,9.94,Yes,8.3
Peaty,Maize,881.1,27.8,5.73,104.6,5.86,10.2,9.95,No,9.94
Silty,Soybean,491.9,25.4,6.73,198.1,5.34,8.7,5.47,No,7.09
Sandy,Barley,818.1,26.3,5.52,80.9,12.11,11.2,1.34,Yes,7.05
Loamy,Cotton,1062.3,27.3,5.81,116.4,6.79,8.0,8.43,No,7.1
Clay,Barley,848.8,26.0,6.93,187.5,4.3,7.9,2.81,Yes,8.56
Clay,Wheat,862.8,26.9,6.36,48.7,4.26,7.3,8.74,No,7.23
Loamy,Barley,,22.6,6.41,102.8,4.56,7.4,3.62,No,8.25
Silty,Soybean,1014.9,24.7,7.95,,4.9,5.5,1.02,Yes,7.15
Clay,Soybean,1069.0,21.2,5.58,184.3,0.0,7.8,0.62,No,6.84
Sandy,Rice,1113.2,22.2,6.49,184.8,2.94,9.0,0.69,No,8.37
,Barley,654.7,15.9,6.57,135.9,8.01,5.5,1.9,,7.88
Loamy,Maize,610.2,17.2,6.69,99.7,8.87,9.4,4.03,Yes,12.07
Sandy,Cotton,1050.5,,6.58,187.4,6.51,8.6,1.71,Yes,5.65
Peaty,Barley,460.3,27.8,6.21,158.5,5.15,5.4,2.84,Yes,7.77
Clay,Rice,1066.3,30.5,5.49,171.9,4.79,8.3,4.14,Yes,9.31
Silty,Soybean,868.2,30.9,6.5,151.7,6.33,9.0,1.73,No,6.64
Loamy,Rice,767.8,17.0,8.16,175.8,2.73,9.9,4.14,No,9.13
Loamy,Soybean,1080.6,17.5,7.53,110.3,3.61,4.4,5.41,No,7.41
Sandy,Wheat,1039.1,20.9,7.35,98.7,4.98,7.9,5.8,No,5.91
Loamy,Barley,1372.6,20.0,7.19,112.0,,6.5,2.09,Yes,8.98
Peaty,Wheat,1270.6,25.4,6.23,135.3,0.17,8.1,7.33,,9.32
Silty,Barley,1144.7,21.6,5.53,179.2,6.56,6.9,1.99,No,7.77
Peaty,Barley,1410.6,24.7,6.77,0.6,,10.4,9.88,No,7.29
Clay,Wheat,712.1,29.1,6.85,113.8,1.95,10.9,9.8,Yes,8.28
Clay,Maize,,19.1,7.1,18.1,6.0,6.2,2.45,Yes,9.79
Peaty,Wheat,965.7,26.7,8.15,256.5,8.1,8.0,1.24,Yes,8.26
Loamy,Maize,722.5,24.1,6.87,223.6,4.29,8.3,2.69,No,11.1
Sandy,Barley,1116.6,28.0,9.4,143.7,5.45,,1.5,No,5.47
Sandy,Wheat,503.6,24.3,5.05,135.9,3.68,6.2,6.03,,7.55
Clay,Barley,1069.8,24.6,6.12,125.8,7.4,9.9,3.62,No,7.18
Sandy,,1216.8,23.7,5.97,246.8,6.73,6.0,4.85,No,10.01
Loamy,Cotton,637.5,24.9,6.07,20.3,7.18,7.0,0.65,Yes,6.34
Peaty,Maize,1047.1,18.0,6.28,145.4,5.04,9.3,7.12,,10.23
Clay,Rice,1231.6,19.2,5.42,205.9,6.43,9.8,5.82,Yes,9.48
Silty,Barley,809.6,29.0,6.7,132.5,1.85,6.1,4.69,No,7.87
Clay,Maize,1591.2,23.9,5.18,131.4,6.94,7.9,3.32,Yes,9.72
Clay,Cotton,988.9,,7.45,127.1,6.62,,3.79,Yes,7.38
Clay,Wheat,570.9,25.7,6.39,192.2,0.0,10.0,3.97,No,7.64
Peaty,Wheat,861.1,21.6,7.21,191.7,4.42,7.2,4.62,Yes,8.93
Clay,Cotton,1125.9,21.5,6.56,,7.73,7.3,,Yes,7.09
Sandy,Rice,818.6,22.5,6.56,151.5,0.0,7.1,0.38,Yes,8.9
Peaty,Wheat,1121.7,23.5,7.19,139.9,3.93,6.8,1.57,Yes,8.72
Silty,Rice,1039.8,24.8,7.54,200.8,2.05,9.6,2.82,No,9.0
Peaty,Rice,962.1,19.0,6.63,147.3,5.7,6.2,1.45,Yes,9.44
Silty,Cotton,644.0,23.8,7.2,184.5,8.77,9.2,1.92,Yes,7.22
Loamy,Wheat,1413.7,20.8,7.8,154.8,4.01,6.3,0.82,No,7.58
Loamy,Maize,479.0,34.8,6.01,216.8,4.84,8.8,3.8,Yes,10.8
Clay,Wheat,,26.6,5.68,126.9,0.0,6.4,4.49,Yes,8.04
Peaty,Soybean,1280.7,22.4,8.52,115.7,4.97,8.4,1.46,No,5.75
Clay,Soybean,,21.9,7.81,0.0,6.51,9.9,0.5,No,5.26
Loamy,Soybean,1043.5,25.0,6.77,289.3,3.91,8.5,,Yes,8.52
Clay,Maize,663.1,26.6,7.38,240.4,3.16,8.0,2.94,Yes,10.7
Silty,Cotton,796.0,32.6,6.2,180.3,10.2,6.1,4.54,No,5.71
Sandy,Wheat,1088.3,29.4,6.24,142.3,7.78,8.3,5.68,No,7.26
Sandy,Wheat,924.3,28.4,7.23,134.4,12.27,8.0,,Yes,7.57
Loamy,Wheat,660.8,33.0,6.46,78.9,,6.2,3.62,No,7.17
Peaty,Wheat,834.3,18.7,6.51,147.2,3.89,8.7,1.85,No,7.62
Loamy,Cotton,1180.9,20.2,6.95,294.8,1.69,6.8,3.2,Yes,7.64
Peaty,Barley,999.7,25.1,5.62,57.7,7.5,8.2,1.35,Yes,7.57
Clay,Soybean,561.3,27.8,5.57,229.1,4.79,8.8,6.99,No,6.82
Silty,Rice,466.8,32.8,4.74,183.1,5.51,6.9,5.17,Yes,8.45
Loamy,Wheat,817.8,24.0,7.0,92.4,5.0,8.8,6.18,Yes,8.52
Peaty,Wheat,1004.9,39.6,7.4,216.1,4.2,,3.32,Yes,7.17
Peaty,Wheat,813.2,24.5,7.22,181.4,4.5,7.9,8.36,No,8.08
Clay,Wheat,1247.4,28.8,6.15,89.8,6.28,8.6,7.28,No,7.16
Silty,Maize,1042.9,31.1,6.07,114.3,7.75,7.8,1.87,Yes,10.48
Silty,Rice,718.7,26.6,5.44,100.3,4.44,6.4,6.27,No,8.79
,Rice,1077.9,24.2,6.11,135.7,6.52,8.1,1.48,Yes,9.63
Clay,Cotton,1521.5,31.0,5.12,198.9,2.62,8.3,0.97,No,5.43
Loamy,Rice,1251.7,24.8,7.22,37.8,2.72,7.8,4.62,Yes,10.34
Sandy,Soybean,804.3,16.9,6.25,68.5,2.18,7.2,1.65,Yes,7.31
Peaty,Wheat,334.3,22.6,6.42,165.2,,6.6,5.09,Yes,7.94
Clay,Rice,912.0,21.9,5.46,189.2,4.42,8.7,2.61,Yes,9.69
Clay,Barley,1141.6,27.9,6.03,139.3,4.91,4.9,9.03,Yes,7.99
Loamy,Wheat,827.6,27.7,5.98,169.5,7.02,10.6,3.89,No,8.25
Loamy,Barley,740.3,,7.17,182.4,3.87,8.3,0.61,Yes,9.3
Sandy,Soybean,658.7,20.7,6.08,203.8,5.35,8.4,3.4,Yes,8.2
,Rice,,29.0,6.47,136.6,1.34,5.9,13.39,Yes,8.66
Sandy,Rice,878.3,25.2,6.63,,4.54,8.9,9.67,Yes,8.93
Silty,Barley,701.5,23.8,6.05,172.8,3.49,7.9,1.5,Yes,8.75
Peaty,Maize,962.1,24.9,6.94,144.3,5.8,8.8,7.28,No,11.05
Sandy,Wheat,959.2,18.3,6.39,143.0,7.21,6.6,3.31,Yes,8.29
Peaty,Maize,808.0,31.0,7.0,171.5,6.27,7.4,,No,9.76
Silty,Maize,1117.2,27.6,8.18,155.9,3.82,8.4,8.33,Yes,9.88
Clay,Wheat,921.3,16.1,6.98,172.5,2.62,7.6,3.12,Yes,7.8
Peaty,Soybean,,15.7,6.19,155.4,6.26,9.9,11.11,Yes,8.54
Sandy,Cotton,997.4,15.6,6.41,38.5,3.05,7.1,4.55,No,5.29
Sandy,Cotton,577.1,16.4,7.53,220.8,5.14,6.3,3.67,Yes,6.35
Sandy,Soybean,590.5,29.7,6.86,32.5,8.05,9.4,,No,5.9
Clay,Cotton,700.3,28.4,7.28,210.7,4.27,5.0,0.7,No,6.02
Clay,Wheat,938.9,23.5,6.37,187.2,0.85,8.1,3.11,No,7.82
Sandy,Maize,821.7,27.3,5.71,63.6,3.47,8.1,3.88,Yes,10.51
Silty,Soybean,1398.0,26.0,7.32,106.8,5.47,9.9,3.56,No,6.89
Loamy,Maize,728.4,20.0,5.93,88.9,2.32,7.8,2.06,No,10.21
Silty,Barley,508.8,30.7,6.5,57.3,1.31,7.4,5.67,Yes,7.22
Clay,Rice,1009.2,20.5,7.24,,10.25,5.0,2.43,Yes,8.67
Clay,Cotton,973.4,14.5,6.39,219.6,6.77,8.6,2.34,Yes,7.01
Peaty,Barley,996.3,28.4,,99.7,4.48,7.7,4.57,Yes,7.78
Silty,Soybean,909.2,22.0,4.87,205.3,7.21,6.4,7.1,Yes,7.2
Silty,Barley,871.2,19.2,6.7,124.9,,12.0,5.08,Yes,8.97
Loamy,Rice,956.8,16.4,4.26,,3.35,8.8,11.36,No,7.94
Loamy,Soybean,1106.8,20.5,6.93,215.9,5.71,4.8,2.34,No,8.18
Loamy,Maize,770.2,15.4,7.02,184.4,4.8,7.9,1.67,Yes,12.2
Clay,Soybean,341.2,27.1,6.93,123.0,5.76,8.9,1.9,Yes,7.11
Clay,Maize,1043.3,22.4,6.63,182.5,2.44,4.9,8.28,No,10.56
Clay,Rice,957.4,21.5,7.69,268.4,6.53,7.0,3.19,Yes,9.53
Sandy,Cotton,995.1,19.9,5.12,,0.0,9.2,4.01,No,6.12
Sandy,Cotton,1043.6,15.4,4.43,152.7,7.92,9.0,23.45,Yes,5.79
Clay,Wheat,667.0,24.7,7.16,97.2,4.89,6.0,2.32,No,6.78
Peaty,Soybean,971.4,28.4,8.58,91.3,5.67,7.3,0.48,No,5.36
Sandy,Soybean,,23.4,6.88,68.9,2.44,4.7,4.8,Yes,7.07
Sandy,Cotton,1203.9,25.9,6.51,239.6,5.34,6.8,5.22,Yes,7.0
Clay,Rice,1128.2,12.9,4.94,120.5,3.37,7.4,0.91,No,7.3
Loamy,Soybean,829.0,29.0,6.0,175.5,4.34,4.4,3.32,Yes,8.19
Peaty,Soybean,907.8,22.0,5.42,75.2,4.68,5.4,4.41,Yes,7.47
Sandy,Wheat,461.2,26.8,6.63,226.4,2.95,7.5,1.89,Yes,7.35
Silty,Barley,781.0,25.2,5.31,158.1,10.17,7.4,3.34,Yes,8.4
Silty,Wheat,533.1,15.6,,190.1,3.29,6.3,4.06,Yes,8.51
Peaty,Rice,990.2,25.5,5.8,166.5,5.24,7.5,3.05,Yes,9.21
Loamy,Barley,909.3,17.1,6.92,141.6,1.56,8.0,9.61,Yes,9.16
Loamy,Barley,623.3,24.3,4.91,138.1,2.39,6.7,1.6,No,6.9
Peaty,,1000.1,22.5,5.05,,6.6,7.4,1.87,No,7.67
Silty,Rice,632.7,20.6,7.32,180.0,7.02,5.7,0.93,No,8.21
Sandy,Wheat,940.3,16.1,7.03,131.8,4.57,6.9,2.56,No,7.62
Clay,Soybean,1084.2,18.6,8.05,217.7,5.37,9.9,2.43,No,6.56
Clay,Barley,961.1,26.6,7.47,216.4,6.3,8.4,9.77,Yes,8.67
Silty,Barley,862.4,,6.22,160.8,1.43,9.7,3.61,Yes,7.59
Loamy,,818.7,19.1,5.61,189.1,7.34,9.8,5.19,No,8.76
Peaty,Soybean,990.3,19.9,5.98,15.1,4.2,7.5,1.56,Yes,7.11
Silty,Maize,1069.1,22.4,5.55,244.0,2.86,,,No,10.4
Clay,Soybean,688.6,26.4,6.64,131.4,5.4,4.8,0.95,Yes,7.01
Silty,Rice,555.2,24.5,5.21,134.5,7.65,9.6,0.85,Yes,9.49
Sandy,Rice,1051.0,22.1,6.24,93.7,,7.0,3.6,No,7.57
Clay,Maize,1079.5,21.3,6.23,181.7,7.06,8.0,0.8,Yes,11.51
Peaty,Wheat,1127.4,21.7,6.79,175.7,6.72,5.7,2.11,No,8.66
Loamy,Wheat,1146.6,28.1,7.06,149.5,3.37,6.2,0.72,No,8.51
Peaty,Soybean,762.6,19.5,6.42,74.2,4.73,8.0,3.58,No,6.83
Loamy,Rice,1273.0,25.7,7.33,225.4,4.9,7.5,0.96,Yes,10.25
Sandy,Maize,1198.4,20.4,6.47,79.3,4.08,7.2,8.99,,10.03
Clay,Soybean,783.9,36.4,7.76,203.1,4.54,9.0,1.17,No,6.12
Sandy,Maize,,27.4,7.64,141.5,4.98,8.2,5.67,Yes,9.78
Peaty,Wheat,1186.5,30.3,6.05,207.3,6.45,10.7,1.83,No,7.1
Clay,Wheat,1088.2,26.7,6.79,56.0,3.92,7.9,7.37,Yes,7.75
Clay,Wheat,1320.4,30.5,5.54,85.5,4.16,7.7,3.48,No,7.55
Sandy,Maize,1423.8,27.6,5.74,121.9,2.08,5.2,4.18,,8.25
Clay,Wheat,495.8,26.1,,236.2,,8.2,11.74,Yes,8.61
Loamy,Cotton,767.2,28.7,4.81,84.5,3.69,9.3,12.16,,7.04
Silty,Wheat,1159.4,26.7,5.9,229.8,5.0,8.0,7.45,Yes,8.32
Clay,Cotton,1392.2,24.4,7.48,245.7,8.62,6.0,6.53,Yes,7.26
Loamy,Cotton,1035.7,13.6,6.81,204.2,5.39,8.6,1.59,No,7.24
Silty,Soybean,184.2,25.8,6.19,107.2,1.57,7.1,7.93,Yes,6.59
Clay,,1187.9,23.6,7.21,,4.93,6.5,3.2,Yes,7.71
Silty,Soybean,938.3,24.8,6.07,142.6,7.9,9.1,1.1,No,6.73
Clay,Cotton,1349.2,28.8,7.37,135.7,7.4,5.2,0.94,Yes,6.19
Silty,Maize,1028.7,24.3,7.32,0.0,7.35,8.3,4.36,Yes,10.72
Sandy,Soybean,682.6,22.0,6.6,133.3,4.22,6.5,3.45,No,6.3
Clay,Wheat,660.4,23.4,5.87,112.5,8.83,6.8,4.39,No,7.05
Peaty,Maize,752.7,29.9,6.31,193.9,3.4,7.0,3.72,Yes,11.37
Silty,Soybean,1396.9,24.8,8.14,77.6,3.84,8.0,6.82,No,6.58
Peaty,Barley,996.7,34.9,5.57,52.0,,6.6,11.43,Yes,7.16
Loamy,Cotton,484.5,19.2,5.39,182.9,7.73,6.2,41.17,Yes,7.58
Silty,,1471.5,24.8,7.89,150.9,5.78,,1.58,Yes,5.85
Clay,Soybean,703.0,19.7,6.84,46.8,2.33,5.8,9.0,No,5.12
Silty,Soybean,954.6,25.5,6.59,170.3,3.1,6.5,0.71,Yes,8.25
Silty,Cotton,1289.2,23.9,6.14,132.3,,,1.29,Yes,7.04
Silty,Cotton,1267.1,20.8,7.17,231.1,6.04,7.1,4.67,No,7.46
Peaty,Barley,414.6,12.6,5.87,214.8,8.11,6.5,4.06,Yes,7.26
Sandy,Rice,,20.1,7.1,130.4,6.53,6.8,2.18,No,7.47
Loamy,Soybean,892.6,32.8,5.18,226.4,6.98,9.4,4.38,Yes,7.1
Silty,Rice,788.2,25.4,5.34,93.2,5.43,7.5,0.76,No,8.02
Sandy,Cotton,654.0,23.2,7.5,255.5,5.6,8.0,2.83,Yes,7.2
Silty,Rice,,,6.47,108.7,4.45,7.5,14.75,Yes,9.49
Peaty,Soybean,1246.4,28.0,,102.0,8.6,7.5,2.79,Yes,7.81
Peaty,Rice,883.5,20.0,5.84,112.8,2.52,8.0,1.47,Yes,9.21
Clay,Soybean,668.2,26.5,7.27,154.8,3.48,7.1,16.9,,7.81
Sandy,Rice,819.6,27.8,6.24,195.6,11.36,7.8,3.51,Yes,9.46
Clay,Maize,709.0,18.6,6.36,168.1,3.28,7.8,1.09,No,10.17
Sandy,Maize,873.3,29.3,7.01,213.2,7.95,7.5,0.68,No,9.26
Clay,Wheat,,26.1,7.13,187.1,2.24,8.0,1.95,Yes,8.81
Clay,Rice,962.6,22.5,7.82,110.0,9.66,7.4,3.32,No,7.79
Loamy,Soybean,647.2,19.7,6.74,99.7,4.14,5.6,12.89,No,7.7
Sandy,Barley,918.8,30.6,7.47,,7.99,6.7,8.82,Yes,8.0
Clay,Cotton,935.8,15.0,5.87,199.9,1.08,6.4,0.67,No,5.94
Silty,Maize,570.7,32.1,6.71,0.0,5.97,7.8,0.93,No,8.62
,Cotton,1369.0,19.5,5.62,92.0,1.75,6.5,3.34,Yes,6.65
Loamy,Soybean,757.9,,6.51,155.1,5.45,8.5,1.84,,7.44
Sandy,Soybean,865.8,28.4,6.32,232.6,5.89,7.7,10.48,Yes,8.06
Silty,Soybean,161.7,17.3,5.47,51.3,2.72,8.0,6.92,Yes,6.7
Peaty,Maize,1404.5,27.8,6.09,125.5,5.72,10.4,2.2,Yes,10.85
Clay,Wheat,,27.0,6.04,150.6,0.0,8.6,2.07,No,8.23
Clay,Maize,1061.9,28.2,4.99,128.5,7.06,7.7,9.82,No,9.4
Silty,Maize,874.6,24.0,7.57,92.0,3.6,5.2,15.72,Yes,11.08
Clay,Wheat,1006.2,34.8,6.04,162.8,5.46,7.6,1.01,No,6.73
Sandy,Rice,1096.3,27.6,8.3,87.3,4.47,7.0,7.71,No,7.56
Peaty,Maize,,26.6,5.86,74.5,9.53,6.5,1.35,Yes,10.18
Peaty,Maize,827.3,25.1,6.67,181.7,0.8,7.3,,Yes,10.51
Sandy,Maize,939.4,18.7,,206.4,6.9,6.2,1.04,Yes,10.4
Peaty,,861.2,23.2,7.18,148.5,3.01,7.6,2.83,Yes,10.03
Clay,Rice,675.3,17.6,,251.3,2.39,5.3,,Yes,8.37
Sandy,Rice,1059.0,29.1,6.48,82.3,5.4,7.7,6.78,Yes,9.57
Sandy,Soybean,896.9,21.1,6.43,82.5,4.25,6.8,5.29,Yes,7.7
Silty,Soybean,789.5,28.5,7.38,125.5,6.04,9.2,,No,7.71
Clay,Maize,1254.6,25.9,5.06,199.6,6.43,8.7,0.85,Yes,10.31
,Soybean,1118.6,17.3,6.49,118.1,8.99,6.0,1.6,Yes,7.37
Peaty,Wheat,648.6,15.7,7.44,132.9,4.97,6.4,3.89,Yes,8.2
Sandy,Maize,734.7,22.1,6.43,104.0,,6.5,2.28,No,10.2
Loamy,Cotton,1442.8,27.9,5.59,135.3,3.8,4.9,3.13,No,7.29
Loamy,Wheat,757.6,21.3,6.21,4.9,,8.7,3.8,No,7.75
Sandy,Rice,1209.1,22.8,8.31,125.5,3.01,5.6,0.91,No,7.03
Silty,Soybean,1233.0,,6.02,222.7,5.45,9.1,3.8,Yes,9.63
Loamy,Barley,477.3,27.1,5.96,92.7,8.38,5.4,4.88,Yes,7.41
Sandy,Wheat,657.8,28.0,5.46,213.5,1.81,7.0,,Yes,7.17
Silty,Wheat,652.8,29.3,6.79,,5.2,9.3,3.0,Yes,8.74
Loamy,Barley,833.2,21.0,5.83,180.3,6.03,7.0,0.95,No,8.02
Silty,Maize,876.5,16.0,6.13,95.2,4.78,6.2,0.89,No,10.65
Clay,Maize,1175.4,22.3,6.87,,0.0,7.8,0.98,Yes,10.08
Sandy,Wheat,830.2,31.4,7.55,174.2,3.17,6.3,1.67,No,7.11
Clay,Barley,1025.4,21.6,6.18,149.7,5.39,8.1,12.44,No,8.17
Loamy,Rice,1000.5,19.4,6.62,144.3,8.69,7.1,1.84,No,10.06
Peaty,Cotton,957.5,26.6,8.23,135.6,8.45,7.9,2.37,Yes,6.42
Loamy,Barley,908.0,22.0,5.99,243.5,0.91,11.4,61.18,No,9.26
Peaty,,,29.3,6.49,128.7,3.47,9.1,4.18,Yes,6.91
Sandy,Maize,,21.4,6.54,,5.23,6.5,9.8,,10.68
Sandy,Soybean,904.2,32.4,5.12,71.6,8.3,10.7,3.54,No,5.67
Sandy,Soybean,577.7,24.0,5.7,152.8,6.2,8.0,5.61,Yes,7.06
Sandy,Wheat,1155.8,23.0,6.02,165.8,3.39,6.0,4.36,Yes,7.87
Peaty,Barley,1241.5,32.6,7.56,147.9,5.98,9.2,3.2,Yes,7.79
Sandy,Wheat,841.2,30.2,6.37,154.8,0.34,5.4,2.0,No,6.6
Clay,Barley,638.3,23.4,6.77,169.4,6.63,5.8,3.79,Yes,8.74
Loamy,,881.2,23.9,8.28,200.6,,7.1,0.96,No,10.62
Sandy,Cotton,432.5,29.8,7.02,122.1,2.51,7.2,3.71,No,5.68
Loamy,Maize,,24.3,7.19,77.2,5.19,8.2,3.47,,10.41
Loamy,Barley,1326.9,21.6,5.85,191.8,6.02,5.0,6.3,Yes,8.69
Clay,Wheat,532.0,28.7,5.89,153.3,0.47,8.7,9.91,Yes,7.37
Clay,Cotton,854.5,27.5,6.22,245.8,5.13,7.0,4.02,No,6.46
Sandy,Cotton,1101.1,33.1,5.31,62.1,6.77,7.7,5.65,Yes,5.45
Clay,Rice,1191.7,24.2,5.83,74.9,3.06,7.0,0.48,Yes,8.46
Peaty,Rice,1044.4,19.7,7.5,108.4,1.45,7.6,2.35,Yes,8.21
Peaty,Rice,1192.2,21.9,6.62,160.9,6.21,6.6,9.45,Yes,9.92
Sandy,Wheat,897.7,29.1,6.39,253.6,5.74,7.0,0.85,No,6.84
Silty,Cotton,1096.7,21.5,6.43,124.6,5.51,7.0,3.38,No,5.45
Peaty,Wheat,1182.6,23.5,6.34,149.0,5.44,7.5,6.84,No,8.24
Clay,Maize,735.3,21.3,7.38,177.8,4.17,10.2,1.26,Yes,10.66
Loamy,Rice,1055.6,14.4,8.15,112.8,6.11,5.4,6.63,Yes,9.49
Peaty,Rice,,,5.95,200.5,7.84,6.8,1.58,No,8.41
Sandy,Soybean,1271.6,26.3,6.41,,,7.0,4.37,No,6.47
Peaty,Maize,618.7,31.8,6.39,126.8,5.7,8.6,1.53,Yes,10.38
Loamy,Maize,521.2,26.3,5.78,107.2,11.06,6.6,1.55,No,9.94
Sandy,Wheat,1136.1,18.0,7.17,136.7,6.07,7.7,4.3,,7.23
Sandy,Cotton,714.7,19.9,7.97,114.6,3.56,6.9,15.41,Yes,5.94
,Soybean,,20.3,,111.3,0.0,5.9,3.95,No,7.77
Sandy,Rice,1121.3,22.1,6.76,63.4,9.31,9.9,0.94,No,7.24
Loamy,Barley,1103.8,19.9,6.3,253.9,7.32,5.6,1.5,No,8.24
Sandy,Wheat,1122.5,26.9,6.7,,2.94,7.8,4.61,,6.8
Silty,Rice,400.6,15.9,7.77,107.4,5.88,5.4,1.97,Yes,8.31
Loamy,Barley,1256.2,26.6,7.68,114.8,6.34,6.1,35.68,No,7.3
Silty,Barley,646.2,29.8,7.33,103.9,6.93,7.8,,No,7.01
Loamy,Soybean,884.4,24.8,7.09,150.6,1.57,6.5,1.72,No,7.64
Silty,Cotton,502.4,23.8,7.37,142.5,7.88,,8.53,Yes,7.62
,Wheat,798.2,21.5,4.62,132.4,6.14,6.8,6.11,No,8.24
,Maize,1374.2,19.3,6.1,200.0,2.37,7.8,7.37,Yes,12.77
Clay,Wheat,743.0,24.7,5.52,120.2,7.06,6.9,2.34,No,7.54
Loamy,Maize,547.0,25.4,4.95,114.0,0.67,6.8,,Yes,10.49
Sandy,Rice,837.2,26.2,6.91,137.3,5.77,10.6,10.02,No,7.98
Silty,Soybean,1258.3,19.8,6.33,176.7,3.91,6.1,5.85,Yes,8.23
,Barley,1088.4,23.2,6.85,179.1,6.15,7.4,2.29,Yes,8.64
Peaty,Soybean,1031.4,22.5,6.54,116.5,6.28,10.3,8.57,Yes,8.53
,Soybean,1105.1,20.1,8.52,142.7,8.59,10.1,3.57,Yes,8.6
Silty,Maize,891.1,29.2,5.84,100.2,0.52,6.8,1.64,No,10.48
Silty,Barley,1021.9,10.3,5.97,122.5,8.75,8.1,,No,7.75
Silty,Barley,1001.1,27.3,,221.0,8.43,7.9,2.62,Yes,8.41
Loamy,Barley,1029.4,20.6,6.03,184.0,4.79,7.2,2.61,No,8.98
Sandy,Rice,1016.4,27.5,7.79,60.8,4.65,8.7,5.82,Yes,7.98
Sandy,Cotton,1092.6,19.5,4.64,99.5,5.81,6.0,2.74,No,5.6
Clay,Wheat,658.8,19.2,6.06,86.8,2.22,5.1,,,7.56
Loamy,Maize,989.6,30.5,7.8,13.6,3.49,5.1,3.17,Yes,10.46
Peaty,,1301.6,24.7,6.76,236.0,0.34,8.2,7.15,No,8.45
Peaty,Maize,1147.1,23.1,7.6,260.5,5.79,4.3,3.82,No,9.9
Sandy,,633.4,20.6,4.82,175.2,1.46,8.7,4.77,Yes,7.27
Silty,Soybean,,26.1,3.71,262.8,3.7,5.3,2.33,Yes,6.61
Sandy,Cotton,874.5,21.9,6.94,258.1,5.55,7.0,1.76,Yes,6.81
Loamy,Rice,881.7,20.1,6.21,190.5,3.93,9.4,28.55,No,9.43
Peaty,Soybean,1144.8,22.0,7.11,203.3,3.95,6.2,4.09,Yes,7.73
Silty,Maize,715.7,27.3,5.86,172.0,0.92,9.5,3.67,Yes,11.42
Sandy,Maize,427.9,20.5,6.33,244.7,5.71,8.0,4.44,No,9.08
Clay,Cotton,1111.7,23.2,4.84,230.0,3.3,7.8,13.5,Yes,6.38
Loamy,Maize,1104.9,15.5,5.13,85.1,2.47,7.8,5.6,Yes,11.01
Peaty,Wheat,814.7,34.2,6.75,228.4,,6.9,3.84,No,6.76
Peaty,Rice,892.8,21.1,7.57,154.1,6.01,5.6,2.77,No,8.92
Sandy,Rice,1032.8,27.4,6.29,260.6,7.76,9.0,4.92,Yes,8.93
Clay,Soybean,1287.8,28.5,6.19,181.6,5.33,5.7,30.9,No,7.5
Clay,Maize,966.1,30.5,5.95,95.7,7.58,7.5,11.83,Yes,10.08
Peaty,Maize,1382.0,25.0,5.4,223.7,6.27,8.7,2.78,Yes,11.12
Peaty,Barley,831.3,24.8,6.9,97.4,3.68,6.9,3.34,Yes,8.28
Sandy,Wheat,1007.7,19.1,,133.3,6.17,7.4,2.59,,8.27
Peaty,Barley,1604.8,21.4,7.01,115.5,3.08,8.0,7.33,Yes,8.06
Clay,Barley,985.5,29.8,6.52,225.5,0.0,6.9,3.24,Yes,8.44
Silty,Wheat,886.8,21.5,6.58,137.0,9.09,5.6,4.9,Yes,8.58
Loamy,Cotton,1099.3,31.9,7.36,148.2,7.72,7.0,1.6,Yes,7.19
Loamy,Cotton,1149.9,31.4,8.39,194.6,4.84,9.2,6.23,Yes,7.1
Peaty,Wheat,798.0,,7.23,181.0,7.39,8.8,7.8,,7.81
Loamy,Wheat,801.7,20.4,7.06,97.1,,8.4,3.64,No,8.7
Sandy,Maize,990.5,27.0,7.2,55.8,1.72,6.3,2.57,Yes,9.72
Sandy,,1070.0,16.9,6.67,168.8,5.15,9.3,2.06,Yes,8.29
Peaty,Soybean,1642.3,24.8,7.17,94.1,4.79,6.5,5.8,,8.1
Peaty,Barley,1048.4,19.8,5.56,83.3,4.79,8.4,0.71,Yes,7.82
Clay,Soybean,753.2,20.3,6.51,71.6,0.02,4.7,9.13,No,7.12
Clay,Soybean,1070.5,24.9,,84.3,5.43,4.3,3.17,Yes,8.29
Silty,Maize,,20.1,7.36,118.8,5.55,7.6,9.79,No,9.97
Clay,Wheat,1022.9,21.0,6.73,,5.28,7.1,5.05,No,6.96
Peaty,Wheat,1177.3,25.1,7.26,170.5,1.42,5.5,8.2,No,7.45
Clay,Barley,697.2,16.4,6.11,,6.73,7.1,12.09,No,6.83
Peaty,Cotton,889.2,26.7,5.15,103.2,6.55,8.7,5.44,No,4.97
Sandy,Rice,1075.6,24.8,6.9,134.3,4.02,8.8,4.52,Yes,8.99
Clay,Rice,1035.1,29.6,7.07,0.0,1.2,8.7,2.58,No,7.48
Sandy,,859.5,23.8,6.71,126.6,6.53,10.2,1.46,No,7.08
Silty,Wheat,552.9,23.7,7.35,146.0,6.39,9.7,2.04,,7.26
Peaty,Rice,848.4,29.4,5.3,232.9,9.37,5.0,1.62,Yes,9.87
Peaty,Soybean,854.4,14.0,5.26,,7.14,9.0,4.6,Yes,7.84
Loamy,Barley,873.0,25.9,5.55,118.1,2.33,7.9,8.08,Yes,8.97
Peaty,Cotton,1087.5,13.2,5.25,111.4,0.47,7.9,6.78,No,5.34
Silty,Soybean,1078.8,21.4,7.52,131.8,5.52,6.6,0.68,Yes,7.56
Clay,Rice,465.0,,5.88,86.7,5.98,7.4,3.27,No,8.24
Sandy,Maize,1044.8,28.6,5.26,,4.96,6.0,0.86,No,8.52
Peaty,Cotton,824.5,,6.85,,2.65,6.4,2.71,Yes,6.72
Peaty,Maize,998.1,17.6,6.61,241.0,2.22,9.0,1.31,No,9.88
Sandy,Rice,1209.4,14.1,6.58,,7.22,6.3,0.95,Yes,8.6
Loamy,Maize,1355.3,28.9,4.9,212.9,8.64,7.5,10.65,No,10.56
Silty,Cotton,793.8,19.0,7.06,130.8,5.23,6.8,4.87,Yes,7.92
Silty,Barley,927.7,20.9,6.34,194.5,2.41,7.2,15.53,No,6.8
Silty,Cotton,781.9,17.6,5.13,122.0,6.14,7.1,3.5,Yes,7.52
Loamy,Soybean,638.5,30.4,6.89,162.6,8.17,5.7,6.79,No,7.09
Silty,Wheat,388.1,20.8,6.36,195.4,3.35,3.1,2.16,No,7.75
Clay,Maize,615.5,20.9,7.97,97.1,4.59,8.8,3.42,Yes,10.74
,Wheat,919.7,23.2,6.91,138.4,5.17,6.0,0.71,Yes,9.36
Loamy,Barley,164.1,36.9,6.46,,4.95,8.0,6.28,Yes,6.42
Clay,Cotton,1287.1,15.6,5.75,260.9,5.41,9.0,4.95,Yes,7.11
Clay,Rice,1136.7,20.7,5.22,145.4,5.48,7.1,5.2,Yes,9.58
Clay,Soybean,612.0,28.2,5.71,,7.53,5.3,2.46,Yes,8.21
Loamy,Wheat,837.6,22.9,6.05,144.8,4.4,6.0,0.39,Yes,9.66
Peaty,Soybean,742.0,25.5,6.68,194.7,9.17,6.2,11.76,Yes,7.4
Peaty,Cotton,551.6,21.3,6.81,146.7,2.61,10.2,9.76,No,6.33
Clay,Maize,934.3,21.8,6.3,,2.56,8.3,0.52,Yes,10.75
Sandy,Soybean,1222.8,27.8,7.32,216.2,7.15,7.7,2.91,No,6.45
Sandy,Wheat,1198.5,21.5,5.9,165.4,0.0,8.8,7.68,Yes,7.5
Loamy,Maize,,,6.78,100.2,0.2,9.7,1.85,Yes,10.72
Clay,Rice,1127.2,22.8,6.69,123.5,0.21,9.5,24.89,No,8.22
Clay,Cotton,371.9,19.8,6.58,258.0,3.57,10.4,8.06,No,6.19
,Wheat,909.7,24.6,6.85,142.4,7.04,4.3,7.55,,7.02
,Maize,960.7,23.9,5.24,158.1,4.36,5.5,10.5,Yes,10.83
Clay,Wheat,,23.0,5.88,85.2,6.65,5.6,27.78,Yes,8.1
Loamy,Cotton,,29.6,7.15,294.5,4.6,5.2,26.44,No,6.38
Silty,,944.9,13.0,6.49,69.7,5.23,9.1,5.16,No,6.83
Peaty,Soybean,821.0,18.8,5.34,171.2,6.45,7.9,4.84,No,7.76
Peaty,Maize,,19.7,7.97,217.2,4.71,6.8,1.67,Yes,9.59
Peaty,Maize,846.4,36.1,6.09,141.0,6.67,7.3,5.03,Yes,9.85
Silty,Cotton,759.1,29.1,7.08,,,6.6,4.31,No,6.57
Silty,Wheat,562.6,23.2,5.78,167.9,3.39,7.9,6.2,No,7.34
Peaty,Wheat,840.4,19.4,7.39,145.1,4.74,3.1,0.67,Yes,7.5
Silty,Cotton,1048.5,29.9,6.29,126.9,4.07,6.1,0.63,Yes,7.11
Sandy,Maize,963.2,18.5,5.93,237.9,4.85,7.2,5.46,No,10.02
Silty,Cotton,1032.2,6.7,6.82,155.1,7.32,8.2,39.99,No,5.82
Loamy,,773.9,27.0,7.07,170.0,4.74,9.7,1.42,No,7.11
Sandy,Wheat,858.7,25.3,7.35,105.9,7.46,6.2,0.62,Yes,8.31
Silty,Cotton,919.0,25.6,6.36,149.1,4.37,8.8,2.08,No,6.95
Clay,Cotton,1091.3,,7.03,157.7,6.48,,3.4,Yes,7.31
Peaty,Wheat,656.7,20.6,6.51,104.9,0.15,6.0,5.71,No,8.08
Silty,Cotton,698.6,17.5,7.34,104.4,6.75,8.6,8.05,No,7.01
Silty,Barley,862.5,23.5,6.71,175.0,4.68,6.6,,Yes,9.18
Sandy,Cotton,773.4,,7.33,,4.98,7.1,2.46,Yes,5.55
Clay,Cotton,747.3,24.6,6.8,112.2,6.23,6.1,0.61,No,5.77
Clay,Barley,883.0,35.0,4.4,137.3,4.34,6.7,2.27,Yes,6.25
Silty,Wheat,1010.2,24.5,5.97,102.1,5.27,8.6,1.05,Yes,7.81
Loamy,Cotton,,25.5,5.24,57.4,0.0,8.2,5.72,Yes,7.13
Silty,Maize,1140.6,22.9,6.59,142.6,5.18,6.4,3.79,Yes,11.87
Sandy,Rice,1059.6,22.1,5.98,212.5,3.56,5.9,8.68,No,8.62
Peaty,Cotton,1158.7,26.4,6.19,185.8,6.04,7.0,5.29,No,7.03
Clay,Rice,,20.7,6.68,84.7,4.33,6.9,4.5,Yes,9.38
Sandy,Cotton,566.8,25.7,5.11,149.7,6.09,6.0,0.82,Yes,5.6
Clay,Cotton,739.7,31.2,7.11,131.5,11.3,5.9,6.72,No,5.94
Peaty,Cotton,1036.8,20.3,6.1,213.0,4.14,9.1,3.62,Yes,7.6
Loamy,Soybean,1363.3,17.8,6.8,233.1,3.98,8.2,3.21,Yes,8.51
Silty,Soybean,798.2,19.7,7.04,119.5,5.17,6.4,23.16,No,7.53
Silty,Cotton,991.4,23.3,7.71,170.5,3.49,9.8,0.64,No,6.4
Sandy,Barley,828.6,18.3,5.24,202.4,2.39,9.0,2.44,No,6.27
Peaty,Soybean,1020.1,36.7,6.28,132.3,5.54,7.8,2.81,Yes,6.61
Peaty,Maize,1114.2,22.6,6.35,131.5,6.89,5.1,1.44,No,10.79
Clay,Barley,941.2,18.0,7.46,114.4,2.75,5.3,0.91,No,7.86
Loamy,Maize,989.6,20.2,7.5,195.2,7.11,7.3,1.08,No,11.24
Loamy,Maize,761.4,18.5,5.96,168.9,1.32,6.6,17.02,No,11.08
Sandy,Cotton,733.9,23.9,7.01,154.3,5.74,8.4,45.89,,5.01
Peaty,Soybean,465.8,18.2,6.97,200.8,5.55,8.0,9.61,No,7.46
,Cotton,,16.4,6.41,66.8,0.84,6.1,6.99,No,5.55
Silty,Barley,529.6,,6.07,181.7,8.46,7.2,1.11,Yes,8.25
Sandy,Barley,720.1,21.1,5.91,174.8,7.64,7.0,2.46,No,6.56
Sandy,Maize,793.2,20.9,4.9,98.9,6.41,8.1,3.81,,10.1
Loamy,Barley,1229.7,12.1,5.43,75.3,7.8,5.2,1.57,No,6.36
Clay,Rice,936.2,23.2,7.5,153.8,4.25,8.1,3.6,Yes,9.46
Clay,,569.3,29.8,7.0,152.9,3.94,5.8,5.19,Yes,6.24
Silty,Barley,710.8,17.6,,128.5,8.18,8.4,2.21,Yes,7.58
Peaty,Barley,1174.4,21.7,7.28,114.1,1.66,6.7,1.51,No,6.68
Silty,Cotton,479.0,23.5,6.62,131.7,7.54,4.3,4.51,Yes,7.04
Sandy,Maize,1065.5,25.1,6.98,150.9,9.64,7.0,1.54,No,10.14
Sandy,Cotton,803.4,25.3,7.36,180.3,4.09,8.5,2.8,Yes,6.15
Silty,Maize,982.5,15.8,6.77,271.0,5.97,8.1,3.17,Yes,10.66
Peaty,Cotton,,13.1,6.23,400.0,,6.3,15.85,No,5.39
Sandy,Maize,981.3,28.4,6.05,90.0,,9.0,2.26,No,10.4
Silty,Maize,1191.3,20.5,6.12,214.9,6.07,6.2,1.95,No,10.63
Peaty,Soybean,1305.5,24.8,5.47,239.0,0.0,7.2,8.13,Yes,8.44
Peaty,Wheat,1063.7,23.2,6.39,216.1,2.81,8.2,5.85,Yes,8.73
Sandy,Soybean,714.3,12.8,7.44,175.7,3.31,5.9,1.42,Yes,6.79
Peaty,Barley,929.3,21.0,6.74,151.3,7.75,10.3,1.22,Yes,8.62
Clay,Wheat,1288.0,23.6,6.07,166.7,8.65,4.9,2.77,Yes,8.12
Loamy,Soybean,784.2,25.1,6.59,19.9,0.78,7.7,0.54,No,7.21
Silty,Barley,723.2,30.4,5.75,167.4,1.67,3.9,13.17,Yes,8.26
Peaty,Rice,517.1,16.4,7.13,217.6,7.28,7.0,0.88,Yes,9.9
Loamy,Cotton,914.7,28.8,6.83,128.5,5.37,8.9,10.77,Yes,7.44
Sandy,Maize,1123.2,28.5,7.08,102.6,4.51,8.0,1.66,Yes,9.89
Silty,Maize,938.0,10.7,5.86,129.1,6.04,8.6,1.81,No,9.47
Sandy,Rice,726.9,24.2,7.55,113.0,4.21,10.1,2.09,No,8.36
,Rice,1122.4,19.9,6.93,142.2,8.28,6.7,,No,8.15
Peaty,Soybean,727.2,11.8,6.13,53.8,1.71,9.7,4.87,Yes,6.86
Peaty,Maize,866.0,25.4,6.26,135.6,4.84,6.9,2.79,Yes,10.53
Clay,Cotton,524.8,,5.74,72.5,4.33,5.5,1.4,No,5.45
Loamy,Rice,370.2,31.4,6.23,183.1,6.82,7.7,0.64,Yes,9.44
Peaty,Barley,923.6,26.9,6.35,,3.26,7.4,6.91,Yes,8.83
Sandy,Maize,581.3,26.2,7.67,164.8,,7.8,13.51,No,9.66
Peaty,Wheat,1187.6,25.6,5.8,75.1,10.65,6.4,3.75,No,6.62
Clay,Cotton,,26.4,6.85,69.5,6.78,7.4,0.73,No,4.72
Sandy,Barley,811.7,25.4,6.18,204.4,6.26,8.5,2.27,,7.18
Sandy,Soybean,786.2,20.2,6.9,191.6,6.14,7.5,5.78,No,7.11
Sandy,Maize,898.6,19.5,6.38,147.3,5.97,9.6,5.02,No,10.11
Loamy,Wheat,798.7,32.9,5.89,130.8,6.28,7.7,7.36,Yes,8.15
Sandy,Wheat,680.9,32.4,6.9,219.1,4.67,7.4,7.11,Yes,7.84
Loamy,Rice,986.9,19.8,7.26,250.8,6.81,7.7,0.4,Yes,10.37
Loamy,Soybean,583.2,32.0,7.24,186.9,9.99,7.8,0.84,No,6.47
Loamy,Rice,797.4,21.1,6.41,233.7,5.69,7.1,8.76,,8.99
Silty,Soybean,603.4,,5.71,119.3,5.88,7.2,10.9,Yes,7.44
Silty,Barley,1240.8,18.1,5.5,11.6,6.6,5.7,8.89,Yes,7.54
Loamy,Barley,822.0,24.5,5.84,,,8.7,6.3,Yes,9.02
Clay,Soybean,1157.6,20.1,6.71,275.7,8.44,6.5,1.46,Yes,7.47
Sandy,Soybean,1220.5,20.2,7.33,159.7,4.42,8.5,0.84,No,6.67
Peaty,Rice,983.7,17.6,6.98,205.6,5.28,6.4,3.14,Yes,9.06
Clay,Cotton,1447.8,24.7,6.83,226.5,3.74,6.4,25.16,Yes,7.03
Clay,Rice,922.4,23.3,7.52,111.6,4.06,5.6,6.82,Yes,9.74
Sandy,Maize,1188.9,24.3,7.4,150.4,1.45,6.2,4.01,No,9.24
Silty,Rice,,16.6,,136.6,,8.6,11.63,Yes,9.78
Sandy,Soybean,535.8,28.5,7.03,153.4,1.72,8.0,32.07,No,7.41
,Soybean,754.0,26.4,7.57,197.2,0.12,10.8,3.23,Yes,7.42
Silty,Maize,755.9,19.3,6.2,179.8,1.82,8.6,25.06,,10.97
Clay,Maize,,27.1,5.99,135.5,1.38,7.9,2.39,No,9.27
Sandy,Wheat,417.7,22.3,5.72,,7.71,7.5,29.12,No,7.31
Peaty,Wheat,806.5,26.7,5.51,84.2,6.95,9.4,12.13,Yes,8.92
Loamy,Cotton,1202.0,26.0,6.96,194.7,6.06,7.5,,Yes,8.22
Silty,Rice,1152.9,23.2,,210.4,5.71,9.5,4.47,Yes,9.89
,Soybean,552.7,19.2,7.54,95.4,4.29,,1.36,Yes,8.17
Clay,Cotton,730.0,31.1,6.42,136.9,4.47,,0.84,Yes,6.98
Sandy,Soybean,447.1,22.4,7.54,49.4,4.45,7.1,5.09,No,5.07
Silty,Wheat,987.7,20.6,,113.5,5.76,5.4,4.1,No,8.3
Clay,Rice,930.1,26.0,6.55,125.8,8.06,10.0,2.27,No,8.43
Clay,Soybean,1097.4,30.7,5.52,100.3,4.87,8.9,17.25,Yes,7.49
Loamy,Barley,848.2,22.7,5.89,168.3,1.2,3.7,,No,8.38
Sandy,Cotton,546.5,22.1,6.69,159.1,4.72,8.4,0.47,,6.61
Peaty,,842.0,24.1,5.12,109.3,3.25,6.7,0.45,No,8.22
Loamy,Maize,932.4,29.5,6.08,141.1,5.69,7.4,13.41,Yes,10.67
Peaty,Rice,709.1,25.6,6.66,200.1,4.98,6.9,2.11,No,8.45
Silty,Cotton,952.9,23.3,6.89,48.4,4.54,5.9,4.58,Yes,7.28
Sandy,Cotton,1037.2,28.0,6.39,185.7,9.35,8.3,4.63,Yes,6.48
Clay,Wheat,925.1,28.7,6.59,222.8,3.27,8.9,4.07,Yes,9.47
Loamy,Maize,831.5,30.9,6.6,188.3,3.26,8.3,6.19,No,10.94
Silty,Wheat,824.3,12.6,7.35,123.1,5.0,7.1,2.64,No,6.3
Sandy,Soybean,1049.2,28.5,8.22,66.7,3.1,11.3,19.29,No,4.67
Clay,Wheat,1061.2,10.2,5.91,186.6,7.61,8.0,10.72,,7.23
Silty,Cotton,844.4,19.8,5.51,280.4,2.57,9.2,13.46,No,6.5
Silty,Rice,274.0,33.3,6.87,117.5,5.1,7.2,5.91,Yes,8.13
Clay,Soybean,618.1,29.9,5.65,170.1,5.08,8.1,0.49,No,6.37
Clay,Maize,842.7,24.8,6.31,128.1,8.58,7.3,1.41,Yes,10.73
Peaty,Maize,1052.4,28.7,6.22,145.8,3.32,8.4,2.7,No,10.0
,Cotton,,31.9,6.98,95.2,7.72,9.2,1.83,No,4.99
Peaty,Soybean,646.1,21.2,6.46,159.1,6.1,10.2,7.58,No,6.9
Clay,Barley,,18.0,4.86,83.9,7.23,9.7,3.01,Yes,7.98
Peaty,Maize,791.6,30.3,6.6,61.9,2.63,7.4,,Yes,9.9
Loamy,Soybean,744.6,24.9,6.47,198.0,5.47,6.0,2.42,No,7.84
Clay,Barley,690.4,21.8,7.74,,,9.9,1.45,No,7.82
Clay,Rice,678.5,42.6,5.64,82.3,5.84,9.9,2.67,No,6.11
Peaty,Barley,719.1,26.9,6.43,88.1,1.45,8.3,6.21,No,7.52
Silty,Maize,483.0,20.3,6.31,168.3,4.16,2.7,1.35,Yes,10.57
Sandy,Wheat,906.7,21.9,6.22,178.2,3.71,8.5,2.09,Yes,8.9
Peaty,Wheat,568.8,26.6,5.95,173.4,1.57,8.1,3.32,No,7.38
Loamy,Barley,622.6,25.3,6.18,83.2,3.68,7.6,0.73,,8.52
Peaty,Barley,1059.2,22.4,6.67,88.1,4.38,7.5,7.58,Yes,9.2
Silty,Soybean,562.8,14.4,6.33,177.3,6.24,5.9,11.34,Yes,8.08
Loamy,Wheat,599.9,22.9,7.47,124.0,7.81,9.7,,No,7.69
,Barley,1038.7,15.2,6.45,99.0,5.2,7.4,4.53,Yes,8.67
Silty,Barley,978.5,21.9,,244.2,2.43,8.8,13.0,,9.26
Sandy,Cotton,,21.1,5.91,256.3,2.33,6.1,3.35,Yes,7.21
Sandy,Wheat,599.2,23.7,7.01,204.5,8.56,7.2,1.43,Yes,7.53
Loamy,Cotton,869.7,29.4,5.54,139.8,2.96,,2.05,No,7.13
Clay,Cotton,885.5,19.8,6.7,192.6,2.42,6.6,1.79,No,6.74
Loamy,Cotton,826.9,21.4,8.48,176.0,2.79,7.4,0.2,Yes,7.29
Clay,Soybean,998.7,28.2,6.01,186.7,6.91,9.0,0.62,Yes,8.77
Clay,Soybean,1003.0,24.0,5.52,155.2,4.0,7.5,3.05,No,7.35
Peaty,,1004.3,38.1,5.92,233.9,2.73,9.9,4.8,Yes,7.27
Loamy,Cotton,1371.9,23.4,5.84,167.3,8.56,7.1,9.17,No,7.38
Sandy,Cotton,1021.0,26.0,5.73,138.0,8.53,9.9,15.94,Yes,7.53
Loamy,Maize,1405.8,23.8,7.57,148.0,6.82,5.6,4.61,No,10.01
Silty,Cotton,714.4,21.6,6.16,156.7,4.36,9.8,4.04,No,7.53
Peaty,Wheat,743.0,22.8,,253.2,3.23,5.7,4.65,Yes,7.65
Clay,Soybean,592.0,25.6,7.53,267.9,4.35,9.3,1.81,Yes,7.63
Peaty,,,22.8,6.42,93.1,4.72,7.0,6.04,Yes,8.44
Silty,Wheat,,27.7,7.79,94.4,5.89,8.2,1.62,Yes,7.44
Peaty,,680.8,21.8,7.06,143.5,2.7,5.5,7.93,Yes,7.16
Clay,Barley,778.1,22.0,5.99,102.6,5.46,6.6,9.31,No,7.57
Sandy,Barley,532.3,22.3,6.58,155.8,5.77,8.7,0.89,No,6.83
Sandy,Soybean,,16.9,8.47,181.6,3.3,6.0,1.89,No,6.1
Sandy,Barley,664.2,22.9,7.06,224.0,2.49,6.1,4.18,No,7.02
Loamy,Cotton,634.7,22.5,6.75,117.6,6.95,4.6,,Yes,8.09
Silty,Maize,703.9,24.1,5.13,147.0,5.68,8.0,1.95,No,10.8
Clay,Barley,979.4,23.9,5.86,114.2,2.3,8.1,2.89,Yes,7.64
Silty,Wheat,1381.8,27.7,5.26,129.6,7.7,7.6,1.93,,7.21
Peaty,Cotton,911.7,22.9,,169.1,0.03,,0.63,No,6.33
Silty,Barley,1238.2,31.4,6.7,76.6,7.4,8.7,7.99,No,7.87
Sandy,Barley,1248.2,32.6,6.07,175.1,3.84,6.8,1.78,No,5.79
,Rice,751.2,26.4,5.38,140.6,7.21,8.0,1.51,No,8.31
Peaty,Cotton,881.8,22.6,6.66,213.6,3.71,9.4,5.79,Yes,7.95
Loamy,Cotton,889.3,28.2,5.77,225.5,5.22,6.1,6.94,Yes,7.92
Peaty,Wheat,1035.7,28.8,6.97,133.4,2.47,6.5,0.49,No,7.93
,Cotton,1286.7,29.9,7.9,162.7,1.5,8.9,1.45,Yes,6.64
Peaty,Cotton,804.0,26.7,5.4,,4.04,9.5,1.86,Yes,7.17
Clay,Cotton,822.6,14.6,7.68,106.6,3.97,,3.32,No,5.72
Peaty,Wheat,981.4,25.3,5.05,37.4,7.69,6.8,7.8,Yes,7.78
Loamy,Rice,901.5,24.2,4.34,225.4,3.6,6.5,7.01,,9.62
Sandy,Soybean,991.9,33.5,8.1,215.5,8.3,10.9,10.72,No,6.15
Clay,Maize,1225.6,31.8,6.19,152.8,7.0,7.4,4.46,No,9.85
Peaty,Rice,966.8,22.1,6.79,79.7,6.63,9.7,6.1,Yes,8.62
Loamy,Rice,855.3,16.6,6.28,136.1,4.53,7.5,2.64,No,9.67
,,498.3,19.6,5.98,149.5,2.6,6.3,2.56,No,6.33
Loamy,Rice,,24.6,7.57,222.9,4.31,8.0,1.72,Yes,9.48
Silty,Soybean,872.0,25.4,6.78,135.1,3.8,7.6,8.68,Yes,8.12
Sandy,Barley,1064.2,18.6,6.17,198.8,0.84,6.2,4.28,Yes,7.29
Loamy,Maize,785.4,,4.96,173.7,,9.4,,No,10.08
Sandy,Soybean,944.3,19.5,5.79,129.5,10.66,6.5,1.06,Yes,7.24
Silty,Maize,796.3,29.3,6.65,139.2,4.67,10.7,4.56,Yes,10.69
Loamy,Wheat,862.2,29.7,6.4,88.8,4.36,7.2,12.06,No,7.75
Loamy,Rice,699.7,29.2,6.34,187.6,5.69,8.7,,Yes,10.11
Clay,Soybean,1162.2,26.7,6.16,135.4,6.47,5.8,4.42,,6.77
Loamy,Rice,400.8,,7.32,53.7,6.57,7.0,,Yes,9.08
Silty,Maize,1226.7,18.7,7.51,130.7,3.87,8.1,2.27,,9.03
Sandy,,1501.3,27.5,8.31,150.2,2.95,7.4,2.63,Yes,6.86
Sandy,Rice,694.6,23.6,6.77,14.9,,8.9,1.0,Yes,8.91
Peaty,Maize,954.7,22.6,7.34,118.6,3.41,6.8,2.22,No,10.4
Silty,,873.1,19.5,6.57,143.2,3.74,7.8,5.55,No,7.47
Sandy,Rice,731.3,22.8,,151.1,1.1,6.0,1.13,No,8.82
Sandy,Cotton,1361.6,29.8,6.73,90.8,0.0,8.4,5.09,Yes,6.62
Peaty,Barley,999.3,,6.41,138.1,7.33,6.8,4.45,No,7.28
Silty,Cotton,1017.4,17.1,6.59,239.4,8.89,8.1,1.22,No,6.88
Peaty,Maize,951.7,26.0,6.85,44.6,11.82,8.4,0.47,No,10.43
Sandy,Rice,1136.9,15.2,6.32,126.2,4.02,6.2,2.11,No,7.96
Sandy,Soybean,986.3,14.2,6.95,222.9,6.29,9.2,5.91,Yes,7.42
Loamy,Cotton,748.7,16.4,5.93,203.1,,9.3,2.92,No,7.81
Silty,Wheat,372.8,18.5,5.6,220.6,8.5,9.1,2.23,Yes,7.81
Peaty,Cotton,719.4,27.2,5.91,83.3,6.96,7.7,0.95,No,6.75
Peaty,Soybean,1336.1,36.7,6.09,133.7,4.49,7.9,5.81,Yes,6.4
Peaty,Soybean,763.6,28.0,6.6,52.2,3.05,8.1,2.5,Yes,7.31
Loamy,Wheat,627.7,20.8,7.3,173.7,5.38,7.7,3.93,No,8.26
Clay,Soybean,760.8,30.8,6.18,221.4,2.38,7.4,2.65,No,6.76
Sandy,Rice,1101.6,27.1,5.81,189.5,8.58,6.8,31.54,No,7.52
Peaty,Wheat,303.2,26.1,5.9,65.8,0.68,8.0,1.31,Yes,7.45
Loamy,Barley,1231.3,25.0,6.57,110.3,3.29,6.8,11.05,Yes,9.16
Clay,Rice,630.1,20.2,5.96,126.4,8.7,4.6,2.86,Yes,8.9
Loamy,Maize,1257.6,16.1,6.68,68.6,1.77,6.1,,Yes,11.8
Sandy,Rice,741.9,23.3,5.15,117.7,4.84,5.8,2.69,Yes,8.41
Sandy,Rice,1300.2,23.5,6.96,127.9,5.61,9.1,0.58,No,7.9
Silty,Maize,,23.8,8.53,171.2,4.36,7.3,0.24,Yes,10.62
Clay,Cotton,,19.0,8.63,200.0,8.75,9.8,6.11,No,5.4
Sandy,Soybean,793.9,17.7,4.33,,3.67,6.7,5.67,No,5.72
Silty,Maize,1160.3,20.3,5.35,164.5,4.44,8.2,0.93,No,10.49
Loamy,Barley,513.3,20.1,5.75,107.7,6.76,8.1,1.19,Yes,8.26
Peaty,Rice,498.7,19.1,7.15,257.2,11.74,5.5,1.9,No,7.94
Peaty,Rice,1311.3,29.8,7.11,125.2,2.89,10.0,0.97,No,9.01
Sandy,Wheat,695.0,22.2,5.24,87.6,6.89,9.1,4.44,,6.39
Peaty,Soybean,1079.0,27.1,6.69,185.6,10.62,4.6,4.6,Yes,7.55
Clay,Wheat,864.9,28.0,5.42,198.7,4.12,8.5,1.15,No,7.55
Peaty,Rice,600.0,17.3,6.89,112.8,9.31,7.9,3.44,Yes,10.12
Sandy,Cotton,937.8,24.7,5.95,217.7,7.16,7.4,5.23,,7.21
Silty,Barley,947.2,27.3,6.01,,,6.8,6.12,,7.28
Sandy,Maize,1055.3,31.3,6.5,75.2,0.74,4.4,3.24,No,9.34
Loamy,Maize,793.9,15.6,7.42,136.5,5.27,7.5,3.74,No,9.93
Clay,Rice,577.1,21.2,6.91,141.0,2.72,9.3,3.62,Yes,9.08
Sandy,Rice,241.3,26.0,5.79,23.4,5.89,8.5,10.85,No,6.79
Sandy,Maize,1268.0,30.0,5.98,141.2,7.25,7.6,2.85,Yes,10.95
Peaty,Rice,1083.3,15.3,7.03,155.3,2.39,6.3,5.48,No,7.93
Peaty,Rice,763.6,33.7,5.81,112.2,6.43,8.4,5.14,Yes,9.29
Clay,Cotton,755.5,18.5,5.41,,10.15,5.1,0.69,Yes,7.24
Sandy,Rice,766.3,21.3,5.2,172.3,6.93,7.8,,No,7.45
Clay,Wheat,,31.2,6.16,252.8,6.62,9.4,7.45,No,6.88
Peaty,Maize,953.2,22.8,6.7,,7.5,4.9,2.23,No,9.92
Clay,Wheat,658.2,38.0,6.6,228.3,4.87,4.8,3.52,Yes,7.41
Sandy,Rice,915.5,26.8,5.44,167.1,0.56,6.0,1.13,Yes,7.48
Peaty,Maize,1043.4,15.8,5.67,51.3,4.63,6.0,6.66,Yes,10.02
Loamy,Soybean,850.7,25.0,5.85,128.3,7.3,7.2,2.68,Yes,8.8
Sandy,Cotton,931.2,20.7,6.8,96.0,2.91,7.1,0.88,No,5.65
Silty,Soybean,1400.3,30.3,5.02,145.9,7.37,8.6,1.89,Yes,7.12
Peaty,Maize,1133.7,19.6,6.2,112.3,7.9,6.8,1.91,No,9.9
Peaty,Rice,786.9,20.5,6.64,206.1,5.3,7.7,18.81,No,8.86
Sandy,Maize,722.9,20.8,5.6,163.0,,7.9,,Yes,11.46
Loamy,Rice,805.5,23.5,6.84,220.3,1.98,6.0,1.72,Yes,10.6
Clay,Wheat,1292.4,24.2,4.92,148.8,6.91,6.7,1.63,Yes,8.31
Silty,Cotton,1245.8,18.1,6.65,88.1,3.71,7.4,9.89,No,6.33
Silty,Wheat,1069.4,26.7,6.35,106.8,5.95,7.9,3.06,No,7.73
Peaty,Cotton,536.8,27.4,8.09,46.3,9.3,7.3,17.24,Yes,6.58
Peaty,Soybean,810.5,23.2,5.81,188.3,7.05,2.3,1.87,No,6.66
Peaty,Barley,853.8,29.6,7.58,90.8,4.65,9.7,4.03,Yes,8.16
Clay,Wheat,1174.5,35.8,4.24,256.3,3.39,7.8,4.51,Yes,6.12
Sandy,Maize,1233.7,28.9,7.04,143.7,3.91,10.6,1.81,Yes,9.82
Clay,Soybean,759.4,21.9,6.77,133.2,,7.6,10.91,Yes,7.74
Sandy,Cotton,1121.0,19.7,6.01,145.0,2.51,6.8,2.84,No,6.33
,Barley,889.2,17.4,6.03,179.7,7.5,8.5,2.21,No,9.12
Loamy,Maize,790.5,31.3,7.21,70.9,6.14,5.1,1.09,Yes,10.59
Sandy,Maize,787.3,25.6,,199.8,1.2,8.6,1.07,Yes,9.75
Loamy,Barley,686.8,27.2,7.01,169.3,,8.5,12.2,Yes,8.96
Loamy,Wheat,590.5,21.8,6.38,205.8,8.66,4.9,1.92,Yes,9.47
Clay,Soybean,685.3,30.4,6.21,193.8,1.25,9.4,2.87,Yes,7.34
Sandy,Wheat,789.1,,7.64,93.7,5.38,5.6,4.84,Yes,5.99
Sandy,Barley,794.0,22.8,6.33,133.3,4.86,7.4,0.68,Yes,7.33
Loamy,Cotton,865.9,28.0,5.58,89.1,7.07,,5.87,No,6.63
Sandy,Rice,1012.4,19.0,6.96,220.4,1.0,6.4,2.2,Yes,8.34
Clay,Barley,970.3,21.8,7.53,68.1,6.23,7.8,,No,6.95
Loamy,Barley,1090.3,25.3,6.04,149.0,3.68,7.1,18.39,No,8.6
Loamy,Cotton,1108.0,20.1,6.07,159.7,0.91,9.0,0.37,Yes,7.19
Peaty,Soybean,1174.7,21.7,6.01,,3.63,6.8,6.71,No,7.07
Silty,Cotton,989.4,22.1,6.46,120.8,8.35,6.5,4.76,Yes,7.85
Clay,Maize,928.9,28.9,5.75,181.2,1.93,7.6,6.96,Yes,10.05
Clay,Barley,966.6,20.6,6.88,127.7,4.82,8.7,,Yes,7.9
Silty,Rice,910.6,20.5,5.43,218.7,,,1.83,No,8.36
Silty,Maize,,23.7,6.96,,7.84,7.0,15.64,No,10.26
Loamy,Maize,906.7,29.6,8.93,129.0,11.25,6.6,0.52,No,8.63
Loamy,Maize,813.0,,7.17,128.0,3.78,7.7,8.49,Yes,11.42
Loamy,Barley,1047.7,25.2,5.79,234.5,5.51,5.9,2.69,No,7.69
Clay,Cotton,481.8,24.8,7.55,92.7,3.7,7.1,1.51,Yes,7.09
Peaty,Rice,986.0,24.2,4.79,225.4,,9.9,,No,7.93
Silty,Wheat,1177.8,21.5,5.13,86.8,1.44,4.6,3.29,Yes,7.78
Sandy,Rice,1080.5,15.5,7.17,211.3,0.06,6.4,1.76,No,8.79
Silty,Rice,946.3,21.8,8.15,227.3,7.88,6.0,3.55,Yes,8.68
Clay,Maize,1494.3,20.8,4.83,155.8,0.0,7.2,0.96,No,8.84
Clay,Soybean,1032.7,32.2,6.59,134.5,2.61,5.2,2.79,Yes,6.93
Clay,Maize,497.1,24.7,6.28,169.8,2.14,7.7,6.29,No,9.75
Peaty,Soybean,695.8,25.6,6.52,678.8619594732078,2.37,7.2,1.83,Yes,7.66
Peaty,Soybean,720.7,22.8,6.35,209.8,7.43,8.6,1.52,Yes,8.03
Silty,Maize,908.8,24.1,6.38,16.6,7.61,8.1,2.59,No,9.12
Silty,Wheat,1079.1,25.4,5.85,228.7,5.05,5.7,1.38,Yes,8.83
Loamy,Wheat,801.1,24.2,5.13,139.7,1.14,5.5,1.32,No,8.68
Loamy,Rice,995.4,15.9,7.39,133.0,1.79,,4.95,Yes,10.17
Sandy,Wheat,1069.1,24.4,6.35,112.2,3.1,8.8,3.17,Yes,8.29
Loamy,Rice,823.9,21.4,6.24,75.0,6.68,3.9,3.56,Yes,10.02
Loamy,Cotton,1065.2,24.0,6.96,227.8,6.51,5.0,2.67,Yes,8.3
Silty,Maize,961.1,24.5,7.31,203.6,9.05,6.5,4.49,No,10.32
Peaty,Rice,839.5,18.8,7.22,125.5,0.66,,1.75,Yes,9.43
Sandy,Soybean,550.2,19.1,7.05,124.1,9.15,9.7,7.56,No,6.81
Peaty,Rice,1050.8,19.0,7.44,266.5,4.89,6.3,0.76,No,8.65
Clay,Maize,1122.6,18.6,7.48,61.4,5.33,7.4,4.5,No,8.75
Loamy,Soybean,1105.7,,7.24,139.5,5.77,7.3,1.74,Yes,9.22
Clay,Wheat,310.8,32.0,5.95,,4.56,9.6,6.96,Yes,8.12
Sandy,Cotton,988.6,25.9,5.25,244.1,0.34,7.5,1.11,No,5.56
Clay,Barley,890.1,30.3,7.3,190.3,1.6,,15.88,Yes,7.15
Peaty,Cotton,616.7,23.6,5.7,252.0,3.95,7.7,9.32,Yes,7.53
Clay,Barley,919.2,23.7,6.89,288.3,9.59,8.3,1.74,No,7.14
Loamy,Cotton,443.6,22.4,6.6,,5.34,8.4,4.86,Yes,7.82
Loamy,Maize,928.1,23.8,7.54,153.8,5.92,7.3,2.41,Yes,12.0
Sandy,Rice,1436.4,23.0,6.57,113.2,7.41,8.0,3.24,Yes,8.44
Loamy,Cotton,1066.9,21.3,5.3,245.0,9.47,7.2,4.45,Yes,7.62
Sandy,Rice,780.7,34.1,8.13,78.9,5.52,7.5,1.25,Yes,8.11
Loamy,Rice,969.4,,7.09,135.8,4.62,8.0,2.65,Yes,9.8
Silty,Wheat,866.9,21.5,5.85,92.2,1.84,7.6,4.09,No,7.95
Peaty,Maize,1230.3,7.8,6.64,78.0,3.74,6.3,1.36,Yes,9.4
Peaty,Maize,1248.8,25.8,7.35,85.0,,5.6,0.95,Yes,10.64
Silty,Cotton,913.4,16.0,4.32,,5.98,8.3,1.64,No,5.16
Sandy,Rice,798.9,21.2,5.81,125.6,6.37,7.5,3.53,No,8.02
Silty,,541.5,31.8,6.78,190.5,8.08,,4.53,No,9.52
Silty,Wheat,1141.2,25.8,7.31,209.3,1.76,,4.3,Yes,9.86
Loamy,Barley,1163.2,23.3,5.88,242.6,6.75,7.5,,Yes,8.47
Silty,Maize,1060.7,14.5,6.04,79.0,5.21,6.4,7.95,Yes,10.73
Peaty,Rice,,27.0,6.35,212.5,3.86,8.2,3.87,Yes,9.78
Peaty,Maize,876.3,26.1,6.14,73.4,5.05,6.6,1.0,Yes,10.71
Silty,Soybean,1033.8,34.9,7.84,266.5,6.18,8.0,4.89,No,6.57
Peaty,Soybean,1312.1,21.9,5.16,22.2,5.81,8.6,1.0,Yes,7.53
Sandy,Cotton,607.7,30.4,7.13,273.5,,9.8,,Yes,7.14
Sandy,Wheat,667.2,17.2,8.68,114.6,8.03,8.3,9.59,Yes,6.42
Silty,,1015.7,31.4,5.73,68.7,4.08,7.4,5.57,No,6.13
,Barley,562.7,23.1,6.29,170.5,6.6,6.5,1.55,No,7.84
Clay,Wheat,664.0,,6.56,204.6,3.42,6.5,3.58,No,6.75
Loamy,Wheat,1380.4,25.8,5.79,73.3,8.6,8.2,1.8,No,7.54
Silty,Rice,1043.0,22.9,6.04,92.1,5.55,7.3,0.61,Yes,9.74
Clay,Rice,1362.2,26.6,6.52,147.2,,6.2,4.43,,9.56
Silty,Soybean,876.7,26.2,6.01,233.3,5.04,8.0,10.31,No,7.21
Clay,Cotton,813.4,25.6,6.12,206.4,0.65,8.2,6.6,No,6.14
Sandy,Barley,1052.4,23.8,6.04,0.0,7.54,9.0,2.86,Yes,7.57
Clay,Maize,956.1,,6.67,227.6,8.17,4.4,1.83,Yes,10.63
Sandy,Cotton,968.2,26.8,6.76,53.4,11.15,3.7,2.42,No,5.08
Peaty,Cotton,945.9,24.8,5.38,236.7,9.7,9.1,58.17,No,6.7
Sandy,Cotton,,23.0,7.84,,1.18,6.0,7.51,Yes,5.78
Sandy,Wheat,,27.3,6.24,152.6,1.9,7.6,1.53,Yes,8.16
Silty,Cotton,838.6,25.3,6.37,23.8,1.97,9.2,3.89,Yes,6.72
Clay,Soybean,1258.6,27.0,7.7,141.5,8.69,8.3,1.36,No,6.34
Sandy,Barley,508.5,19.5,6.49,69.5,3.08,8.9,1.92,No,6.78
,Soybean,1437.9,30.7,6.67,116.8,8.53,8.8,1.59,Yes,7.31
Silty,Maize,1307.3,21.4,6.43,180.7,5.56,7.8,4.67,Yes,10.02
Peaty,Wheat,686.8,19.1,6.37,106.2,5.03,10.7,5.24,Yes,8.95
Silty,Maize,875.8,27.3,6.54,130.8,5.63,8.1,2.55,Yes,10.81
Silty,Wheat,601.0,25.7,6.52,263.1,2.38,6.4,1.49,Yes,8.47
Silty,Rice,901.7,32.8,6.71,297.4,6.84,6.3,7.64,No,8.93
Peaty,Soybean,1192.5,24.4,7.07,224.2,2.19,7.3,1.61,Yes,8.1
Loamy,Maize,1337.4,19.8,7.1,245.1,,9.7,4.53,No,11.18
Loamy,Cotton,1018.9,24.0,7.01,94.1,1.98,6.4,1.07,No,6.38
Peaty,Cotton,986.2,26.3,6.32,132.6,7.69,9.1,1.36,Yes,7.62
Loamy,Rice,639.4,26.3,6.39,113.3,5.62,9.8,1.15,Yes,10.38
Silty,Barley,944.1,17.9,6.6,139.5,8.79,8.0,3.84,Yes,9.07
Clay,Rice,790.3,21.9,5.49,215.1,6.38,4.9,5.53,Yes,9.33
Silty,Maize,814.3,24.2,5.72,107.8,3.12,7.9,4.62,Yes,11.37
Peaty,Cotton,868.5,21.1,5.92,131.0,5.95,7.1,3.52,Yes,7.75
Silty,Soybean,789.0,14.5,7.36,,6.76,8.4,3.54,Yes,6.83
Clay,Barley,1209.4,22.5,6.11,291.5,9.4,6.0,5.5,No,6.66
Sandy,Soybean,1209.5,20.4,6.96,210.4,,7.7,0.38,Yes,7.23
Peaty,Wheat,1054.3,22.3,5.5,100.9,5.83,,1.48,Yes,8.01
Loamy,Maize,1126.5,17.5,5.55,234.3,,7.1,1.61,No,10.75
Peaty,Maize,776.1,25.2,6.72,139.1,5.47,6.5,13.71,No,10.6
Peaty,Rice,731.3,20.5,7.4,152.8,6.32,8.5,0.97,Yes,10.26
Silty,Maize,1085.0,27.9,4.28,184.2,3.56,3.9,2.94,Yes,9.97
Loamy,Wheat,1200.9,28.9,6.35,229.8,2.48,7.9,6.87,Yes,9.35
Silty,Soybean,724.9,24.2,5.09,159.3,,7.4,2.73,Yes,7.77
Loamy,Maize,693.4,23.2,,129.0,9.78,6.7,1.97,No,10.71
Sandy,Soybean,819.0,23.2,5.7,176.5,5.95,6.1,14.06,No,5.65
Silty,Soybean,1100.3,9.8,6.3,146.3,7.42,9.7,2.11,No,6.98
Clay,Maize,1013.4,19.9,7.22,114.5,,7.3,4.97,No,9.82
Loamy,Maize,876.5,,7.6,187.5,3.28,8.8,0.35,Yes,10.83
Loamy,Soybean,934.2,29.5,5.12,130.6,1.83,9.6,0.95,Yes,7.46
Sandy,Rice,1310.0,27.7,6.91,142.7,3.52,4.7,,Yes,8.04
Loamy,Cotton,938.6,35.3,7.65,123.1,4.76,6.9,1.13,No,6.32
Silty,Rice,637.8,20.8,,128.5,7.37,7.6,2.6,Yes,9.43
Sandy,Cotton,446.1,25.2,7.74,93.2,5.21,6.6,0.32,Yes,6.08
Loamy,Maize,800.1,22.4,6.69,141.4,5.26,8.7,2.34,Yes,12.03
Clay,Barley,897.7,31.4,8.28,184.8,9.98,10.9,0.56,No,6.02
Peaty,Cotton,1000.0,20.4,6.86,13.6,4.51,7.6,5.46,No,5.37
Peaty,Rice,659.0,26.3,6.82,206.3,6.92,6.0,1.2,No,8.5
Peaty,Maize,805.5,12.0,6.02,186.3,9.55,9.3,,No,9.42
Sandy,Cotton,533.4,17.9,7.37,3.4,2.79,10.9,0.71,Yes,6.21
Sandy,Cotton,687.3,21.1,6.46,218.1,3.86,10.4,0.58,Yes,7.11
Peaty,Rice,850.3,30.0,6.07,178.6,1.57,3.9,0.71,Yes,8.75
Sandy,Soybean,937.7,32.5,5.46,141.5,3.95,9.1,5.04,No,6.42
Silty,Maize,847.6,26.6,7.11,187.0,3.59,7.6,1.22,No,10.39
Peaty,Barley,1246.5,14.9,6.57,150.9,6.92,7.5,2.01,No,7.05
Loamy,Cotton,1313.1,22.3,7.53,103.1,2.85,7.2,2.97,Yes,6.97
Silty,Maize,795.6,31.5,,226.3,3.96,4.4,3.4,Yes,10.3
Loamy,Maize,784.9,27.9,7.29,31.2,5.2,,,Yes,11.11
Peaty,Rice,1024.1,17.9,9.27,168.4,6.61,9.2,25.54,Yes,7.9
Peaty,Soybean,518.6,29.8,6.39,164.5,6.29,7.5,4.17,Yes,8.46
Peaty,Wheat,1347.4,35.7,6.82,179.8,4.21,8.7,3.73,Yes,7.88
Clay,Wheat,1268.3,16.5,8.11,138.5,3.42,8.5,2.25,No,7.06
Silty,Cotton,982.4,18.3,6.36,148.9,4.0,5.3,13.69,Yes,8.11
Clay,Wheat,748.6,30.7,5.6,243.6,0.0,6.7,2.16,Yes,7.37
Silty,Rice,679.9,22.4,6.9,206.2,0.87,9.4,2.75,Yes,9.56
Peaty,Wheat,983.5,13.5,5.41,171.4,3.22,7.8,1.69,Yes,7.96
,Barley,524.3,23.0,6.23,185.7,2.8,8.0,6.24,No,7.51
Peaty,Soybean,1041.1,25.7,5.83,85.5,5.63,8.5,3.63,Yes,7.3
Silty,Maize,1001.3,23.5,5.5,80.3,6.1,5.3,2.07,Yes,9.96
Silty,Maize,447.1,33.2,5.56,63.1,7.7,9.1,2.46,No,8.98
Clay,Wheat,890.7,10.4,5.53,90.7,4.05,8.2,2.32,,5.95
Clay,Barley,1048.3,23.8,8.37,220.6,11.75,6.0,1.14,Yes,7.57
Silty,Cotton,499.8,28.1,7.11,160.6,8.5,8.2,2.27,No,6.12
Sandy,Barley,1029.9,21.6,6.86,278.0,7.03,7.5,3.43,No,7.12
Silty,Cotton,750.7,,5.8,217.8,3.26,6.3,1.79,,6.98
Sandy,Cotton,758.3,29.4,6.34,32.4,0.0,6.5,4.83,No,4.72
Loamy,Soybean,686.0,17.2,5.98,89.0,10.22,9.6,16.37,Yes,8.73
Silty,Cotton,809.8,16.5,,164.4,7.22,6.4,1.55,Yes,6.32
Silty,Rice,783.9,17.0,7.29,162.6,10.01,7.8,3.63,No,7.95
Sandy,Rice,1252.0,19.9,6.4,160.0,13.77,8.7,4.59,No,7.83
Loamy,Rice,652.2,27.5,6.76,131.3,5.84,8.3,9.54,No,9.71
Clay,Rice,1120.9,23.3,7.01,65.0,7.61,8.1,8.99,Yes,9.14
Sandy,,1060.9,18.1,7.58,85.4,6.61,5.0,5.64,Yes,6.3
Loamy,Cotton,935.1,27.1,5.88,117.8,4.4,8.1,3.81,No,6.12
,Rice,855.5,32.5,5.8,238.4,3.58,9.3,12.07,No,8.07
Peaty,Maize,678.5,22.8,,158.3,6.55,7.5,16.09,Yes,11.18
Silty,Soybean,929.4,23.0,5.77,116.3,4.4,8.5,4.89,No,7.67
Loamy,Maize,794.6,20.5,6.08,134.6,5.33,5.9,2.3,No,11.33
Clay,Wheat,1254.0,31.0,,198.2,3.59,8.9,12.02,Yes,7.37
Clay,Wheat,1230.9,25.6,6.92,183.8,7.13,8.2,5.5,Yes,8.8
Peaty,Cotton,803.8,19.4,,207.1,,7.0,3.68,No,6.69
Silty,,1007.6,31.5,5.15,122.5,,6.3,,Yes,8.42
Loamy,Maize,953.1,22.9,6.49,74.9,3.22,7.8,2.76,Yes,11.44
Loamy,Maize,,20.0,6.5,235.1,4.22,7.5,5.25,Yes,11.56
Sandy,Cotton,971.4,22.3,6.7,113.6,4.61,7.0,2.26,Yes,6.9
Silty,Rice,972.8,,6.64,173.1,2.93,6.3,1.9,Yes,9.07
Clay,Cotton,920.8,30.3,7.2,6.5,5.31,7.9,2.26,Yes,5.67
Silty,Rice,723.5,32.9,6.9,126.6,5.18,,13.81,Yes,9.0
Loamy,Cotton,1248.9,27.8,7.07,127.3,4.32,4.7,1.07,No,6.85
Silty,Cotton,669.2,15.2,6.22,106.0,0.83,9.7,2.76,Yes,7.15
Peaty,Soybean,1273.8,16.0,7.27,118.3,1.07,10.3,3.91,Yes,7.29
Loamy,Cotton,952.1,24.2,5.99,177.6,1.33,6.0,5.82,No,8.38
Loamy,Wheat,632.5,25.8,5.24,91.1,,4.1,1.91,No,7.41
Loamy,Wheat,997.2,29.4,6.3,166.8,6.6,9.4,2.14,No,8.55
Clay,Barley,576.5,24.3,7.1,36.6,8.6,7.5,3.2,Yes,8.21
Loamy,Barley,1484.8,22.9,8.3,213.7,2.13,8.9,,No,7.01
Peaty,Cotton,247.1,34.3,6.15,267.1,9.78,8.1,2.17,No,5.03
Sandy,,907.3,30.9,6.38,32.4,8.8,8.5,0.68,No,5.89
Clay,Cotton,,23.8,5.88,188.5,6.35,6.7,1.07,Yes,7.32
Silty,Rice,1034.7,29.7,5.46,285.9,5.31,6.9,2.18,No,8.51
Loamy,Wheat,1168.9,23.2,7.23,278.7,1.91,7.2,,No,8.53
Clay,Maize,929.1,22.2,5.69,173.4,7.56,7.4,5.11,Yes,10.5
Peaty,Maize,1016.1,19.0,5.74,249.1,1.29,7.4,2.29,No,10.14
Peaty,Wheat,671.1,24.4,6.34,91.7,6.94,7.4,24.94,No,6.52
Peaty,Cotton,509.8,38.5,6.59,145.9,2.85,7.0,15.6,Yes,5.77
Loamy,Maize,994.8,19.6,7.96,77.7,2.38,8.7,,No,10.0
Peaty,Rice,1200.1,28.8,,64.6,0.0,5.7,4.77,Yes,8.86
Silty,Cotton,826.7,24.0,7.58,198.1,0.33,7.4,2.76,Yes,6.57
Sandy,Barley,836.5,22.6,7.13,162.3,1.78,8.1,11.41,Yes,8.06
Clay,Cotton,1100.1,20.6,5.67,127.8,2.58,4.6,4.06,No,5.75
Clay,Barley,681.8,,6.85,163.6,3.98,6.7,6.71,No,7.26
Clay,Wheat,511.6,28.1,7.15,88.9,3.76,7.1,4.47,No,7.07
Silty,Cotton,777.8,22.3,4.31,181.0,3.37,7.6,1.33,No,5.65
Silty,Barley,1052.6,,5.49,107.7,7.2,8.2,3.21,Yes,8.84
Clay,Soybean,862.5,17.2,7.25,113.5,1.08,6.0,0.85,Yes,7.62
Clay,Wheat,714.2,18.4,5.85,152.0,2.29,8.1,1.69,Yes,8.6
Loamy,Maize,1294.1,28.7,7.52,99.6,2.03,8.7,11.54,No,10.83
Loamy,Barley,777.9,23.1,6.61,,5.37,8.8,3.16,Yes,9.0
Loamy,Soybean,1331.1,17.0,8.38,174.4,4.29,6.8,5.64,Yes,7.84
Clay,Barley,648.7,27.4,5.92,72.6,9.11,9.1,2.59,No,6.69
Sandy,Barley,902.1,20.4,7.21,156.4,6.3,7.9,1.7,No,7.25
Sandy,Cotton,991.2,22.0,7.1,68.3,7.17,8.6,2.27,Yes,6.41
Sandy,Wheat,826.7,,6.87,192.1,8.41,7.5,7.54,Yes,8.73
Loamy,Barley,517.6,22.8,6.83,184.1,4.08,4.7,0.78,Yes,8.87
Silty,Maize,1181.5,26.2,8.56,43.0,1.23,6.2,0.76,Yes,9.08
Loamy,Rice,948.0,23.6,5.35,173.8,9.03,4.8,11.13,Yes,11.05
Sandy,Barley,,23.7,6.18,133.9,3.05,8.6,1.93,No,7.13
Sandy,Cotton,1023.7,16.3,7.18,231.1,4.03,,5.5,Yes,7.1
Loamy,Wheat,1123.5,21.3,6.5,120.7,4.87,4.4,23.0,Yes,9.6
Silty,Wheat,949.8,27.9,7.15,293.5,2.08,4.4,1.19,No,6.99
Peaty,Cotton,644.0,18.8,6.08,207.3,0.73,6.6,3.77,No,5.81
Loamy,Barley,831.2,23.3,7.79,133.1,5.99,6.7,1.09,Yes,9.72
Clay,Rice,623.4,19.7,6.67,140.6,7.56,8.7,,Yes,9.7
Clay,Wheat,833.3,23.1,5.43,219.6,1.96,9.5,1.14,Yes,7.96
Loamy,Cotton,1225.4,17.2,5.82,92.6,2.98,4.4,2.81,Yes,8.15
Silty,Rice,1123.1,23.9,5.98,239.0,0.0,6.1,5.0,No,9.35
Sandy,Wheat,995.5,27.4,6.21,229.2,1.79,9.9,6.21,Yes,8.5
Peaty,Rice,552.8,,6.25,0.0,0.0,5.8,10.04,Yes,8.37
Loamy,Rice,664.5,25.6,5.47,262.5,2.63,6.3,15.94,No,8.86
Sandy,Barley,872.6,27.3,7.49,140.6,1.3,,,No,6.87
Sandy,Soybean,752.3,13.5,,32.9,4.42,9.8,6.03,Yes,6.21
Silty,Cotton,1026.1,22.5,7.37,155.3,5.44,6.6,0.7,Yes,7.97
Clay,Maize,647.2,23.2,6.34,111.8,2.32,7.4,1.86,No,9.64
Silty,Cotton,539.9,28.7,6.57,184.4,5.52,7.9,0.78,Yes,7.52
Sandy,Rice,1339.0,32.0,4.13,134.5,1.2,7.5,3.11,Yes,6.88
Peaty,Barley,671.8,,7.2,87.2,7.6,6.5,2.54,No,7.71
Silty,Maize,961.1,17.4,7.33,113.7,5.7,8.0,1.13,No,10.0
Peaty,Rice,685.6,,5.82,86.3,3.18,9.9,14.72,No,9.27
Clay,Maize,1343.2,21.8,5.47,98.2,6.05,7.5,1.13,Yes,9.94
Peaty,Cotton,1012.5,20.9,6.54,174.4,2.69,6.2,1.09,Yes,7.94
Peaty,Cotton,756.6,27.5,6.04,87.4,2.89,7.1,28.36,No,6.67
Sandy,Maize,467.4,16.1,6.44,61.8,7.69,6.5,1.27,No,8.16
Clay,Rice,1052.9,33.5,5.66,139.4,7.0,7.1,,No,7.22
Clay,Wheat,866.7,26.8,6.66,142.6,6.03,10.4,0.74,No,7.92
Silty,Soybean,1091.8,21.0,6.12,238.8,4.76,4.8,2.4,Yes,9.02
Sandy,Cotton,925.6,15.1,6.31,104.0,8.24,5.3,7.26,Yes,6.34
Silty,Soybean,476.7,25.4,6.89,195.4,5.41,9.1,1.72,No,8.0
Sandy,Wheat,706.3,28.3,5.54,211.7,4.23,5.3,19.34,No,6.28
Clay,Barley,1196.5,30.0,,139.5,2.5,7.5,7.43,Yes,8.27
Clay,Soybean,1185.1,28.2,6.38,192.5,1.26,7.6,2.23,Yes,7.95
Loamy,Maize,572.5,20.7,5.17,145.3,8.61,8.9,3.26,Yes,11.13
Silty,Wheat,1340.4,21.6,5.6,215.3,4.01,8.4,1.18,Yes,9.43
Loamy,Cotton,993.1,25.9,6.29,,1.17,8.4,6.01,No,6.55
Peaty,Wheat,,23.4,5.53,,7.06,7.9,0.47,Yes,8.44
Loamy,Barley,707.7,20.3,9.06,196.8,9.38,6.3,5.44,Yes,7.99
Clay,Cotton,,26.3,6.85,175.1,6.69,6.0,4.27,No,5.83
Clay,Barley,1215.2,25.8,6.05,92.9,6.82,9.6,3.84,No,6.73
Peaty,Rice,622.2,33.3,5.8,90.5,1.76,8.9,3.26,Yes,8.15
Sandy,Soybean,533.8,24.6,7.3,158.5,6.29,7.1,1.58,Yes,7.47
Silty,Wheat,1455.8,29.8,4.86,162.4,5.98,9.2,17.31,No,7.24
Silty,Cotton,576.0,25.8,6.45,161.9,7.39,6.0,1.15,Yes,7.15
Peaty,Rice,789.1,31.8,5.96,233.5,12.64,9.2,0.8,No,7.71
Peaty,Wheat,1248.1,18.2,7.21,162.3,3.19,8.9,2.53,Yes,8.1
Silty,Soybean,855.5,18.2,6.46,141.4,8.77,7.6,4.86,No,7.99
Clay,Maize,1341.1,18.0,7.56,219.5,2.29,8.3,0.36,No,10.27
Peaty,Soybean,624.0,18.8,6.34,163.9,2.32,9.4,4.99,Yes,7.85
Sandy,Cotton,490.2,22.1,6.96,194.5,5.19,7.7,5.6,Yes,7.09
Silty,Maize,661.9,22.0,7.48,89.4,5.39,10.3,1.82,Yes,10.45
Silty,Maize,1427.2,22.5,6.08,115.3,6.19,6.4,0.88,Yes,10.82
Peaty,Rice,1051.3,16.6,5.93,260.0,6.22,5.7,2.19,Yes,8.88
Loamy,Barley,1469.3,16.8,,182.7,5.41,6.3,1.33,No,7.68
Silty,Wheat,1044.5,27.9,7.43,163.1,5.14,10.1,8.26,Yes,8.92
Silty,Soybean,1371.5,29.5,6.53,183.9,6.67,8.9,4.24,No,6.92
Loamy,Wheat,1168.9,23.2,7.23,278.7,1.91,7.2,,No,8.53
Loamy,Barley,860.0,27.0,7.5,157.0,4.23,9.7,,No,8.02
Sandy,Rice,899.1,20.6,7.33,141.2,,,1.72,No,9.0
Silty,Rice,860.7,15.7,6.93,179.1,9.1,9.9,18.58,Yes,10.08
Clay,Maize,1045.4,21.6,7.56,,2.53,8.4,1.28,Yes,11.1
Sandy,Cotton,1159.0,20.9,6.17,64.3,4.19,5.8,14.98,No,5.94
Sandy,Soybean,863.8,19.0,6.97,97.6,5.43,8.1,,No,6.93
Sandy,Barley,1234.3,20.4,6.76,284.1,7.61,9.4,4.54,No,6.81
Sandy,Soybean,972.8,,7.77,152.5,0.61,8.9,2.84,Yes,8.03
Peaty,Barley,908.2,20.8,6.1,169.4,4.46,6.8,1.24,,8.18
Silty,Barley,492.5,,7.33,140.5,0.0,7.1,10.56,Yes,8.4
Silty,Barley,722.8,,7.61,36.3,1.85,6.2,0.45,Yes,7.12
Silty,Soybean,1331.2,18.8,5.6,231.5,9.71,7.7,13.52,Yes,8.66
Clay,Wheat,946.4,13.2,5.7,171.4,2.11,6.2,6.27,No,6.91
Clay,Cotton,1186.9,28.7,5.01,51.7,0.99,6.0,1.53,No,4.65
Clay,Cotton,1182.8,12.3,7.18,97.1,6.13,7.6,4.69,Yes,6.23
Loamy,Barley,1104.9,16.1,,140.7,6.87,,3.46,Yes,8.67
Silty,Maize,724.5,20.7,7.27,200.1,7.27,8.6,4.54,Yes,11.15
Silty,Wheat,1106.7,22.6,7.34,100.0,8.18,9.0,2.59,No,7.3
Sandy,Maize,753.4,17.0,7.88,88.9,4.42,5.8,7.2,Yes,10.23
Silty,Wheat,781.3,28.2,6.41,105.4,5.32,4.8,4.28,No,7.92
Sandy,Wheat,1014.4,25.8,6.2,,,7.7,16.9,Yes,7.53
Sandy,Cotton,984.5,22.5,7.58,143.5,5.46,6.6,2.28,Yes,6.32
Clay,Soybean,1248.5,,7.85,63.9,5.0,6.8,2.46,No,6.46
Sandy,Rice,624.3,22.4,8.24,194.6,3.98,8.3,4.52,,8.48
Loamy,Cotton,826.8,29.2,6.73,38.0,5.66,8.8,1.37,Yes,7.44
Sandy,Maize,1073.4,31.9,,156.6,5.7,8.9,2.09,No,9.44
Sandy,Wheat,909.8,20.9,6.59,215.2,9.11,7.2,16.66,Yes,7.85
Clay,Rice,1038.3,26.7,6.85,199.0,2.41,8.2,2.04,No,8.39
Peaty,Wheat,907.2,25.4,6.03,59.1,1.9,7.6,9.04,Yes,7.87
Silty,Rice,,29.1,6.61,206.6,6.56,7.7,,Yes,10.07
Clay,Barley,303.4,37.0,4.78,205.0,6.29,7.7,28.17,No,4.67
Silty,,920.1,20.7,6.57,132.2,4.5,9.4,6.36,Yes,7.75
Silty,Barley,463.3,20.9,6.06,177.3,0.0,6.2,2.32,Yes,7.44
Peaty,Wheat,598.7,26.9,6.78,,4.68,7.9,0.2,Yes,9.06
Clay,Maize,1075.7,15.6,6.74,100.0,3.88,8.6,1.4,No,10.36
Loamy,Wheat,725.6,28.2,6.86,186.8,5.92,5.8,1.83,No,8.88
Loamy,Maize,995.0,25.7,4.13,96.3,3.27,5.8,2.04,Yes,9.96
Silty,Cotton,628.0,21.8,5.83,,4.96,7.2,1.76,Yes,6.83
Loamy,Soybean,860.3,,7.82,106.4,1.86,7.9,2.24,No,6.11
Peaty,Soybean,1488.1,33.1,7.23,207.5,6.61,6.9,0.93,No,6.91
Sandy,,1198.3,24.7,5.93,141.7,5.96,3.3,6.7,Yes,8.15
Sandy,Barley,873.5,23.5,7.8,244.3,10.15,10.6,1.85,Yes,7.94
Loamy,Barley,967.8,23.2,5.94,148.9,2.74,8.8,2.7,Yes,9.79
Silty,Wheat,830.6,21.1,7.25,175.4,8.16,5.8,,Yes,9.12
Loamy,Cotton,985.3,21.8,5.64,77.3,2.95,8.2,8.84,No,6.17
Clay,Barley,752.5,26.3,5.61,267.2,5.18,6.2,0.74,Yes,7.09
Sandy,Cotton,,30.4,6.85,181.2,6.66,8.5,3.25,No,6.14
Clay,Barley,971.4,23.0,5.88,146.3,6.44,2.7,11.74,No,7.29
Clay,Soybean,1524.6,21.1,6.72,215.5,2.48,6.8,21.7,Yes,8.35
,Maize,1064.3,27.5,6.13,178.8,9.7,7.1,,Yes,11.07
Silty,Wheat,913.3,24.9,6.6,212.3,5.89,7.6,6.99,Yes,9.06
Sandy,Maize,1311.5,26.0,6.9,134.4,3.95,10.3,2.05,Yes,10.8
Loamy,Rice,702.7,18.7,7.23,119.7,7.93,6.8,1.3,Yes,9.76
Sandy,Cotton,537.8,24.6,4.92,167.6,3.36,9.3,6.4,No,5.16
Sandy,Cotton,851.6,22.9,6.97,149.5,3.42,7.3,2.02,No,5.48
Silty,Cotton,1360.6,32.3,7.59,235.6,2.45,7.2,4.67,No,5.5
Sandy,Maize,992.5,24.8,6.95,149.4,6.26,8.4,5.48,Yes,10.75
Clay,Wheat,745.5,23.6,5.55,158.4,7.55,7.6,6.13,No,8.35
,Barley,1295.6,15.1,5.43,166.0,5.47,7.4,,No,7.58
Clay,Maize,830.0,22.5,6.06,180.9,7.93,9.0,6.21,Yes,10.91
Loamy,Barley,708.8,15.0,6.07,102.8,5.36,5.3,8.92,Yes,8.55
Peaty,Wheat,921.4,33.3,7.63,152.0,5.68,,1.3,No,6.46
Loamy,Rice,1055.8,29.7,5.71,138.6,7.06,7.5,3.48,Yes,9.98
Clay,Wheat,617.1,17.6,6.13,58.4,5.68,6.5,4.01,Yes,7.86
Peaty,Cotton,863.2,26.9,5.75,,5.52,9.8,9.75,Yes,6.92
Clay,Barley,864.6,23.6,6.53,184.0,8.07,,4.76,Yes,7.81
Sandy,Maize,1027.8,27.6,5.06,114.1,7.39,6.6,14.08,Yes,9.98
Silty,Rice,,18.1,6.22,149.8,1.31,6.6,9.75,Yes,11.24
Peaty,Wheat,748.8,,6.36,239.3,4.08,6.0,1.1,Yes,7.61
Sandy,Barley,1039.0,28.9,,169.2,4.02,4.9,1.91,No,6.94
,Soybean,635.0,29.4,5.86,13.1,7.09,7.2,2.86,No,5.38
Loamy,Wheat,732.3,25.2,5.54,221.9,4.49,5.7,4.33,No,7.57
Sandy,Wheat,,28.1,6.11,216.2,5.81,6.8,9.43,No,7.58
Peaty,Wheat,410.3,22.0,6.75,162.2,5.06,9.1,10.08,No,7.3
Clay,Soybean,1028.4,16.9,6.69,,7.32,4.6,16.18,Yes,7.49
Clay,,,18.3,7.51,164.8,6.16,8.4,2.59,Yes,8.39
Peaty,Cotton,670.8,26.1,6.23,62.0,4.05,8.5,0.8,No,5.84
Peaty,Soybean,890.0,23.9,7.86,158.5,4.75,9.7,1.92,Yes,7.67
Silty,Cotton,831.5,31.9,7.11,124.1,3.29,9.0,3.28,Yes,7.55
Loamy,Soybean,1219.1,24.1,5.82,151.6,3.41,7.5,3.61,Yes,8.41
Loamy,Maize,879.4,27.0,7.48,250.8,1.26,8.0,12.52,Yes,11.8
,Barley,667.9,18.5,5.96,184.8,6.41,7.0,4.27,Yes,8.44
Silty,Barley,,21.4,5.09,174.0,,4.9,5.68,Yes,7.91
Peaty,Rice,1049.3,,5.94,180.6,5.13,6.5,17.2,Yes,9.79
Clay,Soybean,762.3,19.9,6.53,151.5,3.68,5.9,0.91,Yes,7.62
Silty,Wheat,917.4,22.6,6.76,153.5,3.68,6.4,3.46,No,7.35
Loamy,Barley,1313.8,21.2,5.02,78.0,4.91,5.7,6.82,Yes,7.82
Loamy,Barley,781.3,23.3,5.82,162.5,,7.3,1.34,Yes,10.04
Sandy,Soybean,971.5,23.4,7.0,98.2,6.94,6.4,3.81,Yes,7.8
Sandy,Wheat,941.1,33.8,6.87,162.1,6.02,7.4,1.32,Yes,7.22
Peaty,Cotton,900.8,22.9,6.85,148.4,8.96,9.4,1.47,No,6.02
Loamy,Rice,1130.1,23.6,6.94,86.2,0.0,6.6,2.3,Yes,9.19
Peaty,Cotton,859.5,19.1,6.56,201.8,6.21,,10.49,No,7.25
Peaty,Cotton,1193.4,25.1,5.27,188.3,5.07,7.3,1.91,Yes,6.36
Clay,Barley,955.0,20.5,7.04,170.3,2.8,7.7,1.6,No,7.29
Peaty,Soybean,1010.5,25.3,6.59,113.0,7.37,8.3,3.53,Yes,6.86
Clay,Barley,649.2,21.7,5.59,,6.6,9.2,1.56,,8.43
,Wheat,828.7,18.6,7.22,61.9,4.27,9.6,1.87,No,7.73
Clay,Barley,859.4,30.0,6.89,159.8,3.77,8.3,4.2,No,7.88
Sandy,Maize,925.4,17.4,6.01,31.0,2.85,10.6,8.99,No,9.59
Loamy,Cotton,563.8,21.8,5.71,56.8,8.34,6.1,6.18,No,6.8
Loamy,Soybean,427.7,21.6,6.45,174.4,8.65,7.6,4.67,No,7.68
Sandy,Maize,726.3,26.2,6.54,107.1,,7.9,2.21,No,9.49
Sandy,Soybean,738.4,27.4,7.15,49.2,3.22,7.2,10.51,Yes,6.83
Silty,Barley,861.7,16.6,7.39,220.3,6.78,7.6,4.0,Yes,8.57
Loamy,Rice,538.3,26.3,6.12,88.0,7.39,10.1,8.4,No,9.17
Peaty,Cotton,1212.8,28.1,5.6,0.0,6.12,8.6,2.45,Yes,5.95
Loamy,Soybean,691.0,30.4,5.33,185.1,3.05,10.5,1.54,No,7.5
Silty,Rice,1236.0,28.4,6.32,126.5,3.08,7.3,1.39,No,8.14
Loamy,Cotton,901.6,26.6,6.35,177.2,2.25,6.8,3.58,Yes,8.63
Peaty,,779.8,28.0,4.82,205.8,5.12,7.7,1.08,No,5.77
Sandy,Maize,723.5,24.3,5.99,205.1,6.32,7.4,3.82,Yes,11.28
Clay,Barley,509.7,23.5,6.84,192.3,8.08,5.7,5.29,Yes,8.51
Loamy,Wheat,679.6,26.4,,134.5,6.45,7.4,2.82,No,8.46
Sandy,Wheat,784.5,26.7,4.85,62.3,2.45,10.3,1.78,No,5.89
Clay,Maize,638.1,14.1,6.55,132.0,3.37,5.6,1.22,No,8.72
Sandy,Maize,308.4,28.5,6.21,115.3,7.26,7.0,4.21,Yes,9.95
Loamy,Cotton,1080.2,30.3,,137.2,7.4,8.7,3.17,,7.23
Peaty,Soybean,1024.8,23.8,6.79,60.0,1.97,7.3,5.86,No,6.92
Peaty,Cotton,492.8,35.2,7.08,146.9,2.39,5.5,12.33,Yes,6.3
Loamy,Barley,982.2,32.2,7.16,116.1,0.82,5.5,2.7,No,7.23
Sandy,Cotton,963.6,22.8,5.46,97.5,3.87,7.3,4.21,No,6.13
Peaty,Soybean,1159.0,32.5,6.58,77.0,2.88,5.9,12.24,No,5.66
,Wheat,1052.5,21.4,6.13,,2.2,6.2,3.08,No,8.68
Loamy,Maize,651.7,27.8,6.59,176.0,5.27,6.0,2.8,Yes,11.63
Peaty,Barley,,23.9,5.89,149.4,5.93,5.2,0.89,,6.35
Loamy,Rice,1015.8,28.2,6.34,42.3,8.74,,0.94,Yes,8.54
Clay,Soybean,895.8,27.2,6.69,135.0,5.62,6.0,2.08,No,6.97
Silty,Cotton,1200.6,29.5,6.54,139.0,3.45,8.4,2.62,No,6.88
Clay,Rice,1173.6,24.7,6.17,,6.95,6.4,11.34,No,8.96
Peaty,Cotton,998.9,26.6,6.29,143.2,5.94,8.1,7.75,No,6.86
Clay,Soybean,1086.5,22.3,6.62,183.8,3.19,6.8,10.73,Yes,8.65
Silty,Cotton,814.2,26.0,6.13,216.4,6.71,,3.22,Yes,8.04
Loamy,Cotton,652.2,31.3,6.68,77.4,5.58,7.0,5.13,No,6.36
Loamy,Wheat,803.4,34.7,7.01,154.7,8.65,8.8,1.84,Yes,8.47
Clay,Maize,892.3,20.1,6.4,165.7,7.14,7.5,1.86,Yes,10.41
Sandy,Maize,,31.7,6.04,185.9,7.46,7.9,5.84,No,8.53
Sandy,Maize,398.7,29.9,5.17,118.3,4.41,6.3,3.13,Yes,8.85
,Barley,923.5,25.7,5.71,0.0,6.34,7.2,2.89,Yes,7.67
Clay,Maize,849.1,28.0,6.87,94.1,5.51,6.4,15.95,Yes,10.84
Sandy,Cotton,946.7,20.7,8.45,148.5,7.51,7.3,2.29,No,5.54
Clay,Wheat,350.6,25.6,5.13,101.1,1.44,8.6,13.65,Yes,6.69
Sandy,Barley,949.9,21.7,6.15,132.5,,7.7,12.88,No,7.55
Silty,Rice,806.2,14.6,7.62,88.8,8.18,7.3,2.44,Yes,9.14
Peaty,Soybean,1418.6,26.3,5.57,137.8,4.98,5.0,1.7,Yes,7.59
Silty,Rice,1113.8,20.4,7.02,119.1,7.21,5.8,4.56,Yes,9.75
Peaty,Rice,1050.9,25.4,7.27,45.9,1.23,9.1,5.54,No,8.45
Silty,Maize,848.1,,6.38,212.6,6.83,7.8,1.41,Yes,11.01
Clay,Soybean,1405.2,,4.91,130.5,5.66,6.3,2.88,No,5.61
Peaty,Rice,757.6,26.1,6.94,214.4,8.74,10.3,1.26,No,8.82
Silty,Cotton,1015.3,35.3,6.73,116.9,3.52,6.9,,Yes,6.78
Silty,Wheat,730.2,27.3,6.44,0.0,2.62,7.4,2.09,No,6.28
Peaty,Rice,899.1,,4.93,164.4,5.1,7.3,3.45,Yes,9.66
Loamy,,975.6,8.5,6.42,50.6,4.61,6.5,1.55,No,8.34
Sandy,Cotton,705.4,23.7,5.93,269.3,7.04,5.6,6.33,Yes,6.51
Peaty,,1015.0,18.7,7.05,203.1,6.45,6.2,1.29,No,6.71
Sandy,Cotton,1345.2,24.2,6.19,124.4,5.76,8.2,5.62,Yes,6.66
Peaty,Barley,880.7,31.1,7.0,83.8,6.98,8.4,1.39,Yes,7.45
Peaty,Barley,979.7,24.5,7.05,145.4,5.17,7.4,5.51,Yes,8.82
Clay,Rice,1057.0,20.0,6.2,106.3,3.12,6.2,3.35,No,8.8
Sandy,Soybean,1108.1,24.0,7.19,137.0,4.59,8.5,5.4,Yes,7.82
Sandy,Barley,1086.3,19.1,6.11,157.5,2.53,8.8,1.41,Yes,7.94
Silty,Cotton,894.6,26.8,5.89,65.1,6.25,6.0,6.31,No,6.92
Peaty,Soybean,699.3,32.6,7.51,,4.91,7.7,6.35,Yes,6.79
Clay,Cotton,1106.9,27.9,8.09,,6.82,8.0,7.45,Yes,6.85
Silty,,,19.2,5.58,194.2,10.51,9.0,12.21,Yes,8.41
Peaty,Barley,433.4,18.2,6.2,171.6,2.01,10.8,5.14,No,7.41
Sandy,Cotton,580.4,28.8,7.78,162.5,6.19,8.8,0.85,Yes,6.04
Clay,Cotton,721.0,27.5,7.15,,9.17,5.7,4.12,No,6.28
Silty,Rice,979.9,28.1,,269.1,2.88,4.8,4.3,No,8.39
,Maize,1012.5,21.1,5.16,152.5,5.97,5.5,3.4,Yes,10.99
Sandy,Barley,956.0,29.1,3.85,184.3,4.76,7.3,3.59,Yes,6.56
Sandy,Cotton,817.7,25.4,7.02,174.5,6.19,6.9,3.94,Yes,7.07
Sandy,Barley,408.3,18.4,6.31,184.1,7.1,5.6,0.2,No,5.89
Sandy,Cotton,702.3,26.6,5.82,65.8,7.02,8.2,1.11,Yes,6.39
Clay,Rice,534.0,29.3,5.55,144.6,4.89,9.3,13.54,No,7.67
Peaty,Cotton,776.4,23.3,5.62,135.0,,6.5,2.39,Yes,7.54
Sandy,Soybean,961.1,15.6,8.6,49.9,0.0,9.0,13.64,Yes,6.65
Loamy,Soybean,762.8,24.1,6.79,109.0,2.16,8.1,5.04,No,7.34
Loamy,Cotton,1181.7,23.9,6.68,120.3,,,19.2,Yes,7.36
Clay,Cotton,787.0,26.3,6.81,119.3,2.61,6.3,2.82,Yes,7.79
Silty,Soybean,435.7,26.5,5.9,251.2,4.92,7.9,2.91,Yes,7.62
Clay,Barley,989.5,21.8,6.38,251.6,5.05,7.8,0.73,No,7.25
Peaty,Soybean,1279.7,25.2,6.1,176.4,5.5,7.3,15.25,No,7.51
Peaty,Cotton,1137.3,18.5,5.99,198.1,0.0,6.8,1.83,Yes,6.85
Clay,Maize,1093.3,27.3,6.46,238.6,5.17,7.8,2.21,Yes,11.29
Silty,Cotton,449.7,27.6,5.84,190.5,4.38,6.9,79.48,No,5.89
Loamy,Wheat,800.7,27.2,7.56,,4.92,5.9,,No,8.13
Peaty,Rice,935.0,,7.67,141.1,6.63,10.6,6.35,No,9.66
Loamy,Maize,752.5,29.6,7.18,,2.48,7.1,1.84,Yes,10.41
Sandy,Soybean,1020.8,30.9,6.6,112.4,8.54,,29.45,No,6.36
Loamy,Soybean,1118.4,26.2,5.75,142.9,5.37,5.5,0.63,No,7.53
,Maize,739.3,22.9,7.47,84.5,2.68,,0.91,No,9.19
Peaty,Soybean,1015.8,22.0,6.4,149.5,0.95,7.3,7.27,Yes,8.34
Silty,Barley,1069.0,30.4,6.86,228.8,6.86,8.5,7.98,,8.52
Peaty,Barley,559.8,,7.38,167.5,5.21,6.4,1.21,Yes,8.13
,Wheat,765.2,19.6,5.37,57.5,4.94,8.1,14.88,Yes,8.29
Sandy,Barley,1111.3,21.2,5.6,179.5,0.68,6.9,,No,7.31
Loamy,Barley,1456.6,25.7,7.7,219.8,2.83,7.5,0.73,Yes,7.5
Sandy,Cotton,837.5,20.9,6.54,259.5,3.33,9.0,24.63,Yes,7.05
Silty,Wheat,,26.2,5.39,181.8,3.62,7.5,10.44,Yes,8.39
Sandy,Barley,848.1,33.5,5.37,9.2,9.56,7.8,2.73,No,5.32
Silty,Soybean,1063.7,30.3,6.67,166.9,4.0,5.3,8.28,No,7.03
Clay,Rice,1078.1,24.1,8.72,127.7,7.44,7.0,1.04,Yes,9.22
Silty,Barley,1179.1,23.2,5.87,130.3,,6.7,8.18,No,7.56
Peaty,Soybean,1070.1,19.0,6.15,122.2,6.97,8.3,4.4,Yes,7.86
Silty,Rice,1400.6,21.6,5.47,177.7,3.47,7.7,6.22,No,9.32
Clay,Maize,1103.8,23.3,5.31,176.6,6.84,8.3,6.68,No,10.43
Sandy,,1250.4,25.7,7.18,,6.9,7.6,1.93,No,6.5
Clay,Barley,951.9,22.4,5.82,153.6,2.69,7.8,2.97,Yes,8.96
Clay,Wheat,684.5,23.5,4.65,188.8,5.79,8.2,6.29,Yes,8.06
Sandy,Rice,630.4,25.6,5.55,111.6,4.69,8.2,5.9,No,8.85
Silty,Maize,792.7,,6.63,179.2,8.64,7.4,5.06,No,9.6
Loamy,Soybean,698.5,23.6,7.92,221.3,9.21,4.6,8.13,No,7.37
Silty,Wheat,554.2,24.0,7.18,,0.0,5.4,6.05,Yes,8.34
Loamy,Wheat,887.7,,,187.8,,10.0,1.89,Yes,10.0
Clay,Barley,1263.5,16.2,6.64,157.2,4.15,7.5,0.64,Yes,8.44
Sandy,Cotton,774.9,22.5,7.65,81.7,6.21,7.9,3.71,Yes,6.74
Sandy,,539.2,,7.05,132.5,5.74,8.8,2.08,,10.42
Peaty,Maize,881.7,24.4,5.72,103.4,6.69,6.6,3.48,No,9.29
Loamy,Wheat,907.3,26.9,6.61,121.4,,8.1,5.08,Yes,9.37
Peaty,Rice,1212.4,25.2,5.96,175.0,2.57,8.8,9.05,Yes,10.52
Loamy,Soybean,1223.3,26.2,5.63,,4.28,5.8,4.76,Yes,8.13
Peaty,Cotton,731.2,23.4,6.87,73.9,3.61,7.6,2.52,Yes,6.3
Loamy,Barley,537.7,26.3,4.52,250.6,,7.3,1.48,Yes,7.91
Silty,Barley,995.2,27.8,6.11,146.5,9.24,5.7,1.55,,8.15
Loamy,Cotton,868.2,22.3,7.09,131.9,7.94,8.0,1.44,Yes,7.63
Peaty,Wheat,,22.3,5.62,231.0,3.52,9.1,1.32,No,7.87
Loamy,Cotton,710.3,24.5,6.2,130.0,7.2,8.1,3.92,Yes,7.71
Silty,Maize,803.8,24.9,5.55,133.8,6.04,9.0,0.85,No,10.74
Silty,Barley,,30.3,8.65,169.1,3.27,8.2,10.58,Yes,6.44
Sandy,Rice,915.3,21.8,6.79,,0.0,5.6,2.07,Yes,8.7
Peaty,Soybean,985.7,33.2,7.02,170.5,6.53,8.5,8.2,No,6.12
Peaty,Maize,751.6,26.6,6.93,51.9,8.96,6.6,4.3,Yes,10.58
Clay,Soybean,908.2,24.0,5.9,270.8,2.94,9.3,0.41,No,6.64
Silty,Cotton,1035.3,22.6,7.44,176.9,7.98,6.9,2.68,No,7.25
Peaty,Maize,825.6,21.8,7.33,207.0,9.27,7.1,1.68,Yes,11.42
Peaty,Rice,763.1,,5.62,166.8,10.25,6.5,5.74,Yes,9.21
Clay,Rice,,28.0,5.49,133.6,0.0,5.7,4.69,No,8.23
Peaty,Rice,688.0,19.5,6.92,298.5,7.72,8.4,0.83,No,8.69
Peaty,Maize,1190.1,21.6,7.0,48.4,3.24,7.4,1.71,No,10.17
Clay,Soybean,617.2,31.8,5.84,,2.94,6.9,6.75,Yes,7.01
,Soybean,646.4,23.9,5.66,158.2,5.59,8.8,5.39,Yes,7.16
Sandy,Cotton,1202.3,21.2,7.52,213.2,9.56,7.6,0.93,Yes,5.9
Peaty,Soybean,536.3,22.6,5.26,,2.14,7.4,2.18,No,6.9
Clay,Rice,813.3,26.0,7.59,148.8,3.02,6.6,1.13,No,8.71
Peaty,Cotton,1652.4,30.0,5.68,,6.56,7.5,2.85,No,5.6
Loamy,Soybean,1054.8,28.8,5.88,78.9,,6.9,8.48,Yes,7.81
Sandy,Soybean,920.4,19.2,6.33,124.6,3.07,9.0,10.96,No,6.74
Sandy,Cotton,927.9,26.0,7.42,188.1,0.0,6.0,3.01,No,5.72
Peaty,Maize,1051.4,31.9,6.39,209.5,3.68,8.4,1.49,Yes,10.9
Peaty,Cotton,1098.9,25.0,6.2,84.2,2.8,7.0,0.81,Yes,6.38
Silty,Rice,1057.8,27.3,,242.0,3.78,6.5,1.95,Yes,8.93
Clay,Soybean,756.5,30.2,6.75,210.6,6.58,7.1,0.61,Yes,7.63
Clay,Barley,775.9,31.8,7.91,0.0,2.16,5.2,1.24,Yes,5.7
Clay,Barley,711.9,18.9,7.13,198.0,5.16,10.2,1.25,Yes,8.44
Silty,Cotton,818.9,19.6,5.54,163.8,8.49,9.9,2.67,Yes,7.95
Peaty,Cotton,933.2,19.6,6.97,22.0,4.91,6.9,1.18,No,5.93
Sandy,Maize,1237.6,21.9,7.4,136.6,4.0,9.4,,No,9.79
Sandy,Cotton,843.4,33.2,7.03,93.6,8.84,9.0,5.66,Yes,6.84
Loamy,Maize,1180.2,30.2,7.1,124.7,3.2,8.2,1.36,No,9.97
Clay,Soybean,980.1,24.1,6.5,194.6,5.92,8.3,10.84,Yes,7.63
Clay,Soybean,925.8,18.8,6.7,150.1,4.4,6.6,6.25,No,6.29
Sandy,Barley,963.0,23.9,6.12,181.0,3.01,7.2,2.45,Yes,8.73
Loamy,Cotton,880.8,21.7,6.83,132.8,0.0,5.8,16.71,No,7.31
Silty,,943.0,25.6,5.86,197.9,5.19,6.0,0.45,No,9.38
Sandy,Soybean,565.8,24.2,6.21,119.7,5.69,9.6,2.91,No,6.91
Peaty,Soybean,744.3,17.5,5.0,173.3,3.19,6.2,6.75,Yes,7.85
,Cotton,505.3,29.1,5.03,,3.88,6.9,4.05,Yes,5.81
Loamy,Maize,997.7,32.0,7.11,146.4,5.05,8.5,0.88,No,10.12
Silty,Maize,792.5,20.7,5.41,127.7,4.51,6.7,6.3,Yes,10.59
Peaty,Wheat,1246.9,23.5,6.06,142.0,5.73,8.1,3.56,Yes,8.58
Loamy,Barley,816.3,35.7,6.32,177.2,4.79,7.2,5.06,No,6.89
Peaty,Soybean,1356.6,29.2,7.08,182.1,5.48,6.5,1.91,No,6.52
Clay,Cotton,1092.5,27.4,7.16,119.1,6.97,7.9,2.33,Yes,6.86
Loamy,Rice,837.6,31.7,5.75,126.1,4.97,5.1,0.61,No,9.05
Sandy,Wheat,822.4,25.5,6.63,180.9,6.35,9.5,1.89,No,7.12
Loamy,Cotton,554.9,15.9,5.54,184.2,9.1,9.9,1.03,No,6.39
Peaty,Maize,948.3,,6.89,160.2,5.72,11.3,0.97,Yes,11.43
Clay,,463.5,18.8,4.91,46.7,5.66,5.5,8.79,Yes,5.3
Clay,Cotton,1004.2,24.9,6.7,176.9,4.66,8.0,3.1,No,6.43
Silty,Barley,897.1,23.2,6.76,75.3,2.12,9.3,,No,7.29
Clay,Maize,679.1,20.7,6.52,218.7,8.41,7.4,1.66,Yes,11.51
Clay,Maize,610.3,31.3,,95.8,3.37,,0.86,No,7.92
Sandy,Rice,929.4,24.3,7.28,192.2,3.97,5.6,2.52,Yes,9.34
Silty,Wheat,1054.4,28.7,7.11,229.1,4.68,5.9,1.6,Yes,8.58
Silty,Rice,1323.3,19.6,6.94,,5.05,8.4,4.26,Yes,9.26
Silty,Barley,1165.8,21.7,6.93,182.0,,4.8,4.31,Yes,8.32
Sandy,Soybean,892.8,25.5,7.27,101.5,6.16,8.0,1.23,Yes,6.68
Clay,Barley,912.2,21.4,6.93,178.7,9.27,4.9,1.16,No,7.05
Peaty,Rice,1341.4,23.2,6.4,106.9,5.3,8.2,4.91,No,8.8
Clay,Barley,1233.3,32.4,6.2,134.3,5.01,9.1,2.79,Yes,7.95
Clay,Wheat,792.7,13.5,6.93,146.3,3.0,7.8,5.6,Yes,8.97
Silty,Barley,728.6,13.4,7.2,187.7,7.75,5.8,0.95,No,7.72
Clay,Soybean,1263.5,20.0,7.13,238.1,2.63,4.5,6.2,Yes,7.33
Silty,Barley,1054.3,23.1,,76.2,,6.0,2.41,Yes,7.99
Loamy,Cotton,723.7,19.2,6.67,,0.04,10.0,5.86,Yes,8.29
,Cotton,1346.6,29.1,7.39,207.0,2.58,9.0,0.73,Yes,7.34
Peaty,Soybean,670.9,23.9,7.05,207.0,7.67,6.5,6.33,Yes,7.83
Clay,Wheat,640.2,23.4,6.99,134.3,6.58,6.3,4.24,No,7.79
Clay,Barley,1276.9,32.3,6.76,41.3,6.35,6.7,0.85,Yes,7.68
Silty,Maize,913.1,21.4,6.52,,3.19,4.7,4.19,No,9.38
Silty,Maize,725.1,20.0,7.1,59.0,1.32,,5.2,Yes,11.29
Silty,Cotton,825.8,27.3,5.52,,4.04,5.5,2.43,No,6.2
Sandy,Soybean,965.3,23.9,6.65,149.8,2.16,8.4,2.73,Yes,8.14
Silty,Maize,920.6,18.0,5.59,176.9,1.06,6.2,3.74,No,10.01
Silty,Soybean,969.1,34.8,6.52,149.8,8.96,9.5,3.85,Yes,8.36
Sandy,Maize,1395.0,16.7,6.3,167.0,4.88,7.0,5.45,No,9.65
Clay,Cotton,1121.7,35.6,5.33,156.2,5.68,6.0,1.04,Yes,5.62
Loamy,Soybean,704.0,22.8,7.79,127.1,,10.6,3.79,No,7.33
Clay,Barley,786.8,19.4,4.88,92.9,6.18,8.2,2.34,Yes,7.87
Peaty,Cotton,573.6,23.9,6.34,170.0,4.23,7.0,2.12,No,6.59
Loamy,Soybean,645.1,20.1,5.29,173.9,6.53,,5.94,Yes,8.78
Clay,Soybean,890.2,19.0,5.46,233.2,6.2,6.8,1.05,No,5.83
Clay,Barley,891.0,27.0,5.95,75.5,6.92,7.0,1.63,Yes,7.37
Sandy,Cotton,886.1,18.6,6.72,206.8,3.69,10.3,6.85,Yes,7.41
Loamy,Wheat,757.4,32.5,6.58,112.8,9.53,10.9,1.46,No,7.25
Silty,Rice,894.4,27.6,7.3,210.6,4.36,,3.34,No,8.54
Peaty,Cotton,1144.5,25.6,7.6,197.3,7.13,6.1,5.11,No,6.13
Peaty,Cotton,709.4,21.7,5.04,223.9,8.12,10.1,37.4,,7.24
Clay,Rice,1165.7,20.7,7.4,162.6,4.86,8.6,,Yes,9.68
Sandy,Wheat,1122.5,24.5,6.75,157.7,4.72,7.1,0.82,Yes,8.79
Sandy,,916.5,18.5,5.95,78.6,0.61,8.1,9.75,No,6.19
Clay,Barley,739.9,28.6,5.71,163.7,7.23,4.9,2.11,Yes,8.3
Peaty,Cotton,,17.6,,70.2,5.45,9.5,1.53,Yes,6.45
Clay,Rice,1169.1,25.8,7.58,34.4,6.11,6.9,3.04,No,7.71
Loamy,Rice,651.9,21.1,6.51,140.5,3.01,8.0,7.01,Yes,9.88
Loamy,Maize,1048.1,22.1,6.06,16.1,6.72,5.8,2.68,Yes,10.85
Loamy,Cotton,1318.9,28.3,7.2,149.8,7.71,4.4,1.52,Yes,7.2
Clay,Cotton,997.2,20.6,7.04,66.5,3.73,7.5,4.54,Yes,7.21
Loamy,Barley,996.3,17.6,5.91,143.5,0.92,8.1,0.35,Yes,8.91
Silty,Barley,1495.2,25.4,7.21,186.2,4.71,9.1,3.09,No,7.14
Peaty,Rice,829.2,24.1,5.54,185.4,8.59,11.2,9.23,No,8.39
Clay,Maize,829.1,22.1,5.59,212.3,4.48,4.7,7.67,Yes,10.98
Sandy,Soybean,1017.5,26.3,6.09,86.4,0.64,8.4,25.54,No,6.48
Loamy,Maize,754.4,19.4,7.07,83.0,4.88,5.6,12.39,No,10.93
Clay,Soybean,719.2,19.3,6.29,118.9,2.87,7.3,7.93,No,7.44
Loamy,Rice,971.4,22.6,,159.5,2.68,8.0,3.65,Yes,10.09
Peaty,Rice,540.6,24.9,,172.9,5.16,4.5,17.53,Yes,8.77
Sandy,Rice,631.3,20.4,7.73,152.4,4.44,6.1,1.57,No,8.04
Peaty,Barley,993.8,31.3,5.42,76.7,5.02,8.4,1.94,Yes,7.96
Silty,Maize,821.8,,6.0,183.1,4.33,7.2,,Yes,10.21
Peaty,Barley,795.0,29.3,6.62,173.2,0.9,9.2,0.64,Yes,7.64
Peaty,Cotton,552.1,32.5,6.53,126.0,3.11,6.9,6.32,No,4.74
Clay,Soybean,861.2,30.9,6.46,219.8,0.0,6.9,,Yes,7.14
Peaty,Rice,647.7,24.4,7.09,118.5,3.36,7.9,3.55,No,8.63
Sandy,Barley,1017.8,23.2,5.09,171.6,5.19,9.5,13.31,Yes,7.7
Loamy,Cotton,1072.2,24.9,6.86,217.4,9.29,8.3,0.68,Yes,7.96
Peaty,Soybean,1125.1,22.9,7.21,169.3,5.46,8.2,2.61,No,7.83
Silty,Barley,976.5,20.3,7.03,,5.17,8.5,3.7,Yes,8.89
Sandy,Wheat,690.3,22.6,7.53,209.5,4.29,7.1,0.84,Yes,8.13
Peaty,Cotton,1015.7,27.2,5.95,18.3,0.33,,6.94,Yes,6.88
Clay,Maize,845.7,23.7,7.72,233.5,5.71,8.3,9.63,Yes,11.27
Sandy,Rice,998.1,27.5,6.76,271.9,11.41,4.9,2.96,Yes,8.57
Loamy,Barley,1142.8,24.2,6.49,186.9,5.68,9.8,1.09,No,8.35
Peaty,Cotton,773.0,16.5,7.67,207.3,7.63,5.9,4.08,No,5.89
Silty,Soybean,,20.9,7.49,202.5,7.78,9.1,1.14,Yes,7.64
Loamy,Cotton,932.5,15.2,5.5,,0.84,8.0,2.47,Yes,6.92
Clay,Maize,836.8,14.1,8.57,61.8,1.54,7.0,2.45,No,7.3
Silty,Soybean,1035.4,29.1,7.48,59.2,4.47,8.8,0.21,Yes,6.78
Clay,Maize,1032.5,21.4,5.81,,8.26,8.7,1.63,Yes,10.8
Silty,Soybean,1028.9,24.3,4.74,,5.37,6.9,1.64,No,7.45
Clay,Cotton,871.2,26.7,4.91,67.3,4.17,9.0,0.7,Yes,6.93
Peaty,Wheat,1488.4,23.0,7.46,,5.22,,7.47,Yes,8.06
Clay,Maize,491.7,33.9,6.07,199.5,6.18,5.6,2.77,Yes,10.05
Clay,Cotton,1238.3,11.1,7.94,194.0,5.44,9.6,1.61,No,5.67
Peaty,Cotton,1161.0,30.4,5.81,65.8,2.07,6.9,6.63,Yes,6.85
Sandy,Rice,706.6,23.6,6.58,98.8,3.01,7.1,2.62,No,8.09
Peaty,Wheat,894.0,16.0,7.63,192.4,5.92,5.2,0.29,Yes,7.76
Clay,Maize,1153.6,,6.8,139.7,1.1,7.4,10.48,Yes,10.78
Silty,Maize,497.3,27.7,7.43,70.4,3.02,8.6,5.37,Yes,10.53
Loamy,,1125.0,25.4,6.95,96.4,5.02,6.7,5.27,No,7.21
Loamy,Soybean,1454.7,31.7,6.48,125.2,6.23,6.9,9.05,No,7.47
Loamy,Maize,530.6,21.7,5.98,267.3,7.05,5.7,,No,11.34
Clay,Rice,636.9,22.4,6.85,123.2,3.17,7.5,1.16,Yes,9.42
Silty,Rice,600.2,15.7,6.06,132.1,,8.7,1.03,,8.56
,Barley,549.3,22.4,6.26,144.7,4.31,6.6,3.52,No,6.55
Peaty,Wheat,1141.6,25.6,6.6,193.5,8.41,7.7,1.8,No,7.55
Clay,Maize,927.5,21.5,5.5,146.2,7.8,7.6,2.18,Yes,9.89
Silty,Maize,922.7,20.2,5.92,73.2,6.24,9.6,3.15,Yes,11.38
Peaty,Maize,1059.1,26.4,5.86,124.1,6.12,5.9,3.35,Yes,10.44
Clay,Wheat,1384.6,,5.14,,6.77,5.8,4.41,Yes,6.86
Silty,Cotton,1050.7,25.6,5.4,149.6,5.73,6.1,,Yes,7.61
Clay,Barley,824.7,19.5,7.73,65.6,1.54,4.9,14.88,No,6.15
Clay,Rice,768.9,24.6,6.22,24.0,4.01,8.1,2.86,No,8.43
Loamy,Wheat,757.5,30.3,5.59,121.5,5.84,8.7,,Yes,8.76
Clay,Rice,1055.1,18.4,6.29,154.5,6.17,11.0,5.81,Yes,10.49
Loamy,Rice,942.9,31.8,6.09,119.9,10.16,6.4,5.84,No,9.21
Silty,Cotton,,31.4,7.55,293.2,3.91,8.9,2.72,No,5.26
Silty,Wheat,847.3,16.2,6.4,229.4,3.15,9.8,1.62,No,6.91
Silty,Barley,1622.3,20.8,7.01,152.5,2.8,7.3,3.81,No,7.46
Loamy,Rice,557.1,19.5,,224.2,2.87,9.4,5.2,No,9.87
Clay,Barley,972.4,10.6,6.77,73.4,6.57,4.2,4.54,,5.62
Loamy,Cotton,748.3,,8.21,43.9,6.62,3.6,2.21,No,5.21
Loamy,Wheat,1068.2,26.6,7.05,157.2,6.03,9.4,31.84,No,8.86
Silty,Maize,625.8,29.4,5.17,153.4,0.63,7.9,0.87,No,9.57
Silty,Wheat,998.1,30.3,7.15,8.6,0.0,9.6,6.59,Yes,7.82
Clay,Cotton,877.0,18.3,6.64,,4.99,6.8,4.2,Yes,7.6
Clay,Cotton,868.5,23.3,7.84,191.3,6.45,6.6,0.71,No,5.56
Sandy,Barley,502.6,22.4,6.73,151.2,0.87,6.4,1.49,No,6.47
Peaty,Maize,1556.6,30.7,7.59,176.0,4.79,8.6,,No,8.71
Clay,Cotton,1102.0,29.4,6.01,142.2,2.53,10.4,1.15,No,6.15
Clay,Rice,471.9,21.4,6.83,143.9,4.84,9.2,2.19,No,8.11
Peaty,Cotton,362.2,24.0,6.39,118.4,4.63,7.5,5.95,No,5.36
Loamy,Rice,978.1,,7.12,182.7,7.97,6.9,6.01,No,9.86
Clay,Cotton,916.1,,5.13,120.7,0.96,8.7,1.91,No,5.84
Peaty,Soybean,1053.6,23.8,8.64,165.2,0.0,6.2,0.39,Yes,6.43
Sandy,Barley,975.5,26.7,5.96,48.0,5.93,8.8,3.69,No,7.02
Peaty,Barley,788.9,24.7,7.66,166.6,10.97,8.2,4.7,No,7.6
Clay,Maize,758.1,21.0,5.63,98.8,6.29,8.6,4.49,,10.08
Clay,Wheat,1004.0,22.7,5.77,192.2,6.64,,1.67,No,8.19
Peaty,Barley,1020.5,15.7,6.55,162.2,6.34,7.0,1.86,No,7.37
Peaty,Wheat,963.8,20.5,7.69,67.6,2.01,7.9,,Yes,7.46
Peaty,Maize,1218.8,26.4,6.49,179.0,0.0,10.3,,Yes,11.59
Clay,Cotton,1001.2,17.1,5.45,131.9,5.74,7.0,3.77,Yes,6.15
Silty,Barley,886.4,16.2,6.34,170.4,,8.7,9.96,Yes,8.95
Clay,Barley,934.2,27.4,6.23,33.7,1.72,8.2,2.45,Yes,7.57
Loamy,Cotton,888.6,20.4,6.52,165.8,3.53,7.5,6.58,Yes,7.66
Silty,Cotton,447.6,30.6,5.99,213.7,3.97,8.4,3.22,,5.92
Silty,Cotton,,29.7,5.56,327.9,7.12,9.3,,No,6.09
,Wheat,1101.1,19.9,6.49,122.7,1.2,5.2,2.11,Yes,8.4
Loamy,Cotton,421.9,29.1,6.64,202.2,5.22,8.9,7.59,No,7.49
Sandy,Wheat,949.0,18.7,6.94,,6.83,6.7,1.67,No,7.22
Clay,Maize,551.4,26.6,,144.1,5.74,10.0,1.96,No,9.94
Peaty,Maize,789.8,31.7,6.71,269.8,6.27,8.8,0.87,Yes,10.44
Sandy,Maize,1014.3,23.5,6.17,126.1,5.69,7.3,2.18,Yes,10.42
Loamy,Rice,471.2,29.3,6.07,179.4,0.0,8.9,0.73,No,7.86
Loamy,Rice,1141.0,20.1,6.73,216.8,6.84,10.6,46.76,,9.78
Sandy,Rice,740.6,15.9,6.55,150.5,1.66,9.3,3.38,Yes,8.84
Silty,Cotton,,29.7,6.1,121.8,4.46,8.6,2.77,No,5.65
Silty,Soybean,886.7,,6.93,4.8,3.81,8.7,1.25,Yes,6.59
Clay,Soybean,923.2,21.7,7.3,164.2,3.18,6.4,1.96,Yes,8.38
Loamy,Cotton,369.0,18.5,6.33,119.9,3.12,5.0,2.14,Yes,7.56
Clay,Rice,722.4,23.8,5.41,137.6,2.18,7.0,8.67,No,8.78
Loamy,Wheat,,19.4,7.53,173.9,1.89,7.2,1.17,No,8.42
Sandy,Cotton,1118.1,21.6,7.34,145.0,9.93,6.5,1.7,No,5.52
Sandy,Soybean,708.6,21.1,4.46,117.5,2.04,7.0,19.73,Yes,5.93
Loamy,Wheat,,26.0,6.97,,0.0,7.2,3.03,No,7.3
Silty,Maize,906.1,24.8,8.4,198.8,8.02,8.9,1.19,No,10.54
Silty,Soybean,969.6,21.7,6.38,,3.53,6.2,5.58,No,7.3
Clay,Barley,1250.2,27.0,6.72,44.0,4.75,7.7,1.93,Yes,8.16
Sandy,Maize,733.0,23.2,8.28,128.1,5.26,7.9,5.42,No,9.03
Loamy,Barley,1135.1,21.9,6.34,147.8,8.81,7.5,5.73,Yes,9.43
Peaty,Cotton,708.4,27.1,7.93,124.2,0.0,6.3,0.62,No,5.68
Clay,Barley,796.9,,4.35,103.4,1.04,6.9,4.78,No,6.29
Peaty,Rice,808.3,37.4,6.83,,5.48,6.6,1.3,Yes,7.86
Loamy,Barley,448.9,25.3,5.82,,6.5,,1.7,Yes,7.99
Peaty,Cotton,895.9,15.7,6.37,130.2,3.24,6.8,4.6,No,6.1
Loamy,Rice,1094.7,21.7,6.67,201.0,10.16,7.3,0.66,Yes,10.14
Clay,Soybean,1342.9,18.3,5.6,98.5,5.0,7.9,3.95,Yes,7.54
Peaty,Cotton,837.4,30.9,6.8,87.9,6.02,8.4,1.08,No,5.4
Sandy,Barley,1229.9,31.5,6.92,226.3,4.34,,0.8,No,6.97
Sandy,Barley,897.6,24.4,5.88,90.4,2.54,6.8,6.38,No,5.99
Silty,Soybean,1140.0,28.7,4.89,66.7,6.89,7.1,14.28,Yes,7.61
Peaty,Soybean,973.3,17.4,6.01,207.6,,7.1,6.46,Yes,8.51
Loamy,Maize,961.8,23.3,,220.5,0.0,8.3,3.01,Yes,12.45
Silty,Cotton,969.7,22.1,5.58,253.8,5.05,7.0,4.56,Yes,7.17
Clay,Barley,1048.8,17.9,6.5,220.2,6.64,,1.02,No,7.85
Peaty,Rice,660.4,23.0,6.7,196.8,2.55,8.0,,Yes,9.33
Silty,Cotton,636.2,20.6,6.02,,6.06,10.8,40.64,No,6.21
Loamy,Cotton,1039.9,,5.52,,5.68,6.6,13.19,Yes,7.12
Sandy,Maize,,28.1,5.64,130.0,6.25,8.0,1.57,Yes,10.41
Silty,Maize,500.5,28.1,6.01,,6.77,7.4,3.12,No,9.66
,,,22.9,5.32,117.8,0.0,7.8,1.28,Yes,8.49
Loamy,Cotton,750.3,23.6,6.81,73.8,2.57,6.1,2.83,No,6.16
Clay,Rice,783.1,22.0,6.76,140.6,4.81,9.3,3.55,No,9.24
Clay,Maize,1173.2,19.3,6.39,194.7,5.76,6.8,2.63,Yes,10.76
Silty,Cotton,676.0,18.8,6.83,222.6,3.45,8.6,3.18,,7.85
Silty,Wheat,769.7,19.2,6.26,129.1,,5.8,6.44,No,8.23
Loamy,Wheat,628.9,21.5,6.24,154.2,4.82,6.9,5.52,No,8.52
Silty,Soybean,1158.6,25.8,7.63,136.7,7.4,10.8,3.53,Yes,7.32
,Rice,1344.5,20.1,6.57,63.7,,7.7,0.89,Yes,9.27
Silty,Wheat,1176.2,24.9,7.36,173.0,3.57,8.3,4.97,Yes,8.95
Silty,Wheat,1182.6,24.2,5.82,266.6,3.91,4.7,5.29,Yes,8.32
Loamy,Cotton,1175.2,23.1,6.51,102.8,2.65,6.7,2.23,,7.24
Clay,Soybean,1142.8,29.0,6.02,217.5,,8.0,1.84,Yes,7.82
Silty,Wheat,1433.7,18.6,7.14,73.8,,6.2,3.86,No,7.92
Clay,Barley,1311.4,27.6,6.63,114.6,5.91,,2.89,Yes,7.97
Clay,Cotton,994.0,17.9,6.7,171.6,3.53,5.3,2.74,Yes,7.28
,Barley,899.6,25.7,7.56,81.8,3.73,8.8,4.03,No,8.14
Clay,Cotton,786.6,25.4,,189.2,7.28,2.4,2.75,No,6.42
Sandy,Wheat,1527.9,31.8,5.7,183.7,6.5,6.1,5.3,No,6.75
Peaty,Maize,967.8,25.8,6.17,196.7,8.34,8.2,0.7,Yes,11.76
Clay,Rice,,27.8,5.3,114.2,6.78,6.9,6.34,No,8.04
Clay,Maize,1240.6,27.9,9.13,141.6,0.0,8.5,8.01,No,8.35
Clay,Barley,1326.6,23.9,7.09,186.1,3.16,6.2,3.14,No,6.41
Sandy,Barley,727.0,,6.88,156.1,7.55,7.6,3.51,Yes,8.27
Loamy,Wheat,317.4,26.0,4.94,156.4,0.0,8.0,6.56,Yes,8.33
Peaty,Rice,1138.7,30.1,5.43,204.5,7.83,6.1,21.47,Yes,8.86
Peaty,Maize,1000.9,21.1,6.66,142.3,5.18,7.8,0.76,Yes,11.39
Peaty,Maize,904.3,18.2,7.5,103.2,7.72,7.7,18.36,Yes,11.42
Clay,Wheat,827.6,20.4,6.82,166.2,7.13,7.0,7.11,Yes,8.39
Sandy,Cotton,1256.3,26.8,7.47,94.7,10.49,7.2,1.85,No,5.66
Sandy,Rice,951.6,30.1,6.71,55.8,5.73,7.3,4.75,Yes,7.6
Clay,Maize,600.8,26.0,5.68,221.7,9.71,5.7,3.13,Yes,10.73
Clay,Soybean,1359.3,20.3,6.83,,0.8,8.7,0.53,Yes,7.6
Clay,Rice,833.6,27.7,5.65,91.0,4.23,7.1,3.37,Yes,8.03
Sandy,Rice,976.9,21.6,6.1,85.9,7.03,5.3,2.4,No,7.2
Loamy,Cotton,1208.1,,8.52,158.2,0.0,6.8,2.06,Yes,6.22
Peaty,Rice,1306.4,19.3,5.93,58.0,4.58,8.8,12.07,Yes,8.74
Silty,Barley,942.6,19.0,8.24,88.2,4.85,6.8,3.79,Yes,7.5
Peaty,Soybean,973.3,20.7,8.28,117.5,3.68,8.0,2.94,No,7.29
Clay,Rice,776.7,27.9,6.27,96.8,2.73,7.8,27.99,No,9.54
Clay,,985.6,24.0,7.03,127.8,0.6,5.0,8.0,Yes,8.12
Peaty,Soybean,880.6,,7.99,281.0,,7.3,,No,6.14
Peaty,Wheat,,24.0,7.17,84.1,0.0,10.2,6.27,No,7.39
Peaty,Maize,784.8,,5.57,215.2,4.2,9.3,6.72,Yes,11.19
Peaty,Barley,1352.2,23.7,7.35,86.8,6.95,7.2,0.96,No,5.96
Sandy,Cotton,603.4,22.9,6.44,255.1,11.53,6.4,0.48,No,5.91
Peaty,Soybean,1113.9,15.3,5.89,181.1,2.04,5.7,0.85,Yes,7.67
Silty,Rice,543.1,25.1,6.04,123.3,5.48,6.0,2.16,No,7.75
Silty,Maize,592.6,28.4,5.9,158.0,6.77,9.4,14.23,Yes,11.13
Silty,Barley,1150.0,20.7,7.18,117.1,2.76,7.3,6.28,No,7.31
Silty,,1111.1,28.4,6.75,165.7,4.95,7.3,23.12,Yes,7.33
Sandy,Cotton,1059.2,20.5,6.6,121.3,5.88,6.9,5.55,Yes,6.73
Sandy,Rice,997.7,23.4,6.88,88.0,4.33,8.5,3.64,Yes,8.99
Peaty,Rice,878.2,19.3,4.35,140.1,3.27,6.3,1.36,No,8.25
,Wheat,959.7,23.4,6.45,77.7,,7.3,1.61,No,7.23
Sandy,Soybean,,23.0,7.32,,8.67,8.7,1.38,No,6.01
Sandy,Rice,1178.0,27.3,6.97,38.2,9.92,7.5,3.68,No,8.61
Silty,Wheat,559.9,23.3,6.44,125.7,4.34,10.1,4.6,No,7.74
Silty,Soybean,1013.1,27.1,5.21,51.8,1.82,4.4,1.6,No,5.94
Clay,,638.8,18.9,6.41,114.0,11.61,8.4,1.93,No,7.76
Silty,Rice,1319.8,26.2,6.94,169.5,5.67,11.8,1.14,No,9.32
Silty,Wheat,574.3,17.9,7.94,170.2,4.03,10.0,3.26,No,7.69
Peaty,Wheat,801.8,15.9,7.67,210.5,2.28,6.8,2.74,Yes,8.37
Clay,Barley,1132.2,20.4,6.55,77.2,4.59,7.5,4.38,Yes,8.73
Loamy,Rice,1214.3,22.1,6.69,31.5,0.45,7.5,3.04,Yes,8.78
Silty,Rice,464.4,25.4,6.74,87.0,3.5,7.1,0.78,Yes,9.22
Peaty,Rice,1586.6,22.9,6.83,239.9,9.29,6.3,1.36,No,7.98
Sandy,Maize,1254.8,26.0,7.35,196.7,4.1,6.3,15.25,Yes,9.9
Clay,Cotton,617.7,23.7,6.06,153.7,4.3,8.0,1.28,No,6.65
Clay,Maize,643.0,29.3,6.79,148.5,7.67,8.1,6.89,No,9.4
Clay,Barley,996.0,32.6,6.76,188.7,6.6,8.4,2.19,Yes,7.79
Sandy,Soybean,363.6,26.0,5.62,140.4,3.56,7.9,5.38,No,6.9
Peaty,Barley,985.8,28.8,7.51,123.9,0.85,6.8,774.9000638828177,No,7.65
Silty,Cotton,922.8,29.4,6.9,181.7,7.26,7.2,0.73,No,6.83
Peaty,Maize,849.4,17.3,5.85,125.4,7.4,9.6,6.98,No,9.78
Loamy,Rice,1047.9,25.8,5.78,121.5,6.17,8.4,4.84,Yes,9.36
Loamy,Wheat,1122.9,16.6,5.97,149.6,5.02,6.9,2.68,Yes,9.25
Peaty,Wheat,370.9,27.9,5.0,161.2,6.19,10.0,2.41,No,6.28
Peaty,Wheat,995.8,29.6,,201.4,0.92,7.0,2.65,No,7.36
Clay,Rice,1055.3,17.8,6.87,94.6,8.06,8.9,4.54,No,9.11
Loamy,Barley,1025.5,30.2,6.29,218.2,3.16,9.0,3.93,No,8.16
Sandy,Wheat,684.7,24.1,6.11,119.2,5.37,7.1,2.95,Yes,8.75
Loamy,Maize,1075.2,23.0,6.83,,3.32,9.4,3.95,No,11.16
Silty,Wheat,680.4,16.3,7.49,111.1,5.87,8.3,4.22,No,6.71
Sandy,Soybean,1037.8,28.1,7.76,130.2,1.12,6.0,1.36,No,5.89
Silty,Maize,741.1,28.7,5.47,59.8,4.91,8.4,7.56,No,9.9
Silty,Rice,788.0,33.2,6.35,238.5,6.77,2.4,65.49,No,7.38
Peaty,Rice,536.8,32.9,7.59,124.4,5.77,,3.23,Yes,8.77
Silty,Maize,697.9,25.4,6.25,263.3,10.09,10.8,,Yes,11.24
Silty,Soybean,608.4,28.0,7.28,,5.82,7.2,3.0,No,7.17
Loamy,Maize,904.0,20.6,7.28,,2.76,3.6,5.78,Yes,10.66
Peaty,Soybean,1088.7,23.2,5.23,188.0,,9.1,,Yes,8.1
,Maize,774.9,19.1,6.77,121.5,2.53,8.3,1.14,No,10.03
Clay,Cotton,707.6,19.6,5.97,131.6,,10.0,0.76,No,6.78
Sandy,Cotton,1065.2,18.6,4.72,0.0,9.09,7.6,1.56,Yes,5.47
Loamy,Wheat,884.2,26.3,7.29,181.0,7.61,7.9,2.06,Yes,8.34
Loamy,Rice,1089.8,29.0,6.53,187.5,3.96,11.6,0.69,No,9.34
Peaty,Soybean,718.6,19.4,6.79,105.7,3.0,7.8,4.61,Yes,6.75
Sandy,Cotton,955.0,16.6,6.14,123.3,1.91,6.1,0.78,No,5.69
Peaty,Barley,1078.8,22.8,6.74,149.1,6.66,8.7,4.24,No,6.89
Sandy,Rice,1019.9,24.4,7.52,74.0,6.23,7.0,4.5,No,8.38
Clay,Barley,1306.1,33.3,5.57,180.4,,7.9,2.23,Yes,7.61
Sandy,Rice,716.4,10.8,5.11,37.9,4.21,9.4,3.84,No,6.87
Loamy,Soybean,896.6,28.3,,,8.07,7.5,2.91,Yes,9.27
Loamy,Wheat,965.3,21.4,6.41,105.3,9.56,7.7,2.31,Yes,9.15
Clay,Wheat,693.7,29.9,6.18,194.2,2.58,7.7,3.71,No,7.6
Silty,Rice,937.9,32.3,6.64,128.9,7.46,5.5,19.01,No,8.74
Clay,Wheat,1037.9,19.8,6.65,197.9,7.64,4.8,4.93,No,9.18
Silty,Cotton,768.1,21.8,6.52,170.7,2.66,5.1,2.4,Yes,7.17
Clay,Barley,895.8,26.1,8.51,136.7,4.91,8.5,1.74,Yes,7.7
Sandy,Rice,671.7,24.2,7.05,183.1,7.96,8.2,10.21,No,8.81
Silty,Cotton,701.8,18.3,6.01,101.4,0.0,7.4,45.45,No,5.52
Silty,Maize,758.6,21.2,6.72,137.0,6.37,5.0,7.25,Yes,11.68
Loamy,Soybean,882.1,19.9,6.71,161.3,3.89,8.5,10.02,No,8.59
Sandy,Rice,404.1,15.5,6.82,0.0,3.79,8.3,3.41,Yes,7.28
Sandy,Maize,451.5,,6.53,,5.48,4.6,2.66,No,9.85
Silty,Cotton,720.8,,5.65,102.1,0.88,9.2,15.89,Yes,7.52
Loamy,Rice,960.5,24.1,7.14,79.0,8.99,6.0,11.06,No,7.75
Loamy,Barley,712.4,21.0,7.81,147.0,5.97,5.1,4.86,Yes,8.39
Silty,Soybean,792.7,18.4,6.96,80.9,7.96,6.8,13.25,Yes,8.65
Clay,Barley,1163.7,28.0,7.01,273.3,3.31,6.3,16.15,Yes,8.14
Silty,Cotton,1184.5,23.3,6.65,85.1,3.44,6.6,3.14,No,6.68
Peaty,Rice,1033.2,23.9,5.82,62.7,0.0,4.9,9.01,Yes,8.66
Loamy,Barley,1167.5,15.0,5.35,239.0,3.81,11.4,1.72,Yes,9.37
Sandy,Maize,1389.2,26.2,6.03,76.6,6.48,8.9,7.95,No,9.72
Silty,Barley,883.9,30.5,5.78,130.5,4.82,8.9,20.66,No,8.12
Loamy,Rice,1130.3,15.6,4.69,155.0,5.32,7.3,0.79,Yes,9.34
Sandy,Maize,1138.9,22.8,6.73,209.6,1.51,8.1,4.31,Yes,11.55
Loamy,Rice,1466.0,22.8,5.17,174.7,6.35,7.8,4.26,No,9.04
Clay,Rice,838.8,29.3,7.08,128.1,5.63,8.2,2.62,Yes,8.76
Loamy,Wheat,,20.6,6.05,238.3,5.68,6.2,33.99,Yes,9.26
Sandy,Barley,404.9,21.7,5.62,157.5,4.48,5.2,1.7,Yes,7.17
Silty,Wheat,842.2,22.7,6.34,165.5,7.38,2.5,1.07,Yes,8.76
Sandy,Barley,,20.1,5.69,,0.21,6.7,0.9,Yes,7.19
Clay,,,23.7,6.27,232.2,12.42,6.3,4.87,Yes,7.66
Sandy,Wheat,947.5,15.9,6.06,160.0,5.56,6.6,9.51,No,7.52
Silty,Rice,842.7,25.6,7.54,119.8,5.76,11.2,11.0,Yes,9.97
Sandy,Maize,,20.3,8.06,189.9,5.63,5.7,1.72,No,8.95
Clay,Cotton,818.7,26.8,7.68,,6.87,7.9,4.12,Yes,7.01
Peaty,Maize,1016.5,29.2,6.02,208.8,6.88,,1.12,No,10.25
Sandy,Soybean,400.8,,,124.1,10.55,9.0,7.06,No,6.22
Silty,Soybean,878.7,27.8,6.13,200.8,4.25,7.2,2.35,No,7.29
Clay,Cotton,833.6,22.2,5.74,117.0,4.03,9.5,5.01,Yes,7.1
Loamy,Rice,599.7,34.3,6.8,126.6,6.12,9.2,4.68,Yes,9.06
Clay,Rice,1297.4,16.2,7.75,224.2,6.37,9.8,0.69,Yes,9.12
Silty,Maize,324.7,25.2,5.87,121.8,5.12,9.2,1.67,Yes,10.21
Silty,Soybean,886.3,28.3,7.44,201.5,2.57,6.3,3.16,No,7.14
Loamy,Maize,,21.7,6.81,148.9,5.37,5.7,4.03,Yes,12.03
Loamy,Cotton,735.1,29.7,6.0,112.9,5.43,7.5,8.16,No,6.86
Clay,Maize,611.6,26.9,7.15,36.2,5.03,9.5,1.82,No,9.93
Loamy,Maize,1053.6,19.7,7.33,86.4,2.11,7.9,6.67,Yes,10.95
Silty,Cotton,796.9,28.6,6.19,210.1,0.89,10.6,1.69,No,6.12
Clay,Rice,1185.3,19.0,6.54,27.7,,10.0,2.39,Yes,8.4
Loamy,Barley,1433.0,26.7,5.98,181.9,7.2,6.8,0.49,No,7.79
Loamy,Maize,534.6,25.0,6.35,116.8,4.91,5.5,1.2,No,9.77
Clay,Maize,796.4,23.9,6.44,77.9,3.75,10.0,4.2,No,9.91
Loamy,Cotton,954.4,18.1,7.21,193.6,0.0,10.5,2.74,No,6.96
Clay,Wheat,715.6,26.6,4.95,53.5,7.48,9.4,7.92,Yes,7.38
Silty,Barley,1062.2,23.4,7.6,122.5,7.38,4.2,1.53,Yes,8.15
Loamy,Cotton,,39.0,5.96,170.3,6.1,7.0,4.17,Yes,6.9
Peaty,Barley,,19.3,6.41,94.2,5.04,6.3,1.92,Yes,7.26
Sandy,Cotton,1493.1,30.2,6.13,266.9,3.35,6.9,2.08,No,5.25
Silty,Soybean,823.2,35.6,5.0,98.7,1.23,9.7,3.82,Yes,7.17
Clay,Maize,541.4,30.8,5.6,111.2,5.34,5.6,,No,10.12
Sandy,,1235.9,25.0,6.35,204.2,8.72,8.3,1.13,No,10.38
Loamy,Rice,721.7,26.4,7.24,118.6,4.48,7.0,11.42,Yes,9.6
Loamy,Wheat,351.4,22.4,5.54,100.5,0.87,6.1,0.79,No,7.87
Clay,Barley,600.3,17.6,7.0,117.5,7.83,8.7,8.78,,7.38
Loamy,Maize,875.5,21.2,7.94,80.0,8.21,7.1,3.11,Yes,10.89
Sandy,Soybean,791.9,23.7,5.47,196.7,4.11,7.0,1.83,No,6.13
Clay,Wheat,1144.2,25.9,,200.0,3.98,7.9,,Yes,8.17
Peaty,Soybean,920.5,26.3,6.55,214.7,5.96,8.8,,Yes,7.74
,Wheat,1142.9,16.9,5.57,225.4,4.9,8.4,3.55,Yes,8.52
Clay,Soybean,670.7,19.3,5.94,151.0,1.06,8.1,3.67,,7.18
Loamy,Maize,745.9,26.5,6.39,155.6,,7.3,20.76,Yes,11.75
Loamy,Wheat,1022.8,26.3,8.37,169.2,6.34,11.5,1.52,No,7.83
Loamy,Maize,1271.5,30.3,5.31,152.1,3.97,8.0,3.26,Yes,11.27
Clay,Rice,1226.5,31.0,6.16,,1.64,8.0,7.77,Yes,9.61
Clay,Soybean,721.2,21.9,6.33,114.7,3.68,8.3,1.66,Yes,7.67
Sandy,Cotton,692.4,20.8,,174.4,7.78,8.7,5.51,No,6.14
Peaty,Soybean,1243.9,31.9,8.01,96.7,3.59,6.5,6.32,Yes,6.88
Sandy,Maize,355.6,18.9,6.43,157.0,6.29,7.9,1.73,Yes,9.3
Loamy,Wheat,721.0,13.4,6.47,228.1,1.96,8.1,0.74,No,8.35
Sandy,Cotton,988.3,21.2,7.38,29.5,3.82,10.3,10.97,No,6.06
Clay,Soybean,918.0,20.7,6.81,98.8,1.43,5.6,10.39,Yes,7.54
Sandy,Wheat,1335.2,20.6,7.0,195.5,3.37,5.7,4.7,Yes,8.25
Peaty,Rice,1080.0,26.6,6.71,133.8,2.81,8.3,,Yes,9.71
Clay,Barley,1092.0,28.2,7.03,89.5,7.44,5.8,2.84,Yes,7.7
Loamy,Barley,1020.0,22.4,7.55,92.0,,7.1,1.03,No,7.61
Clay,Maize,620.9,16.1,6.27,98.4,4.93,9.2,8.2,No,10.26
Sandy,Maize,1023.9,27.0,7.17,151.6,6.12,8.0,2.95,Yes,10.63
Peaty,Wheat,642.7,29.1,5.99,89.8,2.53,4.8,1.02,Yes,7.19
Sandy,Wheat,1128.8,17.3,6.11,267.3,4.4,7.0,9.84,No,7.11
Silty,Wheat,551.2,17.9,5.67,229.6,5.82,,3.87,Yes,8.66
Sandy,Wheat,,19.6,7.73,77.6,1.25,6.6,2.15,Yes,6.87
Clay,Rice,1139.2,18.9,6.73,204.8,8.74,9.3,5.8,Yes,10.77
Sandy,Cotton,977.3,18.5,5.86,251.1,3.36,6.6,4.21,Yes,7.28
Peaty,Maize,421.7,24.9,6.25,107.4,6.46,7.2,34.62,No,10.09
Loamy,Cotton,700.7,32.6,6.95,81.6,5.86,6.9,4.66,No,5.63
Clay,Barley,901.8,25.6,6.44,167.0,2.77,8.6,2.22,Yes,7.98
Clay,Maize,861.4,25.5,6.38,,5.5,6.1,3.35,Yes,10.82
Silty,Barley,1108.1,34.0,5.84,74.5,8.16,5.8,1.5,Yes,7.24
Peaty,Wheat,667.3,30.0,7.84,125.5,6.34,7.8,7.8,,6.77
Clay,Barley,1033.4,,5.53,,,9.0,12.49,No,7.39
Silty,Barley,836.9,26.1,7.67,114.4,8.23,7.0,7.82,Yes,8.82
Sandy,Cotton,828.2,23.5,5.83,0.0,4.39,8.5,2.25,No,5.36
Clay,Barley,1006.5,25.7,5.72,177.4,,6.4,22.73,No,6.73
Clay,Cotton,1421.5,22.8,6.73,140.8,3.31,5.9,1.28,Yes,6.14
Loamy,Barley,514.8,22.9,7.34,220.3,3.43,9.1,4.62,No,7.07
Loamy,Wheat,875.9,25.6,6.25,148.1,5.06,8.1,5.09,No,8.2
Clay,Barley,,24.8,6.39,123.1,2.3,7.2,4.48,Yes,7.32
Peaty,Wheat,659.8,24.1,7.02,103.3,1.81,8.2,15.8,No,8.24
Silty,Soybean,1187.4,21.0,6.11,228.4,0.0,11.0,2.01,Yes,8.31
Sandy,Soybean,812.9,18.7,6.98,75.8,7.5,7.9,5.66,No,6.05
Peaty,Cotton,,22.5,6.31,153.5,2.36,7.2,2.78,Yes,7.64
Clay,Maize,825.6,27.5,6.65,26.0,6.11,9.4,2.46,Yes,11.02
Clay,Barley,,28.7,,74.7,4.27,5.6,2.29,No,6.72
Loamy,Cotton,536.4,15.0,5.49,189.8,2.09,8.2,1.82,No,6.89
Peaty,Maize,1389.4,26.1,6.75,200.8,9.84,7.4,4.94,Yes,11.26
Silty,Cotton,882.7,20.3,6.7,177.0,7.94,9.3,3.82,No,6.7
Silty,,985.5,21.5,5.9,112.4,,7.2,2.94,Yes,8.49
Peaty,Maize,1076.8,20.4,6.11,58.2,3.31,7.2,2.37,Yes,10.28
Sandy,Soybean,841.4,15.1,7.26,,7.79,7.5,10.21,Yes,7.11
Sandy,Maize,,22.1,5.59,204.0,6.6,6.5,6.87,Yes,11.11
Sandy,Rice,877.8,27.9,7.31,84.0,3.76,6.4,3.77,Yes,8.83
Silty,Soybean,555.7,26.7,7.49,215.6,2.68,,3.16,Yes,7.4
Peaty,Soybean,892.2,25.8,5.53,143.8,7.01,8.2,3.56,No,6.62
Sandy,Wheat,620.6,27.2,5.19,189.0,7.77,7.5,11.68,No,6.5
Clay,Cotton,674.2,26.9,,200.7,5.63,5.1,2.49,,6.06
Loamy,,1351.3,16.5,7.09,31.5,7.69,6.3,0.83,Yes,8.09
Loamy,Cotton,426.6,28.3,7.62,67.8,4.28,6.5,4.64,No,6.8
Loamy,Maize,1421.6,18.4,6.19,187.7,1.73,8.0,2.27,No,10.86
Clay,Cotton,1264.4,11.4,7.72,64.3,4.06,6.3,2.89,No,4.47
Loamy,Wheat,881.8,24.8,5.85,210.5,3.25,6.5,33.06,No,8.28
Sandy,Rice,600.7,37.7,7.51,,5.31,8.6,4.69,Yes,6.48
Peaty,Rice,925.1,21.9,7.82,188.1,7.52,7.5,1.9,Yes,9.6
Peaty,Barley,743.5,27.7,6.53,137.9,5.27,7.6,2.02,Yes,7.3
Peaty,Maize,,30.6,6.56,192.8,9.18,7.8,3.52,Yes,11.12
Loamy,Rice,,26.3,7.15,192.5,7.71,3.0,1.88,No,9.0
Peaty,Wheat,733.7,24.1,5.58,238.8,4.47,7.8,4.22,No,7.85
Loamy,Soybean,799.8,26.9,7.45,217.6,4.33,5.3,3.36,Yes,8.41
Silty,Wheat,916.9,13.9,7.88,105.5,,6.8,3.83,No,6.67
Loamy,Soybean,1000.1,12.3,6.54,196.5,3.95,7.6,1.92,Yes,7.76
Clay,Wheat,1374.5,15.5,5.71,208.9,5.45,7.4,0.86,No,7.07
Sandy,Maize,900.6,,7.05,104.9,1.51,8.8,4.03,Yes,10.41
Loamy,Soybean,1329.8,23.4,5.99,114.6,8.07,6.7,,No,8.12
Peaty,Barley,,20.5,5.61,140.6,0.0,6.9,3.24,Yes,8.11
Clay,Maize,758.8,20.3,7.28,69.1,7.56,5.5,10.54,No,9.0
Clay,Rice,635.2,10.6,8.67,167.6,0.0,8.3,1.17,Yes,7.31
Sandy,Rice,902.2,,5.74,133.2,4.43,8.6,0.5,Yes,9.05
Sandy,Maize,,27.8,6.95,162.3,,8.0,8.55,No,10.05
Silty,Soybean,1073.4,18.4,7.25,123.9,4.39,9.1,7.43,Yes,7.84
Clay,Soybean,1007.5,24.7,5.63,263.1,3.84,7.6,2.66,No,7.43
Peaty,Wheat,885.3,17.2,7.74,114.0,8.97,10.7,5.3,Yes,8.14
Loamy,Maize,991.8,29.6,7.76,227.5,9.25,6.8,2.83,Yes,10.9
Clay,Barley,1258.8,19.3,5.78,113.6,6.65,5.9,2.46,Yes,8.58
Peaty,Soybean,1181.6,22.9,7.23,184.3,8.04,8.0,1.96,No,7.42
Sandy,Maize,1390.5,28.4,6.92,76.2,5.88,7.7,0.64,Yes,9.79
Peaty,Wheat,824.6,27.7,7.94,114.1,1.3,4.2,,No,6.89
Loamy,Cotton,998.0,25.2,7.51,222.4,3.9,7.5,13.66,Yes,8.74
Peaty,Wheat,930.6,20.9,5.69,60.9,2.19,6.1,19.85,Yes,7.37
Clay,Maize,718.8,20.5,5.14,66.7,4.47,6.1,7.42,No,9.4
Sandy,Barley,1257.7,22.5,7.45,145.4,6.66,4.4,3.73,Yes,7.22
Clay,Maize,1033.5,12.6,7.1,172.1,3.03,7.8,3.47,No,9.43
,Barley,1133.3,23.6,6.46,,5.86,6.6,,Yes,8.13
Sandy,Wheat,714.4,,7.42,222.1,3.99,7.4,2.18,Yes,8.17
Silty,Rice,990.7,17.9,7.38,97.1,,6.7,2.54,No,8.85
Silty,Soybean,1168.6,33.1,6.64,132.2,7.9,6.9,0.72,Yes,7.61
Loamy,Rice,595.2,26.7,7.39,204.0,2.55,9.3,3.42,No,9.78
Clay,Wheat,776.6,22.9,7.16,185.8,9.32,,9.84,Yes,8.8
Clay,Cotton,,19.7,5.68,102.7,5.57,7.9,54.95,Yes,7.53
Loamy,Cotton,854.2,29.4,6.77,84.7,5.32,6.1,3.1,Yes,7.68
Clay,Barley,793.2,21.3,6.83,161.1,6.26,7.6,3.83,Yes,8.69
Silty,Maize,662.9,,6.32,83.3,5.3,6.9,5.7,No,9.03
Sandy,Maize,642.2,27.4,7.73,98.8,4.68,9.1,1.88,No,8.35
Clay,Soybean,669.9,25.9,6.76,151.4,6.76,6.7,3.91,No,6.57
Loamy,Rice,854.2,23.1,7.04,135.6,2.4,7.3,13.17,Yes,9.95
Silty,Barley,1103.8,25.2,5.43,139.6,3.13,10.7,3.69,Yes,7.85
Sandy,Cotton,1163.6,21.6,7.07,39.0,7.68,6.3,0.59,Yes,6.86
Silty,Rice,898.2,32.2,6.47,154.0,5.61,4.9,1.35,No,8.46
Loamy,Soybean,926.9,28.1,5.88,92.6,4.77,10.4,0.66,Yes,7.86
Loamy,Cotton,818.0,24.4,7.34,205.4,4.55,7.0,1.28,Yes,8.28
Clay,Soybean,536.1,16.7,7.8,181.1,2.12,8.1,2.05,Yes,8.04
Silty,Barley,626.4,20.8,6.13,250.1,5.5,8.2,13.33,Yes,7.98
Loamy,,663.9,25.4,6.81,244.1,5.75,7.9,6.93,No,7.83
Clay,Rice,1050.3,28.4,4.16,137.9,,9.1,5.88,Yes,8.28
Peaty,Barley,501.8,21.0,8.29,152.8,7.02,8.7,2.92,No,6.54
Silty,Barley,,20.1,5.85,268.4,8.02,9.4,2.13,Yes,9.17
Loamy,Wheat,1359.8,33.3,6.26,81.1,0.0,7.8,10.8,Yes,7.68
,Barley,527.2,21.5,6.86,231.5,8.45,4.8,4.75,Yes,7.97
Clay,Cotton,899.3,28.9,6.99,99.3,2.33,5.9,,Yes,6.76
Loamy,Maize,662.0,11.6,7.6,131.3,1.61,6.4,5.11,No,9.78
Clay,Soybean,1211.7,28.9,7.51,194.8,6.91,7.6,,No,6.82
,Soybean,286.8,24.8,5.81,105.5,4.54,7.4,2.13,Yes,6.77
,Maize,895.6,23.9,,157.3,8.08,6.0,1.61,Yes,10.38
Sandy,Wheat,837.1,16.5,6.77,59.6,4.66,9.0,0.95,No,7.22
Loamy,,1080.2,27.3,6.89,126.5,6.88,7.6,1.78,Yes,7.67
Peaty,Barley,849.4,,5.6,190.1,6.44,6.3,3.36,No,8.36
Clay,Soybean,586.1,20.2,6.26,42.5,4.18,8.2,1.49,No,6.98
Silty,Soybean,918.1,27.6,7.22,227.3,4.58,7.9,21.17,Yes,8.48
Clay,Soybean,1196.2,23.3,6.19,197.7,3.16,6.7,2.42,Yes,8.35
,Soybean,,27.1,6.45,70.6,2.98,9.4,4.5,Yes,7.7
Sandy,Soybean,814.2,24.3,6.01,124.0,5.17,10.1,2.75,No,6.76
Peaty,Barley,561.8,24.8,6.45,210.2,5.82,6.4,4.77,No,8.23
Peaty,Wheat,536.5,22.4,5.46,213.0,7.89,6.3,1.84,No,6.46
Silty,Cotton,916.6,19.0,6.52,96.1,12.27,9.0,5.73,Yes,8.61
Sandy,Soybean,767.3,,6.3,168.5,2.41,3.7,2.01,No,6.87
Clay,Wheat,1016.4,18.8,7.25,201.2,2.89,9.2,2.59,Yes,8.63
Sandy,Wheat,1007.9,19.2,5.62,138.3,5.97,6.4,7.09,Yes,7.22
Loamy,Barley,,17.8,6.85,170.7,6.87,6.4,1.4,No,8.51
Sandy,Wheat,999.2,24.3,6.71,113.6,5.58,9.2,1.31,No,7.1
Peaty,Soybean,905.9,28.4,7.27,34.7,,6.6,2.93,Yes,7.19
Sandy,Maize,770.2,23.8,5.81,129.3,,8.9,1.69,Yes,9.59
Silty,Barley,1160.7,,6.43,227.0,8.81,5.8,10.39,Yes,8.45
Silty,Barley,947.4,31.8,5.97,124.3,1.92,7.3,4.04,No,6.93
Sandy,Rice,780.1,32.9,6.11,88.9,3.71,9.8,1.09,,7.23
Clay,Maize,710.3,28.3,5.72,173.0,10.22,8.8,13.98,Yes,10.56
Silty,Cotton,1048.6,,6.57,164.4,4.35,7.0,2.24,Yes,8.03
Sandy,Maize,935.2,26.5,,160.2,6.09,7.7,0.9,No,9.48
Peaty,Soybean,635.4,,5.43,179.3,5.72,8.8,4.21,Yes,7.3
Sandy,Barley,796.0,27.7,5.8,141.9,1.95,8.8,11.29,No,7.2
Silty,Soybean,977.6,15.4,5.36,119.4,3.7,7.2,1.69,Yes,7.09
Sandy,Rice,1017.3,26.1,6.31,203.8,6.65,12.0,1.48,Yes,9.55
Clay,Rice,1366.8,28.3,7.27,84.8,4.19,7.1,5.15,No,8.57
Loamy,Rice,1315.5,25.2,5.4,108.5,1.99,9.0,,No,8.64
,Cotton,715.3,12.8,5.54,,,8.0,18.71,Yes,7.75
Silty,Rice,748.7,21.7,7.98,137.0,1.08,7.9,2.59,Yes,8.66
Peaty,Wheat,1158.5,22.4,5.6,143.6,3.18,6.4,19.1,Yes,9.58
Peaty,Wheat,679.7,24.3,6.59,105.9,5.14,7.3,6.55,No,8.81
Peaty,Maize,,27.8,5.38,101.1,6.61,5.0,4.14,Yes,10.3
Clay,Maize,857.6,24.1,6.5,82.2,6.73,6.8,7.64,Yes,10.8
Loamy,Rice,394.4,28.6,4.99,101.5,6.17,5.4,5.33,Yes,8.86
Loamy,Rice,901.6,28.1,4.96,151.8,2.12,7.6,2.58,Yes,9.73
Peaty,Wheat,821.9,30.2,6.91,100.2,6.04,7.0,1.81,Yes,8.52
Sandy,Rice,1022.4,21.6,6.89,191.8,4.8,,9.78,Yes,9.06
Loamy,Rice,955.0,27.2,7.29,133.6,,6.8,26.75,Yes,9.87
Clay,,931.3,21.0,7.89,214.7,8.16,10.2,21.28,Yes,7.81
Sandy,Soybean,,26.9,6.2,264.2,5.82,11.0,2.38,Yes,7.94
Loamy,Rice,888.0,29.3,7.15,145.8,4.63,7.7,9.66,Yes,10.31
Loamy,Wheat,954.4,19.3,6.35,108.8,4.34,7.8,3.25,,9.36
Peaty,Barley,1037.0,27.5,6.57,104.4,6.31,7.2,0.95,Yes,9.07
Sandy,Barley,910.6,16.6,5.83,173.4,6.59,7.0,9.06,Yes,7.64
Peaty,Barley,895.0,28.3,6.99,98.3,2.25,8.1,1.03,Yes,7.44
Peaty,Barley,1126.5,16.6,5.33,161.6,6.75,7.6,1.44,Yes,8.18
Clay,Wheat,529.4,28.2,7.43,166.8,0.0,6.4,1.15,Yes,7.08
Silty,Rice,825.4,27.8,6.97,210.5,2.69,7.7,1.32,No,8.49
Peaty,Barley,706.6,19.6,7.0,,5.46,6.6,12.12,Yes,8.39
Peaty,,1308.7,28.0,5.82,117.2,9.15,6.6,2.69,No,9.26
Loamy,Barley,816.2,22.9,6.62,99.7,2.49,9.3,1.69,No,8.17
Silty,,332.2,25.0,4.38,143.6,3.2,8.7,2.25,No,4.95
Sandy,Rice,1069.5,31.8,6.88,115.6,7.01,5.8,4.26,No,7.71
Silty,Barley,729.0,22.7,7.05,143.7,4.66,7.3,2.36,No,7.2
Sandy,Cotton,1132.0,24.9,7.0,129.0,2.46,7.0,0.94,Yes,6.95
Peaty,Barley,695.4,27.7,6.04,159.5,4.61,7.2,3.82,No,7.3
Sandy,Wheat,587.2,20.0,6.29,96.3,,5.2,3.89,Yes,7.79
,Cotton,732.6,24.5,6.26,81.7,4.12,8.7,3.22,No,7.11
Clay,Wheat,1091.5,23.2,5.4,187.6,,8.0,3.31,No,7.73
Silty,Rice,1177.6,20.0,6.34,70.0,8.87,9.4,1.89,No,8.53
Silty,Barley,770.9,26.7,6.1,145.6,5.72,6.8,1.23,No,7.83
Clay,Barley,404.4,23.0,7.13,58.2,10.4,10.2,18.35,Yes,7.51
Silty,Rice,824.5,23.6,5.61,67.1,1.85,8.9,1.29,Yes,9.5
Clay,Rice,967.5,18.6,7.35,177.8,10.79,10.9,0.86,Yes,9.04
Loamy,Barley,746.8,21.4,4.73,219.5,4.07,11.1,5.58,Yes,8.23
Loamy,,993.1,22.4,6.83,186.4,6.16,6.3,3.38,Yes,12.33
Loamy,Rice,627.9,27.8,7.06,,2.45,6.2,3.94,Yes,9.57
Silty,Soybean,711.6,26.3,5.73,124.8,8.01,7.5,2.13,No,6.96
Sandy,Cotton,909.9,25.8,7.48,91.2,6.65,7.3,16.26,Yes,6.94
Silty,Soybean,851.8,18.7,8.18,103.1,3.12,8.5,,No,6.73
Peaty,Soybean,939.9,29.2,5.27,,8.14,9.1,2.49,,6.88
Clay,Barley,637.2,23.6,6.99,144.9,2.73,7.7,1.2,,7.85
Loamy,Rice,911.0,28.9,7.5,,4.65,5.5,5.57,No,9.08
Loamy,Wheat,1155.7,26.4,7.46,82.9,6.43,8.1,1.57,Yes,8.24
Sandy,Wheat,,34.3,8.08,112.3,6.99,6.2,2.74,,6.6
Loamy,Barley,657.0,26.7,5.91,108.8,4.39,7.3,2.23,Yes,9.08
Peaty,Maize,965.3,30.8,4.45,135.2,6.57,7.3,6.41,No,9.33
Clay,Soybean,781.3,,6.41,,2.44,7.0,3.59,No,7.71
Sandy,Wheat,976.8,,6.48,123.6,4.28,9.4,3.43,No,8.22
Sandy,Maize,711.6,27.1,5.65,156.5,4.53,5.0,2.69,Yes,10.41
Clay,Maize,1231.6,22.9,6.39,69.6,3.49,7.8,2.74,No,9.96
Clay,Rice,877.4,24.5,5.45,201.1,7.03,8.2,0.66,Yes,9.75
Sandy,Soybean,856.6,30.9,6.52,141.1,5.91,8.9,1.34,Yes,7.16
Peaty,Cotton,703.9,24.8,5.24,179.3,6.04,10.0,2.83,Yes,7.13
Loamy,Cotton,1153.1,28.5,5.84,135.5,7.07,7.3,2.1,Yes,7.67
Sandy,Wheat,702.6,20.8,6.38,134.4,1.5,6.7,4.48,Yes,8.72
Clay,Wheat,845.7,22.7,5.44,87.6,2.59,9.8,3.62,Yes,8.09
Sandy,Barley,632.5,25.4,7.02,271.8,3.06,6.6,2.95,No,6.48
Peaty,Rice,1076.4,13.1,7.46,178.1,8.01,8.1,6.0,No,8.86
Silty,Barley,1087.0,22.8,6.11,125.5,4.09,7.1,3.1,Yes,7.84
Clay,Soybean,945.9,21.0,4.0,136.7,9.96,8.3,3.31,Yes,6.2
Silty,Maize,,24.2,7.01,147.1,5.49,8.4,2.39,Yes,10.96
Clay,Rice,100.0,26.7,6.95,220.9,7.15,7.7,32.66,No,7.28
Sandy,Maize,,19.7,5.69,167.2,6.87,9.3,2.83,Yes,9.96
Silty,Barley,1000.5,24.8,6.72,258.4,5.49,6.3,2.96,No,7.59
Sandy,Rice,1176.8,20.9,6.69,115.0,7.56,6.2,1.11,No,8.57
Peaty,Rice,958.7,21.7,6.09,126.4,5.83,7.4,8.04,Yes,9.67
Silty,Wheat,1406.5,34.3,5.91,197.7,7.67,9.0,0.64,Yes,7.89
Loamy,Cotton,1100.2,35.0,7.03,155.1,1.91,8.4,15.3,Yes,7.75
Peaty,Barley,1340.7,31.9,6.19,158.8,4.0,6.2,5.59,No,6.74
Sandy,Rice,1014.8,25.3,4.02,134.2,2.77,7.0,4.16,Yes,7.56
Silty,Wheat,,24.3,5.92,167.5,4.89,7.4,0.92,No,7.58
Sandy,Barley,1511.6,23.2,6.51,101.3,5.58,7.1,2.29,No,6.85
Sandy,Rice,908.6,25.7,5.97,159.5,5.52,7.2,,No,8.2
Peaty,Maize,1449.4,29.6,5.96,100.7,,9.8,2.07,Yes,10.23
Silty,Barley,705.7,20.1,6.75,88.5,5.04,6.2,0.75,Yes,8.05
Clay,Maize,1166.8,24.5,7.01,,4.31,,1.42,Yes,10.5
Silty,Barley,339.8,17.7,7.61,233.7,2.22,6.7,1.56,No,6.61
Loamy,Wheat,944.3,20.6,6.58,209.4,5.71,6.5,5.13,,8.84
,Soybean,842.8,23.3,7.11,259.9,2.0,7.9,18.07,Yes,8.55
Peaty,Barley,1368.1,22.2,6.74,139.5,3.06,7.1,15.95,Yes,9.16
Sandy,Rice,979.4,12.3,6.11,156.7,6.67,10.7,5.57,Yes,8.7
Peaty,Soybean,,20.6,6.46,44.7,1.67,6.9,2.98,No,7.14
Clay,Wheat,781.8,22.0,7.72,,4.17,7.3,1.09,Yes,8.27
Sandy,Rice,796.9,25.2,7.2,79.8,1.52,8.0,7.78,No,7.75
Loamy,Maize,700.9,23.0,6.96,183.9,,7.7,4.57,No,11.25
Silty,Soybean,859.6,26.9,5.12,119.2,4.43,6.5,1.17,Yes,8.12
,Rice,706.2,26.0,6.39,149.4,1.88,5.5,4.3,No,8.81
Peaty,Maize,908.1,30.9,7.36,46.6,6.57,8.9,10.11,Yes,9.38
Silty,Wheat,1079.7,23.1,7.61,204.9,5.52,7.0,,No,8.08
Clay,Wheat,1272.0,16.7,6.6,126.3,5.99,6.9,1.02,No,7.33
Clay,Cotton,972.2,21.8,7.48,135.6,4.6,7.4,6.14,Yes,7.49
Sandy,Rice,905.4,21.9,7.06,133.1,4.16,6.5,,No,7.99
,,1031.8,17.6,6.33,,4.34,10.6,0.26,Yes,9.34
Clay,Soybean,920.5,32.1,6.05,204.1,7.23,7.3,7.14,No,7.44
Silty,Rice,880.2,23.1,6.34,147.5,4.37,7.5,40.15,Yes,10.56
Sandy,Rice,669.3,25.8,,157.1,7.25,5.3,2.19,Yes,8.79
Loamy,Soybean,640.0,20.2,6.48,100.4,2.31,6.5,1.35,Yes,8.79
Clay,Cotton,1371.7,28.8,5.7,178.1,8.98,7.1,11.07,Yes,6.57
Silty,Wheat,1296.1,29.4,6.82,191.1,7.88,8.7,1.59,Yes,9.03
Sandy,Cotton,687.6,21.9,,145.1,7.0,8.1,7.0,Yes,7.3
Clay,Barley,1227.4,12.6,6.82,99.9,7.0,5.4,2.46,No,6.41
Loamy,Cotton,846.8,21.9,,144.8,6.6,5.7,0.96,No,7.77
Sandy,Cotton,879.2,29.5,6.79,123.8,6.25,8.8,1.32,No,6.16
Peaty,Cotton,,27.5,6.71,180.4,4.16,7.9,2.57,Yes,7.71
Peaty,Cotton,1310.9,26.4,6.06,216.4,4.16,8.9,1.2,,6.41
Loamy,Soybean,1376.3,14.4,6.54,133.4,7.94,8.8,2.88,No,7.72
Silty,Maize,741.3,18.1,7.27,236.4,5.4,6.8,9.57,Yes,10.64
Loamy,Cotton,425.7,33.5,7.13,175.8,3.59,7.1,5.35,No,5.73
Peaty,Soybean,,27.3,7.51,208.4,3.85,5.4,3.18,No,7.17
Peaty,Barley,700.4,25.5,6.2,100.6,9.78,7.6,2.03,No,8.15
Sandy,Maize,847.8,27.8,6.49,150.6,3.92,6.4,13.42,Yes,10.36
Loamy,Wheat,850.6,20.6,7.27,72.7,2.59,7.9,3.27,Yes,9.03
Silty,Cotton,886.0,18.4,7.33,51.1,7.47,9.7,4.21,Yes,6.62
Peaty,Wheat,1035.0,28.5,5.84,231.2,7.93,7.4,2.51,No,7.33
Loamy,Maize,812.3,16.6,5.89,198.5,3.06,6.9,0.83,Yes,12.46
Loamy,Maize,697.0,20.8,5.97,26.7,5.69,4.8,12.89,Yes,10.47
Peaty,Maize,406.0,20.5,6.9,61.0,5.58,6.8,2.3,No,9.74
Sandy,Barley,1168.6,28.8,7.29,166.1,3.04,6.6,0.94,Yes,8.34
Loamy,Rice,1018.6,15.5,6.0,145.9,2.05,8.6,5.26,Yes,10.17
,Maize,558.3,23.9,6.76,174.6,6.24,5.9,,Yes,11.3
Peaty,Soybean,591.9,,8.09,161.4,8.9,6.4,6.41,No,6.0
,Soybean,1090.9,20.4,6.5,125.7,7.13,7.9,5.32,No,7.74
Silty,Cotton,562.3,29.5,6.87,102.1,5.87,8.1,1.19,No,5.76
Silty,Rice,,21.9,6.31,179.5,0.1,6.2,2.92,No,8.37
Sandy,,529.1,25.6,5.29,119.5,,7.1,4.46,No,6.07
Peaty,Rice,800.5,16.5,6.91,114.5,3.89,8.1,11.57,Yes,8.8
Sandy,Rice,440.3,24.6,6.55,129.2,9.31,8.6,0.98,Yes,8.66
Silty,Rice,1257.4,16.5,6.03,180.7,1.41,6.6,2.51,Yes,9.2
Loamy,Wheat,1200.1,32.0,7.03,152.8,3.93,5.9,1.96,Yes,8.05
Sandy,Soybean,746.0,,6.7,168.3,6.33,7.6,0.75,No,6.71
Loamy,Soybean,708.3,,7.47,138.3,7.13,7.3,1.22,No,7.67
Sandy,Rice,1211.5,27.9,5.55,175.2,8.24,7.1,,Yes,8.57
Sandy,Wheat,1155.0,30.9,5.47,188.7,8.6,5.9,3.45,No,6.94
Peaty,Soybean,919.4,29.5,5.81,145.8,3.17,10.3,5.31,Yes,7.45
Silty,Wheat,801.1,,5.85,,0.37,4.7,2.96,No,8.07
Loamy,Soybean,800.1,25.6,5.08,142.5,7.54,6.5,2.31,No,7.06
Clay,Maize,993.4,30.3,6.78,109.2,7.05,7.7,4.06,No,10.32
Sandy,Barley,833.1,22.2,5.95,158.0,6.04,7.9,2.63,Yes,9.12
Silty,Maize,813.8,25.9,5.25,241.6,7.22,9.2,0.99,Yes,10.59
Silty,Soybean,625.7,19.2,6.47,82.4,6.92,9.8,11.82,No,7.5
Clay,Barley,577.1,23.5,6.8,88.1,4.95,5.4,1.02,No,6.99
Peaty,Barley,997.3,14.4,7.49,71.8,3.92,10.9,9.28,No,6.93
Clay,Wheat,533.3,21.3,5.94,118.9,7.92,6.3,1.03,Yes,7.31
Peaty,Soybean,653.3,28.0,6.51,230.6,3.3,5.5,6.04,No,6.68
Sandy,Barley,787.9,22.7,7.07,,4.46,6.8,4.42,Yes,8.6
Silty,Cotton,1044.7,25.1,6.77,121.7,6.4,7.2,3.42,Yes,7.24
Peaty,Soybean,685.1,26.8,5.05,252.7,,6.0,0.51,No,6.4
Clay,Maize,763.8,26.9,6.91,203.5,0.97,9.2,13.5,Yes,10.71
Clay,Cotton,1230.3,25.3,5.57,,2.84,8.6,3.44,Yes,7.37
Peaty,Wheat,1136.8,31.3,6.49,265.7,7.44,9.0,2.65,Yes,7.7
Clay,Cotton,1352.5,15.3,6.38,104.2,9.15,6.5,2.37,Yes,6.52
Silty,Maize,1072.4,24.3,6.55,83.5,4.07,7.8,2.56,No,10.9
Silty,Rice,677.0,28.7,7.34,190.0,9.15,6.7,2.95,No,8.63
Sandy,Cotton,702.7,23.5,7.58,192.5,9.63,5.9,8.58,No,5.64
Silty,Wheat,986.7,20.4,7.38,,8.02,8.5,6.29,Yes,8.56
Loamy,Cotton,1310.8,29.9,5.75,270.9,1.68,7.4,0.83,Yes,7.25
Clay,Maize,919.9,28.0,7.99,233.5,3.24,,4.32,No,10.83
Sandy,Maize,845.5,23.4,7.04,88.0,,4.1,12.6,No,9.42
Loamy,Soybean,1226.1,24.1,6.09,102.0,,6.3,,No,7.85
Silty,Rice,1234.6,15.8,6.56,246.3,1.25,8.9,10.68,,8.62
Sandy,Soybean,1145.3,,7.22,186.7,7.23,6.9,3.37,Yes,7.74
Loamy,Maize,693.1,33.7,6.98,266.2,6.15,7.1,1.44,No,10.12
Peaty,Barley,870.8,20.7,6.23,70.7,0.99,6.6,1.75,No,7.93
Sandy,Cotton,681.3,34.6,7.04,161.5,0.0,7.5,8.31,Yes,5.96
Loamy,Wheat,1233.8,28.6,,120.0,1.38,6.2,,No,7.88
Loamy,Wheat,710.5,24.4,7.16,225.1,5.53,6.9,5.68,No,8.22
Clay,Cotton,659.0,23.2,5.15,156.1,5.13,5.8,,No,5.6
Sandy,Maize,491.9,16.6,5.9,163.8,4.19,4.8,2.66,No,9.68
Sandy,Cotton,1055.5,21.2,6.73,132.3,4.25,8.0,2.12,No,6.5
Loamy,Maize,1290.7,27.9,6.51,98.6,4.54,6.4,3.86,Yes,10.94
Sandy,Rice,946.8,17.6,7.15,181.1,5.69,5.8,1.21,Yes,8.65
Sandy,Maize,891.7,25.2,6.35,90.7,3.82,4.4,3.5,No,8.31
Clay,Soybean,893.0,17.4,5.66,151.6,2.18,8.6,1.21,Yes,8.6
Loamy,Maize,1150.6,20.2,7.17,95.9,6.45,7.4,7.77,No,11.49
Clay,Soybean,903.0,20.0,7.03,100.9,4.7,6.7,3.87,No,7.32
Peaty,Rice,964.1,32.0,7.7,39.8,4.66,6.3,2.71,Yes,7.47
Loamy,Soybean,1092.6,25.9,7.83,,5.7,7.7,21.27,Yes,8.98
Peaty,Barley,411.2,28.6,6.51,173.1,1.76,8.1,2.33,Yes,8.91
Clay,Maize,1277.0,23.8,6.32,136.3,6.02,8.4,15.46,Yes,11.23
Clay,Rice,940.7,31.6,6.65,170.1,7.6,3.7,2.63,No,7.5
Silty,Cotton,810.0,27.4,6.01,131.9,9.0,6.3,3.16,No,6.8
Loamy,Maize,1210.3,28.7,5.87,179.6,2.85,8.0,,Yes,12.6
Sandy,Rice,1022.7,26.6,7.54,186.1,7.98,6.1,0.49,No,8.22
Silty,Soybean,776.8,29.9,6.98,123.4,4.86,10.1,12.8,No,7.71
Silty,Rice,648.7,26.1,5.85,182.2,3.29,8.4,0.55,No,9.18
Silty,,995.1,22.1,,105.9,5.63,6.9,2.25,Yes,7.63
Clay,Rice,212.9,31.4,6.77,218.8,4.27,7.1,2.27,Yes,7.26
Sandy,Maize,591.5,23.6,7.02,187.5,1.3,8.7,3.92,No,9.92
Silty,Wheat,1154.0,23.9,6.16,140.8,5.72,7.6,3.59,No,8.51
Silty,Maize,809.3,30.6,6.5,175.6,7.71,6.0,33.68,No,9.65
Clay,Barley,539.3,30.0,6.05,128.3,1.16,7.8,4.43,No,6.57
Silty,Soybean,1237.1,22.3,6.73,143.2,4.46,8.0,29.25,Yes,8.03
Silty,Rice,873.8,29.6,5.24,183.7,3.67,8.6,11.72,Yes,9.64
Silty,Cotton,812.5,20.3,7.0,355.4,6.85,6.3,10.01,No,5.85
Silty,Rice,1548.0,33.5,7.37,153.8,3.73,6.7,4.49,Yes,8.78
Sandy,Barley,1294.9,18.9,6.72,158.3,3.61,7.9,8.93,Yes,8.96
Sandy,Cotton,897.8,21.1,8.09,107.6,2.18,7.6,10.38,No,5.05
Peaty,Soybean,940.8,31.3,7.03,213.0,3.77,7.2,1.8,Yes,7.87
Clay,Cotton,276.9,23.3,5.88,241.6,3.29,10.7,1.88,Yes,5.73
Sandy,Barley,425.4,24.5,5.5,,5.52,8.7,,No,5.99
Peaty,,941.9,25.4,6.15,192.7,5.84,6.8,9.69,Yes,7.52
Loamy,Cotton,1068.7,28.8,5.9,,10.29,9.9,3.31,Yes,7.78
Loamy,Rice,662.2,23.9,5.56,100.2,0.0,7.5,2.4,Yes,8.49
Loamy,Wheat,1134.9,17.2,6.28,137.2,9.54,5.0,4.33,No,8.58
Loamy,Barley,689.9,,6.83,128.1,6.23,5.7,3.4,Yes,8.19
Sandy,Soybean,1185.5,20.6,7.28,,,7.0,3.98,Yes,7.36
Silty,Soybean,1186.7,20.8,6.65,204.9,1.45,7.8,2.48,No,8.25
Clay,Wheat,480.4,18.3,5.68,47.3,5.71,8.0,3.69,,6.3
Clay,Barley,1186.8,25.1,5.58,218.4,3.12,7.2,4.42,No,7.48
Sandy,Maize,716.5,23.5,5.61,211.9,4.27,7.6,10.01,Yes,11.26
Sandy,Cotton,1119.6,24.2,4.65,225.9,7.37,7.8,1.07,No,5.91
Clay,Barley,888.9,22.4,5.77,157.3,7.57,6.6,0.5,Yes,8.32
Peaty,Soybean,1072.6,22.0,6.8,101.7,1.85,8.4,4.18,No,7.48
Silty,Soybean,761.7,,4.82,219.4,5.79,5.4,1.99,No,6.34
Sandy,Maize,1041.1,20.6,,179.0,6.71,7.0,5.11,Yes,10.43
Clay,Wheat,783.5,23.4,5.9,153.9,3.71,8.9,2.36,No,7.36
,Wheat,1125.6,11.4,6.36,273.0,,6.6,11.74,Yes,8.15
Loamy,Cotton,1192.1,28.5,6.33,116.1,9.2,7.5,3.56,Yes,7.61
Clay,Cotton,1569.1,18.3,6.5,136.8,5.13,5.6,2.03,Yes,5.86
Sandy,Rice,872.1,31.7,6.04,107.0,6.47,7.3,5.8,No,8.39
Loamy,Barley,600.5,25.8,7.04,174.5,4.21,6.2,2.54,Yes,9.05
Peaty,Maize,771.0,27.0,7.14,,4.32,6.5,2.98,Yes,11.56
Peaty,Maize,590.2,25.3,8.07,98.2,4.02,7.2,72.56,No,9.33
Silty,Barley,778.1,26.2,6.5,213.2,2.79,5.8,4.0,No,7.49
Peaty,Wheat,1336.2,13.3,6.85,254.7,3.48,7.7,2.14,No,7.13
Sandy,Barley,1076.7,19.4,7.54,30.3,5.93,4.2,9.46,Yes,7.06
Clay,Cotton,731.2,,6.73,155.5,5.02,8.2,1.23,No,6.46
Sandy,Cotton,814.6,30.5,5.56,70.6,4.48,9.1,3.74,No,5.57
Peaty,Cotton,856.2,15.6,6.7,106.8,5.04,6.1,5.75,Yes,6.58
Clay,Barley,812.8,22.5,5.29,,2.17,7.8,1.39,Yes,8.04
Peaty,Rice,275.2,24.8,6.5,278.4,6.46,7.0,9.03,Yes,9.23
,Rice,660.5,25.4,7.34,213.4,8.39,5.8,1.45,Yes,8.4
Loamy,Soybean,957.8,23.5,6.43,215.2,3.82,8.3,6.88,Yes,9.53
Silty,Wheat,728.0,34.7,5.51,86.7,2.72,6.9,2.75,No,7.0
Clay,Barley,864.4,23.9,6.43,229.5,1.9,7.3,2.05,Yes,8.12
Silty,Cotton,565.7,17.3,7.26,58.9,5.04,5.4,,No,5.82
Clay,Soybean,1266.5,21.0,7.22,103.4,4.05,6.6,9.02,No,7.44
Loamy,Barley,731.2,21.2,6.65,204.3,6.93,9.5,1.8,No,9.63
Peaty,Wheat,1285.0,21.6,4.97,96.7,2.84,,2.39,No,6.94
Sandy,Soybean,1227.3,30.3,6.81,56.1,0.61,5.0,6.56,Yes,6.89
Silty,Rice,548.8,24.9,4.63,197.5,1.55,8.5,5.88,No,8.08
Silty,Rice,1220.5,23.6,6.94,96.5,5.57,5.6,,Yes,8.76
Sandy,Cotton,1001.9,25.1,6.4,131.5,0.0,5.9,27.43,No,5.9
Peaty,Barley,742.7,20.0,5.56,,5.69,7.9,3.05,Yes,8.18
Clay,Wheat,1147.1,12.3,7.48,121.0,7.18,8.2,2.99,,7.03
Loamy,Barley,645.4,37.0,5.9,226.0,,4.7,6.99,Yes,7.72
Silty,Maize,537.7,22.2,7.6,265.8,2.33,8.9,,Yes,10.9
Silty,Rice,718.7,23.7,5.67,185.7,2.02,9.3,0.64,Yes,9.23
Loamy,Wheat,,25.9,5.19,105.1,3.59,6.3,1.88,Yes,8.77
Silty,Maize,1195.3,21.5,8.35,,6.62,7.8,5.11,No,8.56
Clay,Soybean,1122.8,20.3,6.07,188.8,2.43,5.7,1.06,No,7.15
Peaty,Wheat,923.8,24.4,5.72,230.7,1.6,9.3,2.29,No,7.95
Sandy,Soybean,851.2,22.1,4.41,183.2,8.91,7.2,0.84,No,5.31
Clay,Maize,,21.2,4.11,105.5,3.87,9.4,8.04,No,8.86
Peaty,Wheat,787.3,24.9,6.36,,5.31,7.4,2.14,No,7.43
Peaty,Rice,515.2,31.8,6.33,,6.27,7.8,5.35,Yes,8.8
Sandy,Soybean,993.2,,6.14,,3.58,8.3,1.29,Yes,7.72
Silty,Rice,998.5,29.4,7.81,,10.47,9.0,28.14,No,7.7
Loamy,Rice,754.1,20.5,6.53,172.0,5.01,5.2,19.61,Yes,9.68
Peaty,Barley,902.1,21.4,7.19,224.1,3.58,7.2,,Yes,8.13
Silty,Barley,1036.0,19.0,6.72,206.1,2.83,7.7,13.59,No,7.73
Sandy,Barley,993.6,24.7,5.35,142.1,7.86,7.1,5.4,No,5.99
Sandy,Maize,,17.1,6.71,115.8,6.78,7.4,2.32,No,10.07
Sandy,Rice,859.4,25.1,5.87,150.1,4.87,7.9,7.95,Yes,9.1
Loamy,Cotton,934.5,29.7,5.76,155.0,0.0,8.6,8.01,Yes,7.6
Sandy,Wheat,942.0,19.0,5.89,193.0,2.2,5.2,0.92,Yes,7.92
Silty,Rice,809.8,32.9,6.17,27.0,7.68,8.3,2.44,No,8.16
Sandy,Wheat,810.8,23.9,6.07,119.3,6.09,7.1,7.44,No,7.9
Loamy,Barley,1020.1,15.8,6.67,166.5,4.17,8.4,8.55,Yes,9.67
Silty,Barley,418.5,24.5,6.59,100.6,2.79,6.1,1.1,Yes,8.13
,Cotton,1026.6,21.0,5.39,61.9,1.31,,2.21,No,5.79
Loamy,Rice,774.0,20.7,5.89,61.8,4.84,7.2,1.44,Yes,9.61
Clay,Cotton,1290.7,,4.06,92.1,6.18,9.4,5.2,Yes,5.27
Clay,Barley,1134.7,23.4,5.93,171.9,9.26,6.8,4.22,,7.95
Clay,Rice,1218.7,22.3,6.33,193.9,6.83,6.5,1.84,No,8.99
Silty,Maize,892.2,24.3,6.92,21.0,1.03,9.1,4.46,Yes,10.29
Silty,Barley,920.7,21.1,,240.7,4.58,8.9,5.2,Yes,8.58
Sandy,Soybean,776.0,22.0,6.23,0.0,3.41,8.9,0.81,Yes,6.65
Clay,Cotton,991.7,20.2,6.35,56.2,,5.5,1.06,No,6.18
Sandy,Cotton,986.4,17.7,6.29,115.6,6.31,5.9,3.71,,6.38
Silty,Rice,1617.2,24.7,6.87,84.4,4.29,8.6,1.5,No,8.5
Sandy,Cotton,671.0,27.7,6.52,161.9,7.4,5.7,7.74,Yes,7.07
Peaty,Barley,1080.8,24.8,6.57,169.3,10.0,4.9,4.86,Yes,8.19
Sandy,Barley,802.3,17.8,5.58,181.3,8.26,8.1,5.83,Yes,8.33
Silty,Soybean,,23.5,6.13,218.4,,8.8,1.01,Yes,8.43
Silty,Wheat,1300.7,25.0,5.79,170.6,5.47,5.5,1.22,Yes,7.85
Silty,Barley,1109.4,15.7,5.93,201.1,5.94,6.9,10.78,Yes,8.08
Peaty,Rice,976.0,25.2,6.04,84.3,3.0,9.0,7.63,No,8.86
Loamy,Maize,1104.2,15.7,7.54,,0.0,8.8,,No,10.75
Silty,Soybean,826.7,24.6,7.08,185.5,7.11,7.2,2.58,No,6.82
Silty,Wheat,650.3,23.8,6.62,166.6,3.13,5.6,7.32,No,7.3
Silty,Maize,897.7,24.4,5.15,63.4,3.26,4.8,11.96,Yes,10.53
Silty,Barley,,33.3,7.03,94.4,5.74,,28.62,Yes,7.56
Loamy,Maize,977.5,27.6,6.98,128.8,6.59,9.2,4.34,Yes,12.1
Peaty,Soybean,,19.5,5.65,98.0,9.95,11.2,0.85,Yes,8.32
Peaty,Soybean,571.4,19.0,6.47,161.5,6.85,5.9,30.16,Yes,8.26
Silty,Maize,1564.4,31.4,7.24,211.6,4.23,,26.37,No,10.52
Loamy,Rice,891.8,24.7,5.74,306.7,5.1,8.0,1.24,No,9.54
Clay,Barley,990.9,30.4,7.03,37.8,0.0,7.7,3.01,No,6.41
Sandy,Rice,1116.9,35.3,6.4,99.7,8.43,9.3,3.12,Yes,7.39
Loamy,Soybean,686.5,21.2,6.81,102.9,3.01,7.1,1.41,Yes,8.9
Sandy,Barley,678.5,20.7,6.55,172.5,3.53,11.1,13.03,Yes,8.07
Clay,Barley,838.7,25.4,7.01,78.4,7.57,5.7,8.21,Yes,8.08
Loamy,Barley,643.4,12.4,7.85,0.0,3.1,7.0,0.7,No,6.65
Peaty,Rice,1084.7,26.8,6.81,191.9,,7.5,3.52,No,9.29
Silty,Rice,738.7,19.2,7.7,45.5,5.05,7.8,1.55,No,7.26
Clay,Barley,,29.7,5.78,167.6,5.45,5.6,1.66,Yes,6.92
Peaty,Barley,1195.4,25.3,7.19,,6.97,2.9,10.29,No,6.7
Peaty,Maize,1206.4,15.5,,205.4,3.83,6.9,2.75,Yes,10.83
Sandy,Soybean,721.8,22.0,6.38,165.2,8.45,7.0,1.32,No,6.55
Peaty,Maize,872.0,34.3,6.01,157.3,1.29,9.4,0.92,No,9.01
Loamy,Barley,1398.3,22.8,6.34,77.5,3.9,8.2,0.53,No,7.9
Peaty,Barley,760.5,31.3,8.4,173.5,5.73,8.4,1.74,Yes,6.71
Silty,,1472.4,22.5,7.41,193.9,1.64,6.4,7.82,No,7.67
,Soybean,991.0,20.0,6.3,186.6,4.06,10.2,3.14,,8.43
Sandy,Barley,741.6,25.2,6.27,172.4,2.83,5.9,1.82,No,6.37
Peaty,Wheat,844.8,29.9,5.7,,,6.3,6.72,No,6.85
Loamy,Wheat,644.9,,5.29,142.4,8.15,7.5,1.97,Yes,8.56
Peaty,Barley,453.7,24.8,6.49,227.2,4.37,8.1,6.48,No,8.18
Loamy,Cotton,881.1,24.0,6.14,,2.93,5.7,2.1,Yes,7.65
Peaty,Wheat,,21.1,6.88,145.6,6.44,5.3,6.37,Yes,8.56
Loamy,Wheat,860.5,18.1,6.42,108.0,8.97,10.6,1.04,Yes,9.22
Sandy,Rice,932.0,21.3,5.31,124.3,5.12,6.1,2.24,No,7.34
Loamy,Wheat,806.6,25.7,7.66,213.0,2.93,9.6,1.78,Yes,10.29
Peaty,Rice,1148.2,24.4,5.38,41.8,6.75,8.8,2.74,No,7.41
Silty,Barley,1248.0,30.4,4.71,156.1,11.49,5.1,,No,6.31
Clay,Wheat,,30.7,6.74,172.2,6.42,7.9,17.87,Yes,7.82
Sandy,Cotton,539.4,,6.61,181.7,4.61,5.6,6.66,Yes,6.92
Loamy,Cotton,1019.7,27.3,6.7,,3.62,6.0,8.84,No,7.8
Sandy,Wheat,997.0,32.1,6.25,206.5,3.4,10.1,7.46,No,6.7
Peaty,Maize,894.8,22.5,7.31,,8.73,9.4,11.32,No,10.27
Loamy,Rice,308.2,13.7,5.41,100.3,,5.4,3.99,Yes,8.53
,Soybean,898.2,27.9,5.88,221.4,6.78,3.9,2.76,Yes,7.52
Peaty,Barley,834.5,24.8,6.58,115.4,4.79,6.9,6.46,Yes,7.93
Sandy,Rice,513.8,21.6,5.76,114.3,,11.7,28.36,Yes,9.02
Peaty,Maize,619.5,27.9,7.1,130.2,,5.5,3.03,Yes,9.96
Clay,Cotton,693.6,29.0,,162.5,2.22,7.2,20.78,Yes,7.46
Loamy,Maize,658.9,20.0,8.01,256.9,5.83,6.6,3.03,No,10.41
Silty,Rice,1065.6,21.6,5.79,181.7,5.51,6.8,1.52,Yes,10.18
Silty,Soybean,1051.0,28.3,6.66,103.9,9.42,5.6,0.76,No,7.21
Silty,Rice,1021.4,23.2,6.15,176.4,8.43,5.2,3.01,Yes,9.47
Loamy,Maize,1100.8,18.8,,171.7,6.82,6.1,1.25,Yes,11.62
Loamy,Rice,1156.5,,,107.0,,6.7,1.25,Yes,9.34
Clay,Cotton,873.3,20.6,5.93,165.8,7.43,7.3,4.69,Yes,7.46
Clay,Barley,1071.5,37.1,7.59,92.9,2.36,7.6,5.61,Yes,6.68
Loamy,Maize,659.4,21.1,5.71,143.3,5.96,6.1,1.18,No,11.27
Peaty,Rice,1283.9,30.8,5.93,,9.0,10.0,25.92,No,8.89
Clay,Soybean,1195.9,27.0,6.44,125.0,9.07,7.6,3.64,Yes,8.59
Loamy,Barley,669.0,30.4,5.35,174.6,5.32,8.4,,,8.85
Silty,Cotton,,25.0,6.9,285.7,,7.1,1.42,No,6.36
Silty,Soybean,849.8,20.3,8.35,143.8,3.97,8.1,1.44,Yes,7.45
Silty,Cotton,792.6,23.3,6.73,103.9,0.03,6.7,0.33,Yes,6.95
Loamy,Soybean,740.7,16.6,5.84,156.7,7.18,5.3,3.33,No,7.61
Silty,Maize,730.0,19.7,8.16,111.5,0.55,6.5,3.56,No,10.1
Loamy,Cotton,1116.6,19.1,7.75,,3.17,6.1,2.01,Yes,7.42
Peaty,Barley,1126.0,22.3,5.49,225.6,3.67,9.7,2.42,No,8.0
Peaty,Rice,716.5,21.8,,80.4,,7.5,6.35,No,8.13
Clay,Wheat,1069.9,22.7,7.12,194.4,6.18,6.7,2.04,Yes,8.06
Loamy,Barley,1101.0,16.5,7.0,140.1,9.2,6.5,2.8,Yes,8.81
Silty,Cotton,898.9,11.5,5.16,,,,0.2,No,6.64
Clay,Barley,1325.5,15.6,5.61,204.3,8.05,6.7,3.46,Yes,7.25
Clay,Maize,607.8,20.5,5.23,138.6,3.96,11.1,6.31,Yes,11.31
Sandy,Cotton,489.1,29.1,7.66,41.2,1.93,8.3,23.27,No,4.78
Silty,Cotton,850.7,20.3,5.52,210.4,4.42,7.8,11.77,No,7.07
Peaty,Rice,927.1,29.8,6.04,240.5,5.88,6.0,5.95,No,8.08
Sandy,Maize,825.0,21.2,7.37,202.0,0.65,6.7,0.93,Yes,9.48
Clay,Rice,1047.8,27.8,,252.7,3.0,6.5,16.12,Yes,9.08
Loamy,Rice,648.0,26.2,5.94,115.9,3.48,6.3,7.36,No,9.81
Sandy,Rice,1487.7,38.5,8.34,203.5,5.97,7.2,,Yes,6.67
Clay,Wheat,1374.3,25.0,7.14,196.3,3.4,6.4,26.3,No,8.17
Peaty,Soybean,415.3,22.8,5.96,189.2,2.5,8.2,4.19,No,7.47
Peaty,Rice,849.1,29.9,7.04,289.8,5.42,6.9,15.27,Yes,9.61
Peaty,Cotton,874.4,39.4,5.74,137.6,4.29,7.5,0.44,Yes,4.98
Sandy,Soybean,838.5,23.1,,234.5,10.92,6.9,5.81,Yes,8.56
Sandy,Barley,841.2,,7.2,132.1,1.15,8.3,5.39,Yes,8.04
Peaty,Maize,998.8,,7.49,69.1,5.21,6.2,4.46,Yes,10.48
,Rice,855.4,26.6,6.59,124.3,5.1,9.4,4.27,No,9.56
Loamy,Wheat,976.6,20.7,6.81,,0.0,6.9,1.65,No,8.38
Sandy,Rice,941.8,22.3,7.85,123.9,0.0,7.0,6.51,Yes,9.26
,Barley,1055.9,27.0,6.36,130.0,0.43,7.1,1.5,Yes,8.73
Sandy,Wheat,994.1,26.6,6.2,,1.77,6.2,5.48,Yes,8.23
Silty,Barley,,24.2,7.33,184.8,,8.7,1.43,No,7.8
Silty,Wheat,727.1,22.8,7.03,,5.78,7.8,2.44,No,8.41
Peaty,Rice,888.7,29.6,6.63,214.9,10.21,6.7,20.72,Yes,10.01
Clay,Rice,1108.0,19.8,4.55,179.2,,6.3,2.65,Yes,8.42
Silty,Cotton,871.0,25.0,5.93,35.0,9.28,9.5,9.49,No,6.5
Clay,Wheat,547.5,19.2,,71.3,7.32,7.6,0.79,Yes,7.64
Peaty,Soybean,882.9,32.2,5.77,,3.52,9.4,3.16,Yes,7.99
Peaty,Barley,617.4,24.0,7.59,111.7,8.44,8.3,6.56,No,8.14
Peaty,Soybean,881.5,16.5,5.43,207.5,5.33,8.5,5.14,Yes,8.46
Loamy,Wheat,575.9,16.2,6.74,219.2,2.85,7.8,4.62,Yes,8.11
Silty,Rice,1321.7,21.7,5.71,171.9,8.23,8.5,1.08,No,8.36
Clay,Barley,1052.0,22.6,6.45,,5.67,8.7,,No,7.68
Loamy,Cotton,868.4,33.4,5.96,151.0,2.05,5.4,3.02,Yes,7.25
Silty,Wheat,758.0,24.4,6.9,72.1,6.82,6.4,0.79,Yes,8.05
Loamy,Cotton,1079.4,25.3,6.03,210.8,8.1,8.0,3.94,No,6.9
Silty,Barley,809.9,27.2,6.21,207.1,5.95,7.8,3.53,No,8.22
Loamy,Rice,841.4,23.6,6.65,195.7,4.03,6.2,3.98,No,9.6
Sandy,Cotton,1127.6,25.4,6.83,78.0,3.41,7.8,2.69,Yes,6.55
Sandy,Rice,638.7,25.2,5.56,272.6,2.51,8.2,5.61,No,6.93
Sandy,Soybean,978.5,28.9,6.53,178.7,3.29,11.0,2.05,Yes,6.89
Peaty,Cotton,1146.6,26.1,5.06,136.9,3.06,6.2,3.32,No,6.13
Silty,Soybean,823.6,28.3,6.16,204.5,3.72,9.1,9.92,,7.16
Loamy,Wheat,937.8,31.0,6.86,113.4,1.2,4.9,3.73,Yes,8.68
Loamy,Barley,694.4,34.5,6.18,153.1,6.16,4.5,10.98,No,7.29
Clay,Cotton,846.7,25.2,,28.0,2.52,5.8,8.31,No,5.88
Clay,Wheat,586.5,19.9,7.05,82.1,6.93,7.1,9.77,Yes,7.84
Loamy,Maize,711.4,14.4,6.53,136.1,7.54,8.4,0.57,Yes,10.97
Clay,Cotton,960.6,,6.61,189.9,3.66,6.9,1.33,Yes,7.23
,Soybean,1064.1,22.5,5.1,188.3,5.82,7.7,0.94,No,6.09
Sandy,Maize,1078.6,22.4,5.58,155.8,2.36,6.4,1.49,Yes,11.23
Peaty,Wheat,1065.6,29.3,6.81,186.1,1.1,8.0,6.67,Yes,9.41
Clay,Barley,1159.5,29.3,6.11,141.8,8.07,8.5,2.43,No,7.79
Clay,Wheat,864.2,16.0,7.04,161.5,6.82,7.0,13.05,No,7.25
,Maize,867.5,,7.09,250.0,7.04,5.9,3.34,Yes,11.68
Peaty,Maize,996.6,15.1,6.79,95.0,9.69,5.4,3.13,Yes,10.12
Clay,Soybean,447.3,24.2,6.99,189.5,4.89,7.7,1.76,No,7.16
Clay,Soybean,701.4,28.7,6.82,0.0,6.45,7.0,,No,6.16
Silty,Maize,1224.4,32.6,6.28,178.1,4.42,4.9,5.4,Yes,9.78
Loamy,Maize,569.5,26.2,6.87,148.8,4.91,7.6,0.78,Yes,11.3
Silty,Wheat,,22.7,7.8,106.5,4.53,7.9,2.1,No,7.45
Loamy,Cotton,,26.2,7.66,125.8,7.56,7.3,7.41,Yes,7.48
Clay,Wheat,997.3,26.3,5.53,160.8,9.77,7.6,14.85,No,7.33
Peaty,Maize,815.9,29.0,6.03,200.3,2.94,8.2,4.42,No,9.79
Loamy,Maize,870.3,14.7,5.86,202.9,2.66,12.0,14.01,No,10.55
Sandy,Rice,861.2,18.0,6.25,243.1,2.95,5.5,5.48,Yes,9.84
Silty,Maize,,29.9,6.79,104.2,,6.4,7.86,No,9.48
Sandy,Barley,681.1,18.1,5.55,176.4,3.48,6.8,1.94,Yes,7.29
Silty,Soybean,739.7,25.2,7.01,174.6,2.78,8.4,1.22,No,7.99
Silty,Cotton,1115.6,28.8,7.37,133.7,2.22,6.5,0.94,Yes,6.79
,Soybean,909.3,19.0,7.05,111.2,2.72,6.2,4.69,,8.72
Clay,Soybean,1004.0,21.5,5.08,,3.07,10.8,6.6,Yes,7.66
Clay,Barley,1058.7,28.0,7.89,133.8,4.92,5.5,5.14,Yes,7.77
Peaty,Soybean,925.6,17.6,5.56,190.6,2.63,9.9,1.32,No,7.46
Loamy,Wheat,461.7,17.8,7.31,160.3,9.23,8.4,1.72,No,8.28
Silty,Maize,1226.9,28.1,6.13,208.7,2.46,9.0,9.57,No,10.34
Clay,Soybean,721.6,31.5,7.14,74.4,9.15,8.0,17.45,No,6.47
Sandy,Maize,807.0,26.0,7.27,217.4,0.0,7.3,,Yes,11.09
Silty,Rice,551.7,20.3,6.63,144.5,3.98,7.9,4.21,Yes,10.62
,Soybean,560.5,20.6,5.72,223.0,2.12,5.8,4.29,Yes,8.15
Clay,Wheat,923.4,22.5,7.78,205.9,5.62,8.6,0.95,No,7.63
Peaty,Rice,1003.6,21.0,,154.0,2.76,8.0,4.55,Yes,10.19
Silty,Wheat,903.7,32.2,6.15,161.4,10.27,7.8,24.0,Yes,8.26
Sandy,Wheat,1405.6,16.1,7.66,40.3,2.63,6.0,,Yes,6.32
Silty,Cotton,719.6,23.2,6.7,119.2,4.03,6.2,4.06,No,5.44
Sandy,Soybean,,28.4,7.73,96.9,5.85,9.0,3.44,Yes,7.16
Sandy,Maize,330.3,28.7,,142.8,0.0,5.7,2.09,No,7.96
Peaty,Maize,961.4,8.9,7.28,32.4,2.14,5.6,2.44,No,8.06
Loamy,Soybean,732.8,20.4,6.61,129.4,5.48,8.2,,No,7.66
Loamy,Soybean,763.1,25.2,5.76,138.6,10.21,8.2,3.81,No,7.77
Clay,Rice,1019.9,19.0,4.53,182.4,6.19,7.0,1.7,No,7.46
Silty,Barley,,15.7,7.08,175.7,2.06,7.8,1.92,Yes,7.36
Clay,Wheat,851.3,18.2,8.45,191.2,4.81,6.1,7.72,No,6.54
Silty,Maize,1196.2,25.1,6.39,108.5,2.99,9.4,1.4,Yes,10.91
Sandy,Soybean,1100.7,16.1,5.88,123.4,8.8,7.0,2.96,Yes,7.41
Peaty,Maize,735.9,20.5,6.2,219.4,8.6,9.3,3.67,No,10.99
Peaty,Barley,896.5,15.8,6.21,177.4,5.75,5.8,1.34,Yes,8.48
Clay,Maize,537.6,19.4,5.43,,8.42,6.3,0.28,Yes,9.97
Clay,Maize,857.1,21.8,7.55,217.1,,7.8,3.16,No,9.76
Sandy,Cotton,724.8,20.5,6.57,186.8,5.43,8.2,17.07,No,5.71
Loamy,Maize,1146.2,16.3,7.11,166.7,4.33,9.3,16.16,No,11.43
Clay,Maize,725.6,22.2,6.61,212.4,6.84,8.4,11.72,No,10.69
Loamy,Rice,271.4,18.9,6.54,104.9,8.58,10.2,2.34,Yes,9.15
Sandy,Rice,1047.4,28.6,6.93,181.2,2.86,7.0,5.77,No,8.15
Silty,Rice,819.2,24.9,9.05,265.8,5.3,6.5,5.43,No,6.79
Sandy,Barley,1055.1,24.6,6.92,206.5,5.05,7.4,17.89,Yes,8.79
Sandy,Wheat,907.4,27.4,7.04,180.1,4.6,9.4,3.36,Yes,8.2
Sandy,Soybean,959.8,25.6,5.3,161.0,7.22,4.6,2.61,No,6.18
Loamy,Maize,981.6,22.4,7.57,179.4,6.34,8.7,0.48,Yes,11.96
Silty,Cotton,637.7,22.3,5.41,230.6,,7.5,2.38,Yes,7.56
Sandy,Cotton,761.7,29.9,6.39,217.4,2.9,8.2,5.25,Yes,6.56
Sandy,Rice,898.0,21.1,7.23,105.9,7.08,,1.04,Yes,9.41
Silty,Rice,,18.4,5.08,183.6,6.19,5.5,3.24,Yes,9.01
Peaty,Wheat,1130.7,26.4,7.13,,8.2,4.9,3.58,Yes,8.9
Sandy,Soybean,968.2,17.0,4.85,108.8,10.37,6.6,,Yes,6.67
Silty,Wheat,,33.2,6.65,77.8,5.79,6.7,2.06,Yes,7.03
Clay,Soybean,1062.0,28.5,7.59,234.2,5.82,8.7,6.77,Yes,8.28
Loamy,Wheat,808.5,31.8,5.95,217.2,,5.7,0.77,No,7.91
Sandy,Maize,818.2,,6.87,128.1,0.69,6.4,15.81,No,9.26
Silty,Soybean,1123.4,28.9,7.02,116.4,6.27,6.9,0.79,Yes,8.69
Sandy,Soybean,706.4,31.1,6.53,230.7,4.8,5.7,1.05,No,6.35
,Wheat,840.2,23.8,6.05,233.4,5.4,8.2,13.85,No,8.16
Peaty,Wheat,1270.4,28.6,6.71,155.2,3.97,9.1,3.91,Yes,8.17
Silty,Rice,954.6,28.7,5.94,132.7,4.8,9.9,2.46,Yes,9.12
,Barley,907.5,26.7,7.46,74.9,2.34,7.5,0.66,No,6.28
Loamy,Barley,768.6,28.5,6.52,158.6,6.64,7.8,2.24,Yes,8.76
Clay,Barley,629.0,30.6,6.93,158.6,6.61,,4.68,Yes,7.49
,Wheat,,18.7,6.82,218.1,8.01,7.5,9.77,No,8.44
Silty,Soybean,387.2,22.8,7.31,154.9,7.8,8.2,0.29,Yes,7.77
Clay,Barley,1163.1,15.0,6.61,112.2,4.41,9.0,2.49,Yes,8.74
Sandy,Wheat,730.2,28.8,5.6,208.9,5.5,7.2,4.54,No,7.35
Silty,Maize,820.2,,5.97,194.1,5.99,8.5,1.65,Yes,11.4
Clay,Wheat,629.6,22.2,5.32,118.9,5.51,5.1,0.41,No,6.96
Peaty,Soybean,956.7,18.7,4.21,154.1,4.52,8.4,1.52,Yes,6.8
Clay,Maize,929.2,24.9,6.15,86.2,2.52,8.6,2.0,No,10.64
Silty,Rice,532.8,23.3,5.45,95.4,5.68,7.3,1.74,,8.21
Clay,Maize,695.3,24.8,6.12,206.7,4.96,9.6,3.29,,10.42
Sandy,Soybean,821.8,22.5,7.13,142.6,,8.2,6.94,Yes,7.82
,Soybean,,20.5,6.14,154.3,4.87,6.1,3.53,Yes,8.69
Silty,Rice,589.3,29.6,5.41,172.0,5.17,7.3,5.24,Yes,9.59
Peaty,Barley,1022.1,17.5,6.71,133.7,4.41,7.2,4.58,Yes,8.66
Clay,Barley,504.1,17.3,6.37,,2.2,8.4,1.98,Yes,7.24
Sandy,Cotton,820.5,22.0,5.92,121.5,4.38,7.0,0.99,No,6.0
,Soybean,1204.9,13.5,5.88,99.5,4.09,7.2,5.29,,7.4
Clay,Barley,692.1,22.2,4.54,153.2,4.7,8.4,8.4,No,6.68
Peaty,Maize,1280.2,19.7,6.48,64.6,8.25,10.6,3.37,No,10.78
Loamy,Wheat,1140.0,21.4,6.76,119.7,3.38,6.7,6.68,Yes,9.21
Clay,Cotton,951.7,24.2,5.72,,4.58,7.3,2.0,Yes,7.49
Loamy,Barley,706.3,16.3,5.74,117.4,6.09,7.5,8.16,Yes,9.37
Peaty,Barley,948.1,23.4,7.18,135.1,2.89,8.0,2.6,Yes,8.16
Sandy,Cotton,584.6,24.5,6.41,95.4,1.78,8.4,0.53,Yes,6.3
Loamy,Wheat,753.4,15.2,7.94,104.2,5.35,8.8,5.08,No,8.03
Peaty,Barley,,25.5,7.32,289.5,4.55,6.5,3.18,Yes,8.25
,Cotton,,33.4,5.78,145.8,10.23,7.9,1.6,Yes,6.52
Sandy,Cotton,1363.9,18.1,6.09,128.2,4.53,8.6,4.01,No,6.08
Sandy,Maize,828.4,24.9,5.96,290.9,5.74,7.7,7.25,No,10.07
Sandy,Cotton,1078.0,22.5,7.04,126.1,1.58,7.4,0.78,Yes,6.65
Sandy,Wheat,1315.6,17.3,6.94,159.0,6.19,7.6,4.14,No,7.2
Clay,Rice,1267.2,16.4,6.33,99.1,5.09,8.0,6.58,Yes,8.52
Clay,Barley,1051.4,26.1,6.95,153.7,6.68,4.8,6.86,No,7.08
Clay,Wheat,991.5,25.7,5.14,118.7,6.15,8.0,2.15,Yes,8.52
Loamy,Maize,1253.2,26.0,6.27,238.8,4.59,8.7,,Yes,11.39
Loamy,Rice,542.0,27.1,7.23,186.0,6.39,6.1,1.07,No,8.81
Peaty,Maize,857.9,17.9,7.25,176.2,6.28,5.6,6.8,No,10.38
Clay,Barley,755.7,17.6,7.08,105.3,11.08,9.2,2.13,Yes,8.32
Sandy,Cotton,1280.9,15.2,5.88,285.3,6.91,7.5,0.52,Yes,6.65
Peaty,Rice,423.2,27.1,7.57,180.3,1.11,6.6,,No,8.63
Sandy,Soybean,960.5,24.7,7.16,149.3,,7.7,4.04,Yes,8.21
,Barley,576.9,28.4,5.84,125.9,6.87,5.5,16.48,Yes,7.52
Silty,Rice,716.3,26.1,5.68,156.4,2.59,4.8,,Yes,9.16
Clay,Wheat,938.1,21.9,7.41,95.2,4.31,3.7,2.04,Yes,7.37
Clay,Barley,798.4,25.5,5.9,112.5,3.53,6.6,6.91,Yes,7.85
Silty,Maize,650.7,34.3,6.06,,2.26,5.8,3.89,No,9.12
Sandy,Rice,1061.8,31.5,7.08,145.3,9.48,7.2,0.69,Yes,8.17
Peaty,Rice,702.0,26.0,5.75,219.4,3.61,10.1,2.76,No,8.28
Clay,Cotton,911.5,31.3,5.82,,2.91,8.0,10.86,Yes,7.1
Peaty,Rice,810.2,20.7,6.8,213.4,3.89,5.1,1.48,Yes,9.17
Clay,Soybean,923.3,20.2,7.85,136.5,7.75,5.3,33.03,Yes,7.52
Clay,Cotton,904.5,21.8,,106.1,8.65,6.0,0.27,Yes,7.21
Peaty,Cotton,1433.7,15.1,7.28,204.0,9.67,10.1,3.4,No,6.4
Loamy,Barley,1091.6,19.8,5.34,254.8,1.59,8.1,,No,7.49
Silty,Wheat,915.0,26.4,6.18,187.5,2.74,7.4,1.39,No,7.82
Peaty,Soybean,913.6,26.3,6.15,135.0,2.25,9.7,1.55,No,7.15
,Barley,997.1,30.3,6.48,200.7,3.46,7.4,2.27,No,7.14
Silty,Cotton,1100.4,31.7,7.9,210.1,1.14,9.9,3.91,No,6.26
Sandy,Maize,723.3,26.4,6.39,120.0,4.28,9.1,7.09,No,9.76
Sandy,Wheat,1234.9,28.6,7.17,123.8,2.02,11.2,0.39,Yes,7.69
Peaty,Soybean,1098.8,31.0,5.36,,7.09,7.0,3.95,Yes,7.23
Peaty,Cotton,986.5,37.7,5.48,137.4,7.35,7.6,4.04,No,5.54
,Barley,1215.7,20.5,7.61,15.5,5.12,4.9,6.19,Yes,7.16
Silty,Cotton,640.0,30.5,6.26,148.5,3.84,9.4,15.94,No,6.23
Sandy,Soybean,,25.3,7.12,191.0,8.53,7.1,11.16,Yes,7.6
Loamy,Barley,1296.9,17.8,6.51,92.3,4.7,5.7,6.22,Yes,8.86
Loamy,Cotton,1124.0,24.0,7.09,149.0,0.0,8.3,2.85,Yes,7.57
Peaty,Soybean,804.8,33.0,7.47,39.1,5.81,9.1,8.53,Yes,7.3
Silty,Soybean,895.2,20.3,6.97,,4.95,6.2,1.86,Yes,8.86
Clay,Soybean,1115.7,11.3,6.5,186.1,2.36,6.3,5.34,No,7.57
Sandy,Cotton,1183.4,33.2,5.32,,4.77,8.7,3.64,Yes,5.76
Peaty,Barley,821.0,14.1,4.95,74.3,4.49,8.0,22.41,Yes,7.36
Clay,Rice,582.3,12.2,6.78,212.3,4.09,5.6,3.24,Yes,9.15
Sandy,Barley,529.8,22.7,6.93,235.8,8.56,7.5,1.0,Yes,7.8
Loamy,Cotton,1458.5,22.4,6.69,91.0,,7.1,0.64,Yes,7.76
Sandy,Soybean,800.9,22.1,6.98,112.3,4.67,6.4,1.17,Yes,7.45
Silty,Soybean,1028.0,24.3,6.56,,5.68,7.1,5.69,Yes,7.75
Clay,Cotton,1134.0,16.5,7.23,0.0,3.7,7.8,9.75,No,5.59
Clay,Wheat,584.1,31.3,7.66,263.4,0.0,6.2,4.08,No,6.51
Peaty,Wheat,1175.8,24.8,5.55,0.0,4.63,,2.2,Yes,7.65
Peaty,Cotton,824.5,31.6,5.86,36.5,3.95,8.9,6.18,Yes,5.41
Silty,Wheat,1082.2,30.8,6.74,276.6,6.3,7.4,1.88,Yes,7.64
,Barley,916.2,15.7,6.27,182.4,3.68,7.7,1.46,Yes,8.4
Loamy,Soybean,620.5,15.9,7.07,135.7,6.46,6.5,1.02,Yes,7.89
Clay,Wheat,760.3,20.4,6.45,209.4,3.36,8.5,10.46,,9.03
Silty,Soybean,1100.0,26.7,7.39,203.6,1.04,5.8,2.37,Yes,7.56
Clay,Wheat,1021.5,24.8,5.86,126.8,5.0,5.7,11.1,No,7.44
Sandy,Cotton,853.4,27.1,5.15,,6.48,6.0,1.21,Yes,6.13
Peaty,Maize,888.9,20.0,6.22,138.0,3.49,7.3,1.8,Yes,11.16
Clay,Rice,1442.4,18.0,6.04,89.6,2.52,7.5,2.16,Yes,9.08
Clay,Wheat,923.7,19.2,6.73,78.7,9.45,6.6,3.88,No,7.03
Loamy,Barley,832.2,18.3,5.99,184.6,4.32,7.2,0.97,No,7.57
Loamy,Wheat,947.4,,7.42,198.4,2.45,6.9,12.04,Yes,9.36
,Wheat,1352.1,20.1,6.53,203.1,8.24,4.5,2.4,No,7.72
Silty,Soybean,806.5,19.0,5.76,172.2,8.77,7.8,0.98,No,7.26
Loamy,Cotton,931.5,22.3,6.97,221.9,6.12,6.7,4.4,Yes,8.62
Silty,Rice,649.9,29.4,7.02,160.8,6.76,8.1,1.8,Yes,9.74
Peaty,Maize,852.1,19.6,6.59,196.5,8.1,9.5,0.95,Yes,11.47
Peaty,Soybean,887.6,21.9,6.32,194.8,,8.3,9.16,Yes,8.19
Silty,Wheat,1014.7,30.9,6.13,103.5,3.15,7.8,17.83,Yes,7.78
Loamy,Cotton,1090.0,21.8,6.04,199.1,9.27,5.5,2.19,No,6.96
Sandy,Rice,1237.8,13.4,6.02,226.5,6.57,5.5,0.67,No,8.77
Sandy,Cotton,655.6,28.7,6.19,129.5,5.58,7.0,1.6,No,4.92
Loamy,Rice,750.8,18.4,7.44,168.2,3.22,9.3,1.57,,9.47
Silty,Maize,796.5,28.7,6.46,177.3,2.73,10.1,1.13,Yes,10.61
Loamy,Maize,1274.2,19.8,7.31,106.2,4.14,,1.38,,11.13
Peaty,Rice,1357.8,,7.94,184.0,2.11,7.5,1.11,Yes,8.56
Sandy,Wheat,116.5,,6.47,107.9,6.91,8.8,15.03,No,6.63
Clay,,1072.7,21.3,7.65,151.7,4.4,8.7,5.15,Yes,8.68
Clay,Barley,1314.1,33.8,4.85,39.4,10.32,4.8,1.46,Yes,6.0
Clay,Soybean,1127.9,35.0,6.89,291.8,6.84,7.6,5.15,Yes,7.83
Silty,Maize,1190.2,25.9,7.1,190.0,1.16,4.7,2.25,Yes,10.7
Clay,Maize,702.6,21.1,5.52,191.0,7.69,6.0,2.61,Yes,10.77
Loamy,Rice,637.8,20.5,6.79,105.6,6.11,8.3,2.7,No,9.33
Clay,Soybean,1025.4,20.8,7.28,211.6,,9.3,0.92,Yes,7.69
Loamy,Rice,460.8,,6.15,121.8,0.86,6.8,0.88,Yes,8.76
Sandy,Maize,1002.1,26.2,7.3,146.9,5.46,8.6,4.56,Yes,11.24
Loamy,Cotton,868.4,18.8,6.37,188.8,5.99,6.3,13.09,Yes,8.96
,Soybean,1068.9,19.3,6.52,29.7,3.75,,2.38,No,6.83
Sandy,Cotton,1060.6,21.6,,44.2,4.86,7.3,2.41,Yes,5.34
Loamy,Barley,,,5.87,115.6,7.74,,2.21,Yes,8.57
Sandy,Cotton,1126.8,24.0,5.59,147.4,7.21,6.0,4.7,No,6.24
Clay,Wheat,1102.0,21.0,7.36,157.9,1.45,7.8,1.61,Yes,8.66
,Rice,812.4,25.2,7.93,159.7,4.39,8.0,18.32,No,8.2
Loamy,Rice,677.0,15.0,5.57,110.7,3.3,6.2,2.82,Yes,9.73
Clay,Soybean,1322.1,22.8,6.58,140.8,0.0,7.3,2.06,No,7.14
Loamy,Soybean,602.0,31.9,5.36,109.7,5.76,7.5,4.3,Yes,7.57
,Barley,922.5,23.1,6.77,203.5,6.28,8.1,,Yes,9.05
Silty,Soybean,1062.2,14.0,7.96,285.5,3.74,10.7,4.67,Yes,6.93
Loamy,Rice,788.4,25.2,6.63,172.3,9.12,9.2,7.25,Yes,10.64
Silty,Maize,648.4,21.6,6.2,92.4,6.98,9.0,5.82,No,10.76
Silty,Barley,1000.1,24.7,8.04,174.2,0.44,9.7,10.87,No,7.21
Silty,Rice,1016.9,23.7,6.45,53.6,5.46,4.7,2.7,No,8.08
Sandy,Wheat,1364.8,,6.74,162.0,3.95,8.6,2.59,Yes,7.74
Peaty,Maize,743.0,28.9,5.92,185.0,4.94,7.6,34.97,No,10.1
Loamy,Wheat,690.3,23.7,7.18,347.4,3.8,7.3,3.21,Yes,8.62
Sandy,Maize,558.8,29.7,5.48,172.7,2.88,6.2,,Yes,9.33
Peaty,Wheat,1285.7,18.7,6.81,158.5,3.18,7.4,4.08,No,7.38
Silty,Barley,1015.4,18.7,4.8,205.3,2.94,8.7,5.01,Yes,7.93
Loamy,Rice,1155.6,17.2,5.32,195.9,6.72,6.9,8.55,No,9.68
Loamy,Rice,1306.0,23.7,,223.1,8.15,8.1,0.65,,9.58
Silty,Cotton,935.1,24.0,6.1,184.3,2.25,5.5,17.56,Yes,7.73
Peaty,Maize,902.5,25.1,7.42,239.5,8.07,8.4,4.28,No,10.8
Silty,Maize,1164.5,26.3,6.51,190.9,3.36,8.1,1.94,No,10.55
Clay,Maize,792.1,22.7,,202.4,5.69,10.1,1.23,No,11.29
Clay,Wheat,1328.4,27.2,5.92,107.6,1.44,8.1,3.55,No,8.16
Peaty,Barley,1025.1,21.4,6.4,146.9,8.2,5.1,1.0,No,7.15
Clay,Maize,1046.3,30.8,7.22,,1.87,6.0,5.02,No,10.17
Clay,Cotton,1125.3,22.9,5.06,132.9,5.09,6.4,1.55,Yes,6.45
Clay,Cotton,631.5,20.9,6.59,235.6,8.45,8.0,3.4,Yes,6.27
Sandy,Maize,894.5,18.1,5.96,106.9,5.19,10.9,1.26,Yes,10.93
Loamy,Maize,857.0,26.9,6.26,163.6,3.21,8.8,0.74,No,10.98
Loamy,Rice,707.3,30.9,6.93,48.3,4.81,7.7,0.48,Yes,9.36
Silty,Wheat,988.7,18.0,7.07,112.3,,8.6,1.91,Yes,8.74
Loamy,Soybean,511.9,26.7,5.78,139.8,0.0,7.7,4.4,No,7.23
Peaty,Rice,490.2,,6.19,100.4,5.78,9.2,4.18,Yes,8.96
Sandy,Maize,694.9,21.4,5.31,205.2,3.83,8.9,13.65,Yes,11.37
Silty,Maize,979.2,24.7,5.48,146.1,6.23,7.3,2.38,No,10.73
Clay,Barley,940.4,27.8,5.07,181.6,1.98,6.5,2.67,Yes,8.44
Loamy,Maize,833.0,21.3,6.67,82.0,8.59,8.1,2.87,Yes,11.92
Clay,Rice,383.3,26.9,5.57,85.3,7.25,7.6,0.78,No,7.03
Silty,Soybean,834.8,15.0,6.05,185.4,5.79,6.7,2.25,Yes,7.92
Peaty,Cotton,975.6,21.0,6.46,146.1,2.09,5.2,13.67,Yes,6.82
Clay,Rice,932.7,31.5,6.35,192.1,8.53,10.3,2.27,Yes,9.47
Loamy,Rice,819.9,15.4,5.26,233.7,3.21,9.0,0.58,Yes,10.02
Peaty,Maize,751.0,10.8,6.04,89.5,5.05,,8.73,No,8.2
Loamy,Maize,771.3,24.2,8.07,115.7,3.76,6.5,4.02,No,9.48
Sandy,Wheat,1131.2,32.1,7.0,140.8,5.94,9.9,0.62,Yes,7.07
Silty,Maize,858.1,27.0,5.34,176.6,8.96,6.7,6.55,Yes,10.88
Peaty,Barley,1104.3,23.4,6.9,88.0,4.51,8.3,,No,8.07
,Wheat,961.8,28.8,6.81,142.3,6.12,6.7,0.97,Yes,8.0
Peaty,Cotton,642.9,25.6,7.82,256.6,7.37,6.7,10.74,Yes,7.22
Silty,Barley,782.9,16.8,5.96,194.1,3.83,6.0,5.01,Yes,9.15
Silty,Soybean,,31.9,6.18,227.4,3.68,7.4,3.48,Yes,7.91
Peaty,Soybean,527.4,34.3,6.68,104.1,5.87,9.8,3.82,Yes,7.51
Sandy,Soybean,968.6,20.0,6.74,174.9,3.52,12.0,1.68,Yes,8.24
Silty,Cotton,798.6,21.0,5.67,140.1,4.74,5.2,2.13,Yes,7.48
Sandy,Soybean,833.7,26.4,5.98,,4.06,7.6,4.99,No,6.48
Sandy,Maize,1290.9,19.5,7.53,136.3,2.45,7.0,5.49,Yes,10.52
Silty,Wheat,749.9,25.9,6.55,158.1,5.28,6.3,5.91,Yes,8.71
Clay,Soybean,1113.5,23.7,6.74,70.4,6.85,5.5,,Yes,8.21
Peaty,Rice,564.9,28.9,6.48,146.4,4.68,5.6,1.06,Yes,9.09
Sandy,Barley,647.9,27.4,6.84,115.0,4.9,8.8,3.96,No,7.31
Loamy,Wheat,1007.2,23.9,,66.9,3.69,,0.94,No,8.21
Peaty,Cotton,653.1,26.5,5.56,169.3,5.33,8.0,4.46,Yes,7.85
,Wheat,1241.5,22.7,7.23,248.3,5.38,6.3,1.03,No,7.12
Clay,Maize,747.4,27.0,6.1,214.5,3.13,7.2,2.29,Yes,11.44
Loamy,Soybean,728.5,,6.8,114.8,3.33,7.6,5.34,Yes,8.77
Clay,Barley,852.0,29.3,6.09,175.8,5.65,5.0,8.55,No,7.36
Peaty,Rice,1001.4,28.9,6.87,186.9,3.06,,6.89,No,8.93
Sandy,Wheat,922.8,20.7,7.02,107.5,3.15,6.9,1.84,Yes,8.07
Loamy,Cotton,922.8,19.5,6.73,78.6,6.6,6.9,1.37,Yes,8.33
Peaty,Cotton,347.6,24.4,5.24,183.3,5.95,7.7,,Yes,6.5
Loamy,Maize,1319.8,23.2,6.7,,2.43,8.3,2.58,Yes,10.37
Silty,Wheat,931.2,,7.2,252.6,3.74,5.0,7.81,No,8.05
Silty,Rice,863.7,31.0,5.77,39.4,0.0,9.9,5.46,Yes,9.0
,Barley,1134.8,19.6,7.44,0.0,7.64,7.7,3.68,Yes,6.46
Peaty,Soybean,666.8,28.8,7.15,129.6,,10.3,4.7,No,7.23
Loamy,Barley,884.9,20.8,6.58,156.0,2.27,6.5,2.47,No,7.42
Peaty,Soybean,532.4,22.5,5.81,192.7,6.18,7.5,3.57,No,7.47
,Cotton,947.1,21.4,6.38,76.9,6.84,7.9,3.67,No,6.97
Loamy,Soybean,868.5,23.1,4.43,60.9,5.41,,5.58,No,6.03
Peaty,Maize,1195.8,23.1,6.51,6.9,3.67,8.5,0.64,No,8.68
Silty,Rice,1508.2,17.4,6.2,66.9,7.8,6.5,9.98,,8.44
Loamy,Barley,512.4,25.4,6.59,81.5,6.94,8.1,8.86,Yes,8.2
Loamy,Soybean,968.3,20.8,7.28,168.3,12.64,4.1,3.52,Yes,8.87
Clay,Cotton,1334.5,25.2,6.32,268.3,7.99,6.6,1.29,No,5.94
Clay,Barley,1124.6,25.1,6.29,279.9,4.49,7.8,4.24,Yes,8.17
Peaty,Maize,715.0,31.8,7.35,245.9,5.37,7.0,6.28,Yes,10.14
Peaty,Maize,1005.3,21.2,5.92,187.6,3.4,8.0,1.18,No,10.28
Loamy,Maize,404.4,18.8,6.79,128.5,8.22,7.9,1.43,Yes,10.5
,Soybean,895.4,14.4,6.49,243.9,1.27,6.7,3.52,,6.58
Sandy,Wheat,910.3,28.5,6.55,229.5,5.21,4.9,1.55,Yes,7.33
Sandy,Soybean,740.8,25.0,6.83,135.5,3.07,,,No,7.05
Silty,Barley,1032.1,19.0,7.23,141.8,10.34,9.0,3.59,No,8.3
Loamy,Cotton,839.8,16.9,6.17,123.6,7.3,7.7,4.83,Yes,8.43
Loamy,Barley,1220.8,24.1,7.62,97.2,8.04,9.5,8.01,No,7.87
Sandy,Rice,1063.7,28.8,6.56,120.7,9.45,6.4,3.35,Yes,8.59
Silty,Maize,488.5,22.1,7.89,79.1,4.67,7.9,7.07,No,9.78
Clay,Barley,970.4,21.5,6.38,77.9,0.82,9.0,3.44,Yes,8.67
Clay,Wheat,,16.8,7.16,116.9,4.35,11.8,9.56,Yes,8.6
Sandy,Cotton,1107.5,26.2,6.32,156.0,5.05,7.3,7.84,Yes,6.73
Peaty,Cotton,1245.5,31.1,6.18,166.5,7.81,6.9,4.16,No,6.11
Sandy,Cotton,931.1,22.8,6.26,207.2,6.86,7.9,6.66,Yes,7.63
Sandy,,1058.3,25.4,6.34,130.6,4.78,6.0,4.48,Yes,7.86
Loamy,Soybean,975.4,20.2,6.54,,6.06,8.3,2.77,No,9.48
Loamy,Soybean,819.4,16.8,6.65,130.6,4.3,7.1,7.61,Yes,8.17
Silty,Soybean,1234.5,28.8,6.67,88.5,5.64,6.9,1.13,Yes,8.28
Silty,Rice,993.7,27.0,5.21,242.0,10.94,11.2,9.66,No,9.41
Sandy,Soybean,1395.9,25.2,7.56,245.7,6.56,8.3,1.89,Yes,7.03
Sandy,Rice,676.5,27.4,5.08,221.2,4.39,6.0,3.17,Yes,8.18
Silty,Cotton,913.9,23.8,6.78,51.9,10.3,6.2,10.68,No,5.77
Silty,Cotton,882.7,13.9,6.3,57.2,6.98,7.5,0.45,Yes,6.89
,Barley,1046.2,20.4,6.88,131.0,,5.6,4.97,No,7.1
Peaty,Soybean,900.8,24.6,7.24,180.7,5.82,7.4,6.37,No,7.58
Clay,Wheat,1143.7,30.8,7.15,,,6.0,9.46,No,7.01
Silty,Soybean,846.0,24.7,6.97,259.6,6.21,8.1,2.23,Yes,8.88
Peaty,Barley,595.9,21.9,4.19,134.7,8.02,9.0,1.33,Yes,6.57
Clay,Soybean,885.9,26.7,,177.5,5.53,7.1,17.32,Yes,7.62
Sandy,Cotton,795.0,20.7,4.68,155.9,4.82,10.6,1.13,Yes,5.77
Silty,Wheat,682.7,17.8,5.22,217.2,9.29,7.1,6.63,Yes,8.8
Clay,Maize,904.3,28.9,,137.9,7.87,6.7,0.58,No,9.59
Silty,Wheat,1307.9,26.2,6.97,176.1,,10.2,7.11,No,8.54
Silty,Soybean,1477.2,10.7,6.43,279.1,4.5,9.8,2.16,No,6.52
Sandy,Wheat,704.9,31.2,7.62,184.4,10.39,8.1,8.95,Yes,6.79
Sandy,Cotton,1027.6,19.1,5.84,161.2,2.24,6.8,1.57,Yes,7.44
Peaty,Rice,655.3,26.9,7.41,284.4,5.82,8.6,3.36,Yes,9.01
Peaty,Maize,1062.0,20.5,6.03,44.8,7.02,6.4,4.5,No,9.95
Peaty,Cotton,944.8,27.0,8.08,143.5,4.8,8.0,3.99,Yes,6.8
Loamy,,613.7,24.5,6.29,118.1,5.12,7.8,3.17,Yes,9.3
Sandy,Wheat,646.5,29.1,7.73,153.7,5.41,8.0,1.59,Yes,7.69
Sandy,Soybean,785.1,22.8,6.2,208.0,1.46,6.4,14.67,No,7.34
Silty,Maize,714.2,22.1,5.88,,1.81,8.6,3.84,No,10.61
Silty,Maize,982.3,27.7,6.69,235.1,0.0,6.8,1.81,Yes,10.0
Peaty,Maize,978.9,16.7,6.86,144.0,3.28,7.0,22.94,No,10.61
Silty,Cotton,1100.1,32.3,6.89,77.8,5.59,9.2,1.14,Yes,6.34
Sandy,Maize,907.4,15.3,6.71,171.2,5.76,7.0,4.46,Yes,11.21
Clay,Barley,976.1,26.4,7.26,153.3,5.26,9.8,4.94,Yes,8.08
Loamy,Maize,,35.8,7.84,146.5,2.76,6.8,9.57,No,8.97
Clay,Barley,,20.5,8.04,187.1,,7.0,2.69,No,7.58
Silty,Soybean,1047.0,,7.1,113.8,4.99,7.1,1.94,No,7.6
,Cotton,1464.7,22.4,5.2,138.2,,4.4,0.53,No,6.45
Sandy,Maize,1093.7,25.7,6.96,109.8,1.23,10.8,8.12,Yes,10.68
Clay,Rice,829.0,21.1,6.6,184.5,5.74,8.7,0.79,Yes,9.72
Sandy,Soybean,634.7,24.5,6.54,97.9,2.44,8.0,10.04,No,6.47
Sandy,Soybean,898.5,22.8,6.48,183.9,7.35,9.3,0.42,No,7.5
Silty,Wheat,1084.1,16.8,5.08,150.3,9.75,9.5,0.94,No,6.91
Clay,Soybean,564.9,30.7,,202.4,6.04,7.0,7.16,Yes,7.16
Loamy,Maize,936.8,26.7,8.35,98.7,6.7,8.0,1.51,No,9.75
Silty,Wheat,1267.2,25.2,6.14,140.7,8.82,10.6,1.3,Yes,8.36
Clay,Maize,1219.5,25.4,6.92,85.2,5.63,7.7,4.17,Yes,10.04
Clay,Barley,,34.0,6.51,68.3,5.12,9.1,2.68,No,6.43
Sandy,Rice,1045.8,19.5,7.73,10.6,4.49,8.8,5.93,Yes,8.11
Loamy,Barley,1008.8,28.7,,86.8,7.68,5.9,1.1,No,7.35
Clay,Wheat,514.0,23.1,6.21,151.5,4.11,6.7,12.17,Yes,8.27
Loamy,Soybean,799.0,29.7,7.16,114.1,6.73,9.4,13.79,Yes,7.87
Peaty,Wheat,1047.0,22.4,5.96,176.7,7.62,8.5,8.38,Yes,9.39
Sandy,Barley,431.0,15.1,6.37,81.4,6.09,8.4,10.51,Yes,7.66
Silty,Barley,976.1,22.1,6.84,222.4,0.54,7.2,4.88,Yes,9.52
Silty,Cotton,881.8,24.0,6.39,272.2,2.15,7.0,2.02,Yes,7.34
Clay,Cotton,1035.7,20.6,5.87,,3.49,5.3,7.72,Yes,7.06
Silty,Barley,874.8,20.7,,39.8,9.51,7.8,6.23,Yes,8.02
Loamy,Rice,890.7,13.1,7.3,143.4,6.67,8.6,2.7,Yes,10.81
Sandy,Rice,1165.7,27.6,6.62,137.8,7.53,7.4,6.79,No,8.93
Clay,Maize,,22.6,6.06,25.1,8.18,10.3,11.28,No,9.5
Sandy,Maize,1342.3,20.9,6.57,84.3,8.74,11.2,1.57,Yes,10.26
Sandy,Rice,1045.9,29.6,7.23,110.2,4.16,7.4,27.58,No,7.91
Loamy,Barley,659.2,26.1,6.95,198.0,2.13,8.7,1.64,Yes,9.83
Clay,Wheat,1321.2,18.8,7.23,47.4,2.08,8.3,1.77,Yes,8.01
Loamy,Maize,400.1,28.5,6.98,109.4,3.43,7.4,2.48,Yes,11.22
Silty,Rice,686.6,28.9,7.92,120.0,3.15,9.3,1.05,Yes,9.29
Clay,Soybean,1003.0,24.8,7.45,152.8,6.14,9.5,1.19,Yes,7.82
Loamy,Rice,908.8,19.5,5.75,100.1,3.14,7.7,4.28,No,8.86
Sandy,Rice,825.6,,5.73,,7.5,6.1,,No,7.66
Loamy,Barley,1020.8,28.5,6.57,148.6,7.06,7.7,1.29,No,7.73
Loamy,Wheat,772.3,22.7,6.42,94.6,1.83,4.8,9.94,Yes,8.84
Silty,Wheat,933.4,36.2,6.56,225.1,9.74,9.9,1.51,Yes,7.33
Loamy,Maize,1133.0,31.7,6.42,136.0,3.09,6.8,1.59,Yes,10.71
Silty,Rice,1165.6,36.5,8.65,116.9,10.43,8.0,5.27,Yes,7.02
Peaty,Wheat,756.0,32.4,4.64,85.6,5.8,7.6,6.11,No,5.44
Loamy,Maize,769.4,22.6,5.68,,3.63,7.6,2.11,No,10.47
Loamy,Maize,,28.9,6.39,183.5,4.81,6.4,3.34,No,10.97
Clay,Rice,1185.0,33.3,7.58,237.4,5.04,6.1,8.46,No,7.45
Silty,Cotton,,17.0,5.75,144.8,6.68,9.2,16.91,Yes,8.22
Sandy,Wheat,808.8,18.5,6.21,296.9,4.38,8.4,7.21,Yes,8.37
Silty,Barley,1114.4,18.0,4.3,179.9,4.61,6.5,2.59,No,6.15
Sandy,Soybean,,20.0,7.17,144.3,1.04,8.1,7.94,No,7.32
Peaty,Wheat,728.6,,6.99,190.9,5.21,7.4,,No,7.94
Loamy,Rice,829.0,30.8,8.0,103.2,2.24,5.4,1.8,Yes,8.34
Silty,Rice,1189.9,27.5,7.83,,2.29,8.1,2.96,Yes,9.55
Clay,Wheat,849.4,25.0,,203.8,8.27,4.9,1.69,Yes,8.6
Peaty,Soybean,915.9,26.5,6.54,56.4,2.86,6.5,2.53,No,6.79
Peaty,Cotton,835.7,20.6,6.11,100.5,4.67,6.6,3.01,No,6.42
Peaty,Maize,571.0,29.1,6.96,121.7,5.86,4.7,5.23,,10.56
Peaty,Cotton,1146.4,20.4,5.56,226.3,,3.6,6.06,No,5.49
Silty,Maize,759.6,31.9,6.44,50.7,4.19,7.7,3.03,,9.5
Sandy,Barley,977.7,20.6,6.13,122.7,7.24,10.0,2.65,Yes,7.96
Peaty,Soybean,1078.3,21.2,6.75,154.0,2.2,8.8,2.35,,8.1
Clay,Wheat,790.4,24.3,6.25,64.0,3.64,6.1,3.4,No,6.96
Sandy,Barley,883.5,21.1,7.07,167.1,1.72,7.3,0.77,Yes,7.56
Peaty,Soybean,1025.0,25.1,6.25,166.6,5.32,9.9,5.97,No,8.85
Clay,Barley,1084.1,23.9,6.5,168.0,4.42,7.6,7.07,Yes,8.58
Sandy,Soybean,390.0,24.9,5.77,230.2,3.48,7.4,0.74,No,6.33
Clay,Cotton,982.6,19.5,7.7,198.5,2.79,5.1,3.24,Yes,7.04
Sandy,Cotton,680.5,30.9,5.06,133.6,4.51,9.8,14.79,,6.62
Clay,Rice,793.2,,6.61,121.8,2.22,8.1,12.77,,9.39
Loamy,Cotton,905.2,13.0,7.58,121.4,6.32,6.8,1.42,No,6.05
Peaty,Soybean,849.0,20.5,7.85,151.8,7.98,6.0,4.05,Yes,7.19
Clay,Barley,616.5,18.6,5.71,15.5,10.25,10.8,1.52,No,6.3
Clay,Cotton,579.1,23.9,6.46,115.6,2.44,8.5,7.62,Yes,7.02
Silty,Wheat,1025.2,16.7,6.35,207.8,4.51,8.2,2.07,Yes,9.02
Peaty,Rice,900.7,31.0,6.16,208.9,4.75,7.0,1.93,No,9.04
Sandy,Barley,1089.9,21.3,5.98,181.6,0.0,10.5,1.22,No,7.24
Peaty,Soybean,536.5,19.3,6.16,117.1,3.78,7.5,1.21,Yes,8.3
Peaty,Wheat,832.4,22.8,5.14,142.8,7.21,7.0,0.74,Yes,7.71
Peaty,Soybean,763.9,29.7,6.57,132.1,6.0,5.4,3.17,Yes,7.51
Clay,Wheat,950.3,24.1,6.93,123.5,5.58,7.6,2.33,Yes,7.78
Sandy,Barley,1262.4,16.7,5.8,172.2,5.93,6.3,4.55,Yes,7.2
,Cotton,652.0,25.9,7.54,131.4,5.57,6.5,3.38,No,7.05
Clay,Wheat,974.6,27.8,,139.4,,,1.83,No,7.66
Clay,Cotton,1401.3,23.6,6.98,85.5,5.29,7.1,1.3,No,5.32
Silty,Cotton,685.2,32.4,6.76,69.9,3.05,7.2,0.6,Yes,5.88
Silty,Wheat,1051.8,18.5,6.77,,3.57,9.3,4.16,Yes,8.84
Sandy,Wheat,760.1,21.3,5.18,206.4,4.87,,12.51,No,7.31
Clay,Barley,888.8,18.9,6.78,132.2,,5.4,31.33,No,7.31
Loamy,Cotton,827.7,20.4,5.88,,0.3,6.4,7.55,Yes,7.96
Sandy,Soybean,780.4,33.3,6.07,226.1,,4.7,1.6,No,5.5
Peaty,Wheat,760.9,24.7,5.6,71.6,4.07,7.3,33.34,Yes,7.56
Loamy,Wheat,1173.3,23.2,7.48,173.3,4.93,7.9,2.67,No,8.73
Loamy,Soybean,1256.6,28.2,5.98,203.2,7.07,7.6,2.59,Yes,8.31
Peaty,Maize,1521.5,26.5,7.32,400.0,0.0,6.8,1.86,Yes,8.39
Loamy,Barley,804.7,26.5,7.94,120.0,3.79,8.4,10.45,No,7.59
Peaty,Wheat,885.1,,,,4.1,8.1,3.78,No,7.89
Clay,Barley,733.0,28.5,5.66,161.2,8.81,5.3,2.16,No,6.64
Peaty,Barley,814.0,19.4,5.9,103.1,0.86,6.2,9.77,No,6.83
Loamy,Maize,874.8,,6.78,0.0,5.9,9.6,3.03,Yes,9.32
Peaty,Maize,1139.0,11.4,7.68,63.5,3.59,9.1,2.11,No,8.98
Clay,Rice,507.1,,6.38,197.2,4.15,9.8,1.11,No,8.23
Silty,Soybean,859.0,23.6,7.48,161.0,,8.1,9.0,No,6.93
Peaty,Cotton,744.4,14.0,6.22,186.8,7.58,8.0,1.42,No,6.49
Peaty,Wheat,1222.7,25.8,6.07,,10.53,6.0,1.35,Yes,8.0
Sandy,Maize,442.1,22.8,5.48,191.7,2.14,7.3,2.61,Yes,10.05
Peaty,,1034.4,32.7,7.42,197.3,,8.7,0.98,No,10.31
Silty,Wheat,1270.4,26.6,6.19,111.8,2.52,10.2,1.97,No,8.49
Silty,Maize,1572.4,19.3,6.94,,5.77,8.8,1.68,Yes,10.44
Sandy,Rice,1443.1,35.9,6.61,187.6,8.17,6.5,4.72,Yes,8.0
Loamy,Barley,926.9,32.3,5.14,110.6,7.3,6.8,6.23,No,7.25
Clay,Cotton,874.0,30.2,6.79,111.9,3.64,9.2,,No,5.94
Loamy,Cotton,787.1,23.0,4.98,,8.39,7.1,3.55,No,7.41
Peaty,Rice,398.4,24.1,6.57,194.5,9.26,6.3,1.37,No,7.94
Peaty,Rice,1425.9,26.3,6.34,189.9,3.61,6.8,2.14,No,8.49
Sandy,Rice,662.4,25.7,7.13,4.7,7.02,7.0,41.27,Yes,8.26
Clay,Wheat,854.1,28.3,7.33,88.7,1.38,7.1,2.26,Yes,8.07
Clay,Wheat,997.0,25.7,5.61,,2.98,5.5,2.04,Yes,7.66
Sandy,Soybean,1057.4,19.2,4.73,148.1,0.92,6.9,1.9,Yes,6.7
Clay,Wheat,990.4,21.1,6.63,167.8,8.5,4.7,0.54,No,7.51
Silty,Wheat,1009.3,25.1,5.68,118.2,4.04,5.5,0.85,No,7.82
,Cotton,1196.1,23.3,5.14,129.0,1.82,8.1,3.65,No,7.56
Silty,Barley,902.3,22.9,7.19,260.4,5.09,7.8,6.05,Yes,9.04
Sandy,Maize,1000.0,23.7,6.66,218.1,0.32,6.7,4.08,Yes,10.37
Silty,Wheat,508.7,24.3,5.71,127.1,5.11,7.6,1.64,No,7.98
Clay,Maize,,21.6,6.42,188.1,0.99,6.9,6.27,No,10.93
Peaty,,1428.5,27.6,,123.4,10.32,6.9,0.98,Yes,6.82
,Rice,1166.4,32.6,6.38,92.5,6.69,6.4,0.77,No,8.38
Clay,Rice,1048.1,17.3,6.36,139.8,3.57,7.2,18.68,No,9.93
Peaty,Soybean,699.9,18.5,,153.6,1.76,5.7,27.07,No,7.64
Loamy,,1158.1,27.5,4.94,120.7,9.1,7.2,11.74,Yes,8.06
Peaty,Barley,663.8,28.6,7.19,,4.09,6.6,,No,6.49
Peaty,Soybean,826.4,26.5,6.44,118.7,4.1,7.1,2.11,No,6.58
Peaty,Rice,852.6,24.6,4.83,64.2,8.97,8.8,8.3,No,7.95
Peaty,Cotton,747.3,28.1,5.77,182.0,2.39,8.1,1.57,Yes,7.13
Sandy,Rice,389.7,25.3,7.19,221.3,6.28,7.3,2.62,Yes,7.67
Peaty,Wheat,,22.8,5.5,219.7,1.0,8.2,9.42,Yes,8.54
Silty,Barley,1046.5,16.9,6.37,48.5,7.36,5.0,23.02,No,6.22
Peaty,Wheat,1232.9,20.6,6.29,186.3,1.33,7.6,5.38,Yes,9.11
Peaty,Soybean,993.3,22.1,6.15,178.5,,8.4,23.04,Yes,7.6
Loamy,,1150.1,23.6,6.28,71.1,4.84,7.3,2.86,No,10.17
Loamy,Maize,,25.0,6.31,120.7,4.59,3.8,6.67,Yes,11.4
Loamy,Barley,1024.2,,,242.4,3.93,8.8,0.81,Yes,9.87
Peaty,Barley,1176.8,23.8,6.47,180.0,1.58,4.8,2.75,No,8.01
Silty,Cotton,,31.2,,20.1,6.2,7.4,7.52,Yes,6.3
Loamy,Soybean,1014.8,17.6,5.5,310.0,3.75,7.8,7.58,No,8.29
Silty,Soybean,602.8,37.0,6.14,160.7,4.97,7.9,4.43,No,6.21
Sandy,Rice,,24.8,5.67,140.0,7.33,9.1,1.28,,9.01
Peaty,Maize,912.5,26.0,6.4,215.4,11.09,9.2,,Yes,10.33
Loamy,Maize,663.8,31.9,6.7,128.8,5.56,9.5,27.38,Yes,11.48
Sandy,Maize,,,6.14,150.9,3.8,8.7,2.83,No,8.78
Sandy,Soybean,932.4,25.0,6.85,163.5,5.89,9.7,2.29,Yes,7.75
Sandy,Barley,,24.1,8.1,283.4,0.25,8.0,1.37,No,6.69
Clay,Cotton,1070.4,17.8,6.89,58.0,,8.4,5.78,Yes,6.32
Clay,Maize,1155.4,,6.57,213.8,3.76,6.4,3.69,Yes,10.9
Peaty,Barley,771.3,26.3,6.29,158.5,3.16,5.5,1.05,Yes,9.04
Loamy,Barley,1158.8,21.6,5.25,54.1,3.35,4.3,,Yes,7.66
Loamy,Barley,973.9,23.4,6.79,83.8,3.87,6.1,1.45,No,7.89
Sandy,Barley,738.1,20.7,6.08,174.9,6.07,6.8,1.24,Yes,7.92
Sandy,,1062.0,25.8,6.88,120.3,10.18,8.5,1.45,No,5.48
Sandy,Wheat,932.1,24.3,,91.8,7.68,7.4,1.9,Yes,6.94
Sandy,Wheat,938.6,18.6,6.44,166.8,3.44,8.6,2.26,No,7.78
Silty,Wheat,1255.6,22.2,5.16,193.7,2.5,7.0,3.32,Yes,8.61
Silty,Rice,619.7,27.4,5.65,202.3,3.2,9.4,2.66,Yes,9.04
,Barley,786.4,15.7,7.79,137.2,4.51,7.7,1.6,Yes,7.89
Silty,Maize,887.5,20.2,6.62,140.0,4.84,6.9,3.1,No,10.32
Loamy,Barley,725.4,29.7,5.83,216.0,5.31,2.9,4.63,No,7.42
Sandy,Wheat,1190.7,29.3,5.89,94.2,4.52,7.9,4.12,No,7.06
Peaty,Cotton,404.9,20.6,5.82,176.7,6.42,7.6,1.87,No,6.68
Peaty,Maize,1193.8,20.6,,158.8,0.59,7.7,0.42,Yes,10.9
Peaty,Wheat,1247.3,32.2,6.55,187.7,7.74,8.1,3.0,Yes,8.12
Silty,Maize,843.8,28.9,4.76,171.8,3.38,6.8,3.27,Yes,10.93
Sandy,Cotton,971.9,29.4,6.4,120.6,6.04,4.6,1.15,No,5.5
Sandy,Soybean,767.6,25.0,5.39,169.1,11.03,8.8,2.01,Yes,7.67
Clay,Barley,857.4,29.3,6.56,173.2,2.4,8.5,13.85,No,8.37
Sandy,Barley,727.6,22.7,6.96,153.6,2.75,6.8,3.92,,6.73
Silty,Rice,1115.5,25.3,7.69,85.5,5.43,5.9,4.36,Yes,10.12
Peaty,Rice,1223.0,24.0,6.3,77.2,3.67,9.9,2.59,,9.25
Silty,Cotton,1016.7,29.1,6.32,150.6,4.65,8.3,2.95,Yes,8.45
,Rice,632.5,24.6,5.62,151.3,5.17,7.8,0.87,No,8.75
Clay,Cotton,663.8,28.3,7.48,198.0,8.01,7.4,0.67,Yes,6.99
Silty,Barley,372.9,21.1,7.49,227.6,4.02,8.8,1.17,No,6.91
Peaty,Soybean,952.3,24.1,6.66,144.1,5.78,,,No,7.12
,Rice,854.4,29.3,5.65,70.4,4.67,8.5,,No,7.82
Sandy,Barley,400.8,,7.64,184.2,9.63,6.9,2.16,No,5.71
Sandy,Wheat,650.7,32.0,7.11,168.8,3.82,5.8,3.7,Yes,7.74
Silty,Wheat,633.8,14.7,6.53,53.7,5.22,5.9,8.99,Yes,7.93
Loamy,Barley,979.7,20.3,6.91,129.6,4.03,6.9,2.74,No,7.82
Clay,Rice,586.7,21.8,5.47,37.9,,5.8,4.37,No,6.93
Clay,Rice,722.9,20.0,6.47,156.5,4.52,9.9,1.66,Yes,8.7
Silty,Cotton,649.2,25.4,5.95,124.9,6.59,8.3,2.12,Yes,7.61
,Wheat,1095.3,27.1,4.59,139.4,3.18,8.4,1.64,No,7.32
Silty,Maize,1044.2,22.9,7.27,149.0,3.75,5.1,1.91,Yes,10.82
Peaty,Cotton,910.4,26.1,7.02,,3.46,5.9,10.37,Yes,6.58
Clay,Cotton,426.5,,7.43,118.0,3.78,5.2,1.56,Yes,5.91
Peaty,Rice,688.1,,5.89,164.8,3.1,9.1,1.02,Yes,9.47
Silty,Wheat,,21.1,7.23,257.4,4.55,8.2,7.1,Yes,8.19
Clay,Soybean,999.3,27.9,6.5,280.1,4.92,5.9,6.99,No,7.77
Sandy,Wheat,843.6,26.5,7.3,177.5,3.4,6.5,9.01,No,7.79
Silty,Barley,917.9,25.4,,72.8,8.41,6.0,9.97,Yes,8.15
Clay,Wheat,1095.0,27.5,5.93,173.8,1.03,9.7,2.59,No,7.92
Silty,Soybean,927.3,30.1,6.15,196.0,4.61,6.9,1.26,No,6.85
Peaty,Rice,1103.0,22.2,6.22,113.3,6.08,6.6,7.71,Yes,9.66
Silty,Cotton,934.2,19.0,5.52,175.9,7.23,7.4,0.34,Yes,7.67
Peaty,Barley,1472.7,26.1,,57.3,1.46,9.2,1.22,No,5.21
Peaty,Maize,918.7,12.9,6.55,76.5,8.5,9.0,0.78,Yes,10.37
Silty,Cotton,1108.3,,5.57,204.8,3.69,6.4,9.58,No,6.01
Clay,Barley,774.9,21.1,6.22,176.6,6.57,8.6,,No,7.92
Silty,Barley,890.9,21.2,5.92,28.8,2.88,6.0,3.48,No,6.81
Clay,Barley,1125.4,29.8,6.09,131.3,1.63,8.7,8.99,Yes,7.87
Loamy,Cotton,508.7,21.7,5.93,130.2,5.32,7.1,17.2,Yes,7.74
Peaty,Cotton,1052.7,23.6,6.06,94.2,1.26,7.1,2.75,Yes,6.49
Sandy,Maize,1344.8,25.4,6.08,111.3,4.81,4.9,0.66,Yes,9.52
Loamy,Cotton,802.9,17.8,7.2,250.2,7.33,8.0,,Yes,8.73
,Cotton,543.3,20.3,5.1,236.7,7.92,9.2,1.26,Yes,7.16
Peaty,Maize,,18.0,7.1,110.0,1.03,8.6,9.4,No,10.53
Loamy,Wheat,486.9,18.6,5.1,97.3,1.89,7.1,1.92,Yes,7.34
Sandy,Cotton,1057.9,20.9,,176.8,0.24,7.2,6.04,No,5.88
Clay,Barley,911.3,26.3,6.42,107.1,3.55,8.0,7.04,No,7.33
Sandy,Rice,758.3,15.5,7.32,286.9,4.12,5.3,5.44,No,8.13
Silty,Rice,1281.2,15.5,7.61,53.1,5.12,7.6,3.36,Yes,8.05
Loamy,Barley,803.0,22.7,7.44,94.8,2.26,8.2,4.07,No,8.68
Loamy,Wheat,730.3,,5.34,254.6,8.74,10.9,6.36,No,7.93
Silty,Soybean,530.6,17.3,5.92,173.3,4.21,8.8,2.43,Yes,8.3
Sandy,Maize,965.8,19.2,7.31,247.3,6.36,11.3,3.69,No,9.57
Silty,Maize,1016.0,28.3,6.43,155.5,4.6,6.5,1.95,No,10.3
Loamy,Wheat,755.8,26.7,6.59,166.1,8.23,6.5,14.3,Yes,8.97
Sandy,Barley,888.1,26.8,5.72,194.5,6.13,7.7,3.66,Yes,8.3
Loamy,Maize,1029.7,24.7,6.77,190.8,4.5,6.4,1.67,No,10.96
Clay,Wheat,1389.3,21.3,8.94,171.2,3.6,7.2,0.97,Yes,7.07
Peaty,Barley,1077.4,23.8,7.68,265.8,,6.2,2.77,Yes,8.63
Silty,Wheat,370.2,26.3,8.11,,4.2,9.1,0.67,Yes,7.38
Silty,Rice,668.7,21.3,5.55,113.1,2.53,6.9,3.04,No,8.19
,Maize,733.1,30.2,5.54,140.4,4.54,,1.37,,9.3
Silty,Rice,990.2,23.8,7.65,116.7,7.87,7.8,13.32,No,9.17
Silty,Barley,902.2,19.0,7.52,,6.09,8.3,1.85,No,8.03
Loamy,Soybean,668.4,22.5,6.29,200.5,4.97,6.9,2.0,No,8.51
Loamy,Cotton,646.7,24.9,7.5,83.9,7.36,7.0,3.27,No,7.38
Clay,Soybean,597.8,33.0,6.72,158.2,2.76,8.7,2.64,Yes,7.54
Loamy,Soybean,1288.7,26.7,5.08,166.6,7.54,5.2,6.46,No,6.94
Silty,Rice,655.6,15.0,5.38,182.6,4.11,10.1,0.48,Yes,9.22
Silty,Maize,791.2,18.1,5.19,71.0,1.58,7.3,0.71,Yes,9.95
Sandy,Cotton,964.8,31.4,6.08,198.2,7.14,9.0,1.63,Yes,7.04
Silty,Rice,180.9,30.3,5.35,123.6,3.23,8.3,38.36,Yes,8.53
Loamy,Wheat,705.8,22.1,5.96,215.2,2.96,9.8,1.55,No,8.99
Silty,Rice,960.1,17.3,7.97,220.9,6.52,8.1,3.04,Yes,9.94
Peaty,Maize,1155.3,26.1,6.98,105.6,3.76,7.9,0.59,No,9.67
Sandy,,1461.5,18.9,6.34,230.5,3.33,8.1,10.24,Yes,8.42
Peaty,Cotton,662.5,27.1,6.5,179.6,3.54,8.2,4.71,Yes,7.24
Sandy,Rice,800.5,17.6,6.86,54.8,2.34,7.5,2.68,No,8.32
Loamy,Maize,899.1,26.4,6.11,109.8,4.82,7.5,1.13,Yes,12.2
Sandy,Barley,1266.7,28.5,6.24,257.8,6.81,6.9,3.69,No,7.16
Peaty,Wheat,1150.1,31.3,5.73,58.8,4.67,4.2,1.84,No,5.93
Sandy,Wheat,765.4,26.6,6.49,115.9,8.48,7.4,3.26,Yes,8.07
Silty,Wheat,,33.3,6.5,47.0,3.61,8.6,3.98,No,6.15
Silty,Wheat,1013.2,29.6,6.97,116.6,,5.2,1.68,No,6.82
Clay,Rice,568.5,23.3,5.41,222.8,5.74,6.2,5.68,Yes,7.96
Loamy,,769.4,24.9,7.37,,3.27,7.0,4.54,Yes,9.15
Peaty,Rice,630.5,17.1,7.97,,2.48,6.1,8.63,Yes,8.5
Sandy,Soybean,1430.4,27.9,6.56,172.9,5.24,7.8,7.9,Yes,7.32
Sandy,Wheat,1155.0,29.3,7.79,187.8,7.96,6.6,5.42,Yes,7.32
Peaty,Cotton,704.6,28.6,5.15,170.6,8.21,9.2,0.96,Yes,7.4
Silty,Rice,958.1,27.3,5.51,94.9,3.95,7.2,7.72,Yes,9.52
Peaty,Soybean,428.5,27.7,6.79,72.3,,9.4,3.22,Yes,7.12
Clay,,1060.2,27.0,6.01,228.3,7.02,6.8,32.7,No,8.4
Peaty,Soybean,658.9,14.4,6.54,268.3,4.34,,11.32,No,6.43
Clay,Cotton,736.0,30.9,6.23,60.0,0.38,9.0,14.55,Yes,6.33
Silty,Cotton,940.3,19.0,7.15,223.5,7.5,7.1,2.96,Yes,6.93
Sandy,Rice,1229.7,28.4,5.54,240.4,6.76,6.7,1.06,Yes,8.7
,Barley,1141.3,18.4,7.05,18.2,5.11,6.1,27.55,Yes,8.24
Loamy,Maize,736.6,25.1,5.62,115.4,,7.9,7.57,No,10.98
Silty,Cotton,1004.2,16.1,6.34,94.5,3.0,7.5,2.28,No,6.49
,Rice,690.0,26.2,7.61,134.1,3.65,4.9,1.66,No,7.89
Sandy,Cotton,1189.9,22.2,5.8,135.5,3.7,10.4,4.28,No,5.74
Silty,Wheat,915.0,26.4,6.18,187.5,2.74,7.4,1.39,No,7.82
Loamy,Cotton,570.8,22.2,8.23,125.4,0.0,9.1,5.09,Yes,6.26
Loamy,Cotton,814.4,25.0,7.11,135.2,6.04,7.1,3.06,Yes,8.34
Silty,Cotton,802.1,36.0,5.66,,,10.2,3.68,Yes,5.26
Peaty,Rice,1322.8,29.6,5.8,233.9,3.72,4.7,15.94,No,8.45
,Rice,1204.0,9.6,7.07,88.9,8.19,10.9,1.66,Yes,9.41
Peaty,Rice,832.1,28.0,5.22,226.4,5.53,8.3,8.13,No,9.27
Sandy,Rice,889.4,26.0,8.18,190.8,5.99,8.9,,Yes,8.84
Sandy,Barley,490.2,32.5,6.81,205.2,7.41,7.1,4.44,Yes,7.46
Clay,Rice,851.2,25.9,6.66,82.3,4.38,7.5,1.54,Yes,8.22
Silty,Maize,1210.5,28.7,6.11,119.1,4.31,6.4,2.58,No,9.88
Sandy,Wheat,1368.2,30.6,7.13,61.9,7.34,7.9,5.87,No,6.77
Loamy,Cotton,780.4,26.0,7.84,185.7,7.51,7.2,1.29,No,6.43
Sandy,Maize,584.7,21.2,6.33,174.9,,11.0,6.14,No,10.05
Sandy,Soybean,1042.9,19.3,6.43,151.9,0.94,4.2,2.59,Yes,7.55
Peaty,Maize,558.5,19.3,6.88,,3.56,5.9,15.64,No,8.64
Silty,Wheat,706.2,33.3,5.56,96.7,12.25,8.3,4.69,No,7.43
Loamy,Rice,872.6,22.5,5.79,158.0,4.03,8.1,,Yes,11.46
Clay,Soybean,1139.8,31.2,6.28,163.9,0.52,6.9,0.7,Yes,7.93
Silty,Barley,643.5,27.4,6.99,222.9,6.38,5.4,1.51,No,8.15
Loamy,Soybean,740.2,26.6,5.92,27.9,2.81,7.1,5.82,No,8.26
Silty,Cotton,,23.2,6.81,178.8,7.41,8.1,0.61,Yes,7.89
Clay,Cotton,1242.3,26.9,7.98,176.1,7.41,8.2,8.0,No,5.55
Clay,Soybean,1356.7,20.3,6.33,148.3,8.05,8.1,20.12,No,6.7
Clay,Soybean,1208.5,26.3,7.0,109.6,9.97,8.2,1.61,Yes,8.07
Silty,Barley,1159.3,25.6,6.31,119.3,0.45,10.0,2.61,,7.73
Silty,Maize,959.4,19.8,6.18,107.0,2.5,9.1,1.21,No,10.9
Clay,Maize,877.8,24.8,5.26,177.5,4.79,7.0,1.54,Yes,10.48
Clay,Rice,1026.5,26.2,7.64,196.6,8.33,4.6,14.51,No,8.47
Sandy,Maize,1078.5,21.3,6.03,160.3,2.8,5.0,2.04,No,9.29
Silty,Maize,997.4,19.8,5.56,111.1,5.15,6.2,4.86,No,10.96
Peaty,Wheat,,25.3,6.12,185.8,0.31,7.8,0.89,No,8.03
Sandy,Wheat,757.0,20.6,5.85,223.0,4.97,9.3,4.24,No,7.54
Loamy,Barley,801.2,24.4,7.04,93.4,,5.6,2.21,No,7.7
Loamy,Wheat,464.3,17.4,7.07,94.1,5.94,6.5,3.89,No,8.15
Peaty,Soybean,1114.6,30.7,8.39,32.6,7.54,6.7,8.62,Yes,5.89
Clay,Wheat,1315.1,22.8,6.3,88.5,4.62,6.7,2.09,No,6.96
Silty,Soybean,1095.9,23.2,6.72,,4.63,4.1,11.53,Yes,8.32
Loamy,Soybean,1212.7,24.1,5.67,192.1,5.02,7.5,1.73,Yes,8.32
Silty,Barley,514.1,20.3,6.63,132.1,8.64,8.3,12.19,Yes,8.69
Sandy,Rice,1188.3,19.6,6.24,18.0,0.89,6.2,2.68,No,7.64
Sandy,Maize,1118.1,25.0,5.28,104.3,8.17,9.6,5.45,Yes,10.48
Silty,Maize,321.6,13.7,6.19,136.4,5.56,5.7,10.08,Yes,10.45
Peaty,Soybean,1174.4,22.7,6.51,183.6,4.41,11.6,3.49,No,7.22
Peaty,Cotton,844.6,20.9,6.07,59.4,0.14,7.8,3.47,No,6.89
Silty,Soybean,918.4,22.5,7.59,187.8,4.51,7.5,1.41,Yes,8.45
Clay,Maize,521.2,29.1,6.7,170.3,10.1,6.3,2.19,Yes,11.22
Sandy,Barley,1058.2,22.8,6.15,91.5,8.1,6.8,4.08,Yes,7.64
Clay,Cotton,1463.9,20.9,7.57,191.6,,7.3,3.5,No,5.93
Clay,Rice,517.4,23.8,5.7,234.1,,7.3,2.02,No,8.68
Sandy,Cotton,902.3,29.7,6.87,,8.32,9.2,0.74,No,5.59
Peaty,Rice,1055.5,24.1,6.4,239.8,5.12,7.6,5.96,No,9.18
Clay,Rice,1274.5,25.1,6.59,117.2,4.63,5.8,,Yes,9.59
Clay,Rice,1289.0,21.7,5.56,158.9,3.22,5.7,0.44,No,8.45
Clay,Wheat,1251.4,23.0,6.93,183.5,5.36,7.2,2.65,No,7.54
Peaty,Barley,616.5,27.2,6.56,137.6,2.35,7.3,13.52,,8.53
Peaty,Wheat,1373.1,29.4,6.0,125.2,7.38,3.8,15.19,Yes,7.89
Sandy,Cotton,518.5,17.7,6.64,190.7,0.0,7.9,3.48,No,6.43
Peaty,Maize,1403.4,17.4,6.89,56.7,4.26,6.1,2.46,No,9.04
Clay,Wheat,1082.6,24.4,6.21,177.3,10.37,9.0,3.35,No,6.95
Clay,Cotton,1121.6,14.3,6.16,134.2,6.97,8.4,1.32,Yes,7.25
Sandy,Barley,961.0,21.4,5.04,189.2,7.74,4.2,3.9,Yes,7.42
Sandy,Barley,870.5,16.5,4.94,159.2,,7.0,2.77,Yes,7.51
Loamy,Rice,623.7,31.5,7.33,227.9,1.26,7.0,4.17,No,8.52
Clay,Maize,519.6,24.8,6.67,98.4,,7.2,34.96,Yes,10.95
Sandy,Wheat,1237.1,28.5,8.99,171.0,7.19,5.6,14.85,Yes,5.42
Loamy,Soybean,799.8,23.2,5.9,148.9,0.0,8.1,4.99,No,8.46
Clay,Cotton,706.2,35.0,5.93,134.9,3.39,7.4,3.22,No,5.65
Peaty,Cotton,1789.1,26.6,6.91,100.0,6.54,4.5,2.69,Yes,5.49
Peaty,Soybean,1234.0,27.4,6.47,154.8,1.86,4.9,1.31,Yes,7.38
Peaty,Maize,911.1,,5.37,213.0,,7.7,6.7,Yes,11.04
Silty,Maize,529.9,23.2,6.55,,0.11,7.3,5.81,Yes,10.41
,Soybean,384.9,14.5,,120.1,1.5,6.2,3.2,No,6.7
Loamy,Rice,810.8,18.8,6.26,70.9,3.79,6.0,3.77,Yes,9.93
Sandy,Wheat,474.1,23.8,6.44,156.2,5.92,7.6,1.53,Yes,8.04
Silty,Soybean,1485.7,31.0,5.41,128.2,1.26,6.2,4.92,Yes,6.69
Peaty,Soybean,988.9,28.9,6.74,150.7,2.93,6.8,3.67,No,7.32
Clay,Maize,975.3,28.4,5.69,168.0,9.26,7.1,1.31,Yes,11.64
Silty,Cotton,757.3,31.7,6.67,139.5,4.43,9.1,1.11,Yes,7.18
Peaty,Cotton,996.8,,6.63,127.6,,8.1,8.85,No,6.09
Silty,Soybean,1345.8,29.1,7.17,82.3,5.98,7.7,3.81,Yes,7.4
Clay,Rice,984.0,,8.53,129.9,2.75,4.1,9.41,No,7.93
Peaty,Barley,769.3,26.2,7.09,214.7,7.59,9.0,3.31,Yes,8.59
Silty,Cotton,787.8,17.8,5.94,189.6,5.67,4.2,3.96,Yes,7.19
Loamy,Wheat,962.0,19.1,6.07,162.9,6.18,7.9,3.58,No,8.56
Clay,Rice,815.0,22.0,7.37,160.1,3.76,7.3,16.96,No,8.65
Sandy,Cotton,891.8,17.4,6.52,152.9,2.43,8.0,2.63,Yes,7.42
Clay,Maize,632.5,19.4,7.09,115.3,5.3,8.6,1.07,No,8.85
Sandy,Barley,858.5,30.5,6.46,164.4,3.55,5.1,2.26,No,6.75
Clay,Maize,1002.4,22.1,6.66,143.4,3.04,4.6,2.66,Yes,10.76
Sandy,Rice,1024.7,26.6,5.0,186.4,5.56,9.1,0.97,Yes,8.97
Sandy,Rice,262.7,26.0,5.7,87.5,3.67,12.0,3.56,Yes,7.71
Silty,Cotton,1052.7,25.7,6.23,145.3,7.3,6.1,10.54,No,6.96
Peaty,Maize,626.8,29.9,5.68,230.3,7.34,7.1,2.77,Yes,10.01
Peaty,Barley,687.0,25.7,6.7,198.2,0.88,7.3,11.36,No,7.32
Sandy,Wheat,753.2,21.1,6.63,122.3,6.62,9.7,,No,7.12
Peaty,Cotton,545.1,27.6,5.74,114.6,8.61,8.0,1.75,No,5.45
Loamy,Cotton,644.1,33.0,5.55,128.1,4.31,6.4,1.09,Yes,6.88
Sandy,Rice,1170.3,24.9,,205.8,3.74,6.4,2.78,No,9.44
Silty,Soybean,848.9,20.0,4.45,148.8,6.05,10.1,,Yes,6.98
Silty,Cotton,937.2,20.8,7.62,134.9,,6.7,8.11,No,6.2
Sandy,Maize,864.4,23.6,6.35,0.0,7.24,,2.16,No,9.58
Clay,Barley,942.6,,6.39,117.0,8.11,6.4,31.82,No,8.37
Peaty,Cotton,690.1,31.1,6.01,159.3,0.57,6.0,8.75,Yes,7.37
Loamy,Maize,1093.7,23.6,6.13,179.5,,9.1,2.25,Yes,11.76
Clay,Cotton,893.6,22.6,6.48,187.2,8.79,5.9,14.5,Yes,7.4
Clay,Barley,862.6,,6.56,242.5,10.34,6.0,1.16,Yes,8.05
Silty,Cotton,1212.0,25.1,4.96,199.5,5.19,8.3,11.39,Yes,6.95
Silty,Wheat,948.1,27.6,6.53,179.7,3.34,6.6,2.22,No,7.94
Silty,Cotton,673.7,31.3,5.26,183.1,5.27,7.4,1.04,Yes,5.92
Loamy,Barley,618.0,27.0,6.15,200.6,6.08,6.3,22.36,Yes,8.41
Peaty,Rice,1027.0,18.3,6.37,214.0,5.76,5.7,6.82,Yes,10.35
Sandy,Soybean,1156.7,24.4,7.13,41.3,3.15,9.5,2.46,No,6.35
Silty,Wheat,1282.7,16.6,5.88,,4.02,8.8,2.49,Yes,8.78
Silty,Maize,917.4,27.8,6.8,102.1,6.03,6.0,2.35,Yes,10.22
Silty,Cotton,814.5,23.7,,44.0,5.28,8.0,3.56,No,5.86
Clay,Rice,739.0,26.4,8.06,54.0,8.61,7.4,2.74,No,6.53
Clay,Maize,1319.1,30.9,6.17,173.6,7.63,6.6,6.73,No,9.4
Sandy,Rice,761.4,35.6,6.22,95.5,,8.0,9.64,No,7.15
Clay,Rice,773.2,25.0,5.83,233.3,4.42,5.8,2.03,Yes,8.87
Loamy,Soybean,808.1,21.0,6.78,178.8,7.0,6.3,2.9,Yes,8.44
Peaty,Wheat,892.3,27.0,5.28,122.9,5.02,7.1,2.11,Yes,7.69
Loamy,Maize,610.0,20.4,7.35,64.9,3.0,6.9,2.85,Yes,11.55
Silty,Rice,740.0,24.5,6.01,94.4,0.5,6.0,2.11,Yes,10.35
Silty,Cotton,1156.2,24.6,5.82,11.1,,8.7,0.97,Yes,6.68
Sandy,Maize,,25.6,4.77,123.9,5.55,10.2,2.26,No,9.71
Peaty,Rice,994.0,27.7,6.88,108.9,5.75,8.7,2.13,No,8.47
Silty,Cotton,417.6,22.6,6.2,153.3,2.88,6.8,2.79,No,6.45
Peaty,Soybean,1207.2,28.5,6.25,144.1,5.98,6.6,3.41,Yes,8.22
Peaty,Cotton,765.2,31.4,6.64,198.9,2.89,7.2,13.81,No,6.39
Peaty,Cotton,1100.6,28.5,6.99,,6.4,8.3,1.05,Yes,6.27
Loamy,Rice,1489.5,23.4,7.56,271.5,8.25,5.7,12.35,Yes,10.13
Peaty,Barley,1294.8,20.2,6.1,149.5,4.15,6.4,3.95,Yes,8.01
Peaty,Wheat,1104.0,31.0,5.36,,8.63,6.0,2.57,No,7.07
Silty,Soybean,855.6,24.4,7.95,106.4,8.92,7.3,0.45,No,6.82
,Cotton,1124.5,27.3,6.06,209.0,2.04,7.1,10.61,Yes,7.34
Peaty,Cotton,1008.9,24.2,5.9,135.7,9.47,11.5,1.18,No,5.58
Clay,Barley,,24.0,7.38,81.3,,7.4,5.59,No,6.92
Loamy,Maize,798.5,34.1,7.09,184.1,4.95,7.5,2.19,No,10.47
Loamy,Maize,989.0,24.5,5.71,146.7,4.2,8.8,5.43,Yes,11.74
Silty,Barley,1081.7,13.2,6.42,115.9,3.66,9.8,7.83,No,7.03
Clay,Wheat,1282.9,16.8,8.96,,7.44,7.6,1.92,No,6.52
Silty,Wheat,1137.3,24.2,6.23,275.6,7.75,7.7,,No,7.54
Sandy,Wheat,838.3,15.6,7.74,178.5,5.93,7.4,2.64,No,7.31
Sandy,Rice,1398.7,23.5,8.33,157.4,5.51,7.1,4.1,Yes,8.06
Silty,Barley,1244.6,31.5,6.97,98.7,5.3,7.0,4.0,No,6.79
Peaty,,957.9,24.7,6.2,132.5,6.17,5.6,8.08,No,9.73
Peaty,Wheat,773.8,21.6,6.08,110.6,4.59,8.5,5.13,Yes,8.83
Silty,Cotton,807.4,22.9,6.31,174.3,1.25,11.3,20.23,No,7.17
Loamy,Maize,960.1,28.0,7.87,198.9,5.86,,1.03,No,10.02
Loamy,Rice,781.5,22.4,6.57,193.4,5.16,8.2,3.93,No,9.92
Silty,Barley,1162.2,26.4,7.24,92.5,3.68,,4.02,No,7.44
Sandy,Rice,1209.0,35.4,5.75,63.5,3.09,8.5,6.76,No,7.25
Clay,Barley,744.9,20.4,5.21,139.7,,6.3,2.83,No,7.24
Sandy,Cotton,959.3,21.9,5.22,228.9,3.18,9.0,9.64,No,6.17
Clay,Maize,1236.7,26.0,5.52,44.5,8.19,6.4,4.66,Yes,9.93
Silty,Maize,1101.0,19.0,7.0,211.8,2.23,10.0,4.95,Yes,11.41
Peaty,Maize,628.7,22.6,7.37,146.7,7.03,6.7,2.87,Yes,11.51
Loamy,Barley,468.5,26.8,6.68,240.6,6.1,7.0,0.56,No,7.75
Sandy,Cotton,1168.1,33.3,6.38,158.9,0.06,6.6,3.32,Yes,5.43
Sandy,Soybean,207.5,22.8,6.45,165.7,0.71,6.7,,No,6.73
Sandy,Wheat,627.3,29.5,6.84,131.3,7.11,4.3,8.99,No,7.07
Silty,Maize,,31.0,8.09,191.8,9.52,8.9,5.75,,9.11
Silty,,1315.0,20.0,5.23,54.5,3.35,7.9,1.19,No,4.82
Loamy,Rice,717.5,38.5,7.17,,4.74,6.8,11.47,Yes,8.4
Clay,Rice,1155.0,11.9,7.24,183.7,2.19,8.2,13.66,Yes,8.62
Sandy,Maize,841.7,29.1,7.96,149.4,7.1,7.0,0.56,Yes,9.2
Loamy,Maize,906.9,20.5,5.67,,4.46,5.8,2.51,Yes,10.8
Peaty,Rice,1024.1,20.8,6.64,95.0,5.2,6.6,5.14,No,8.24
Loamy,Rice,901.7,22.3,6.04,21.4,6.31,8.6,1.66,No,8.94
Loamy,Barley,842.4,29.1,5.76,46.7,7.83,7.4,3.89,No,7.93
Sandy,Cotton,1060.4,20.7,6.96,110.1,4.0,7.6,2.21,No,6.37
Peaty,Barley,824.3,21.4,6.92,177.2,0.37,7.9,6.03,Yes,8.28
Peaty,Rice,360.6,14.4,6.75,45.8,6.9,9.3,7.66,Yes,8.26
Silty,Maize,1338.3,23.2,,102.0,0.96,7.0,6.97,No,10.23
Loamy,Soybean,1388.0,19.7,6.47,237.7,7.94,7.9,3.0,No,8.55
Silty,Cotton,812.1,23.9,6.11,168.5,4.56,7.6,2.88,Yes,7.01
Clay,Cotton,1027.3,19.9,4.99,,4.23,6.3,5.67,No,5.79
Peaty,Rice,1106.2,,7.04,0.7,7.58,7.0,3.57,Yes,8.81
,Soybean,1052.7,24.0,6.42,106.1,6.19,8.7,18.7,No,7.18
Loamy,Soybean,1040.7,16.1,7.6,158.3,7.57,9.8,3.12,No,8.01
Sandy,Wheat,1303.4,17.1,6.73,178.8,7.92,,3.37,No,6.2
Clay,Barley,422.0,18.1,7.07,196.7,3.56,5.7,0.66,Yes,7.58
Clay,Rice,1029.3,30.5,6.37,59.2,5.19,9.1,3.63,Yes,8.19
Sandy,Soybean,666.3,22.3,7.9,156.3,5.54,5.4,3.04,No,6.3
Clay,Cotton,1062.7,20.6,6.23,217.8,3.03,9.0,3.4,No,6.05
Sandy,Rice,1173.9,15.0,5.07,123.3,,9.5,3.68,No,7.09
Loamy,Cotton,546.1,28.5,7.14,145.7,7.22,9.3,2.05,No,7.15
Loamy,Soybean,1324.6,22.1,5.15,226.7,4.87,9.4,1.82,No,6.83
Peaty,Soybean,423.0,25.1,6.75,140.0,3.9,7.8,2.43,No,6.61
,Maize,840.3,28.5,5.32,230.1,6.57,8.0,1.42,Yes,10.8
Clay,Rice,906.9,31.3,5.7,192.6,,8.5,1.86,No,7.8
Clay,Cotton,1500.4,36.2,5.67,146.0,4.77,8.3,5.14,No,4.66
Peaty,Soybean,752.2,26.2,4.95,219.5,5.65,6.7,,Yes,8.05
Silty,Wheat,828.1,22.1,6.14,106.9,3.35,,4.21,Yes,8.8
Loamy,Barley,,,6.27,142.9,4.32,7.1,3.13,No,7.97
Clay,Barley,459.6,26.7,7.81,,8.57,7.7,1.24,Yes,7.04
Loamy,Cotton,1055.7,32.1,7.31,178.9,6.6,9.5,3.08,No,5.63
Peaty,Wheat,419.0,22.6,6.12,183.7,6.2,6.6,1.3,No,8.64
Loamy,Barley,1072.8,24.5,6.93,,6.8,8.9,2.2,Yes,8.75
Sandy,Maize,1302.2,21.8,5.6,175.2,7.36,8.5,,No,9.61
Silty,Barley,983.9,19.6,4.78,161.7,8.48,7.0,3.03,Yes,8.34
Peaty,Barley,1266.4,21.4,7.54,32.8,6.69,7.2,,No,6.87
Loamy,Soybean,892.1,19.9,7.61,110.7,7.29,7.8,4.04,Yes,7.59
Loamy,Cotton,1034.4,24.5,5.46,140.7,2.41,10.8,9.09,No,7.33
Clay,Maize,831.2,34.5,7.81,153.7,2.27,6.1,4.03,Yes,9.34
Loamy,Soybean,773.3,29.0,6.09,303.6,4.75,5.9,3.98,Yes,7.99
Peaty,Cotton,821.7,23.9,5.83,158.2,5.55,4.7,,Yes,6.72
Silty,Wheat,980.5,26.9,5.97,152.9,2.8,8.3,2.04,,8.6
Peaty,Maize,1021.6,25.9,7.43,141.4,4.92,8.1,1.46,No,10.72
Clay,Cotton,852.9,21.4,6.81,40.3,2.9,8.0,8.16,Yes,7.11
Peaty,Soybean,,24.5,7.28,230.3,3.87,5.6,3.85,Yes,7.55
Sandy,Wheat,1382.6,22.4,7.29,,5.52,4.9,5.08,No,6.37
Clay,,762.7,27.1,5.51,114.3,,6.4,1.88,,7.77
Clay,Cotton,1043.1,22.1,5.14,111.2,1.53,5.6,7.19,No,4.91
Peaty,Maize,844.5,15.4,5.95,92.0,5.97,6.9,1.41,Yes,10.44
Peaty,Cotton,743.4,25.2,5.28,86.1,1.93,8.2,0.46,Yes,6.0
Silty,Maize,1065.8,21.7,7.19,131.5,7.72,7.9,5.21,No,10.27
Loamy,Soybean,538.5,24.8,6.87,57.7,1.77,7.6,0.54,No,7.06
Sandy,Wheat,809.2,26.7,6.89,136.6,6.99,7.3,7.31,No,6.23
Silty,Cotton,909.0,28.2,6.38,104.3,8.81,4.5,4.52,No,6.96
Peaty,Rice,1338.0,34.5,,200.4,6.46,10.5,3.28,Yes,7.8
Silty,Soybean,1220.9,19.9,6.04,182.8,4.41,4.3,9.81,Yes,8.26
Clay,Rice,829.2,21.1,,215.8,3.8,7.1,7.74,Yes,10.19
Peaty,Maize,1056.1,22.3,,142.5,2.18,10.4,1.75,No,10.61
Silty,Soybean,730.7,23.5,6.82,139.6,2.51,6.6,2.02,No,7.97
Sandy,Wheat,1054.6,30.3,7.32,172.6,4.33,9.8,0.73,No,7.62
Peaty,Maize,1376.5,31.2,5.92,38.3,6.41,6.9,2.25,Yes,8.97
Peaty,Barley,651.7,23.2,7.15,76.4,6.84,10.0,2.33,No,6.92
Silty,Rice,600.9,20.9,7.29,135.5,4.37,7.0,3.86,Yes,9.26
Silty,Cotton,892.9,23.6,6.05,84.6,3.99,9.5,7.74,Yes,7.28
Clay,Maize,782.0,16.7,6.4,182.5,7.25,6.5,2.52,Yes,9.95
Loamy,Maize,340.3,33.8,5.2,94.0,6.49,7.1,10.14,No,9.33
Sandy,Wheat,956.4,18.4,5.88,122.3,4.53,7.3,2.22,Yes,7.78
Loamy,Rice,774.2,25.0,6.5,101.3,7.74,4.9,2.33,Yes,9.04
,Soybean,1085.8,,6.41,56.9,4.35,10.6,1.45,No,6.92
Loamy,Maize,1054.1,18.3,6.48,207.5,4.99,7.1,,Yes,12.09
Peaty,Rice,914.4,22.0,5.51,,3.18,5.2,34.32,Yes,9.56
Silty,Maize,1284.3,23.4,7.21,254.1,5.18,5.9,1.98,Yes,10.46
Clay,Barley,836.8,19.0,6.78,199.5,7.38,7.2,0.41,No,7.52
Loamy,Soybean,988.9,22.5,6.02,175.1,5.5,9.2,3.98,Yes,8.96
Loamy,Maize,695.2,26.6,,118.9,6.28,8.0,5.14,No,11.34
Silty,Cotton,623.2,18.5,6.98,146.9,8.51,8.0,6.35,No,6.39
Sandy,Soybean,737.3,22.1,6.35,168.3,5.91,4.8,7.06,No,6.17
Sandy,Rice,1023.7,24.3,5.49,119.1,4.36,9.2,4.52,No,8.71
Silty,Cotton,627.0,33.0,6.26,101.7,0.0,8.0,1.8,Yes,6.89
Silty,Soybean,883.4,23.1,8.03,223.0,4.88,7.4,1.71,No,6.72
Loamy,Soybean,1268.2,21.4,7.41,138.8,5.31,4.7,6.36,No,7.6
Loamy,Cotton,772.9,28.4,,223.3,3.58,6.6,1.6,No,6.53
Silty,Soybean,1038.8,17.4,6.8,167.6,5.1,9.3,5.05,No,7.95
Peaty,Maize,706.6,20.9,6.39,146.7,4.83,6.6,2.23,No,10.12
Peaty,Wheat,1155.4,15.2,6.01,,7.81,9.1,0.87,Yes,8.06
Silty,Wheat,1122.7,22.4,6.63,57.3,12.57,8.1,7.57,Yes,8.54
Silty,Rice,532.0,23.2,5.73,162.1,0.24,8.4,6.93,Yes,9.97
Silty,Rice,766.2,21.0,5.59,100.9,6.34,8.7,6.47,No,8.47
Loamy,Cotton,778.7,15.5,6.99,124.7,4.48,9.1,0.91,No,6.85
Silty,Cotton,1038.3,32.9,6.56,78.9,1.99,7.4,,Yes,6.73
Silty,Rice,1539.9,26.6,5.6,220.1,6.52,8.9,,No,8.83
Clay,Rice,703.0,23.0,6.33,148.4,3.21,9.8,5.11,No,8.42
Sandy,Wheat,978.4,21.3,5.78,157.9,7.0,11.5,0.63,No,7.74
Peaty,Cotton,1264.9,20.1,6.89,137.6,2.88,6.7,,Yes,7.27
Clay,Wheat,1506.0,20.1,6.0,51.9,3.44,10.0,2.18,Yes,6.54
Loamy,Wheat,1082.5,22.1,6.23,204.3,2.23,4.0,5.95,No,8.14
Silty,Wheat,,27.7,6.5,209.7,2.76,4.8,3.83,Yes,9.05
Sandy,,1176.4,24.9,5.59,109.8,8.62,6.7,0.53,No,5.89
Sandy,Rice,810.9,17.2,7.34,178.8,2.64,4.6,0.86,Yes,9.04
Silty,Wheat,1134.8,14.6,6.51,221.2,4.28,6.5,2.78,No,8.76
,Rice,637.0,22.8,7.27,210.5,4.71,10.9,1.96,Yes,9.81
Silty,Maize,1150.8,29.2,,115.5,4.39,6.5,3.67,No,10.66
Silty,Soybean,1241.1,24.9,6.66,133.6,2.35,7.7,0.69,Yes,8.39
Clay,Soybean,671.5,26.2,5.51,,5.11,4.7,11.04,No,5.17
Sandy,Barley,570.0,24.3,5.79,220.0,1.0,6.1,1.28,No,6.85
Peaty,Barley,1240.2,14.4,6.74,72.4,5.62,8.9,5.54,Yes,7.03
Peaty,Rice,1143.4,15.0,6.86,143.0,4.97,6.9,1.91,Yes,9.14
Loamy,Barley,854.3,,6.62,123.0,3.58,7.7,2.03,No,7.35
Peaty,Maize,538.1,17.4,6.52,0.0,4.66,7.1,2.81,No,9.52
Loamy,Rice,1069.7,21.5,6.61,216.6,0.71,8.1,3.87,Yes,10.54
Clay,Cotton,1119.9,28.0,5.96,146.7,3.36,7.4,1.3,No,6.16
Silty,Maize,649.4,21.2,6.08,248.1,4.5,5.1,1.31,Yes,10.13
Sandy,Cotton,1167.0,19.1,5.81,59.4,2.95,4.4,2.58,,5.3
Clay,Maize,685.4,20.6,6.58,,5.84,10.2,10.39,Yes,10.12
Loamy,Cotton,584.1,21.3,7.33,233.5,0.0,6.1,,Yes,7.42
Peaty,Wheat,487.1,19.4,6.17,54.1,8.93,7.3,7.3,Yes,6.99
Peaty,Maize,,23.6,4.93,,0.65,9.2,0.92,No,9.98
Clay,Barley,1503.3,21.2,6.59,50.4,5.57,6.5,20.75,Yes,7.4
,Barley,614.3,20.0,6.95,177.2,3.96,6.7,2.15,No,8.58
Sandy,Barley,969.3,27.7,,164.8,5.25,7.3,0.95,No,6.57
Peaty,Maize,,,6.15,127.9,4.25,7.9,1.32,Yes,10.98
Clay,Wheat,1160.8,17.3,8.71,206.8,6.09,6.2,6.57,Yes,6.76
Clay,Wheat,,27.7,6.82,244.1,6.4,6.7,0.71,Yes,8.58
Sandy,Soybean,945.5,24.0,5.46,196.3,4.36,7.0,2.75,No,7.24
Loamy,Maize,1040.1,,6.23,115.8,2.54,,1.85,No,10.49
Sandy,Maize,1319.5,26.4,5.45,110.0,4.7,8.6,5.71,No,8.88
Peaty,Wheat,680.3,25.5,6.77,22.8,6.72,4.2,8.05,No,6.31
Loamy,Cotton,863.0,25.3,5.83,125.4,,6.2,9.98,Yes,8.14
Sandy,Soybean,1238.1,23.8,6.98,25.2,0.29,9.2,1.64,Yes,6.83
Silty,Maize,288.8,29.1,6.44,195.7,4.82,6.1,3.69,Yes,9.18
Loamy,Cotton,866.2,22.5,7.65,117.2,3.87,6.7,1.94,No,5.7
Clay,Cotton,1156.6,,6.28,213.0,5.28,,8.79,No,6.42
Peaty,Maize,630.8,25.3,7.36,,0.73,7.1,4.62,Yes,10.73
Clay,Rice,899.1,23.6,7.1,69.2,5.46,8.7,1.15,Yes,9.55
Clay,Soybean,942.4,24.3,6.81,184.2,0.0,9.3,9.19,No,7.24
Peaty,Soybean,704.0,17.7,7.29,221.9,6.12,7.6,,Yes,7.17
Silty,Wheat,768.1,28.2,5.98,94.2,0.63,9.4,3.5,Yes,8.13
Loamy,Barley,805.1,32.0,5.87,74.2,11.05,7.5,6.05,Yes,8.11
Peaty,Barley,1135.4,,6.88,132.5,5.59,8.0,3.72,No,7.46
Loamy,Cotton,721.5,25.9,5.77,179.6,6.31,10.5,3.75,,8.01
Silty,Maize,1128.7,30.3,6.16,6.1,3.82,7.8,1.93,Yes,10.01
Clay,Rice,959.7,27.4,5.92,215.1,5.2,6.7,2.68,No,8.08
Silty,,963.1,26.0,5.15,123.9,7.64,7.8,1.67,Yes,8.04
Loamy,Rice,619.9,26.3,6.25,154.8,5.05,7.4,12.21,Yes,11.31
Sandy,,950.8,28.1,6.86,8.6,4.73,8.3,1.86,Yes,6.58
Silty,Wheat,1343.4,28.8,6.89,169.7,,7.7,5.59,No,7.2
Sandy,Soybean,407.0,28.7,6.05,93.0,1.63,8.3,1.6,Yes,7.85
Loamy,Maize,1076.9,26.0,5.14,109.7,6.99,8.5,6.27,Yes,11.61
Peaty,Soybean,592.8,22.7,6.52,164.4,6.29,7.0,14.91,Yes,7.81
Loamy,Soybean,728.9,33.4,5.82,204.0,4.69,7.5,0.69,Yes,7.58
Clay,Wheat,1453.6,25.9,6.2,338.1,6.51,5.2,1.19,No,6.18
,Maize,1139.7,27.5,6.72,156.7,5.62,7.8,6.68,Yes,11.94
Loamy,Rice,1057.8,29.7,6.35,211.4,2.95,7.9,0.56,Yes,9.94
Silty,Barley,915.8,12.7,6.39,150.2,8.38,6.3,10.52,No,7.52
Peaty,Cotton,933.8,23.3,6.71,145.8,3.46,8.6,,Yes,7.09
Silty,Soybean,1104.9,23.8,6.49,226.9,2.38,4.4,,Yes,8.21
Peaty,,834.9,25.5,6.3,124.3,8.3,8.6,3.78,Yes,10.86
Loamy,Soybean,1101.5,21.5,6.35,95.4,4.7,9.6,1.06,Yes,8.94
Peaty,Soybean,648.3,,6.47,193.7,6.62,5.7,4.1,Yes,8.59
Peaty,Soybean,1094.5,31.7,4.31,145.2,4.43,7.3,7.14,Yes,7.21
Sandy,Rice,839.7,16.8,7.11,154.7,2.53,7.9,1.11,Yes,8.33
Sandy,Barley,902.3,27.0,5.36,187.4,1.78,9.1,2.73,No,6.64
Silty,Soybean,870.9,20.9,4.15,151.3,2.98,8.1,2.55,Yes,7.03
Peaty,Barley,1590.3,24.8,7.01,121.9,3.3,7.7,0.37,Yes,7.95
Silty,Rice,1082.0,23.7,6.66,167.1,1.88,9.1,2.22,Yes,10.08
Clay,Barley,584.4,14.1,7.82,176.7,4.15,6.5,2.44,No,6.64
Loamy,Rice,1342.0,25.3,6.81,98.8,7.67,8.2,6.98,Yes,11.12
Loamy,Wheat,726.5,23.8,5.37,99.4,7.04,5.8,2.61,Yes,8.45
Silty,Wheat,408.0,23.1,7.3,153.8,4.06,7.8,8.41,No,8.39
Peaty,Rice,826.1,23.6,6.71,102.9,5.93,8.7,24.22,Yes,10.16
Sandy,Soybean,844.6,19.8,7.54,169.5,,6.6,3.44,Yes,7.22
Silty,Maize,967.9,23.4,7.14,90.7,8.86,6.6,7.9,No,10.12
Sandy,Maize,1042.3,34.6,6.59,246.6,9.18,7.9,9.55,Yes,9.67
Loamy,Cotton,1425.0,18.5,6.8,198.0,6.47,6.5,3.18,No,8.06
Silty,Maize,,23.8,7.21,196.2,3.58,10.3,6.84,No,10.11
Loamy,Barley,1033.5,15.4,6.86,84.0,7.02,7.3,0.84,Yes,9.59
Sandy,Barley,1157.1,34.4,6.84,100.1,7.24,6.5,6.08,Yes,6.26
Clay,Wheat,1109.5,31.8,6.34,106.7,0.26,7.8,2.43,No,7.57
Loamy,Maize,,23.5,7.01,165.3,7.03,5.8,3.08,No,11.65
Loamy,Maize,907.4,28.3,,67.7,4.82,6.2,1.37,Yes,11.33
Loamy,Soybean,710.3,,6.99,194.7,5.88,8.3,,Yes,9.01
Loamy,Cotton,1049.2,23.3,6.25,,1.23,10.3,2.05,Yes,8.51
Loamy,Maize,880.6,21.3,7.03,161.3,2.3,7.8,1.32,No,11.55
Clay,Soybean,1413.7,23.5,8.42,117.4,5.78,8.7,0.4,Yes,7.04
Sandy,Barley,416.0,17.5,7.51,232.0,6.65,7.6,2.82,Yes,7.58
Sandy,Maize,657.1,27.4,6.72,114.0,8.49,7.4,4.1,Yes,10.81
Loamy,Cotton,680.6,25.4,5.73,239.0,0.0,8.2,2.31,Yes,8.16
Sandy,Soybean,580.2,,7.37,215.0,8.17,8.3,3.29,No,7.65
Loamy,Rice,948.7,14.9,6.43,141.6,4.97,7.0,5.04,No,9.25
Sandy,Rice,645.1,22.9,7.07,87.3,5.78,8.9,3.88,No,7.66
Sandy,Cotton,977.6,29.2,7.87,167.1,3.08,9.4,2.44,No,6.4
Silty,Barley,615.4,39.7,5.2,171.7,6.62,8.1,2.26,No,5.05
Clay,Rice,830.2,12.0,6.81,143.6,6.57,6.2,,No,8.5
Silty,Soybean,567.2,21.7,7.63,166.5,1.1,5.7,3.85,No,7.15
Clay,Wheat,833.3,21.9,5.78,195.4,7.31,6.6,2.95,Yes,8.53
Peaty,,709.0,23.2,5.16,,5.12,6.4,21.56,Yes,9.53
Silty,Wheat,719.8,24.7,6.03,69.6,3.11,5.0,4.91,No,7.8
Silty,Barley,913.7,18.0,5.82,169.0,8.54,7.4,1.87,Yes,9.02
Silty,Cotton,1118.5,30.1,5.53,119.3,3.35,7.3,5.5,Yes,7.4
Silty,Rice,1145.9,26.6,6.43,71.3,,7.7,7.34,No,7.75
Clay,,695.4,19.2,5.28,103.4,10.23,8.3,1.54,Yes,7.58
Sandy,Wheat,856.3,,6.16,213.8,5.79,7.0,11.42,No,7.88
Loamy,Wheat,393.4,29.6,5.42,50.1,4.77,6.4,3.21,No,5.85
Peaty,Rice,593.7,28.4,5.02,91.2,2.77,6.8,11.85,No,7.71
Silty,Soybean,1128.8,18.3,7.51,146.9,7.13,,2.53,,6.83
Loamy,Wheat,,18.0,6.2,152.9,4.29,9.1,2.52,No,8.6
Silty,Barley,754.8,26.3,6.9,85.6,3.91,8.6,0.99,Yes,8.43
Clay,Cotton,974.8,34.5,6.55,189.5,4.63,7.8,1.71,Yes,6.87
Loamy,Soybean,1036.1,30.2,5.73,56.4,4.69,6.2,12.33,Yes,7.0
Sandy,Wheat,997.6,29.4,5.96,182.4,5.78,5.8,1.9,Yes,8.6
Silty,,956.9,23.8,5.3,173.4,,7.2,1.0,No,10.47
Peaty,Cotton,423.0,30.1,6.34,171.3,,8.8,1.71,Yes,6.53
Silty,Wheat,962.3,22.3,,85.4,7.69,8.9,3.53,No,6.15
Loamy,Soybean,535.9,24.7,5.03,131.1,4.06,7.0,7.66,Yes,8.28
Loamy,Barley,884.0,,4.78,202.4,7.89,8.8,6.52,Yes,8.32
Clay,Wheat,882.5,,6.91,191.8,0.0,7.8,1.29,No,6.21
Silty,Cotton,646.4,21.0,6.07,214.9,4.01,5.4,2.49,Yes,6.96
Loamy,Wheat,,32.8,6.81,,7.62,6.4,1.65,Yes,8.22
Sandy,Wheat,278.2,29.5,7.16,30.3,6.14,5.5,11.09,Yes,6.64
Loamy,Rice,416.6,24.0,6.62,101.0,9.48,5.3,7.29,Yes,9.28
Loamy,Cotton,1092.5,22.0,7.39,10.5,6.65,5.5,1.81,Yes,7.81
Silty,Wheat,433.3,20.3,6.19,49.8,3.29,6.4,2.06,,7.51
Clay,Barley,466.5,22.0,6.99,67.7,5.44,9.0,6.55,No,7.21
Peaty,Rice,842.1,20.0,5.14,228.0,4.38,8.8,5.3,No,9.14
Sandy,Wheat,1276.4,23.1,8.1,,0.86,8.6,1.29,Yes,7.83
Clay,Wheat,700.5,16.2,6.43,0.0,9.51,6.0,2.18,No,5.86
Peaty,Rice,1348.9,,5.62,26.6,1.69,8.8,3.83,No,7.55
Peaty,Soybean,960.6,21.9,7.23,137.0,7.98,8.0,2.44,No,6.9
Clay,Rice,885.2,20.5,5.54,181.7,4.44,5.8,1.05,Yes,9.38
Silty,Rice,664.1,26.2,7.75,163.6,7.21,8.2,2.16,No,8.8
Sandy,Rice,667.8,21.3,6.09,,3.1,8.1,,No,7.81
Loamy,Barley,772.0,29.8,5.96,138.3,5.59,8.5,0.91,Yes,9.91
Clay,Wheat,839.4,22.1,5.93,127.9,3.11,10.0,1.17,No,7.01
Clay,Cotton,800.3,24.2,5.11,155.9,,3.9,1.8,No,6.33
Loamy,Soybean,1358.0,24.5,,20.5,5.56,6.0,2.18,Yes,7.79
Silty,Soybean,886.8,29.8,6.28,81.3,3.43,5.6,4.78,Yes,7.54
Clay,Barley,759.5,25.7,6.94,122.1,6.47,7.7,3.56,No,7.46
Silty,Wheat,736.1,18.9,6.59,58.1,8.46,8.0,2.87,Yes,8.13
Clay,Barley,1027.6,28.7,7.47,41.6,3.24,6.9,3.61,No,6.3
Loamy,Barley,969.2,,7.81,118.5,10.47,7.0,8.02,No,7.71
Loamy,Wheat,605.0,28.7,7.07,160.5,5.15,11.0,1.35,No,8.36
Loamy,Maize,1278.9,28.0,6.42,236.6,8.56,6.7,4.01,No,11.38
Clay,Rice,758.2,22.4,6.77,168.9,6.23,6.9,4.79,No,9.53
Clay,Barley,1272.3,30.8,6.24,166.4,6.86,7.9,7.13,No,7.3
Silty,Wheat,889.6,21.3,5.64,83.8,3.62,8.1,1.82,Yes,8.38
Peaty,Barley,674.2,25.2,6.71,221.1,2.68,9.2,12.2,Yes,8.88
Clay,Rice,622.2,28.8,7.65,113.4,3.65,6.2,2.29,Yes,8.55
Loamy,Soybean,879.8,20.0,6.07,84.0,7.43,7.9,4.11,No,7.97
Sandy,Soybean,1004.8,15.0,6.92,,3.66,9.8,1.77,No,6.07
Loamy,Barley,952.2,19.1,7.14,201.7,8.53,5.1,2.03,No,8.29
Loamy,Barley,,23.1,6.68,97.9,6.54,6.2,3.87,Yes,9.06
Clay,Barley,1040.0,24.2,5.85,,4.23,6.0,7.12,Yes,8.33
Sandy,Cotton,1043.8,33.1,6.16,243.1,3.58,8.7,126.54,No,4.73
Peaty,Soybean,915.9,24.4,5.55,,7.66,6.2,8.54,Yes,7.87
Loamy,Maize,,27.2,7.7,239.8,4.23,8.4,0.38,Yes,11.57
Peaty,Cotton,980.7,22.3,5.21,101.8,5.81,7.0,2.11,No,6.49
Sandy,Soybean,589.5,25.7,7.43,131.6,2.87,7.7,,Yes,7.2
Clay,Barley,1103.9,26.0,,126.9,3.07,7.9,1.64,No,8.22
Silty,Wheat,1178.1,23.5,5.93,211.0,4.5,7.3,8.5,No,7.72
Sandy,Soybean,934.9,27.3,5.99,111.4,6.71,9.0,11.74,,7.23
Peaty,Rice,482.9,28.2,6.35,164.8,1.74,8.2,1.58,No,8.78
Peaty,Barley,,18.9,7.39,92.3,5.05,6.9,3.34,Yes,7.07
Loamy,Barley,827.8,29.4,6.39,69.0,5.88,10.8,3.43,Yes,8.71
Loamy,Rice,1017.6,18.3,5.66,226.9,8.93,8.1,1.7,No,9.54
Clay,Rice,1149.4,22.8,7.07,89.3,8.44,,0.31,Yes,8.37
Peaty,Soybean,1246.9,35.8,4.76,150.0,6.43,7.0,,Yes,6.74
Loamy,Rice,714.9,32.5,5.98,180.2,1.8,6.0,5.11,No,8.08
Clay,Barley,1178.6,24.8,,145.7,3.03,6.7,11.37,Yes,8.58
Clay,Barley,973.4,28.1,6.62,76.8,4.76,8.0,1.72,Yes,7.64
Sandy,Wheat,806.3,31.7,6.79,164.3,8.23,7.6,8.21,Yes,7.63
Sandy,Cotton,918.0,35.8,7.1,117.9,4.3,4.3,1.53,Yes,5.32
Loamy,Cotton,928.1,28.9,5.73,70.1,5.54,8.1,12.33,No,6.23
Silty,Barley,847.4,17.1,6.13,158.0,7.28,12.0,1.78,Yes,8.51
Clay,Barley,679.9,19.9,5.49,277.5,0.0,7.3,1.91,,6.14
Clay,Wheat,1037.8,26.3,6.56,178.8,4.33,7.1,1.68,Yes,8.38
Clay,Rice,736.2,22.4,5.41,137.7,3.2,3.8,29.08,Yes,9.15
Peaty,Soybean,523.4,22.0,6.53,,6.86,7.9,3.53,No,6.52
Silty,Cotton,1290.9,9.1,7.33,197.4,5.83,7.6,3.47,Yes,6.24
Silty,Cotton,854.4,25.7,5.8,144.6,9.69,6.5,3.93,Yes,6.94
Clay,Wheat,807.4,26.9,6.89,123.9,6.4,7.7,1.55,No,8.09
Clay,Maize,1125.0,11.8,6.38,131.6,3.23,4.2,0.89,Yes,10.34
Clay,Wheat,1064.6,21.8,6.48,127.6,0.46,6.9,10.6,Yes,7.93
Clay,Wheat,1220.7,19.1,6.98,61.6,5.36,8.1,1.18,No,6.65
Sandy,Barley,619.5,28.9,6.35,69.9,3.71,6.5,6.26,Yes,7.54
Silty,Barley,1242.8,14.4,7.51,106.5,3.82,7.0,0.76,No,7.65
Sandy,Barley,947.4,24.4,6.8,310.5,4.2,5.0,0.43,Yes,7.53
Clay,Rice,843.8,29.3,6.87,117.3,6.56,7.7,6.07,No,8.28
Silty,Barley,786.9,28.7,6.8,174.7,5.99,8.0,0.71,Yes,8.37
Sandy,Barley,929.7,15.1,7.03,147.7,6.36,6.8,3.96,No,7.11
Silty,Cotton,1405.7,27.3,7.04,246.0,3.01,7.6,,Yes,6.96
Loamy,Cotton,868.7,27.7,5.58,157.0,5.34,7.0,3.81,Yes,7.8
Clay,Cotton,586.1,29.1,7.62,149.7,5.38,6.2,0.41,No,5.5
Clay,Maize,1376.6,24.1,6.35,187.7,7.08,7.3,4.3,Yes,11.29
Clay,Wheat,,18.4,6.47,114.9,5.23,4.2,3.66,Yes,8.2
Sandy,Rice,1156.4,22.4,6.35,195.5,4.75,7.1,3.46,Yes,8.96
Loamy,Rice,1005.6,17.5,6.54,172.9,1.81,7.3,4.37,Yes,10.33
Loamy,Soybean,1236.5,31.1,6.91,133.8,6.58,9.1,0.79,No,7.74
Peaty,Barley,754.7,,7.22,187.9,5.18,7.5,3.46,Yes,6.96
Peaty,Cotton,840.4,23.6,6.02,187.8,7.15,9.1,1.18,No,6.72
Clay,Maize,794.1,40.1,6.01,41.2,7.51,6.1,2.42,No,7.05
Silty,Rice,877.8,26.6,6.46,265.3,4.66,4.3,4.44,Yes,9.12
Clay,Rice,992.9,24.9,6.75,200.1,7.41,7.9,1.31,No,9.38
Loamy,Rice,1392.4,25.9,9.29,188.1,2.89,8.5,18.67,No,7.18
Sandy,Wheat,815.4,21.9,5.56,132.4,7.98,5.6,2.59,Yes,7.02
Sandy,Soybean,736.0,28.4,6.36,161.7,4.71,8.6,25.51,No,7.4
Silty,Soybean,807.5,25.5,8.05,111.0,5.51,6.3,1.58,No,7.02
Clay,Maize,1135.5,26.4,6.87,159.6,4.11,7.2,3.53,Yes,10.57
Peaty,Wheat,484.7,24.1,7.11,127.3,7.5,,2.43,No,7.37
Silty,Wheat,750.7,19.3,6.09,193.4,3.04,8.2,10.74,Yes,8.79
Silty,Barley,814.2,23.9,5.26,222.8,4.54,7.2,6.14,Yes,8.65
Silty,Soybean,669.7,24.8,6.98,124.3,,8.6,2.38,Yes,8.27
Peaty,Wheat,890.4,24.2,7.2,125.2,6.82,6.3,,No,7.46
Sandy,Wheat,1114.0,23.3,6.21,198.1,2.49,,0.96,No,7.7
Silty,Cotton,1003.1,17.6,6.55,154.8,4.56,7.0,1.64,No,6.25
Clay,Soybean,627.4,25.6,6.82,,3.81,5.8,8.38,No,7.18
Silty,Soybean,995.3,21.7,5.92,187.6,6.69,5.1,15.21,No,7.96
Loamy,Barley,877.1,23.5,7.06,180.3,,8.9,12.63,No,8.76
Silty,Cotton,919.0,21.4,7.58,159.8,6.17,8.2,2.96,,6.72
Silty,Cotton,839.6,29.1,7.24,158.2,4.01,8.2,24.86,Yes,8.3
Silty,Cotton,1183.1,28.8,7.11,203.2,5.93,7.3,2.15,No,6.17
Sandy,Maize,700.1,28.5,5.58,154.9,,6.4,2.1,Yes,9.11
Loamy,Barley,937.2,32.5,5.75,130.8,1.3,7.8,4.64,Yes,8.82
Sandy,Cotton,937.4,20.5,6.28,,0.05,6.6,9.91,No,6.37
Peaty,Rice,1144.5,26.5,6.53,158.8,6.24,8.7,0.9,No,8.3
Silty,Soybean,1075.4,21.2,6.8,29.4,,8.3,6.37,Yes,8.21
Sandy,Maize,933.6,22.4,8.05,113.0,2.59,5.5,1.68,Yes,9.18
Loamy,Maize,768.7,28.1,6.69,79.0,4.87,7.3,5.22,No,10.4
Sandy,Barley,721.8,22.3,,140.6,6.51,6.8,2.39,Yes,8.28
Loamy,Barley,1339.1,17.6,6.57,172.1,1.93,9.4,1.24,No,8.12
Clay,Soybean,828.1,36.6,7.11,59.1,6.29,8.8,3.1,Yes,6.17
Sandy,Cotton,1536.8,24.4,,0.0,0.0,6.7,3.22,No,4.35
Clay,Maize,798.7,24.1,7.46,169.3,4.33,8.8,4.18,Yes,10.87
Sandy,Wheat,955.4,25.7,5.65,133.2,7.87,7.3,8.33,Yes,7.97
Clay,Maize,1200.2,22.5,6.72,144.6,3.45,7.4,2.89,Yes,11.47
Peaty,Maize,853.5,28.6,6.7,90.2,8.77,7.1,3.03,No,9.57
Peaty,Maize,966.3,16.6,5.99,210.7,5.77,7.5,1.28,Yes,11.16
,Maize,809.3,15.8,7.16,231.1,10.18,8.7,2.48,Yes,11.53
Loamy,Cotton,1497.5,23.7,7.29,128.0,4.22,5.8,0.98,Yes,8.0
Silty,Cotton,1309.9,20.0,6.55,135.7,4.54,6.1,2.97,No,7.43
Clay,Barley,721.7,23.9,5.96,208.8,4.82,6.5,2.47,,8.0
Sandy,Rice,1189.9,20.7,6.14,227.3,6.28,9.3,1.3,Yes,9.5
Clay,Soybean,646.9,26.8,6.68,145.7,6.04,4.9,6.69,No,6.72
Clay,Maize,908.8,26.1,6.72,106.6,3.54,6.1,4.94,No,9.54
Sandy,Soybean,980.0,32.4,7.24,105.6,9.66,7.5,,No,6.12
Sandy,Soybean,746.7,18.6,6.63,176.9,0.95,8.0,1.47,No,7.89
Peaty,Wheat,1302.7,,6.62,211.6,6.13,3.9,3.5,Yes,7.71
Sandy,Soybean,823.9,17.9,6.55,100.6,3.64,8.3,1.83,Yes,7.6
Silty,Cotton,920.1,21.2,7.19,94.0,5.1,8.4,4.07,No,6.64
Silty,Barley,583.3,26.7,6.84,130.5,9.96,6.9,3.26,No,7.41
Loamy,Soybean,1096.4,,6.19,25.4,3.12,5.7,4.81,Yes,7.97
Peaty,Rice,802.0,24.1,6.82,114.0,8.72,7.5,,Yes,9.5
Clay,Barley,853.6,23.9,6.55,120.2,2.67,7.7,0.93,No,7.42
Clay,Cotton,920.5,23.6,6.17,203.3,1.49,7.8,2.03,No,6.31
Loamy,Maize,893.8,28.9,5.93,137.2,6.25,8.0,2.56,Yes,12.02
Peaty,Soybean,1021.2,25.7,6.87,226.6,4.37,8.5,,Yes,9.02
Clay,Rice,925.3,27.9,7.13,76.9,3.75,8.3,9.08,No,8.36
Silty,Cotton,894.7,25.9,7.22,212.2,,8.9,14.17,No,7.68
Loamy,Barley,855.5,22.7,6.53,159.2,9.31,9.2,4.51,Yes,9.53
Silty,Wheat,538.3,26.4,5.86,167.1,4.53,5.7,5.81,Yes,9.04
Loamy,Soybean,890.2,32.5,5.64,51.5,8.33,8.0,10.92,No,6.83
Sandy,Cotton,387.7,24.8,7.01,71.5,8.69,5.5,1.04,Yes,6.01
Peaty,Maize,838.1,33.0,6.21,108.3,3.41,7.3,10.33,Yes,10.29
Clay,Maize,678.1,27.8,7.5,209.5,6.71,8.1,3.36,Yes,10.11
Loamy,Maize,935.8,35.6,7.58,63.1,3.69,5.8,,Yes,9.57
Clay,Soybean,969.8,23.8,6.69,96.0,7.77,8.3,4.57,Yes,8.2
Sandy,Cotton,1021.8,30.9,7.38,121.4,2.46,5.4,3.88,Yes,6.56
Silty,Maize,1004.9,19.7,7.08,226.8,4.63,6.4,,No,10.23
Loamy,Rice,565.7,30.4,4.34,99.4,6.77,6.0,16.18,No,8.23
Silty,Wheat,988.5,22.9,6.2,67.4,1.69,7.3,5.37,Yes,8.02
Sandy,Soybean,923.6,23.2,8.86,239.3,1.42,3.2,2.16,Yes,6.25
Sandy,Maize,642.3,20.0,6.67,221.7,4.52,7.4,1.56,Yes,10.25
Clay,Barley,878.2,20.2,6.56,187.8,5.83,8.6,5.21,No,8.18
Clay,Cotton,603.6,28.4,6.15,167.8,4.43,6.1,,Yes,6.85
Peaty,Barley,942.8,20.0,6.06,57.8,4.91,8.3,7.83,Yes,8.55
Silty,Cotton,971.1,24.9,,169.1,2.29,5.3,3.56,No,6.95
Peaty,Rice,1133.0,20.7,7.62,210.0,5.12,8.2,1.85,Yes,8.89
Sandy,Barley,,26.2,6.55,163.6,,8.9,4.51,Yes,7.61
Loamy,Cotton,,24.2,5.98,155.5,1.68,7.7,1.48,Yes,8.07
Clay,Rice,584.6,20.4,6.19,106.9,3.14,8.1,4.17,No,8.8
,Rice,1148.5,29.0,6.75,106.6,4.0,7.8,1.76,No,8.53
,Soybean,796.7,17.2,5.66,66.5,2.61,7.9,6.68,No,7.86
Silty,Wheat,997.7,22.5,4.16,295.2,3.57,7.9,4.12,Yes,7.16
Sandy,Maize,1043.7,21.1,7.31,223.7,3.4,8.2,6.12,Yes,11.44
Peaty,Barley,1046.0,37.4,5.54,,7.51,5.1,28.59,Yes,7.05
Peaty,Cotton,837.0,20.9,,41.8,5.35,5.3,2.23,Yes,6.12
Clay,Maize,496.3,21.0,7.51,147.5,7.08,8.2,5.11,Yes,10.54
Sandy,Wheat,1123.9,26.4,6.43,154.1,8.25,5.2,2.16,No,6.0
Clay,Barley,,15.4,7.66,202.2,5.19,6.1,5.47,No,6.96
Loamy,Barley,1013.5,31.5,7.58,205.8,5.13,6.9,0.95,No,8.08
Peaty,Wheat,780.7,25.8,6.52,103.3,3.56,9.6,5.73,Yes,8.39
Loamy,Maize,1045.3,26.8,5.54,150.6,5.99,8.6,4.41,No,10.89
Peaty,Soybean,,30.8,6.78,127.7,1.9,8.9,17.3,No,7.26
Clay,Cotton,,22.6,6.34,171.1,4.81,6.2,5.7,Yes,7.29
Silty,Rice,795.4,28.1,5.47,240.4,,8.3,2.2,Yes,9.12
Peaty,Rice,558.9,20.2,6.55,72.2,2.62,7.5,6.52,No,8.16
Peaty,Cotton,812.9,16.8,6.09,170.2,4.75,8.0,7.78,No,6.96
Peaty,Cotton,1001.4,13.5,6.8,236.3,4.18,6.6,4.69,,6.87
Peaty,Wheat,789.0,26.9,7.71,77.5,4.89,9.0,6.72,No,7.38
Clay,Wheat,1124.1,23.8,6.03,114.5,7.77,8.2,3.2,No,8.42
Peaty,Cotton,939.6,25.4,7.91,138.8,3.75,7.3,14.42,No,7.39
Loamy,Maize,701.9,30.3,7.04,204.6,,6.8,1.57,Yes,10.94
Sandy,Cotton,879.8,21.9,,115.8,5.52,8.2,5.12,No,6.9
Sandy,Cotton,1053.1,22.0,7.3,,4.88,8.7,8.27,Yes,6.25
Peaty,Soybean,1516.5,28.8,5.72,207.8,6.28,6.4,4.96,No,6.82
Peaty,Barley,755.1,18.0,5.79,158.2,8.67,3.8,,Yes,7.98
Clay,Barley,1047.3,19.5,7.16,142.1,,8.2,2.1,No,7.88
Sandy,,995.3,23.2,7.44,145.3,4.82,,16.06,Yes,7.87
Clay,Cotton,822.1,25.7,6.91,241.4,0.74,7.2,4.49,No,6.27
Sandy,Rice,1102.1,32.3,6.43,122.7,5.9,6.6,1.27,Yes,8.47
Silty,Maize,639.3,26.6,5.25,58.9,3.61,6.7,4.03,,8.97
Sandy,Maize,972.7,22.7,8.02,115.9,,7.5,4.43,Yes,9.94
Silty,Maize,1157.3,26.3,6.22,130.3,4.92,7.4,9.05,No,10.43
Peaty,Wheat,1221.0,18.4,5.93,9.5,2.94,9.4,20.98,No,6.69
Sandy,Wheat,849.7,25.3,5.94,5.3,7.39,8.6,5.65,No,6.98
Silty,Cotton,886.2,24.4,5.51,188.6,7.24,6.8,4.21,Yes,6.83
Loamy,Maize,855.7,18.1,6.01,107.6,,6.7,15.91,No,10.61
Loamy,Maize,964.3,25.3,5.67,191.4,4.93,2.8,0.62,Yes,11.74
Clay,Maize,890.9,34.9,6.11,189.0,7.14,7.5,6.53,No,9.21
Clay,Wheat,1110.3,19.4,7.38,,3.49,8.6,0.99,No,7.48
Silty,Maize,834.0,17.7,6.64,260.4,6.97,8.5,4.91,Yes,11.17
Clay,Rice,790.2,27.1,,146.4,5.53,,2.21,No,8.74
Loamy,Barley,953.4,37.2,7.49,196.0,3.44,7.8,6.38,Yes,7.69
,Cotton,832.1,24.7,5.86,94.8,4.42,6.5,1.36,No,5.93
Silty,Barley,1191.4,26.3,6.37,96.1,5.92,6.0,1.97,No,6.94
Loamy,Barley,935.7,27.6,6.28,302.8,1.65,10.6,4.28,Yes,9.46
,Rice,1085.3,19.1,6.21,182.3,5.39,7.2,3.58,,8.67
Sandy,Soybean,1022.3,17.4,6.67,67.3,8.19,6.4,5.37,Yes,7.84
Loamy,Wheat,1410.8,18.4,4.32,85.1,0.88,7.9,3.69,No,6.46
Sandy,Maize,878.2,24.1,7.32,77.6,2.08,7.4,0.98,No,9.29
Clay,Rice,1193.9,32.2,6.81,144.4,3.72,6.7,1.22,Yes,9.61
Clay,Maize,787.6,28.3,5.79,185.5,4.23,7.9,3.53,Yes,9.51
Clay,Cotton,1257.4,19.8,6.89,207.3,7.4,5.3,5.3,No,5.94
Peaty,Wheat,629.3,31.8,5.83,258.6,2.71,6.2,2.25,No,7.07
Loamy,Maize,1172.7,25.7,5.92,259.6,4.56,7.2,3.26,Yes,12.95
Peaty,Rice,809.2,24.5,6.28,103.9,3.46,9.8,7.99,No,10.07
Silty,Cotton,1490.7,26.3,7.21,118.0,4.6,9.0,14.73,No,6.09
Peaty,Maize,541.7,24.1,8.64,112.9,4.62,9.9,4.33,No,8.65
Silty,Cotton,429.7,28.4,6.11,142.5,,7.2,7.32,Yes,7.7
Sandy,Soybean,726.9,21.3,6.24,,4.56,7.4,4.32,Yes,6.76
Clay,Soybean,692.7,25.4,5.69,236.6,4.04,10.7,5.76,Yes,7.73
Clay,Rice,,25.8,6.14,122.1,8.15,5.9,7.46,No,8.9
Peaty,Cotton,,19.0,7.68,208.2,3.66,8.1,2.61,Yes,6.73
Silty,Wheat,539.2,25.2,5.53,196.1,5.04,5.8,5.6,Yes,8.26
Peaty,Rice,889.5,23.4,5.8,176.7,8.77,6.6,4.85,No,8.72
Peaty,Maize,651.4,25.2,7.92,,11.06,6.4,10.3,Yes,9.68
Peaty,Rice,1121.8,19.7,7.66,,6.45,8.4,3.97,No,9.1
Loamy,Cotton,808.9,,7.1,226.3,3.93,5.6,4.47,,8.46
Peaty,Cotton,629.6,20.9,5.52,234.8,7.81,8.0,1.45,Yes,7.85
Sandy,Barley,837.2,18.8,6.21,113.7,7.36,7.7,,Yes,7.53
Clay,Rice,1174.3,19.6,6.89,185.2,3.67,5.4,1.12,Yes,9.44
Loamy,Rice,973.3,22.3,6.3,132.1,3.64,7.6,0.36,No,9.55
Loamy,Maize,1019.1,28.6,6.09,124.5,0.67,6.6,2.8,No,10.04
Loamy,Maize,825.5,28.4,8.4,285.0,2.44,6.9,2.68,No,9.94
Loamy,Cotton,997.1,33.8,6.3,221.4,4.39,6.8,0.98,No,6.81
Loamy,Rice,592.0,26.5,7.82,203.8,7.67,5.7,,Yes,9.97
Clay,Wheat,837.5,18.4,7.84,117.0,4.68,7.1,8.47,Yes,8.1
Peaty,Rice,819.1,19.3,,133.5,3.46,6.6,1.71,No,7.29
Peaty,Maize,1278.1,22.5,5.25,,8.5,5.9,2.65,No,10.59
Clay,Wheat,951.7,22.7,5.71,121.3,2.12,9.3,3.08,No,7.5
Clay,Cotton,985.7,21.3,7.19,36.0,6.2,,2.22,No,5.88
Peaty,Rice,847.8,20.3,6.35,59.0,7.88,9.8,5.87,Yes,9.39
Loamy,Soybean,783.0,23.3,6.58,119.9,5.77,8.7,3.29,No,8.05
Peaty,Cotton,1063.0,30.1,7.26,195.1,5.12,7.4,,No,6.33
Clay,Wheat,719.6,17.4,7.44,41.0,9.55,6.3,1.2,No,6.62
Silty,Cotton,651.8,18.7,6.64,,6.42,6.4,1.48,No,7.55
Peaty,Maize,969.5,18.1,,200.5,3.66,8.0,7.99,No,10.71
Sandy,Cotton,724.9,24.8,7.04,94.8,1.03,10.2,2.48,No,5.49
Peaty,Cotton,1334.6,34.4,5.83,198.8,0.0,,3.26,Yes,6.54
Sandy,Barley,226.7,26.4,6.3,63.8,7.39,5.4,5.5,Yes,6.71
Sandy,Barley,906.7,14.5,,115.4,6.38,5.7,4.69,Yes,7.11
Sandy,Rice,453.3,,7.64,86.5,10.04,8.3,9.6,No,7.45
Clay,Barley,1009.7,30.9,6.08,264.5,2.55,5.3,4.94,No,6.55
Sandy,,285.3,21.7,8.05,196.0,4.07,6.7,2.84,Yes,7.11
Peaty,Cotton,,22.8,5.78,271.9,4.05,6.8,4.39,Yes,7.41
Clay,Rice,1107.1,28.9,6.92,,1.04,,0.95,Yes,8.5
Clay,Barley,835.9,23.2,6.81,82.0,1.72,7.9,1.32,Yes,7.46
Clay,Maize,1053.4,25.5,5.71,142.7,2.12,5.7,3.95,No,9.5
Sandy,Maize,518.9,16.5,6.24,144.5,0.0,5.3,3.34,No,9.25
Peaty,Maize,,25.3,5.85,203.0,9.18,7.9,3.94,No,11.12
Clay,Soybean,1077.1,18.5,5.8,48.1,6.47,5.8,,No,6.91
,Soybean,959.4,26.9,7.06,218.4,3.43,7.0,0.55,Yes,7.53
Silty,Soybean,848.9,,,143.2,7.53,7.4,6.11,No,8.31
Peaty,Rice,772.9,24.3,7.22,64.0,5.4,5.1,4.79,No,7.34
Silty,Maize,726.9,26.9,6.65,176.3,2.94,7.4,4.46,Yes,11.16
Silty,Cotton,1140.0,15.9,7.55,47.9,5.83,9.2,,Yes,6.36
Sandy,Wheat,1229.1,26.6,7.47,143.6,5.99,5.0,1.48,Yes,7.89
Loamy,Cotton,489.5,29.0,5.84,187.7,6.28,8.8,4.18,Yes,7.74
Silty,Rice,629.9,18.6,6.06,128.3,6.89,6.4,4.17,No,8.35
Sandy,Rice,,24.9,6.41,195.7,,10.0,6.99,Yes,10.1
Silty,Wheat,696.3,39.6,6.03,243.1,4.26,6.5,1.59,,6.31
Sandy,Cotton,874.2,32.0,7.38,196.1,9.73,8.2,1.25,No,5.34
Sandy,Rice,,26.4,6.47,135.7,6.39,7.0,3.57,No,7.89
Peaty,Barley,1051.7,23.0,5.83,201.7,5.64,5.4,5.14,Yes,8.22
Silty,Wheat,544.6,21.3,6.46,142.6,4.4,5.2,4.23,,7.41
Sandy,Cotton,864.4,30.3,7.21,101.2,4.56,7.5,5.45,No,4.78
Loamy,Wheat,917.1,17.7,4.8,211.9,3.83,8.4,3.07,Yes,8.49
Peaty,Maize,1269.4,24.4,7.15,117.4,7.16,7.1,0.85,Yes,11.02
Sandy,Maize,1399.9,13.4,9.21,127.8,5.55,5.8,3.59,Yes,7.78
Silty,Wheat,642.2,23.2,6.33,105.9,0.97,,7.91,Yes,8.6
Peaty,Rice,936.7,23.4,6.34,80.8,11.67,6.1,11.04,Yes,9.94
Loamy,Wheat,731.1,23.4,6.42,261.7,5.54,8.4,1.32,Yes,9.78
Loamy,Soybean,899.6,27.6,7.18,176.7,4.69,8.4,,Yes,8.46
Silty,Cotton,592.5,29.8,7.82,84.9,5.56,8.5,5.65,No,5.86
Clay,Rice,725.3,24.8,6.96,142.0,4.22,8.3,8.17,No,9.33
Loamy,Maize,1016.0,,8.57,187.6,5.88,4.3,4.99,No,10.22
Loamy,Maize,794.4,16.3,6.68,181.9,4.3,8.6,2.61,No,11.2
Sandy,Rice,1259.9,27.0,6.98,131.3,10.03,6.6,10.12,No,8.63
Silty,Barley,1132.1,29.2,6.55,,3.37,7.1,7.56,Yes,8.34
Loamy,Barley,1208.3,26.0,6.24,200.4,8.28,6.4,2.01,Yes,9.06
Silty,Cotton,1248.4,21.0,5.9,207.6,9.21,9.0,0.8,Yes,7.73
Silty,Barley,1367.5,18.1,6.33,99.0,9.94,8.3,1.56,Yes,8.43
Sandy,Soybean,1093.0,27.1,6.15,74.7,6.26,9.1,4.15,Yes,6.92
Peaty,Maize,,,6.05,52.1,0.0,8.7,16.39,No,9.59
Silty,Cotton,1428.8,23.7,5.8,93.6,2.97,10.0,,Yes,6.15
Peaty,Cotton,964.1,27.1,5.28,125.5,8.41,4.5,1.61,No,6.24
Silty,Soybean,1028.7,26.5,5.51,41.4,1.2,7.8,10.88,No,6.45
Clay,Rice,964.6,27.9,5.57,229.4,5.66,7.1,,No,8.0
Silty,Rice,1306.4,28.7,5.66,144.7,5.13,6.6,6.57,No,8.98
Sandy,Wheat,1197.2,14.6,,219.7,3.77,7.3,10.39,No,7.09
Loamy,Wheat,1076.7,20.1,6.82,121.1,,7.2,1.42,No,8.61
Loamy,Rice,1040.9,23.2,5.27,113.3,3.9,9.0,4.03,No,9.03
Loamy,Maize,882.9,31.8,6.58,80.5,2.4,10.8,3.78,Yes,11.92
Sandy,Soybean,1056.2,16.9,6.38,270.5,4.67,7.9,2.6,No,6.9
Peaty,Barley,748.0,16.4,5.31,233.0,7.28,6.0,2.36,Yes,6.93
Sandy,Maize,794.2,23.4,5.62,111.3,6.13,6.4,15.33,No,9.37
Clay,Barley,1103.5,27.3,5.87,174.1,1.06,6.3,1.88,Yes,7.4
Silty,Soybean,1114.1,17.9,6.46,,5.04,9.6,2.41,Yes,8.84
Sandy,Barley,341.9,34.0,6.23,122.2,4.05,5.9,6.12,No,4.85
Peaty,Wheat,973.8,27.7,5.4,230.3,1.58,5.9,2.41,No,8.05
Sandy,Cotton,1123.4,24.5,7.42,186.8,2.19,7.5,2.15,Yes,7.01
Peaty,Barley,1033.9,34.8,7.05,,10.11,10.3,1.52,No,6.57
Silty,Wheat,878.8,29.3,6.32,236.9,1.77,,2.65,Yes,8.27
Peaty,Barley,893.5,19.8,5.24,294.6,0.83,5.7,1.35,No,7.13
Peaty,Rice,1236.8,36.6,5.6,118.0,6.65,8.1,17.4,Yes,7.64
Clay,Cotton,931.4,16.3,6.31,155.1,7.22,9.5,2.71,Yes,6.88
Clay,Wheat,747.3,25.6,5.69,,6.93,7.6,0.78,Yes,7.87
Peaty,Cotton,965.1,23.1,5.56,48.2,3.19,6.8,2.93,No,5.6
Peaty,Wheat,935.8,26.0,6.84,,4.98,8.3,,No,8.12
Silty,Barley,1436.4,24.2,7.21,206.2,7.5,,8.54,No,8.52
,Soybean,1059.9,23.8,6.4,146.1,6.08,6.2,10.88,,7.6
,Rice,1252.1,29.4,5.44,276.9,6.36,6.7,2.96,No,7.51
Silty,Soybean,1090.6,27.9,5.47,222.9,10.05,7.3,2.44,Yes,8.19
Sandy,Maize,582.2,17.2,6.86,270.0,2.11,10.3,2.6,No,9.21
Sandy,Wheat,720.3,21.8,6.14,153.5,3.73,4.8,0.58,Yes,8.14
Loamy,Cotton,1153.0,29.7,6.0,290.3,3.62,5.7,0.79,Yes,6.78
Peaty,Barley,691.9,19.2,7.99,143.9,3.86,8.4,10.47,Yes,7.92
Loamy,Soybean,1243.7,21.2,,134.9,4.44,6.7,2.21,No,7.81
Sandy,Maize,477.9,26.0,6.62,264.0,0.0,8.3,5.12,Yes,9.35
Clay,Cotton,353.3,19.0,6.04,170.1,7.71,8.3,0.76,Yes,6.41
Silty,Maize,691.2,27.9,6.9,234.1,3.43,7.9,3.58,Yes,11.15
Sandy,Soybean,1292.4,28.0,7.06,241.6,7.7,7.3,2.07,Yes,7.5
Sandy,Maize,1427.6,,7.44,203.9,1.02,7.3,3.57,Yes,10.17
Loamy,Soybean,567.6,31.5,7.09,173.8,3.09,7.8,5.14,No,6.96
Silty,Rice,1271.8,23.8,6.46,132.2,2.3,6.5,2.26,Yes,8.83
Silty,Wheat,563.5,20.2,6.39,113.6,5.29,7.0,1.13,Yes,8.56
Clay,Soybean,1068.1,23.7,,139.7,1.31,7.1,,No,7.83
Loamy,Soybean,1005.8,24.3,6.89,135.6,6.51,,0.63,Yes,8.91
,Rice,779.0,29.0,8.01,156.0,4.92,6.8,1.06,Yes,9.32
Peaty,Wheat,1110.6,27.7,7.04,153.6,4.36,7.4,,No,7.72
Loamy,Maize,1000.2,24.3,6.35,152.0,8.68,6.4,1.38,No,10.58
Silty,Rice,939.6,29.2,6.41,198.9,8.26,8.4,2.52,No,7.89
Silty,Rice,893.3,,6.5,163.5,1.71,6.0,2.73,No,9.2
,Maize,,29.6,5.79,114.3,2.53,11.6,9.56,Yes,10.5
Loamy,Cotton,848.2,22.9,5.27,128.4,2.94,9.9,8.74,No,7.06
Loamy,Maize,820.7,18.7,6.95,13.6,6.61,4.7,15.9,No,10.16
Loamy,Cotton,765.2,22.3,7.01,68.6,4.74,7.4,3.35,Yes,6.96
Clay,Cotton,1223.5,26.5,5.15,83.5,7.21,7.9,2.46,No,4.5
Peaty,Soybean,1060.8,23.0,5.16,118.9,,8.1,2.19,No,6.59
Clay,Wheat,832.5,25.6,6.37,156.7,0.0,6.9,14.13,Yes,8.77
Silty,Wheat,390.1,33.6,7.71,161.0,5.79,8.1,2.7,No,6.09
Sandy,Wheat,886.3,22.7,5.24,194.6,2.26,6.3,0.92,No,6.55
Silty,Cotton,831.9,25.7,8.21,0.0,7.4,4.9,2.87,No,4.67
Peaty,Barley,789.1,24.0,7.19,153.2,8.24,5.8,0.57,Yes,8.23
Loamy,Cotton,729.2,19.4,6.3,60.8,8.68,4.6,0.79,Yes,7.41
Peaty,Rice,1064.1,24.7,,122.9,9.43,6.4,1.94,No,8.51
Loamy,Barley,630.2,19.3,5.97,143.4,1.99,8.3,5.53,Yes,9.13
Loamy,Rice,496.0,22.5,6.4,227.0,3.88,6.5,,No,9.62
Silty,Maize,1011.9,24.0,6.69,49.9,6.96,10.4,5.17,,10.49
Loamy,Barley,1068.2,31.1,6.63,168.9,3.89,6.3,4.63,No,7.92
,Barley,967.4,18.9,4.19,69.9,4.93,9.6,1.26,No,6.07
Clay,Soybean,870.6,22.9,6.25,183.1,5.69,6.3,1.57,Yes,7.94
Peaty,Cotton,1007.3,22.7,7.16,152.7,3.94,7.1,2.34,No,6.41
Loamy,Wheat,1007.4,24.8,5.51,76.8,11.64,11.0,12.08,,8.13
Sandy,Rice,1010.0,22.7,7.23,117.4,5.77,7.3,3.93,No,8.72
Peaty,Rice,742.9,27.7,6.79,153.8,6.53,,10.41,Yes,9.53
Clay,Rice,976.9,32.6,4.65,179.5,6.2,5.7,3.62,No,7.77
Peaty,Cotton,829.4,29.7,8.3,,6.0,6.8,0.94,Yes,6.53
Silty,Barley,,23.4,5.84,144.7,4.69,6.8,6.25,No,7.84
Loamy,Barley,663.8,29.9,6.45,81.8,5.99,8.2,3.7,Yes,8.54
Peaty,Cotton,641.8,23.6,7.8,160.6,10.96,5.9,,Yes,6.94
Loamy,Rice,579.3,28.4,6.64,167.1,10.97,6.7,2.26,,9.64
Peaty,Cotton,960.2,,7.0,245.2,3.94,6.2,7.63,No,6.13
Loamy,Maize,513.5,25.4,6.56,121.9,5.97,7.3,1.6,No,10.13
Peaty,Wheat,1352.9,23.7,6.45,196.0,6.79,6.6,2.18,Yes,8.64
Loamy,Barley,840.6,18.1,5.88,128.0,6.03,7.8,5.96,No,8.53
Sandy,Maize,446.2,23.0,7.21,168.0,1.81,9.2,0.57,No,9.71
Silty,Barley,1084.5,12.2,5.21,146.4,5.22,7.5,5.8,No,6.38
Loamy,Cotton,415.3,24.4,5.94,124.3,4.34,8.1,1.95,Yes,7.32
Sandy,Barley,643.2,28.1,7.23,100.1,3.98,7.4,6.08,Yes,8.08
Sandy,Barley,869.8,25.7,6.66,80.2,5.86,6.4,2.91,Yes,8.2
Peaty,Maize,851.4,29.4,6.19,200.9,7.38,8.6,1.05,No,9.45
Peaty,Barley,783.8,30.5,7.32,167.1,5.17,7.1,4.76,No,7.36
Loamy,Maize,1282.0,22.5,6.56,68.9,7.88,4.9,13.04,Yes,11.29
Peaty,Wheat,1100.8,19.8,5.05,78.1,5.12,3.5,0.97,Yes,7.73
Silty,Soybean,838.5,18.8,5.94,233.0,1.53,5.6,6.33,Yes,7.84
Loamy,Cotton,1093.6,20.2,5.04,60.1,7.09,7.1,1.09,No,6.26
Peaty,Rice,1089.1,25.2,8.16,136.7,,7.2,1.67,No,7.41
Peaty,Rice,772.4,31.0,,124.6,5.83,8.7,2.18,Yes,9.52
Clay,Barley,899.5,23.4,7.17,132.5,0.9,7.4,,No,7.96
Loamy,Maize,845.2,28.7,6.64,74.7,4.24,8.3,2.13,Yes,11.62
Sandy,Barley,1102.6,23.6,7.43,31.9,5.31,9.6,0.75,Yes,6.87
Peaty,Rice,1024.2,22.5,6.27,145.3,3.93,7.9,3.41,Yes,9.62
Loamy,Barley,1315.8,34.9,7.17,101.3,0.0,6.1,4.38,Yes,7.6
Silty,Soybean,793.3,16.4,,148.6,0.91,7.1,,No,7.27
Loamy,Rice,845.8,21.9,5.89,0.0,4.71,4.6,5.81,,9.23
Loamy,Barley,1456.6,17.7,7.05,78.0,4.59,6.5,3.37,No,7.82
Silty,Rice,1145.8,33.8,7.2,92.3,,11.2,,Yes,9.52
Sandy,Rice,1023.8,17.6,5.81,136.3,2.88,8.4,6.1,No,8.23
Sandy,Rice,1488.9,25.0,6.08,145.8,3.34,6.5,,Yes,8.85
Peaty,Rice,738.7,22.5,6.0,207.9,4.36,8.0,2.23,No,8.3
Silty,Barley,594.2,18.0,6.65,152.9,6.57,7.0,10.82,No,7.32
Sandy,Rice,911.6,22.4,6.06,174.9,4.67,9.4,1.68,No,7.92
Peaty,,865.7,27.8,8.02,173.9,5.65,5.3,1.74,No,7.92
Sandy,Cotton,924.1,30.0,7.72,128.7,3.49,6.6,2.99,Yes,6.27
Peaty,Maize,1147.5,17.4,6.53,146.4,2.85,8.3,5.1,No,11.42
Clay,Rice,177.9,23.9,6.84,45.8,5.62,8.3,4.8,No,7.18
Clay,Soybean,634.8,21.2,6.57,112.4,5.91,5.4,1.77,Yes,7.17
Clay,Maize,1377.3,20.4,6.45,168.6,6.35,6.0,7.2,Yes,11.21
Loamy,Cotton,802.1,26.6,5.4,112.7,8.26,8.4,13.93,Yes,8.71
Sandy,Barley,1030.1,27.6,6.07,111.4,,8.2,3.84,Yes,7.96
Sandy,Soybean,1112.1,30.5,5.97,141.5,1.78,5.4,2.25,,7.16
Silty,Rice,862.9,19.1,6.99,311.3,9.06,4.9,1.83,Yes,9.23
Loamy,Rice,783.9,22.3,6.56,0.0,1.81,7.6,1.31,No,8.3
Sandy,Cotton,591.6,18.5,5.12,79.2,,,3.79,Yes,5.64
Silty,Cotton,851.0,27.9,5.25,165.3,5.27,6.7,1.12,No,5.47
Clay,Rice,995.7,27.5,6.94,106.6,,7.5,3.38,Yes,9.09
Silty,Rice,804.0,24.0,5.4,0.0,5.98,6.3,2.32,Yes,8.27
Silty,Rice,833.3,19.2,7.11,153.8,1.09,8.2,2.13,Yes,9.59
Clay,Soybean,1206.0,24.0,5.54,180.4,4.78,5.6,7.67,Yes,7.87
Loamy,Soybean,852.4,31.6,7.62,98.2,9.01,9.5,6.61,No,6.63
Peaty,Soybean,669.6,31.8,5.05,105.8,7.36,6.0,1.7,Yes,7.02
Silty,Cotton,717.9,25.1,7.28,170.4,,10.1,4.89,No,8.02
,Wheat,812.5,16.8,6.23,78.0,5.99,6.6,3.0,No,8.62
Silty,Barley,913.8,17.6,7.17,95.5,,7.3,2.29,Yes,8.23
Silty,Rice,1007.8,21.9,6.47,160.8,4.24,7.6,2.16,Yes,9.38
Sandy,Rice,528.7,19.1,6.38,133.5,2.25,9.7,13.56,No,8.31
Loamy,Soybean,1279.7,,6.46,167.7,0.0,7.9,5.58,Yes,8.55
Peaty,Cotton,718.5,21.9,5.02,121.6,0.0,,5.44,Yes,7.1
Loamy,Wheat,963.6,35.1,7.02,148.2,6.72,,26.58,Yes,8.22
Silty,Rice,,24.5,6.73,160.0,3.89,9.5,,No,8.87
Silty,Wheat,684.6,,6.9,175.0,5.44,10.7,2.62,Yes,9.56
Loamy,Soybean,1029.1,21.0,6.25,238.3,6.48,9.2,7.53,Yes,9.7
Loamy,Maize,673.0,23.5,5.46,109.7,4.61,7.6,11.76,No,10.71
Loamy,Maize,910.3,23.2,4.9,180.2,3.98,8.4,,Yes,12.14
Loamy,Rice,472.4,24.4,7.64,0.0,6.15,6.8,5.64,No,7.86
Peaty,Maize,1198.8,18.7,7.0,,1.16,8.6,9.81,No,10.49
Peaty,Cotton,789.4,16.5,5.39,158.8,4.53,9.1,0.7,No,6.48
Silty,Soybean,911.6,32.0,5.68,107.3,0.23,6.5,0.74,No,6.87
,Soybean,980.6,30.5,6.85,192.2,5.9,9.7,16.03,No,7.19
Peaty,Soybean,1297.0,29.0,5.57,12.9,4.46,8.8,0.68,No,6.41
Clay,Maize,885.9,,7.27,103.0,2.74,7.4,6.28,Yes,10.6
Loamy,Soybean,818.9,15.2,5.6,316.8,14.73,7.3,6.06,Yes,7.48
Peaty,Maize,832.5,24.5,7.56,,9.8,4.0,1.29,Yes,10.69
Silty,Wheat,630.2,34.5,6.87,251.0,0.77,7.7,3.19,Yes,6.85
Peaty,Barley,,25.0,6.37,102.0,7.9,8.4,5.32,Yes,8.04
Loamy,Rice,974.7,22.5,7.18,97.1,6.19,10.4,,No,9.99
Sandy,Cotton,936.1,26.4,7.64,157.3,4.21,6.1,1.3,No,5.65
Clay,Wheat,498.9,17.5,6.04,100.2,4.19,5.2,0.93,No,7.31
Silty,Wheat,951.7,33.9,5.98,272.5,4.77,5.5,1.04,No,6.82
Silty,Rice,802.8,,5.85,131.3,,5.9,10.05,No,9.46
Clay,Barley,519.8,26.1,,,0.02,7.8,4.72,No,7.44
Clay,Rice,532.8,26.2,7.0,93.7,5.94,4.0,3.83,No,7.88
Sandy,Maize,790.0,,7.17,178.0,7.57,,8.09,Yes,10.12
Clay,Barley,1165.0,26.6,4.95,64.7,0.0,7.2,6.35,Yes,7.1
Sandy,,757.2,26.6,5.98,116.9,4.95,5.9,16.47,Yes,6.73
Sandy,Barley,1350.9,27.0,6.06,264.8,6.93,10.1,3.52,No,6.78
Sandy,Wheat,1234.4,22.7,6.82,127.4,,5.9,4.91,Yes,8.33
Loamy,Soybean,1278.4,25.4,5.41,138.2,2.97,5.5,1.07,Yes,7.87
Loamy,Barley,1031.6,34.0,8.37,105.2,9.52,8.4,1.28,Yes,7.23
Clay,Barley,741.5,20.7,7.18,162.0,8.4,9.3,0.63,No,8.4
Sandy,Wheat,925.3,23.1,6.45,80.9,6.38,7.9,2.37,No,7.28
Clay,Barley,653.3,17.0,5.47,213.9,5.02,5.6,10.25,Yes,7.74
Silty,Barley,693.7,13.5,4.92,98.6,8.18,7.3,6.35,No,6.56
Sandy,Cotton,1069.2,17.5,6.46,204.3,4.72,6.2,5.24,Yes,7.26
Loamy,Wheat,765.5,28.9,5.59,172.0,4.54,8.2,2.07,Yes,9.24
Silty,Wheat,811.7,24.4,6.01,99.8,6.77,,1.59,Yes,8.27
Silty,Cotton,1226.5,27.5,7.2,195.6,1.77,10.4,9.86,No,7.0
Clay,Cotton,888.0,22.8,7.22,109.1,9.28,6.2,1.37,Yes,6.95
Loamy,Rice,404.8,25.8,6.23,188.5,4.58,9.9,,Yes,9.62
Peaty,Maize,632.7,,7.52,198.9,8.51,8.5,1.23,Yes,10.76
Clay,Cotton,819.6,15.8,,210.8,7.39,8.5,0.94,Yes,6.7
Loamy,Barley,977.5,30.7,5.66,236.0,4.8,10.7,8.4,No,8.26
Sandy,Soybean,876.5,,5.11,111.3,5.21,7.3,4.72,No,6.1
Clay,Rice,746.2,24.3,6.47,23.3,4.85,8.0,2.5,Yes,8.79
Sandy,Wheat,238.7,21.2,5.25,134.7,,8.1,,No,6.69
Peaty,Soybean,1050.5,24.0,6.91,180.8,7.12,6.9,2.59,Yes,8.47
Clay,Barley,806.2,27.6,6.19,128.9,4.4,7.1,3.88,No,7.39
Silty,Maize,614.9,23.4,6.49,94.1,4.16,6.5,,Yes,11.0
Loamy,Maize,644.7,20.7,6.45,138.8,5.26,8.2,6.47,Yes,12.18
Sandy,Wheat,765.6,22.3,5.82,197.5,9.77,9.4,6.47,No,8.5
Silty,Barley,866.7,30.7,5.62,171.6,7.31,9.3,0.9,Yes,7.95
Sandy,Maize,556.7,22.0,5.78,129.3,5.8,7.9,8.75,Yes,9.81
Sandy,Cotton,808.7,17.8,6.95,131.7,3.6,5.3,2.48,No,6.08
Silty,Wheat,,27.4,6.26,162.9,5.39,7.6,1.46,Yes,8.03
Silty,Maize,937.8,19.3,7.11,107.7,11.04,5.9,4.8,No,10.2
Peaty,Cotton,999.5,23.5,6.33,188.9,3.48,8.8,2.33,Yes,7.36
Loamy,Barley,1257.1,23.7,6.01,119.7,3.57,7.7,,Yes,8.89
Silty,Maize,442.0,31.2,7.0,255.9,6.5,6.6,1.17,Yes,10.25
Loamy,Wheat,1046.2,26.2,6.9,119.5,7.78,6.4,0.36,No,8.19
Peaty,Barley,869.5,20.9,6.27,176.4,3.3,6.5,9.72,No,7.73
Sandy,Barley,856.7,24.9,7.89,,7.74,7.8,2.56,No,6.38
Loamy,Soybean,906.0,24.0,6.29,172.9,4.33,8.0,2.11,No,7.75
Loamy,Rice,756.5,7.1,6.36,124.8,6.21,6.5,8.91,Yes,8.28
Clay,Maize,828.5,22.9,6.3,207.0,5.15,5.7,2.18,No,10.13
Loamy,Rice,707.1,19.9,5.9,50.1,5.45,6.4,4.07,Yes,9.75
Clay,Rice,950.0,23.0,5.93,284.1,3.84,8.7,,No,8.73
Sandy,Rice,1147.0,23.4,7.05,278.7,2.79,7.4,9.3,No,8.56
Loamy,Barley,973.0,26.6,4.5,144.1,8.8,4.9,15.64,Yes,8.35
Clay,Barley,917.5,22.3,5.84,152.6,8.46,7.3,11.73,Yes,7.54
Loamy,Rice,,24.9,6.04,154.9,5.97,8.4,10.47,Yes,11.12
Peaty,Barley,1225.9,14.0,7.17,114.5,5.23,7.7,1.3,Yes,7.37
Loamy,Rice,724.6,29.0,7.14,67.9,2.07,7.9,4.08,No,8.92
Peaty,Barley,1353.3,,6.45,,8.52,7.7,2.95,Yes,7.95
Clay,Cotton,520.4,21.8,6.74,81.6,4.43,,14.02,Yes,7.27
Peaty,Cotton,1021.7,18.4,6.12,152.6,6.03,9.4,2.78,Yes,7.97
Loamy,Rice,722.6,25.2,6.57,163.8,3.86,,7.7,No,9.87
Clay,Soybean,662.9,28.8,4.56,0.0,4.17,7.8,2.82,Yes,5.71
Peaty,Maize,621.3,26.6,7.04,162.6,5.07,8.3,1.41,Yes,10.75
Clay,Soybean,995.5,25.2,6.45,139.5,4.9,7.4,6.38,No,8.3
Sandy,Cotton,1074.5,31.4,4.98,111.1,7.34,6.1,18.54,Yes,5.23
Sandy,Rice,619.7,20.0,5.92,0.2,0.0,6.9,1.9,Yes,8.05
Clay,Wheat,354.2,29.6,5.55,,4.11,7.0,8.35,Yes,7.55
Clay,Rice,720.9,30.7,6.96,201.3,4.78,9.2,20.48,No,8.59
Peaty,Wheat,969.1,24.9,6.76,184.3,1.61,7.3,5.1,Yes,8.65
Clay,Cotton,1151.0,18.7,,201.4,5.01,10.4,1.16,Yes,7.41
Peaty,Maize,,22.7,6.73,170.5,2.54,6.2,0.9,Yes,10.32
Sandy,Cotton,1035.9,24.0,6.64,183.0,4.39,10.4,6.36,No,6.96
,Rice,,29.5,6.96,121.2,7.09,8.8,17.68,No,7.87
Silty,Barley,771.0,18.3,5.88,221.0,3.36,4.3,6.35,Yes,8.6
Sandy,Wheat,692.3,22.9,6.96,201.0,2.4,10.5,1.67,,7.17
Loamy,Wheat,689.8,29.8,6.08,134.1,2.89,9.0,8.36,No,8.96
Silty,Barley,961.3,18.0,5.26,,3.9,9.0,1.48,Yes,8.42
Silty,Cotton,586.7,34.0,6.22,206.1,5.71,6.1,1.43,No,5.49
Clay,Barley,1096.7,19.4,8.01,281.4,4.48,7.8,3.17,Yes,6.75
Loamy,Wheat,163.1,21.1,7.14,116.8,2.3,7.5,18.7,Yes,8.18
Peaty,Wheat,993.1,25.9,6.99,239.9,3.87,5.9,4.04,No,8.18
Clay,Wheat,614.0,20.6,5.46,198.3,2.71,6.8,3.88,No,6.49
Loamy,Soybean,1098.7,25.3,7.67,154.1,9.85,5.8,1.19,No,7.44
Peaty,Soybean,1052.9,23.6,7.54,214.1,3.67,4.8,3.06,No,7.59
Clay,Soybean,645.9,26.4,6.46,180.7,7.08,5.5,1.69,No,6.92
Silty,Rice,1106.9,23.7,4.85,205.8,6.41,4.7,2.44,Yes,8.15
Clay,Maize,641.6,26.4,,144.1,2.23,7.2,2.83,No,9.92
Sandy,Wheat,1106.3,25.9,5.82,229.0,8.55,8.6,2.9,Yes,8.03
Clay,Wheat,1020.8,16.4,6.18,101.6,4.47,5.4,1.14,Yes,7.67
Sandy,Maize,1408.5,22.7,7.91,,2.53,6.5,4.33,No,9.46
Clay,Barley,1075.6,19.5,6.85,170.9,0.6,8.1,1.42,No,6.88
Clay,Barley,614.5,22.4,7.59,126.5,5.64,7.2,1.54,Yes,7.42
Loamy,Rice,884.2,20.0,8.14,109.0,5.32,8.8,1.65,No,7.75
Sandy,Barley,1277.1,16.6,6.23,81.0,6.97,7.9,5.63,No,6.98
Clay,Barley,1137.5,31.2,6.06,102.5,3.94,10.2,3.98,Yes,8.2
Clay,Wheat,920.9,22.2,6.34,111.6,2.85,7.6,3.93,Yes,8.68
Loamy,Barley,848.5,20.9,,122.7,2.66,7.6,0.63,Yes,9.01
Peaty,Rice,1113.8,22.4,6.97,153.8,,9.3,4.86,Yes,9.16
Silty,Wheat,599.2,25.7,8.05,154.0,5.67,7.6,8.99,Yes,8.27
Loamy,Maize,1018.1,27.4,7.01,164.3,7.17,8.4,3.56,Yes,12.14
Clay,Maize,733.3,22.8,6.59,109.6,5.77,8.1,0.78,Yes,11.06
Sandy,Barley,627.2,20.6,6.64,141.3,3.57,7.4,12.66,,7.77
Sandy,Barley,708.5,17.1,7.16,195.9,4.6,8.2,5.45,No,6.81
Silty,Rice,624.9,23.9,6.0,50.7,5.3,7.2,0.95,No,7.26
Silty,Barley,1080.8,26.2,5.91,128.8,5.95,7.6,4.86,Yes,8.8
Clay,Barley,974.6,16.9,6.3,186.4,4.71,7.6,7.72,Yes,8.39
Clay,Wheat,706.3,18.0,7.8,194.9,,5.9,1.34,No,6.71
Sandy,Rice,445.2,24.4,7.25,258.3,6.29,9.1,,Yes,8.39
Sandy,Maize,1009.5,15.8,5.83,182.4,6.93,8.4,2.18,No,8.9
Sandy,Soybean,752.4,25.8,5.89,141.3,0.98,8.1,23.26,Yes,7.8
Peaty,Maize,664.1,21.3,6.44,169.7,4.12,8.4,3.36,Yes,11.31
Peaty,Wheat,1112.3,27.3,4.89,224.5,0.71,7.4,,Yes,7.96
Sandy,Maize,990.6,18.4,7.15,195.9,4.89,6.9,3.69,Yes,10.36
Peaty,Wheat,1268.6,,4.82,265.6,6.15,6.2,6.17,Yes,7.85
Clay,Soybean,817.1,21.9,8.13,191.8,8.06,5.9,0.77,No,6.31
Silty,Wheat,726.8,22.0,5.84,158.8,8.72,5.4,1.15,Yes,7.36
Loamy,Maize,868.9,27.1,7.05,196.5,0.0,6.0,3.01,No,10.82
Sandy,Wheat,758.1,17.4,7.35,104.9,1.77,8.5,1.67,Yes,8.6
Silty,Rice,915.7,31.3,6.9,222.4,6.19,6.1,5.79,Yes,9.2
Sandy,Cotton,593.0,19.6,4.86,199.3,3.36,4.2,3.42,Yes,6.51
Clay,,952.8,25.6,7.78,57.7,3.29,5.6,2.54,Yes,8.18
Silty,Rice,1203.2,27.3,6.81,215.2,4.95,8.4,1.05,Yes,9.8
Sandy,Rice,1220.4,33.1,7.57,145.0,5.97,5.0,6.41,Yes,8.4
Clay,Wheat,1201.0,19.1,7.24,204.8,7.71,6.6,,No,8.16
Sandy,Cotton,897.8,13.1,5.49,,7.66,9.9,4.27,Yes,6.91
Peaty,Barley,650.8,20.5,7.83,140.0,2.99,6.3,5.54,Yes,8.06
Sandy,Soybean,1365.9,20.0,6.22,,4.43,8.3,2.04,Yes,7.97
Sandy,Rice,926.2,19.9,7.31,263.6,4.65,5.9,3.61,Yes,8.84
Peaty,Rice,768.9,20.1,7.15,8.6,4.94,6.9,3.88,No,7.04
Loamy,Barley,1198.4,24.0,5.16,164.5,4.43,8.7,6.13,Yes,9.02
Silty,Maize,253.5,30.3,6.68,179.4,1.1,7.4,1.0,No,9.51
Clay,Barley,651.2,23.3,4.6,134.8,5.37,7.7,0.92,No,6.38
Peaty,Cotton,902.6,29.4,6.11,143.7,5.37,,2.86,No,6.74
Sandy,Soybean,1085.6,21.8,7.1,159.8,6.58,6.3,2.04,Yes,7.5
Sandy,Cotton,1233.3,21.8,5.88,197.4,0.75,6.3,0.91,No,5.92
Peaty,Cotton,1040.8,28.1,8.02,250.4,4.66,9.5,2.43,No,5.61
Silty,Cotton,1212.0,25.1,4.96,199.5,5.19,8.3,11.39,Yes,6.95
Sandy,Maize,1155.6,29.3,6.29,159.2,4.85,6.8,2.35,Yes,10.34
Silty,Rice,1313.4,19.5,8.47,152.0,3.31,5.2,2.68,Yes,7.91
Peaty,Maize,852.8,22.5,4.82,228.4,9.1,8.4,0.58,No,9.28
Peaty,Barley,789.4,16.7,5.96,187.1,5.8,6.7,0.91,No,7.91
Silty,Wheat,829.5,17.4,6.92,177.6,9.4,6.7,16.92,No,7.81
Silty,Cotton,1034.8,17.7,6.25,74.9,,5.5,28.02,No,5.95
Clay,Cotton,1060.3,28.3,6.7,179.0,7.24,8.1,0.45,Yes,7.01
Silty,Maize,645.8,23.8,5.3,98.8,4.22,3.9,1.46,Yes,10.63
Clay,Maize,795.4,,7.62,164.2,4.57,6.2,7.24,No,10.34
Silty,Soybean,868.3,22.2,5.63,222.7,4.13,6.9,5.33,Yes,7.49
Clay,Wheat,813.5,23.3,5.53,60.4,4.01,9.1,3.84,No,6.82
Peaty,Soybean,684.6,25.0,6.23,91.2,3.76,6.3,1.26,Yes,7.51
Silty,Rice,820.9,21.9,6.7,89.0,2.37,9.4,1.97,Yes,9.63
Clay,Wheat,604.2,27.6,7.97,177.6,,4.0,1.36,No,7.08
Clay,Maize,1028.4,33.4,6.34,135.2,1.66,5.3,3.5,Yes,9.78
Clay,Soybean,448.9,,6.08,33.0,7.64,9.0,9.44,Yes,7.42
Peaty,Maize,973.4,23.5,5.16,3.7,3.53,7.1,4.41,No,9.09
Loamy,Soybean,862.0,30.5,5.75,182.3,2.02,7.3,5.01,No,8.16
Clay,Cotton,520.9,19.9,7.21,209.1,5.03,7.5,3.95,Yes,6.74
Peaty,Rice,756.0,22.5,5.86,106.2,7.3,4.9,3.6,Yes,9.07
Peaty,Maize,648.0,20.9,5.8,96.9,4.71,5.9,0.41,Yes,10.8
Silty,Cotton,1063.1,17.7,6.74,143.8,6.58,4.8,3.92,Yes,7.55
Clay,Rice,1095.1,24.7,7.27,63.9,7.17,9.3,7.47,Yes,8.52
Loamy,Soybean,352.8,34.3,6.25,41.8,3.6,7.8,1.19,No,5.94
Peaty,Cotton,924.3,22.1,6.28,279.8,5.1,7.1,4.43,Yes,8.11
Loamy,Barley,865.3,19.6,6.52,46.5,0.0,8.4,0.21,Yes,7.44
Clay,Rice,832.9,18.9,6.92,125.9,5.71,8.6,6.57,No,8.09
Peaty,Maize,898.8,20.3,7.19,218.3,10.12,6.8,6.57,No,9.91
Clay,Maize,611.7,29.3,6.82,115.8,1.91,7.1,13.02,No,10.56
Peaty,Cotton,415.2,27.8,6.64,124.2,4.62,6.2,0.84,Yes,6.16
Sandy,Wheat,965.8,29.1,7.39,126.6,3.39,7.2,0.98,No,6.23
Silty,Soybean,616.7,19.7,6.11,154.3,4.67,5.7,2.53,No,7.16
Sandy,Rice,1059.6,24.2,5.09,113.6,6.0,5.9,2.61,No,6.99
Peaty,Maize,,26.5,7.95,245.5,3.29,8.1,19.49,No,10.15
Peaty,Barley,1081.5,16.0,5.65,114.3,0.11,7.7,3.77,No,6.97
Silty,Barley,1224.1,15.5,6.65,101.2,4.08,8.0,2.68,Yes,7.73
Peaty,Rice,1223.8,19.5,6.07,118.4,3.62,7.7,11.49,Yes,9.15
Loamy,Barley,1104.1,26.9,5.83,251.5,4.66,9.2,5.66,No,8.75
Peaty,Wheat,1003.7,28.8,7.45,199.9,7.61,7.4,3.12,Yes,8.21
Loamy,Cotton,892.6,23.9,5.38,38.7,2.47,6.0,4.32,No,6.1
Clay,Soybean,666.8,34.3,4.57,116.0,8.01,9.2,4.25,No,5.34
Loamy,Rice,1011.7,20.9,6.07,78.4,6.87,7.0,4.31,No,9.76
Sandy,Soybean,,32.8,,263.5,7.08,8.9,13.22,Yes,7.58
Loamy,Cotton,998.3,12.8,5.66,109.6,0.96,8.5,7.18,Yes,7.35
Loamy,Wheat,368.3,23.1,7.32,,4.07,8.5,1.68,No,7.74
Peaty,Barley,1212.8,25.4,7.09,,,7.9,8.33,Yes,7.6
Sandy,Cotton,1231.1,27.8,,226.3,1.7,8.8,4.87,No,6.29
Loamy,Cotton,1001.7,20.8,5.94,27.8,9.47,9.0,0.72,No,6.24
Sandy,Barley,768.9,21.1,5.46,161.1,2.53,9.3,5.13,Yes,8.02
Loamy,Barley,698.3,28.4,7.04,247.5,2.55,8.7,4.36,No,8.19
Silty,Maize,920.3,22.5,,161.1,2.2,8.0,2.45,Yes,11.14
Loamy,Rice,1171.0,27.0,6.56,142.7,11.84,8.9,1.15,Yes,10.04
Peaty,Maize,474.7,15.9,5.23,177.2,7.13,7.4,1.26,,11.0
Sandy,Rice,1162.7,18.0,5.39,203.4,6.66,7.8,2.95,Yes,8.77
Clay,Maize,958.0,21.9,7.32,,2.86,8.7,16.5,No,10.6
Clay,Rice,921.1,19.0,5.82,212.5,3.02,6.9,1.43,No,9.22
Clay,Cotton,807.4,25.4,6.54,110.3,2.26,10.6,2.9,No,5.96
Sandy,Rice,897.4,21.9,6.21,189.7,4.25,7.6,2.14,No,8.84
Loamy,Barley,800.8,23.0,6.48,149.7,7.04,9.5,1.24,Yes,9.17
Peaty,Barley,796.3,23.2,6.97,179.8,5.17,4.4,1.4,Yes,9.41
Peaty,Barley,1104.9,22.7,5.55,284.0,2.63,7.0,3.22,Yes,8.61
,Barley,100.0,17.8,,143.5,3.42,,12.64,Yes,8.53
Loamy,Cotton,963.6,14.8,7.52,218.1,3.6,8.3,1.62,Yes,8.37
Silty,Maize,404.4,25.5,5.79,135.0,6.62,7.0,4.13,Yes,11.92
Loamy,Rice,1159.1,23.5,5.84,0.0,2.95,6.7,6.44,Yes,8.58
Sandy,Barley,862.2,31.0,6.91,85.8,1.69,10.2,7.33,No,7.31
,Soybean,734.3,34.6,6.14,139.0,,7.1,0.78,,6.81
Silty,Wheat,1099.8,24.6,6.33,190.4,2.52,7.8,1.64,Yes,8.68
Peaty,Maize,872.4,28.1,7.49,171.2,0.0,6.6,1.3,Yes,11.09
Loamy,Cotton,1055.6,22.2,7.94,,3.13,6.5,2.11,No,6.69
Loamy,Soybean,678.5,11.1,6.47,163.9,3.82,6.0,,Yes,7.53
Loamy,Wheat,875.4,24.1,6.64,132.2,1.85,10.7,9.31,No,8.86
Peaty,Cotton,818.2,23.0,6.55,135.4,5.06,8.6,9.89,Yes,7.45
Sandy,Barley,1193.8,21.0,7.73,114.8,5.25,6.7,1.04,No,6.89
Sandy,Cotton,508.3,23.0,5.67,139.9,2.1,8.7,2.59,Yes,6.63
Loamy,Barley,1239.5,23.9,6.49,147.5,1.83,5.3,6.31,No,8.69
Sandy,,982.6,29.7,6.1,161.5,4.27,7.9,1.36,Yes,8.06
Peaty,Rice,683.5,,,185.8,7.4,6.9,2.01,Yes,9.38
Sandy,Maize,354.7,27.7,7.02,128.3,5.96,5.5,6.03,No,9.18
Loamy,Cotton,526.5,34.2,7.11,189.5,1.07,,3.82,Yes,6.84
Sandy,Maize,865.3,,6.88,138.3,6.67,4.7,3.86,Yes,10.59
Sandy,Maize,1175.6,27.8,6.86,222.5,8.03,4.8,0.97,Yes,10.03
Peaty,Cotton,992.4,23.9,6.29,177.0,4.64,6.2,10.03,Yes,7.91
Silty,Wheat,1010.4,32.0,5.73,211.9,1.58,6.0,4.94,Yes,8.7
Sandy,Maize,1335.2,20.4,6.79,204.5,9.68,8.0,1.29,Yes,10.68
Sandy,Soybean,465.4,24.7,,146.6,4.92,8.2,2.2,Yes,6.62
Silty,Soybean,921.4,26.8,5.86,180.3,8.23,7.4,6.07,Yes,8.21
Silty,Rice,894.5,22.3,6.6,258.8,4.43,8.0,1.28,No,8.82
Peaty,Barley,1370.6,16.7,7.28,97.8,3.4,7.7,1.07,Yes,7.72
Silty,Barley,850.6,19.4,5.14,192.1,5.39,8.9,8.84,Yes,9.0
Loamy,Wheat,1211.7,27.9,5.5,58.4,7.24,10.1,1.49,Yes,9.24
Silty,Maize,1154.2,26.5,5.96,170.0,7.82,7.6,3.17,Yes,11.28
Silty,Soybean,574.8,18.8,6.07,152.8,2.41,8.1,1.29,Yes,8.21
Sandy,Rice,1129.9,23.2,5.89,203.4,6.82,7.0,3.42,Yes,8.77
Silty,Rice,998.8,26.9,6.99,165.7,7.65,5.7,2.89,No,8.44
Silty,Maize,1303.5,18.9,4.97,194.1,10.65,6.2,5.23,Yes,9.7
,Maize,1034.8,20.0,,54.5,4.36,7.3,8.89,Yes,10.75
Sandy,Cotton,1266.2,25.4,5.78,77.4,2.05,9.2,2.59,No,5.61
,Maize,1186.9,18.9,8.6,226.5,8.88,5.5,2.0,No,9.1
Sandy,,1070.1,34.3,6.18,186.6,2.61,10.0,5.08,No,6.57
Peaty,Wheat,873.4,,7.49,155.4,9.5,7.7,9.67,No,6.84
Clay,Cotton,916.9,18.6,6.56,188.3,4.85,7.9,5.84,Yes,7.57
Sandy,Rice,904.1,21.3,6.01,94.1,0.48,9.4,2.43,Yes,9.56
Silty,Cotton,821.9,28.1,5.61,14.5,4.64,6.1,2.03,No,5.35
Sandy,Wheat,1075.4,28.9,6.85,158.0,8.0,6.2,2.53,No,8.09
Silty,Barley,880.4,21.4,5.96,110.5,3.5,7.7,5.6,Yes,9.15
Clay,Maize,825.7,26.8,7.65,114.5,2.04,7.0,2.67,No,9.56
Loamy,Soybean,864.0,25.7,6.05,125.2,7.08,8.5,0.86,Yes,8.97
Loamy,Barley,739.2,27.1,6.17,206.4,2.7,8.5,6.02,Yes,9.09
Silty,Barley,1160.1,24.2,6.41,119.5,1.69,9.0,2.26,No,8.03
Clay,Wheat,830.1,,6.79,,10.72,6.4,3.3,Yes,8.51
Clay,Maize,912.5,,5.48,206.2,4.12,8.5,2.15,Yes,10.3
Loamy,Rice,1026.2,29.7,6.9,174.1,4.29,,9.81,Yes,9.49
Peaty,Maize,1324.7,19.7,6.08,,3.29,8.3,1.08,No,11.14
Loamy,Wheat,798.5,27.1,6.19,174.9,3.66,8.1,2.02,No,8.68
Silty,Cotton,653.4,33.6,6.33,115.6,6.69,6.0,,Yes,6.48
Silty,Rice,,22.1,7.05,133.3,3.62,6.2,0.79,Yes,10.45
Loamy,Cotton,839.6,29.9,6.64,90.4,7.14,6.9,3.26,Yes,7.68
Clay,Soybean,1174.7,19.1,7.99,165.3,3.85,8.1,2.07,Yes,7.87
Peaty,Maize,658.4,25.5,6.58,80.6,6.81,6.2,25.6,,9.91
Peaty,Wheat,1572.9,25.8,,120.0,5.83,5.1,4.58,No,5.2
Silty,Rice,746.0,25.5,6.66,143.2,2.6,8.2,6.7,No,9.65
Loamy,Barley,1229.9,28.9,8.48,112.7,2.68,6.7,1.55,No,6.08
Clay,Soybean,1001.1,19.6,7.28,148.2,4.56,8.1,4.17,Yes,8.28
Silty,Maize,377.0,25.6,5.0,72.3,10.43,8.2,2.14,No,8.92
Clay,Cotton,714.6,28.2,6.83,112.4,5.38,9.3,2.54,Yes,7.69
Loamy,Rice,934.1,28.9,6.6,104.4,3.75,6.3,10.2,No,8.9
Loamy,Wheat,742.7,24.9,5.72,133.6,6.42,7.7,3.35,No,8.8
Loamy,Rice,1019.3,18.9,7.32,163.7,1.89,6.1,10.39,Yes,9.6
Peaty,Barley,900.0,28.0,5.77,170.3,4.13,9.0,3.32,Yes,8.68
Silty,Rice,840.9,24.6,6.36,163.4,3.5,8.8,5.98,No,9.08
Clay,Maize,771.9,29.1,6.48,126.4,6.47,6.1,3.54,No,9.64
Silty,Rice,926.6,26.4,7.24,159.3,,7.1,9.13,Yes,10.5
Silty,,843.0,27.8,6.96,246.4,5.32,5.2,3.26,No,7.4
Peaty,Cotton,1537.2,25.5,5.01,215.2,5.27,9.5,5.12,Yes,6.17
Loamy,Soybean,1466.0,23.2,6.94,255.1,6.05,7.5,11.19,No,8.32
Sandy,Soybean,1387.8,26.0,6.26,166.2,5.38,6.0,1.81,Yes,7.52
Clay,Soybean,734.7,18.9,6.26,16.7,4.75,9.1,2.19,No,6.23
Clay,Barley,381.6,34.9,6.13,110.3,8.38,8.3,1.55,Yes,7.2
Sandy,Soybean,1112.6,30.8,7.29,87.7,6.94,7.0,4.4,No,5.72
Sandy,Barley,1042.3,23.0,7.06,180.0,6.96,6.5,0.77,No,7.15
Peaty,Wheat,956.8,17.3,6.79,,1.66,4.1,13.92,Yes,7.54
Sandy,Rice,1108.5,27.5,7.68,395.1,8.04,7.8,1.29,Yes,7.71
Loamy,Maize,606.4,20.6,3.89,156.3,1.96,9.8,4.19,Yes,10.41
Peaty,Rice,1074.6,20.7,6.18,163.7,2.3,8.7,2.96,Yes,9.96
Sandy,Barley,1192.1,29.4,6.51,148.4,2.59,7.1,10.09,No,7.67
Silty,Wheat,738.8,21.7,7.71,98.2,3.67,5.6,6.42,No,6.71
Loamy,Maize,695.0,22.9,6.61,266.7,5.23,,0.86,Yes,11.16
Loamy,Soybean,1155.3,33.4,6.35,127.1,3.63,4.9,5.37,No,6.98
Peaty,Maize,701.1,22.8,6.49,153.2,6.02,6.8,1.45,Yes,10.74
Peaty,Maize,827.4,26.2,5.6,171.3,8.36,7.9,4.36,Yes,10.23
Clay,Cotton,606.8,27.4,6.24,83.5,2.58,7.3,0.63,,6.78
Loamy,,557.7,26.7,5.98,147.5,4.9,10.8,2.45,Yes,8.09
Loamy,Soybean,913.3,25.0,6.52,132.8,0.72,7.9,1.8,Yes,8.63
Peaty,Wheat,558.6,24.7,6.42,93.6,3.27,7.3,5.34,No,7.44
Clay,Barley,751.1,24.1,6.08,178.2,6.25,7.5,0.83,Yes,7.86
Peaty,Maize,,23.3,7.51,98.0,4.79,9.5,2.59,Yes,10.55
Silty,Rice,463.9,36.1,6.15,207.9,4.2,7.1,1.91,Yes,9.12
Sandy,Soybean,1169.5,24.3,6.69,128.7,8.15,7.2,33.04,Yes,7.61
Loamy,Soybean,919.8,19.2,7.57,113.7,4.38,10.3,13.26,Yes,9.02
Clay,Maize,,27.1,5.88,243.2,5.0,7.3,,Yes,10.6
Clay,Barley,872.2,28.9,6.19,173.3,5.04,8.4,1.98,No,7.97
Clay,Rice,1180.5,25.2,7.5,64.2,3.93,4.5,6.86,No,8.3
Loamy,Cotton,723.2,15.1,7.53,,6.35,10.6,4.26,Yes,7.25
Peaty,Rice,621.0,25.9,5.51,96.8,4.46,8.8,2.06,No,9.05
Clay,Wheat,605.0,21.5,6.41,156.4,7.39,6.2,2.11,Yes,8.01
Sandy,Maize,797.1,26.9,6.81,203.3,2.81,7.6,2.52,No,9.7
,Wheat,,26.6,6.27,186.1,4.54,7.0,3.19,Yes,9.37
Clay,Barley,835.6,17.1,7.13,132.2,7.88,7.7,10.32,No,7.3
Silty,Cotton,781.9,21.3,6.81,113.0,10.5,11.5,0.45,Yes,7.66
Loamy,Rice,805.8,23.7,5.48,135.9,5.55,3.4,1.54,No,9.48
Silty,Wheat,625.1,27.0,6.66,200.4,2.68,9.2,9.8,Yes,8.87
Clay,Barley,1051.3,22.3,6.9,224.4,4.24,9.7,3.51,Yes,8.79
Clay,Barley,1027.7,21.1,6.0,197.3,7.11,10.2,,Yes,9.27
Peaty,Soybean,946.2,29.1,5.83,,3.19,6.7,0.61,No,6.75
Loamy,Wheat,976.0,14.6,6.24,197.2,3.18,7.0,1.8,No,8.12
,Wheat,934.5,35.8,5.89,84.8,2.57,7.9,7.95,Yes,7.81
Clay,Maize,1441.7,26.9,5.89,44.1,2.41,7.7,5.67,Yes,9.45
Clay,Maize,790.7,29.3,6.4,239.1,3.33,7.0,4.69,No,9.89
Clay,,1353.7,19.8,,83.1,11.28,8.6,0.62,Yes,6.95
Peaty,Soybean,802.2,26.5,5.33,94.1,6.46,8.6,1.35,Yes,6.6
Clay,Rice,975.0,20.8,6.48,85.3,11.29,3.4,1.53,Yes,8.84
Clay,Barley,761.8,32.6,6.73,138.4,7.29,5.3,2.32,Yes,6.91
Peaty,Soybean,892.3,31.3,6.46,127.9,5.13,6.5,5.74,No,6.47
Sandy,Maize,799.0,19.4,7.06,146.3,2.76,7.4,6.12,Yes,11.09
Silty,Maize,877.4,21.6,6.62,176.0,5.94,7.4,3.66,No,10.86
Peaty,Rice,1021.4,28.7,,198.7,12.77,6.4,6.86,No,7.9
Sandy,Rice,1352.7,23.1,6.4,167.0,4.35,5.9,1.27,Yes,9.62
Clay,,619.5,24.3,6.43,74.6,7.92,10.1,4.45,Yes,7.71
Peaty,Soybean,796.1,22.2,,73.8,6.13,9.6,16.02,Yes,7.12
Silty,Soybean,733.6,27.1,8.95,,6.07,5.1,1.83,No,5.64
Clay,Maize,529.5,22.2,7.16,96.3,3.85,6.8,17.4,No,10.1
Loamy,Soybean,884.3,25.3,7.1,41.6,4.46,5.3,7.12,No,7.3
Loamy,Soybean,833.3,26.9,6.5,214.9,2.84,7.4,,No,8.33
Sandy,Maize,1024.2,16.4,6.67,82.4,9.03,6.0,1.04,Yes,10.5
Loamy,Maize,810.8,21.9,5.57,189.3,0.0,7.3,10.63,Yes,11.54
Clay,Maize,915.3,21.0,5.23,160.9,4.21,5.8,0.75,No,9.74
Silty,,1083.1,35.4,6.53,141.5,3.19,8.6,23.74,,7.69
Sandy,Maize,833.9,29.7,5.79,172.0,11.48,8.0,18.75,Yes,10.14
Peaty,Rice,985.2,21.4,6.17,140.6,6.96,7.5,2.19,Yes,9.44
Peaty,Soybean,868.6,21.9,6.17,166.8,2.18,7.9,9.36,Yes,8.15
Clay,Maize,569.8,20.8,7.61,231.4,2.11,6.8,2.98,Yes,10.94
Loamy,Cotton,1045.5,22.8,6.69,63.0,10.34,7.6,5.95,Yes,7.74
Sandy,Wheat,713.7,30.5,6.32,145.2,5.07,7.7,4.21,No,7.29
Peaty,Wheat,997.0,21.1,7.43,245.0,5.18,9.0,2.0,No,7.84
Sandy,Wheat,906.8,27.9,5.52,120.6,0.14,5.5,0.94,No,6.41
Loamy,Rice,777.0,21.7,8.27,206.2,2.99,9.0,3.67,Yes,10.02
Loamy,Wheat,1043.9,28.8,6.31,134.0,0.0,6.0,7.05,No,8.89
Sandy,Soybean,945.5,24.1,6.56,186.9,1.39,7.0,,No,7.16
Peaty,Barley,967.4,29.7,8.01,58.1,1.94,7.0,9.15,,6.9
Sandy,Cotton,351.0,29.8,5.84,252.6,11.03,6.0,2.83,No,4.76
Silty,Soybean,908.7,21.7,6.61,198.9,4.86,4.9,2.41,No,7.38
Sandy,Wheat,1295.3,19.9,5.9,207.4,,5.6,22.42,Yes,8.29
Clay,Soybean,578.8,31.6,5.99,165.1,,6.1,1.99,Yes,6.99
Peaty,Rice,1235.6,22.7,6.97,96.1,1.11,4.9,5.82,No,9.17
Loamy,Cotton,687.5,22.3,6.41,134.7,1.23,9.2,8.02,Yes,8.74
Sandy,Rice,636.3,17.2,5.52,86.3,10.17,7.3,,Yes,8.48
Silty,Cotton,279.9,25.0,5.85,182.8,4.77,7.2,3.82,No,5.87
Peaty,Cotton,769.4,21.1,5.91,122.3,11.48,11.2,0.5,Yes,7.04
Clay,Wheat,757.3,14.4,6.84,81.9,10.71,8.6,1.33,Yes,7.66
Silty,Rice,1282.0,,6.91,260.4,7.66,6.9,2.44,No,8.66
Clay,Cotton,1245.6,20.6,5.3,75.8,6.05,6.7,4.09,Yes,6.23
Clay,Wheat,698.4,23.3,5.63,117.2,6.41,9.6,4.21,No,7.89
Peaty,Maize,1054.7,29.1,6.7,246.3,7.7,9.1,2.36,No,9.34
Clay,Cotton,224.7,,6.93,189.3,5.6,6.2,2.97,No,5.11
Peaty,Soybean,921.4,22.7,4.9,164.9,9.84,,2.81,No,7.28
Loamy,Rice,971.3,25.6,,179.9,4.09,5.6,5.89,Yes,9.78
Sandy,Wheat,1119.1,,6.05,200.5,2.44,6.2,28.5,Yes,8.81
Silty,Barley,,20.5,4.83,,2.31,6.7,5.18,No,7.03
Sandy,Maize,416.5,28.0,6.3,233.0,4.52,6.1,0.68,Yes,9.89
Peaty,Rice,940.6,23.2,,72.6,3.79,6.9,3.85,Yes,8.92
Loamy,Rice,697.0,27.6,5.97,172.3,0.62,7.7,0.59,No,9.37
Loamy,Wheat,,29.8,6.45,130.5,1.04,7.5,12.52,Yes,8.78
Sandy,Wheat,1037.3,25.0,6.29,236.5,4.45,8.7,2.72,Yes,7.93
Peaty,Soybean,1306.2,26.0,5.08,142.1,5.08,7.1,4.93,Yes,7.62
Peaty,Maize,818.6,27.6,5.76,15.7,4.66,9.7,,Yes,11.3
Peaty,Soybean,984.5,22.9,6.05,158.0,4.48,5.9,9.59,No,8.33
Loamy,Cotton,1330.9,20.2,5.88,15.6,5.53,7.1,3.29,No,6.32
Clay,Rice,1255.8,23.9,6.62,171.8,4.96,8.5,8.34,No,8.95
Peaty,,803.3,23.2,,107.1,8.46,7.7,3.35,No,8.99
Sandy,Soybean,875.6,26.6,5.12,58.3,4.31,7.1,0.8,No,5.48
Sandy,Maize,,24.7,7.45,187.0,4.96,10.1,21.1,Yes,11.05
Peaty,,,24.2,7.89,165.4,2.3,7.7,4.67,No,8.69
Sandy,Maize,504.4,25.3,7.61,79.6,5.66,8.8,5.66,No,8.79
Sandy,Wheat,894.9,23.5,7.58,158.8,0.0,9.5,4.45,No,7.19
Peaty,Wheat,943.3,25.3,5.6,218.5,7.54,4.8,2.48,Yes,7.93
Peaty,Rice,1129.6,25.0,6.87,102.7,7.95,8.8,1.98,Yes,9.93
Sandy,Soybean,730.1,21.3,5.89,261.4,1.62,7.9,7.1,Yes,7.29
Clay,Soybean,,23.6,5.47,201.0,0.49,7.9,4.15,Yes,8.81
Clay,,750.7,19.3,6.06,206.9,2.05,9.1,10.09,Yes,9.22
Silty,Wheat,478.1,30.3,5.1,170.4,0.0,9.2,0.37,No,6.64
Sandy,Cotton,666.6,29.8,5.03,43.1,5.75,8.6,4.57,Yes,5.61
Silty,Maize,1177.9,22.5,5.84,78.4,8.32,7.4,,Yes,10.63
Peaty,Barley,1058.7,15.6,6.12,108.8,7.41,7.7,1.15,No,6.72
Clay,Maize,715.9,21.9,7.65,81.1,3.73,6.8,4.75,Yes,9.99
Peaty,Soybean,1057.5,22.0,5.03,,1.62,8.0,3.13,Yes,7.8
Clay,Barley,1211.2,26.2,7.09,48.9,,10.0,4.28,No,6.51
Clay,Maize,1148.4,14.5,5.07,65.2,8.15,5.1,2.16,No,8.71
Silty,Cotton,1408.1,33.6,5.58,0.0,8.0,7.8,4.4,Yes,5.48
,Soybean,613.9,29.0,6.76,36.9,9.57,8.2,2.29,No,6.66
Loamy,Barley,1155.5,18.0,6.73,68.2,6.18,5.7,0.44,Yes,8.41
Clay,Rice,1170.0,19.8,6.24,182.9,5.99,5.6,6.62,No,8.48
Clay,Maize,696.8,24.1,6.15,175.6,,6.2,,No,10.28
Silty,Cotton,,21.0,5.6,108.7,4.79,6.8,3.0,Yes,7.2
Peaty,Soybean,945.5,27.0,6.58,151.4,7.95,8.3,4.4,No,6.29
Silty,,968.1,22.9,6.28,233.9,6.85,3.3,6.16,Yes,8.07
Clay,Soybean,989.1,24.7,,135.5,2.16,7.9,1.29,Yes,8.23
Silty,Wheat,938.2,19.4,5.81,,7.88,10.6,5.54,Yes,8.85
Silty,Barley,947.5,18.9,5.89,129.5,5.72,7.9,0.85,Yes,8.06
Loamy,Wheat,1004.5,22.6,6.17,58.8,6.45,8.8,1.2,No,8.17
Loamy,Rice,1014.6,17.7,7.5,187.6,3.87,10.2,27.05,Yes,9.9
Sandy,Barley,913.6,25.8,6.91,125.0,5.49,7.5,5.93,,7.48
Sandy,Cotton,961.8,13.2,6.79,,2.18,8.0,2.72,No,6.05
Silty,Rice,703.7,18.2,5.79,55.2,,7.0,2.44,Yes,9.15
Silty,,468.5,19.7,7.31,241.8,8.61,12.0,4.4,Yes,8.47
Loamy,Maize,479.6,,6.83,30.8,2.66,7.7,,No,9.43
Loamy,Barley,917.6,22.5,8.18,207.8,7.31,8.6,3.01,Yes,8.95
Silty,Cotton,1062.4,28.8,7.03,202.9,6.34,7.4,3.39,Yes,8.1
Loamy,Maize,776.8,26.0,6.57,176.5,1.65,7.3,17.5,Yes,11.23
Silty,Cotton,812.8,19.7,,79.6,8.59,9.3,1.77,Yes,7.94
Silty,Cotton,971.3,31.6,6.7,197.1,6.31,9.4,0.52,No,6.3
Sandy,Wheat,968.8,26.7,7.81,,8.9,6.7,4.61,No,5.56
Peaty,Cotton,1260.6,26.3,7.71,101.7,3.61,6.6,14.18,No,5.78
Sandy,Rice,805.9,24.2,6.98,198.5,4.64,7.0,1.07,No,8.76
Clay,Cotton,656.8,28.9,7.19,204.3,4.54,6.9,2.41,No,5.41
Clay,Rice,878.4,27.5,7.63,,,,3.45,Yes,8.99
Clay,Cotton,1463.8,34.4,6.49,230.5,6.01,8.0,1.28,Yes,6.78
,Rice,905.2,,7.0,50.1,7.6,10.2,4.51,Yes,9.75
Clay,Wheat,571.9,24.7,7.31,242.5,5.45,6.2,,No,7.86
Loamy,Rice,832.8,18.4,6.52,30.9,5.32,7.6,2.3,No,8.88
Silty,Soybean,622.2,20.1,6.82,179.2,7.59,7.8,0.77,No,6.41
Loamy,Maize,1204.6,16.2,7.23,177.2,8.28,8.9,1.06,Yes,11.63
Clay,Soybean,1232.5,16.3,6.69,258.7,7.26,12.0,2.89,No,7.04
Loamy,Rice,1327.0,32.2,7.68,11.2,4.89,6.8,0.43,Yes,8.65
Loamy,Maize,1080.8,31.2,7.17,,5.84,9.7,3.7,No,10.37
,Maize,724.2,22.1,6.37,192.0,4.06,4.2,3.94,Yes,10.42
Peaty,Cotton,878.4,19.8,6.7,,1.95,9.0,2.61,No,5.62
Loamy,Rice,789.1,18.2,8.54,109.5,5.38,6.5,11.3,No,8.63
Sandy,Rice,656.4,24.2,6.27,108.0,,6.3,5.95,Yes,8.29
Peaty,Maize,853.2,16.9,6.25,153.0,9.35,7.7,3.24,No,9.98
Clay,Maize,1155.4,36.0,,143.6,2.57,7.4,4.73,No,9.01
Sandy,Wheat,569.4,24.4,7.82,154.5,8.04,6.3,2.81,Yes,7.75
Sandy,Maize,629.4,26.2,5.97,186.7,7.15,5.8,3.23,No,9.76
Peaty,Cotton,1086.9,25.8,6.56,32.5,6.84,,2.06,No,6.28
Sandy,Cotton,997.6,24.5,7.34,282.2,3.89,8.8,0.78,No,6.65
Loamy,Barley,1133.9,28.4,6.33,188.0,1.7,9.1,4.12,No,8.15
Silty,Wheat,1049.4,29.7,8.77,202.1,6.24,7.1,0.94,Yes,7.83
Sandy,Wheat,1121.8,16.3,6.47,29.2,3.62,11.5,2.05,No,6.4
Loamy,Soybean,1307.1,19.9,5.87,130.7,2.07,6.9,4.13,No,7.57
Silty,Soybean,504.1,21.0,6.79,0.0,5.71,6.1,6.07,No,6.4
Peaty,Soybean,1296.4,27.3,6.69,137.7,4.82,5.5,1.58,No,7.67
Peaty,Cotton,1370.8,18.5,4.78,148.9,8.64,7.7,9.66,Yes,7.05
Clay,Soybean,872.7,28.1,7.27,217.0,8.52,10.2,,Yes,7.73
Peaty,Soybean,1187.7,21.4,5.91,170.5,3.88,6.0,6.23,Yes,7.54
Sandy,Barley,956.8,34.8,6.15,45.4,0.18,6.0,0.75,Yes,5.89
Loamy,Soybean,538.6,19.3,5.07,118.1,2.7,6.8,2.76,No,7.1
Silty,Rice,416.9,31.9,5.63,207.0,7.05,6.7,1.72,Yes,9.07
Silty,Soybean,568.7,30.7,5.82,182.8,3.11,9.6,2.9,No,6.21
Silty,Cotton,517.4,19.3,7.72,79.5,,8.9,6.9,No,4.76
Peaty,Soybean,533.9,27.0,7.03,87.2,5.07,7.2,1.24,No,6.68
Peaty,Wheat,1002.3,28.2,5.29,27.8,5.33,8.3,0.77,No,6.34
Peaty,Soybean,1314.9,26.1,6.03,117.0,3.08,9.7,3.76,Yes,7.35
Silty,Maize,914.3,21.7,6.37,239.6,8.32,5.6,0.98,No,10.26
Clay,Cotton,894.5,24.7,6.91,63.0,7.22,7.5,0.85,No,5.68
Peaty,Cotton,941.9,27.1,7.72,231.0,5.07,8.3,8.39,Yes,7.8
Sandy,Barley,601.5,24.0,6.29,171.8,8.77,7.5,2.22,Yes,8.8
Peaty,Wheat,885.0,21.1,6.81,100.3,5.59,6.2,11.68,No,8.14
Loamy,Rice,,33.0,6.66,99.5,5.29,6.8,0.23,Yes,9.3
Clay,Rice,1147.7,,7.3,136.9,8.08,9.1,4.84,No,8.52
Clay,Maize,849.0,26.3,4.93,236.2,3.85,6.9,18.42,Yes,9.93
Sandy,Rice,1262.6,25.5,,202.4,,8.3,3.04,Yes,9.7
Loamy,Wheat,1256.3,22.2,6.1,118.9,0.67,5.8,2.31,Yes,8.43
Sandy,Wheat,827.6,19.8,6.08,105.5,5.53,5.1,0.59,No,6.49
Clay,Rice,1173.1,29.3,7.47,121.8,7.56,8.0,4.85,No,8.77
Loamy,Cotton,1011.7,19.6,7.48,101.0,4.75,8.4,9.9,Yes,7.67
Sandy,Rice,1098.3,24.5,7.71,150.5,5.79,8.9,,Yes,9.11
Clay,Maize,1483.1,21.8,5.83,203.1,5.6,9.1,0.94,Yes,10.25
Silty,Cotton,1233.9,19.0,,135.5,4.54,6.7,4.77,Yes,6.69
Loamy,Barley,936.7,16.9,7.34,119.1,4.72,8.4,3.49,Yes,9.36
Sandy,Cotton,761.8,18.3,7.43,44.7,,7.9,1.22,No,5.5
Sandy,Wheat,600.4,18.5,6.31,100.1,6.89,6.8,32.64,No,7.66
Silty,Maize,1193.4,20.1,7.35,273.1,8.34,5.6,6.52,Yes,11.19
Loamy,Rice,1018.8,18.2,6.03,144.9,3.49,7.1,5.32,No,9.82
Peaty,Soybean,883.0,21.2,6.06,124.5,4.59,7.3,10.19,No,7.09
Loamy,Rice,1332.3,28.6,5.0,116.8,6.98,9.8,4.33,No,8.11
Sandy,Cotton,372.2,23.9,5.7,62.5,2.04,9.0,1.15,No,5.02
Clay,Cotton,311.9,35.0,7.2,135.1,5.3,7.6,5.98,Yes,5.01
Peaty,Maize,,20.5,5.98,157.6,7.29,7.7,1.75,Yes,10.99
Silty,Barley,978.4,,6.88,235.3,3.34,6.7,8.36,No,7.04
Loamy,Maize,1073.6,22.9,5.56,231.5,7.94,7.8,2.86,No,11.18
Silty,Soybean,1132.5,20.0,6.49,132.9,4.56,8.2,,No,6.74
Loamy,Rice,515.6,25.1,6.11,152.7,3.19,7.1,11.74,Yes,9.59
Loamy,Wheat,720.4,18.4,,217.2,4.49,5.8,3.13,No,8.89
Silty,Barley,1084.5,19.4,6.96,267.2,9.51,6.1,5.38,No,7.84
Loamy,Soybean,1130.2,33.7,6.83,181.5,6.07,7.9,1.79,Yes,8.32
Sandy,Soybean,601.5,21.7,7.34,129.2,7.21,8.8,9.4,Yes,7.38
Loamy,Cotton,879.7,16.9,,37.4,8.65,7.7,0.72,No,6.75
Loamy,Wheat,1221.9,23.1,6.06,,8.04,6.7,6.67,No,7.19
Clay,Cotton,1467.6,22.6,7.68,180.5,7.0,6.1,4.44,Yes,6.81
Loamy,Soybean,811.7,14.3,6.4,50.4,4.51,8.1,5.24,Yes,7.35
Silty,Wheat,1097.4,27.3,4.94,130.9,9.34,9.5,1.78,Yes,8.12
Silty,Rice,1148.9,18.1,8.05,74.6,4.67,6.8,5.19,Yes,8.67
Silty,Barley,1157.5,24.1,6.41,98.8,2.05,9.4,1.71,Yes,7.64
Peaty,Barley,862.6,31.3,6.85,194.5,3.2,7.7,3.83,No,7.38
Peaty,,1154.5,28.2,6.45,128.1,,8.7,1.88,No,9.55
Peaty,Cotton,812.5,22.4,7.09,157.8,3.83,9.4,1.17,No,6.77
Clay,Barley,1201.5,20.4,7.76,147.1,5.16,,0.75,Yes,8.04
Sandy,Soybean,,28.6,6.75,185.9,0.0,6.6,0.89,No,6.02
Loamy,Cotton,1000.0,22.5,7.34,174.7,5.26,7.4,15.26,Yes,9.07
,Cotton,963.7,28.2,5.74,142.6,5.14,6.8,,No,7.16
Peaty,Soybean,635.1,27.5,4.9,138.4,4.07,6.1,0.64,No,6.19
Sandy,Soybean,685.6,31.5,6.14,16.0,5.19,3.7,5.17,Yes,5.96
Silty,Maize,899.6,28.2,6.99,142.0,2.82,6.1,4.98,Yes,10.39
Loamy,Rice,1177.4,23.9,6.1,223.8,4.16,9.6,3.56,No,10.25
Silty,Cotton,1238.1,,6.19,185.2,6.61,6.9,0.86,No,5.87
Clay,Cotton,775.1,27.7,8.63,163.0,8.67,9.2,0.79,Yes,6.19
Clay,Wheat,921.1,,7.09,115.7,4.52,6.4,17.23,No,7.67
Clay,Barley,501.6,19.6,5.94,160.0,3.41,8.4,2.62,No,7.18
Clay,Wheat,942.9,20.7,7.24,187.2,5.52,8.9,4.1,Yes,9.4
Sandy,Maize,918.9,20.1,6.8,149.6,6.8,9.5,1.59,Yes,11.59
Silty,Wheat,1164.2,25.6,6.04,83.2,3.33,8.1,27.11,Yes,8.39
Clay,Barley,,21.8,7.22,211.8,8.93,9.1,3.76,Yes,7.88
Sandy,Cotton,1050.2,13.7,7.05,248.0,4.27,8.8,0.76,No,6.21
Clay,Rice,738.8,20.1,6.51,205.2,8.41,9.4,3.14,Yes,9.47
Silty,Rice,1043.6,28.1,5.74,170.1,,7.9,8.04,Yes,10.35
Loamy,Barley,1028.6,30.2,6.99,71.2,1.2,7.5,0.67,No,7.14
Silty,Wheat,495.6,28.2,7.2,172.9,6.04,9.4,9.98,Yes,8.63
Sandy,Cotton,870.2,27.7,7.06,193.3,2.85,5.6,2.84,Yes,6.3
Sandy,Soybean,716.7,21.6,7.15,201.6,5.6,5.7,3.85,Yes,7.23
Silty,Maize,1061.7,21.2,7.31,175.7,2.07,5.1,3.8,No,10.48
Loamy,Wheat,1361.0,24.2,6.62,248.6,4.3,4.7,4.04,Yes,8.43
Clay,Maize,1127.0,23.7,6.61,183.2,3.15,6.8,,Yes,10.44
Clay,Soybean,1017.4,23.6,8.33,250.7,1.87,5.3,13.7,Yes,7.14
Silty,Rice,763.6,21.9,5.39,176.4,8.85,7.3,1.49,Yes,9.34
Silty,Soybean,1018.1,17.1,6.77,83.1,4.6,9.4,2.75,Yes,8.02
Clay,Maize,1081.1,20.4,5.76,124.7,1.69,8.7,3.68,Yes,10.85
Silty,Cotton,1211.8,29.8,5.91,232.4,6.4,7.6,1.22,Yes,7.08
Sandy,Wheat,840.0,26.0,,115.9,7.74,9.0,18.14,Yes,8.45
Silty,Wheat,799.9,27.5,6.43,162.2,7.5,8.4,2.59,Yes,8.38
Loamy,Barley,942.4,22.1,7.04,,7.31,6.6,6.51,No,7.51
Sandy,Barley,974.1,26.7,7.23,66.0,5.15,6.9,4.69,No,7.54
Sandy,Soybean,1046.1,16.1,5.79,140.6,2.06,8.1,1.49,No,6.28
Clay,Wheat,808.0,,6.54,51.1,2.36,7.9,14.07,Yes,8.98
Sandy,Soybean,889.3,24.3,7.33,2.6,7.59,8.1,3.26,Yes,6.85
Loamy,Barley,984.1,23.4,7.28,119.9,4.07,6.8,0.54,Yes,8.65
Sandy,Barley,959.6,21.1,6.6,103.6,0.93,10.2,1.49,Yes,7.83
Peaty,Rice,1004.2,25.2,7.04,94.9,4.98,6.2,2.94,No,8.26
Loamy,Maize,944.6,21.1,5.58,,1.83,9.0,12.2,No,11.05
Silty,Barley,1071.4,,7.57,142.0,4.91,8.8,5.65,No,7.65
Loamy,Soybean,442.1,21.5,5.36,226.8,7.23,7.4,1.86,Yes,8.67
,Maize,728.7,21.4,6.96,167.5,7.58,6.3,29.84,Yes,10.28
Peaty,Rice,819.1,27.5,6.53,205.6,5.22,,3.02,No,8.63
Peaty,Maize,923.9,28.3,6.29,77.3,6.62,6.0,28.02,,10.43
Loamy,Wheat,1000.5,19.1,6.69,,7.71,6.2,2.93,No,9.1
Clay,Maize,1407.8,,6.66,185.3,3.91,8.2,1.68,No,10.18
Sandy,Rice,923.7,27.8,7.88,202.1,7.7,9.3,1.01,Yes,9.46
Loamy,Soybean,527.7,26.7,7.93,185.1,2.5,7.2,1.58,No,6.87
Silty,Soybean,923.9,27.0,6.63,169.5,7.27,7.5,2.35,Yes,8.25
Loamy,Wheat,746.0,32.4,7.32,184.6,4.97,8.2,7.89,No,7.66
Silty,Cotton,1282.8,22.7,5.99,205.6,6.29,9.4,0.48,No,7.0
Sandy,Cotton,821.8,24.7,6.25,,2.81,7.1,3.94,No,6.2
Loamy,Soybean,704.7,26.0,5.6,178.5,1.56,6.3,1.26,Yes,8.28
Peaty,Barley,1019.5,21.9,7.21,165.5,6.25,5.7,6.95,No,6.85
Silty,Maize,,14.7,7.73,154.0,0.81,8.2,3.72,No,9.58
Sandy,Maize,1154.8,18.9,7.1,274.4,8.32,9.0,2.32,Yes,10.12
Loamy,Barley,953.6,32.1,7.27,221.8,4.74,9.6,2.37,No,7.12
Silty,Barley,1253.4,20.6,6.16,176.9,8.4,5.8,2.6,No,7.67
Silty,Soybean,1520.6,20.3,7.69,0.0,7.37,9.1,3.15,Yes,6.21
Loamy,Soybean,872.7,34.6,4.95,206.6,5.67,7.2,32.88,No,6.31
Peaty,Soybean,823.4,20.8,6.55,39.4,2.59,10.2,0.44,No,6.57
Sandy,Cotton,808.8,31.0,7.59,146.8,5.57,7.1,1.86,Yes,5.81
Sandy,Rice,1132.8,24.0,5.87,115.1,5.52,5.6,3.0,No,7.85
Sandy,Soybean,1360.8,30.7,6.37,84.9,0.5,7.2,1.16,Yes,7.65
Peaty,Soybean,1042.1,20.9,7.12,,2.88,9.1,5.95,Yes,8.69
Clay,Wheat,706.9,25.7,6.58,102.6,6.4,7.8,0.89,Yes,8.25
Loamy,Barley,1091.7,28.8,5.81,153.3,6.01,9.1,,No,8.22
Loamy,Wheat,957.5,27.9,5.11,253.7,6.07,7.6,3.0,Yes,8.23
Sandy,Soybean,1124.5,23.9,6.46,89.7,0.32,7.9,1.68,,7.32
Silty,Wheat,1254.9,19.3,6.38,204.0,3.72,7.6,3.69,No,7.92
Sandy,Wheat,788.5,23.3,,159.0,4.07,,0.84,Yes,8.07
Peaty,Soybean,819.9,23.3,6.6,166.6,4.6,8.9,3.39,Yes,9.0
Clay,,1021.8,30.0,5.94,137.1,6.96,5.6,3.66,No,10.06
Loamy,Soybean,986.4,36.1,5.93,327.2,8.05,10.4,3.53,No,6.43
Loamy,Cotton,1248.8,28.4,6.44,246.7,4.03,8.2,1.37,No,7.35
Loamy,Barley,1112.7,26.9,6.02,155.6,0.0,10.1,3.62,Yes,9.61
Silty,Rice,1153.0,16.7,7.12,96.5,2.35,6.8,2.69,Yes,9.54
Loamy,Rice,1002.5,19.7,6.47,178.8,0.0,6.2,6.08,Yes,10.35
Silty,Cotton,969.6,18.3,6.69,109.5,3.62,4.4,5.63,No,6.51
Loamy,Maize,692.1,29.0,5.63,188.2,6.85,8.0,4.43,No,10.9
Loamy,Rice,895.4,24.8,6.28,270.3,2.93,5.3,4.94,No,9.24
Loamy,Rice,839.4,14.7,8.46,127.5,3.63,5.4,8.84,No,8.0
Silty,Cotton,936.2,18.5,6.14,139.5,4.36,7.0,6.66,Yes,6.9
Loamy,Soybean,3539.2120905712845,16.7,6.11,186.8,1.62,4.8,2.04,Yes,8.64
Sandy,Wheat,1275.1,30.2,7.21,164.4,3.39,5.2,0.84,Yes,7.57
Clay,Wheat,887.3,22.7,5.61,223.7,2.97,,5.26,No,7.78
Clay,Cotton,1097.1,24.4,6.47,148.3,7.74,6.3,5.37,Yes,7.39
Sandy,Wheat,1118.7,20.5,5.97,274.5,7.0,9.9,3.72,No,7.28
,Soybean,820.3,25.0,6.61,85.6,5.0,6.9,6.12,No,7.21
Loamy,Soybean,508.2,22.1,,111.2,3.81,7.8,2.98,No,6.92
Clay,Rice,1010.3,27.1,6.08,256.6,6.04,6.7,2.56,,9.49
Sandy,Rice,1285.9,37.1,7.05,171.8,6.29,7.4,1.43,No,7.01
Loamy,Maize,994.4,25.1,6.19,172.5,9.02,9.6,6.26,Yes,10.98
Clay,Barley,540.8,16.9,6.14,100.2,2.43,9.9,5.62,Yes,7.83
Silty,Wheat,616.2,14.8,6.79,107.1,1.77,5.7,2.8,Yes,7.06
Silty,Cotton,,24.6,5.37,166.2,6.31,5.9,4.15,Yes,7.38
Silty,Wheat,841.2,21.9,6.61,196.3,4.99,5.1,3.3,No,8.39
Peaty,Wheat,520.2,11.0,6.1,203.0,2.44,7.8,1.69,No,6.54
Loamy,Barley,966.3,21.0,6.14,124.5,10.28,8.8,12.5,No,8.5
Peaty,Soybean,605.4,,6.97,198.4,4.15,4.9,2.66,No,7.09
Sandy,Rice,1559.3,21.9,5.43,132.3,4.39,8.6,1.29,No,7.7
Silty,Rice,700.1,25.6,5.95,189.0,10.16,7.4,3.78,No,8.88
Loamy,Soybean,1326.1,18.0,5.55,195.0,2.02,8.3,1.64,,8.15
Silty,Soybean,1066.9,24.7,6.54,163.6,5.54,8.0,1.25,No,7.55
Peaty,Rice,628.1,17.7,6.22,188.8,4.05,5.0,1.87,No,8.54
Clay,Rice,1048.9,19.1,5.71,119.8,10.5,7.3,1.38,Yes,9.63
Loamy,Cotton,859.6,17.7,5.57,158.4,0.78,7.1,3.61,No,7.22
Clay,Cotton,942.4,26.3,5.96,228.0,5.88,6.8,7.76,Yes,8.36
Sandy,Cotton,1043.9,23.6,5.6,106.2,3.79,9.2,2.62,Yes,6.47
Clay,Soybean,462.0,23.9,6.78,135.1,7.07,8.5,4.78,No,7.63
Sandy,Barley,952.0,23.1,6.2,137.6,4.72,7.4,1.32,No,7.05
Clay,Wheat,970.1,26.2,4.92,170.8,2.81,7.6,6.74,Yes,8.39
Silty,Wheat,797.0,26.9,5.28,87.6,0.0,5.4,5.5,Yes,7.78
Loamy,Wheat,652.1,26.0,7.35,179.9,4.15,7.6,1.62,No,8.99
Silty,Barley,1119.3,28.9,6.2,75.2,6.62,7.0,1.68,No,6.85
Loamy,Maize,1191.4,25.8,7.79,305.6,5.48,6.9,6.1,No,10.29
Clay,Maize,866.2,,5.94,131.4,1.38,8.5,14.88,No,9.43
Peaty,Wheat,574.4,27.4,6.87,162.2,2.69,7.3,,No,7.15
Loamy,Soybean,919.7,20.6,5.78,147.0,2.87,6.4,0.32,No,7.99
Loamy,Barley,996.1,20.1,7.16,146.6,6.83,5.6,2.05,No,8.57
Loamy,Barley,987.2,24.0,6.44,183.8,2.31,7.8,2.18,No,8.59
Silty,Maize,942.5,29.2,7.03,46.8,2.72,8.7,1.05,No,9.93
Peaty,Soybean,384.6,29.0,5.14,56.3,0.96,8.0,1.46,Yes,6.65
Loamy,Barley,1466.2,14.8,5.83,96.0,3.08,,9.03,No,7.44
Peaty,Rice,495.8,14.1,6.06,61.8,6.94,4.8,0.4,Yes,9.27
Clay,Maize,1066.1,15.3,7.38,120.3,8.11,6.9,0.8,No,10.67
Silty,Barley,1220.5,27.7,,115.0,0.0,7.8,8.75,,7.57
Peaty,Cotton,938.2,22.8,7.54,151.4,4.44,7.2,17.0,Yes,7.2
Silty,Rice,855.8,21.8,6.12,49.7,10.18,8.3,9.01,,9.36
Peaty,Barley,1260.4,16.6,6.62,205.3,4.32,8.8,2.51,Yes,8.28
Loamy,Maize,1269.9,22.7,7.85,183.5,5.57,8.2,4.02,No,11.57
Loamy,Cotton,1208.7,17.8,6.18,92.8,9.42,6.5,8.73,Yes,7.46
Silty,Barley,810.4,35.9,6.78,178.9,3.18,9.9,0.93,Yes,7.55
Loamy,Soybean,601.0,30.7,6.77,148.2,4.18,8.7,6.31,Yes,8.44
Peaty,Maize,964.3,29.2,7.77,252.1,6.24,9.2,5.17,Yes,10.89
Clay,Cotton,,26.0,6.96,146.0,2.28,8.1,1.38,Yes,7.49
Sandy,Cotton,898.9,21.5,5.98,22.6,1.18,9.8,7.26,No,5.04
Loamy,Cotton,,26.1,5.87,176.3,3.54,9.1,3.18,Yes,6.82
Silty,Barley,894.6,25.3,7.07,236.0,5.12,7.8,2.16,Yes,9.11
Silty,Soybean,827.1,34.1,5.55,89.9,3.03,7.3,3.21,No,6.41
Clay,Maize,784.2,17.3,7.4,122.3,,6.0,5.04,Yes,11.05
Silty,Soybean,1161.3,16.1,4.62,181.8,8.21,6.7,5.03,Yes,7.6
Peaty,Maize,1309.5,29.8,7.01,96.0,10.74,8.3,5.81,No,10.04
Loamy,Barley,1041.4,29.7,6.26,167.4,1.1,6.7,,Yes,9.3
Clay,Wheat,942.8,18.2,6.81,224.5,8.17,8.7,4.46,No,7.74
Sandy,Maize,901.8,20.9,7.01,74.9,7.97,8.5,4.37,Yes,9.59
Clay,Maize,1239.0,23.2,7.02,129.6,3.8,8.6,0.43,No,10.02
Peaty,Maize,,,7.46,117.6,4.0,6.2,1.64,No,10.09
Clay,Rice,509.4,27.0,5.8,90.5,3.37,9.8,2.88,No,8.03
Loamy,Cotton,1303.6,26.8,5.98,165.5,1.19,8.6,0.87,Yes,8.48
Peaty,Cotton,747.6,35.6,6.95,124.7,4.95,8.5,21.88,No,5.34
Silty,Soybean,897.4,24.5,6.37,187.0,5.27,8.0,4.58,No,7.71
Peaty,Rice,1162.0,23.4,5.88,105.4,3.45,8.5,2.66,Yes,9.42
Loamy,Soybean,397.9,20.5,5.6,144.5,6.36,6.6,0.71,Yes,7.18
Peaty,Rice,994.1,24.8,7.5,27.5,0.0,7.6,2.14,No,7.57
Silty,,521.8,29.9,5.77,125.3,6.44,10.0,6.1,Yes,6.77
Sandy,Rice,,22.6,5.65,207.7,8.62,8.8,7.27,Yes,8.77
Clay,Barley,818.9,24.5,6.85,243.7,6.45,8.9,2.44,No,7.91
Peaty,Cotton,1135.0,22.1,6.13,87.6,1.97,6.9,2.51,Yes,6.96
Sandy,Cotton,896.1,26.9,6.85,,6.98,6.3,6.26,Yes,7.16
Silty,Wheat,701.7,26.4,5.36,108.6,,6.0,3.24,Yes,8.19
Peaty,Maize,731.5,19.5,6.26,286.4,3.24,10.9,4.67,Yes,12.21
Sandy,,1117.0,25.7,6.12,103.4,7.21,4.8,3.09,Yes,10.25
Loamy,,1446.1,17.8,8.01,218.1,2.87,7.5,1.46,Yes,8.81
Silty,Maize,1231.5,27.0,7.3,43.2,9.88,8.1,,No,9.64
Sandy,Wheat,1112.8,24.4,7.6,63.1,2.97,6.0,9.34,Yes,7.25
Loamy,Soybean,1046.9,20.1,7.94,223.8,,7.9,0.21,Yes,8.53
Peaty,Maize,1181.0,24.2,7.32,137.9,3.12,8.7,5.87,No,10.55
Silty,Rice,904.2,23.5,6.07,152.6,6.72,6.7,0.84,No,8.64
Silty,Barley,925.3,27.7,6.79,159.1,3.74,6.6,12.85,Yes,7.89
Loamy,Rice,728.7,25.7,6.28,,6.63,8.7,1.78,No,8.11
Loamy,Soybean,1267.8,23.4,5.98,195.7,,7.7,3.53,Yes,8.87
Peaty,Rice,617.3,25.3,,185.4,5.59,6.8,1.0,No,8.52
Loamy,Cotton,646.6,19.9,5.42,30.2,,7.3,2.81,Yes,6.42
Clay,Soybean,1146.8,23.3,6.79,174.4,4.55,8.2,1.96,Yes,8.53
Silty,Maize,230.7,20.3,6.89,196.8,7.79,7.5,1.96,No,9.71
Sandy,Wheat,993.5,28.9,6.65,63.0,8.81,5.1,3.01,Yes,7.51
Silty,Rice,994.7,26.8,7.18,93.5,5.62,6.8,2.18,No,8.8
Silty,Soybean,1242.2,22.4,5.41,197.3,5.09,7.6,,Yes,8.21
Sandy,Barley,1143.3,28.5,,171.7,1.86,9.6,2.41,Yes,8.65
Silty,Wheat,757.8,26.4,7.07,103.4,3.07,6.4,14.14,Yes,8.66
Peaty,Cotton,907.2,26.1,6.14,201.9,6.84,8.3,1.89,Yes,6.81
Clay,Cotton,,21.3,6.25,200.8,9.27,6.9,,No,6.7
Peaty,Wheat,1138.0,29.4,5.8,257.3,5.56,4.2,22.49,Yes,7.65
Peaty,Wheat,854.6,25.9,8.52,129.0,5.06,9.4,,Yes,8.51
Silty,Cotton,500.2,18.0,5.58,121.9,1.84,10.7,,Yes,6.86
Clay,Cotton,,28.2,5.0,113.3,5.05,5.0,1.79,Yes,7.14
Clay,Barley,1169.8,31.8,6.07,117.2,0.65,7.1,0.84,Yes,6.47
Clay,Cotton,1198.0,19.7,5.75,73.0,6.7,9.4,5.39,Yes,7.37
Silty,Maize,1216.0,15.4,5.77,82.2,0.65,10.5,11.03,Yes,10.85
Silty,Maize,848.1,30.0,6.4,241.5,2.64,6.8,2.12,No,9.86
Silty,Maize,893.2,25.7,8.62,197.8,5.1,7.8,14.57,No,9.56
Peaty,Soybean,883.0,28.5,5.5,70.5,7.02,8.7,6.85,Yes,6.19
Peaty,Wheat,836.4,25.9,6.97,262.0,5.79,6.5,3.64,Yes,9.13
Loamy,Wheat,1238.5,19.5,6.91,,2.15,6.8,1.84,No,8.46
Silty,Soybean,797.4,23.1,6.64,203.0,1.25,8.1,3.38,Yes,9.38
Sandy,Soybean,1067.4,31.8,6.38,182.9,5.73,6.7,1.51,No,6.39
Peaty,Maize,941.3,16.6,7.23,218.6,5.49,8.9,1.82,Yes,10.85
Loamy,Barley,971.8,25.4,7.68,80.4,3.6,6.5,2.2,Yes,9.15
Sandy,Cotton,733.1,21.1,6.1,141.5,3.42,4.4,1.48,Yes,6.15
Sandy,Soybean,801.1,34.2,5.77,164.4,4.08,8.2,4.37,Yes,6.44
Clay,Soybean,1331.2,27.9,5.35,153.1,2.9,7.1,4.81,Yes,7.65
Sandy,Barley,1080.0,31.1,6.96,155.4,7.05,6.5,2.23,No,6.73
Peaty,,784.7,13.9,7.12,202.4,0.19,8.8,1.29,No,7.01
Silty,Wheat,925.0,20.0,,162.2,4.01,7.4,1.72,No,7.7
,Rice,806.2,25.9,,117.2,6.24,8.2,7.77,No,9.47
Sandy,Soybean,728.1,20.0,6.62,98.2,1.96,6.3,0.88,No,7.02
Loamy,Rice,765.4,35.4,5.87,143.8,7.38,6.8,8.31,Yes,9.39
Sandy,Wheat,680.3,36.1,6.57,116.8,3.15,8.2,3.71,Yes,6.23
Peaty,Cotton,1087.5,26.7,5.89,117.1,7.08,6.6,2.94,Yes,7.14
Loamy,Soybean,507.4,31.9,7.09,233.5,,9.0,4.01,Yes,7.72
Silty,Barley,546.2,35.9,6.2,207.6,6.14,8.1,1.0,No,6.28
Peaty,Maize,1031.6,33.6,6.7,84.8,6.96,8.3,6.35,No,9.16
Peaty,Cotton,,29.3,6.61,98.5,4.84,9.7,2.87,Yes,6.98
Silty,Rice,,28.1,7.28,,2.75,8.3,3.06,Yes,9.26
Peaty,Soybean,,21.4,7.59,173.4,1.34,8.3,0.32,Yes,7.19
Loamy,Wheat,1038.9,11.4,5.6,193.8,7.27,5.5,5.39,No,7.86
Sandy,Wheat,1365.0,17.8,7.6,0.0,7.58,9.1,,Yes,6.4
Peaty,Wheat,950.7,30.2,7.39,137.4,4.04,10.4,11.05,Yes,8.38
Loamy,Soybean,1113.5,28.1,5.59,242.7,5.41,8.3,0.96,Yes,8.72
Silty,Maize,433.2,20.9,6.37,163.0,8.21,8.3,1.52,No,10.22
Sandy,Barley,,19.6,5.62,153.3,3.98,8.0,12.84,Yes,8.18
Peaty,Rice,877.8,25.9,7.06,179.8,8.03,10.5,1.94,No,8.17
Loamy,Barley,1168.2,26.8,6.33,160.1,5.66,7.5,5.13,Yes,8.5
Loamy,Rice,1425.4,21.6,5.7,198.2,8.68,8.1,4.66,Yes,10.0
Loamy,Wheat,1255.2,21.4,5.82,213.1,7.33,7.4,11.53,Yes,9.23
Silty,Soybean,888.8,22.3,7.05,178.8,2.51,7.1,1.47,No,7.04
Silty,Soybean,1078.8,24.8,6.78,237.0,4.38,4.1,5.38,No,6.79
Silty,Soybean,,19.7,6.07,88.7,3.01,9.2,16.83,No,6.87
Clay,Cotton,1344.5,37.3,6.17,265.3,3.18,8.0,0.83,Yes,5.59
Sandy,Soybean,,17.1,7.81,157.2,,8.7,2.02,No,7.39
Sandy,Soybean,827.2,35.3,5.16,285.2,6.84,4.9,8.23,Yes,5.79
Silty,Barley,925.4,28.2,5.5,,,6.4,1.39,No,6.25
Loamy,Soybean,789.7,29.0,6.63,78.8,2.05,10.1,0.45,No,7.19
Clay,Soybean,1008.4,22.4,5.59,139.6,3.41,7.9,0.54,Yes,7.76
Peaty,Soybean,845.6,,7.06,122.8,2.99,6.1,3.43,Yes,8.31
Sandy,Cotton,552.5,31.6,6.55,150.0,1.41,6.6,4.5,No,5.61
Clay,Maize,770.3,27.9,7.04,114.0,4.13,8.4,4.44,No,10.49
Clay,Maize,705.9,24.6,5.73,0.0,5.23,5.6,2.85,Yes,8.78
,Barley,850.0,20.1,6.07,73.4,5.32,6.6,1.57,No,6.91
Loamy,Cotton,1237.7,30.4,7.46,108.6,4.39,5.5,4.76,No,5.97
Clay,Rice,702.0,19.2,6.75,152.7,3.52,4.0,6.98,Yes,9.27
Loamy,Soybean,633.9,16.8,6.05,123.9,4.36,6.8,1.01,No,7.58
Sandy,Rice,576.9,15.1,,155.2,5.74,8.9,2.6,No,7.63
Sandy,Cotton,940.5,27.4,6.28,218.8,2.62,7.5,,,7.06
Sandy,Rice,1046.5,27.1,,99.5,4.1,6.4,0.91,Yes,8.59
Silty,Wheat,918.6,23.7,5.64,86.1,6.29,5.9,3.71,Yes,8.86
Clay,Maize,965.8,21.2,6.49,114.2,3.69,6.2,2.46,Yes,11.56
Sandy,Barley,816.7,,6.49,245.7,3.06,8.3,3.5,No,7.26
Peaty,Cotton,,26.5,7.11,188.1,5.36,9.0,3.21,No,6.08
Clay,Cotton,1327.4,21.6,5.8,192.9,8.47,6.8,4.3,Yes,6.43
Clay,Cotton,887.4,25.2,,202.6,2.82,9.3,4.35,Yes,8.31
Sandy,Barley,721.4,17.5,6.19,91.4,6.08,6.8,5.28,Yes,8.16
Loamy,Wheat,908.2,38.3,6.82,196.1,2.13,8.6,7.36,No,7.11
Clay,Rice,1362.1,21.0,6.16,230.8,8.24,10.3,10.3,Yes,9.7
Loamy,Rice,526.1,28.3,,67.7,1.91,7.2,2.8,Yes,9.87
Silty,Cotton,,21.9,6.14,114.1,7.6,,2.99,Yes,7.1
Sandy,Soybean,786.9,27.9,6.1,136.9,2.97,6.5,35.44,Yes,7.33
Silty,Barley,1036.2,24.9,7.1,126.2,4.14,5.6,1.06,Yes,8.42
Peaty,Soybean,822.9,23.6,,,4.76,8.2,4.52,Yes,8.01
Silty,Maize,1085.1,24.5,7.94,169.5,0.0,8.3,1.75,No,10.06
Sandy,Maize,311.7,21.6,6.66,,4.66,7.2,9.11,No,9.42
Loamy,Soybean,944.8,27.2,6.86,162.9,6.53,9.1,0.8,,8.15
Clay,Maize,1389.6,22.4,6.34,161.0,5.45,5.7,6.49,No,10.24
Sandy,Maize,775.0,17.6,7.55,143.3,7.47,9.1,4.5,No,9.38
Peaty,Barley,702.5,26.3,7.1,282.0,9.8,7.7,12.74,No,7.82
Loamy,Cotton,1056.3,22.7,5.56,136.1,4.59,6.0,7.08,No,7.29
Sandy,Rice,754.8,26.3,5.7,75.5,7.65,,2.77,Yes,8.35
Loamy,Soybean,828.3,25.7,,180.9,4.01,7.5,0.68,No,7.46
Clay,Soybean,1082.6,24.8,7.27,210.7,5.67,6.6,4.58,Yes,8.84
Clay,Cotton,886.7,25.6,6.48,190.6,11.03,7.3,2.55,Yes,7.64
Peaty,Barley,465.5,26.2,5.94,61.8,5.82,,6.41,Yes,7.12
Sandy,Wheat,962.1,27.1,5.55,151.2,3.9,8.8,6.01,No,7.26
Peaty,Maize,1275.5,28.8,6.28,87.5,3.87,5.9,2.7,Yes,11.06
Sandy,Rice,670.3,25.6,5.53,129.1,6.14,6.8,3.73,No,8.35
Clay,Soybean,889.8,15.2,6.23,155.7,5.92,7.8,0.53,Yes,8.1
Silty,Rice,764.9,26.1,8.35,162.6,5.83,7.7,2.69,,8.93
Sandy,Soybean,501.4,22.4,6.23,,8.19,6.9,4.64,No,6.71
Sandy,Maize,881.4,23.1,6.26,104.3,1.27,6.6,5.11,Yes,11.45
Clay,Rice,1092.7,,6.0,44.0,0.0,7.5,5.24,Yes,8.06
Peaty,Soybean,287.9,30.2,8.07,237.6,6.81,6.6,6.8,No,6.7
Peaty,Wheat,481.5,16.8,7.65,101.1,6.92,6.2,1.81,No,6.79
Clay,Cotton,653.5,30.9,6.15,,0.43,8.3,2.39,No,5.15
Peaty,Wheat,984.3,24.5,5.63,70.8,5.28,9.5,6.08,Yes,8.55
Sandy,Soybean,689.4,24.1,5.4,221.3,6.51,4.7,4.57,No,7.1
Peaty,Barley,1138.1,25.6,7.04,91.0,1.38,7.4,2.26,Yes,7.53
Sandy,Cotton,934.0,23.3,5.85,112.1,1.91,9.6,6.36,Yes,6.81
,Rice,1135.3,21.0,7.51,,6.98,6.4,1.96,No,7.38
Sandy,Maize,786.3,26.7,6.61,43.1,4.32,7.7,12.86,Yes,10.22
Clay,Wheat,1057.1,28.3,5.21,117.5,0.72,6.8,0.94,No,6.95
Peaty,Wheat,892.2,18.6,6.7,162.1,5.48,6.3,2.46,Yes,9.1
Peaty,,1015.6,21.4,5.85,237.2,4.48,6.4,1.47,Yes,9.41
Clay,Maize,726.4,,6.92,241.3,5.54,8.4,2.63,Yes,10.5
Loamy,Soybean,735.0,25.0,6.82,132.6,6.23,7.8,3.85,No,7.78
Peaty,Rice,904.0,27.1,7.8,81.2,9.63,7.0,1.84,No,8.17
Clay,Maize,1232.7,22.2,7.07,65.0,4.77,6.6,2.27,No,8.97
Sandy,Barley,671.3,16.3,6.62,182.6,6.64,9.7,4.31,Yes,7.69
Silty,Soybean,1247.3,27.8,6.56,,9.15,6.7,5.44,No,7.4
Clay,Maize,987.1,21.7,7.22,36.9,7.77,10.9,3.39,Yes,11.33
Loamy,Rice,1026.5,31.5,6.76,145.9,4.85,5.7,8.36,Yes,9.78
Silty,Soybean,814.7,18.2,6.96,61.9,3.78,6.0,8.14,Yes,8.46
Silty,Maize,779.0,29.4,6.06,92.7,7.16,7.8,2.33,Yes,10.21
Loamy,Soybean,748.7,20.0,7.17,173.6,4.92,7.0,4.77,Yes,8.52
Sandy,Wheat,1021.1,27.0,6.65,218.2,7.18,4.9,1.52,No,7.82
Sandy,Barley,988.0,32.7,,,6.56,6.4,2.91,Yes,6.77
Silty,Barley,993.9,23.7,,113.7,3.16,7.1,1.0,Yes,7.33
Silty,Maize,773.7,27.5,5.72,114.4,4.28,7.2,5.34,Yes,10.74
Silty,Cotton,795.9,28.2,6.49,144.9,2.09,8.3,1.47,No,5.88
Silty,Wheat,847.1,18.0,6.49,122.0,2.0,8.4,2.83,Yes,9.2
,Rice,1286.4,22.3,7.67,219.8,5.18,6.3,0.75,No,8.43
Loamy,Cotton,586.5,32.1,4.53,102.7,5.14,7.2,1.54,Yes,7.09
Silty,Barley,,20.8,7.17,215.5,3.24,6.9,8.21,No,6.91
Loamy,Cotton,1325.9,22.5,5.86,140.4,6.06,6.4,6.91,,7.24
Silty,Wheat,696.2,21.7,7.42,222.6,3.86,6.4,1.27,Yes,8.82
Clay,Barley,1266.6,20.2,6.13,98.5,3.1,7.5,6.39,Yes,7.92
Loamy,Cotton,654.5,16.4,7.28,186.9,11.16,4.8,1.09,No,6.71
Peaty,Rice,1074.9,17.2,6.05,131.0,4.87,6.2,1.5,Yes,8.52
Peaty,Rice,890.5,18.4,7.63,166.7,6.19,6.2,11.82,Yes,9.09
Silty,Barley,1239.0,19.0,6.71,218.0,8.3,4.6,2.14,No,7.93
Silty,Maize,1117.1,20.8,7.43,127.1,8.94,7.2,7.93,,11.6
Silty,,1190.8,23.5,7.12,82.7,6.52,6.5,7.21,Yes,6.85
Silty,Maize,704.4,28.7,5.3,0.0,4.61,4.4,5.31,No,7.94
Clay,Barley,752.4,22.1,6.15,197.0,1.22,6.2,12.44,No,7.34
Peaty,Barley,787.8,24.2,7.87,,2.66,8.2,3.09,Yes,7.78
Loamy,Rice,1166.2,26.1,5.99,173.8,3.2,7.4,3.29,Yes,9.74
Clay,Maize,,17.1,5.8,95.4,6.38,8.0,2.03,No,9.73
Peaty,Barley,1466.5,28.2,7.45,176.9,,,,Yes,6.61
Clay,Rice,646.6,26.4,7.37,,4.03,8.0,6.96,No,8.32
Silty,Soybean,990.8,23.7,6.44,78.6,3.73,8.8,4.67,Yes,7.75
Clay,Wheat,810.2,18.6,6.28,154.2,1.55,8.8,2.12,Yes,8.39
Sandy,Maize,298.9,,6.82,202.3,,8.1,6.15,No,8.89
Silty,Rice,745.0,29.5,7.83,64.3,7.33,7.1,2.47,No,7.75
Silty,Cotton,835.6,29.1,,175.8,4.81,,11.16,No,6.3
Silty,Wheat,864.2,28.3,7.17,212.6,6.27,7.5,2.02,No,7.95
Clay,Wheat,926.7,25.3,7.4,151.9,6.64,7.7,6.12,Yes,8.9
Sandy,Barley,1123.6,30.7,7.38,122.3,,6.5,2.85,No,6.75
Clay,Soybean,854.9,28.7,5.94,171.4,2.75,11.9,1.44,No,6.46
Peaty,Soybean,1118.6,33.8,6.31,280.7,5.63,9.7,19.2,Yes,6.9
Clay,Barley,675.5,25.5,6.21,245.9,3.7,7.6,2.94,No,7.96
Peaty,Rice,810.2,20.7,6.8,213.4,3.89,5.1,1.48,Yes,9.17
Clay,Soybean,831.1,20.8,5.74,174.1,7.22,6.2,1.57,,7.48
Peaty,Soybean,1100.3,24.5,7.16,146.9,3.01,6.1,5.43,No,7.07
Loamy,Soybean,1142.4,29.3,5.91,104.9,9.04,8.7,1.38,Yes,8.85
Silty,Wheat,957.2,6.9,6.88,219.8,8.49,7.0,3.23,Yes,7.87
Peaty,Barley,1110.4,16.3,5.42,183.5,4.1,6.5,5.08,Yes,8.83
Loamy,Barley,929.9,25.4,7.73,98.0,2.86,7.7,7.29,No,7.0
Loamy,Barley,743.9,23.0,7.42,166.6,3.45,7.5,7.85,Yes,8.2
Peaty,Rice,808.1,12.6,6.83,145.1,0.0,8.0,4.76,No,7.91
Sandy,Barley,902.2,29.8,5.16,97.5,3.47,7.7,2.59,No,6.84
Silty,Soybean,414.3,21.0,6.39,162.8,6.27,7.3,2.64,No,6.54
Clay,Cotton,1283.9,21.0,6.04,135.1,7.74,9.9,1.07,,5.97
Peaty,Soybean,941.2,23.7,6.42,223.4,,5.8,0.3,Yes,8.47
Peaty,Cotton,593.5,27.9,7.83,139.9,3.63,7.7,3.11,Yes,6.89
Clay,Cotton,838.6,29.8,5.94,129.8,3.91,6.7,1.4,Yes,6.34
Clay,Cotton,1011.3,24.0,5.87,187.7,9.66,9.4,6.79,Yes,7.01
Peaty,Wheat,1285.0,27.0,6.75,150.9,2.76,7.8,3.98,Yes,8.79
Loamy,Rice,1122.6,17.6,7.75,221.5,3.19,6.1,9.74,No,9.09
Loamy,Maize,771.5,28.4,6.8,144.2,1.83,3.9,3.11,Yes,11.62
Loamy,Rice,1080.0,,6.32,163.9,7.96,7.6,3.09,Yes,9.57
,Cotton,1130.0,19.2,5.53,120.0,3.99,7.9,8.73,No,7.99
Sandy,Barley,953.8,,6.62,153.0,8.85,5.5,1.33,Yes,7.45
Clay,Soybean,1432.0,26.3,7.75,202.2,5.14,8.5,4.03,No,7.56
Silty,Rice,950.9,20.4,7.91,144.9,3.77,6.4,4.79,No,8.71
Loamy,Soybean,1077.8,25.8,6.41,122.8,9.15,6.5,4.7,No,7.97
Clay,Barley,1246.8,20.0,5.43,209.9,6.62,8.4,1.53,Yes,7.9
Peaty,Maize,943.2,19.8,6.23,136.1,5.92,6.2,18.74,Yes,10.72
Silty,Barley,953.1,25.3,6.71,85.0,2.87,8.4,3.7,No,8.51
Sandy,Wheat,1009.3,26.3,6.58,146.5,6.49,8.9,7.53,No,7.51
Loamy,Barley,1139.6,25.0,6.65,157.7,3.39,8.8,9.03,Yes,9.59
,Cotton,919.0,28.0,6.82,193.7,9.07,6.2,1.74,Yes,8.01
Silty,Soybean,655.3,23.7,5.59,,2.26,6.6,1.17,Yes,6.97
Loamy,Soybean,1080.3,,,226.0,5.39,7.2,2.72,Yes,8.91
Sandy,Barley,1000.7,29.8,5.73,97.1,1.17,7.9,1.84,Yes,6.74
Sandy,Soybean,996.8,28.2,6.3,154.8,4.62,7.6,18.43,Yes,6.9
Silty,Soybean,866.7,20.5,5.56,,4.62,7.3,6.4,No,7.2
Sandy,Wheat,969.5,23.8,7.42,148.0,9.72,7.3,,Yes,8.27
Loamy,Rice,,26.5,7.06,114.6,5.59,10.8,2.61,No,9.63
Silty,Wheat,893.9,28.9,5.82,180.0,3.39,7.0,1.76,No,7.54
Peaty,Maize,1047.8,20.5,6.01,217.0,6.06,7.7,5.52,No,10.66
Peaty,Rice,,30.1,6.23,159.1,1.04,10.4,6.72,No,7.86
Loamy,Rice,1199.0,28.0,5.52,134.0,7.55,8.5,0.36,No,9.49
Peaty,Wheat,840.4,29.7,5.3,190.8,6.7,9.6,,No,7.17
Loamy,Soybean,580.3,19.9,7.87,261.8,5.86,7.2,7.97,No,6.92
Sandy,Rice,911.1,29.2,6.49,167.2,6.84,7.0,10.54,No,7.96
Sandy,Maize,800.8,25.3,8.85,249.1,4.91,6.4,8.62,No,8.51
Clay,Maize,969.2,23.5,6.81,157.4,2.43,9.9,1.77,Yes,11.37
Sandy,Barley,945.4,27.5,6.23,97.6,6.13,8.5,4.99,Yes,7.82
Loamy,Barley,1100.0,33.3,5.39,126.4,0.26,7.0,3.95,No,6.18
Loamy,Rice,823.8,26.0,5.72,117.5,6.2,6.3,1.11,Yes,9.84
Loamy,Wheat,597.6,27.6,6.62,178.5,1.66,10.4,0.73,Yes,9.04
Clay,Rice,825.9,29.2,7.25,101.5,7.2,5.5,3.02,No,7.83
Sandy,Wheat,1128.8,15.4,6.15,190.9,4.84,7.5,1.02,No,7.21
Loamy,Maize,771.3,,7.12,107.8,5.8,8.0,1.77,Yes,10.67
Sandy,Maize,756.9,25.9,5.51,,2.21,6.7,4.24,Yes,11.16
Sandy,Barley,1027.3,19.0,6.77,133.1,6.28,6.7,,Yes,8.14
Sandy,Cotton,917.3,19.6,6.53,159.9,1.61,8.6,4.11,No,6.84
Silty,Soybean,,25.1,6.99,192.0,7.96,9.2,,Yes,9.2
Loamy,Barley,1048.3,32.0,6.08,,3.81,6.9,1.93,Yes,7.99
Clay,Rice,643.1,23.4,5.24,199.3,7.44,10.5,3.58,Yes,9.39
Loamy,Barley,870.1,28.9,7.19,236.8,10.3,4.8,4.58,Yes,9.14
Peaty,Maize,1265.8,26.1,6.16,162.6,4.18,7.3,5.39,No,9.75
Peaty,Rice,989.6,35.8,7.06,153.7,3.04,6.8,8.76,Yes,8.16
Loamy,Wheat,690.7,13.6,7.68,182.3,5.39,6.7,1.43,Yes,8.74
Clay,Wheat,830.5,27.1,5.27,101.3,4.28,8.1,6.09,Yes,8.57
Loamy,Maize,834.7,25.8,,70.1,10.13,8.8,0.52,Yes,11.51
Clay,Rice,980.6,26.0,6.39,155.3,1.87,9.0,2.05,No,8.53
Clay,Wheat,1070.8,26.7,6.85,239.2,2.57,7.9,8.83,No,8.11
Sandy,Cotton,872.5,16.8,5.82,275.4,8.29,7.4,7.99,Yes,6.52
Clay,Soybean,863.4,11.9,6.58,104.5,3.08,7.1,2.26,No,6.87
Clay,Rice,1046.6,28.8,8.07,143.8,5.34,8.2,1.58,No,8.24
Peaty,Maize,124.2,20.7,6.33,119.9,4.74,7.4,,No,9.27
Silty,Barley,1065.6,30.4,6.05,188.7,4.88,9.7,2.76,No,7.39
Loamy,Cotton,708.0,24.0,6.68,,2.91,6.5,7.83,Yes,8.19
Sandy,,710.3,21.2,7.22,192.5,4.49,8.4,,Yes,7.81
Loamy,Soybean,809.6,26.4,4.8,120.6,3.47,7.8,0.64,Yes,8.28
Loamy,,1242.1,24.8,6.46,172.6,1.19,6.4,1.64,Yes,8.13
Clay,Cotton,798.0,33.5,7.16,208.4,4.36,8.0,1.28,No,5.16
Peaty,Barley,859.1,23.6,7.5,180.3,2.16,9.7,3.35,No,7.74
Loamy,Maize,1342.3,28.6,5.84,222.1,2.11,9.5,12.79,Yes,11.4
Loamy,Cotton,1368.9,22.0,7.22,167.7,6.47,10.2,1.62,Yes,8.25
Peaty,Soybean,558.5,19.5,,232.6,1.64,9.6,3.07,No,7.1
Peaty,Barley,1195.7,19.6,5.84,135.8,5.21,8.1,1.58,No,7.69
Sandy,Cotton,1194.7,25.9,6.35,229.5,1.99,7.1,4.96,Yes,7.69
Clay,Wheat,697.3,22.5,5.52,181.7,4.57,7.8,2.31,Yes,8.76
Peaty,Wheat,763.0,32.5,6.09,50.3,6.05,7.5,1.48,No,6.15
Peaty,Cotton,1194.8,28.0,6.25,262.5,2.58,8.6,26.21,Yes,7.12
Sandy,Rice,1018.8,21.3,6.62,125.7,4.05,7.6,2.15,Yes,8.67
Sandy,Soybean,1158.3,34.2,7.48,229.8,3.53,5.6,0.97,No,5.74
Silty,Wheat,1250.6,19.2,5.81,136.7,5.78,6.1,1.03,Yes,9.01
Peaty,Cotton,785.4,29.6,6.12,266.8,1.53,5.8,0.82,No,5.41
Sandy,Maize,1057.3,24.0,6.58,111.4,6.79,7.2,16.76,Yes,10.66
Sandy,Soybean,973.2,17.4,6.0,77.6,6.11,11.0,5.32,Yes,6.7
Sandy,Soybean,,26.8,6.84,123.0,0.89,10.3,,No,7.32
Clay,Barley,874.7,34.9,7.08,157.1,3.24,7.9,3.48,No,6.14
Loamy,Barley,986.9,28.1,5.63,156.2,6.41,5.5,2.83,No,7.97
Clay,Wheat,1217.4,19.3,6.49,124.3,0.0,8.0,2.38,Yes,9.29
Silty,Wheat,655.8,28.3,6.12,147.9,10.29,8.1,0.61,No,7.8
Sandy,Cotton,1137.6,,8.04,135.9,8.37,6.5,14.74,Yes,7.05
Peaty,Maize,583.9,19.5,4.86,110.7,5.92,,0.91,No,8.73
Sandy,Maize,1584.1,20.5,6.71,64.4,6.99,10.5,55.54,No,10.19
Peaty,Rice,1206.7,25.2,5.06,116.2,7.76,6.8,4.3,Yes,8.46
Sandy,Rice,1281.3,24.0,6.65,22.9,5.65,7.1,1.81,Yes,8.21
Clay,Soybean,1087.5,,6.57,160.2,5.12,2.8,2.09,No,5.68
Loamy,Cotton,1027.3,24.3,6.67,172.8,7.14,7.3,1.93,Yes,6.96
Peaty,Rice,1101.4,27.4,6.96,83.6,6.42,5.4,2.29,No,8.1
Clay,Maize,1339.0,21.4,6.67,118.7,1.88,9.2,4.42,Yes,10.73
Clay,Soybean,1237.6,22.3,6.66,176.4,1.43,5.1,3.17,Yes,8.27
Clay,Cotton,792.8,29.3,7.12,144.0,6.08,8.2,2.5,No,5.17
Loamy,Cotton,869.0,27.3,7.93,145.2,7.66,6.4,2.36,Yes,7.44
Sandy,Cotton,1090.2,29.9,5.39,131.2,2.64,4.0,3.83,No,5.0
Clay,Wheat,1034.0,24.5,6.13,2.8,7.75,8.0,1.0,Yes,7.04
Clay,Cotton,914.0,26.9,6.22,192.1,0.97,8.1,4.56,No,6.43
Clay,Wheat,818.4,23.6,7.83,102.4,,,0.42,No,7.59
Loamy,Cotton,1166.2,,7.14,112.2,7.28,7.5,5.17,No,7.1
Loamy,,640.2,26.0,,134.5,7.21,6.7,11.84,No,7.85
Peaty,Rice,1057.8,23.0,,194.7,5.54,7.3,1.0,No,8.29
Peaty,Soybean,1029.4,27.9,6.85,86.5,8.71,8.9,1.95,Yes,7.58
Clay,Maize,1208.0,27.7,6.83,199.3,7.18,6.8,12.37,Yes,11.33
Sandy,Wheat,1050.7,23.5,7.37,168.8,6.0,7.9,0.9,No,6.64
Loamy,,693.2,17.9,6.51,182.7,3.79,7.8,1.17,Yes,11.08
Clay,Wheat,1200.3,23.0,6.25,291.6,2.67,6.0,0.69,Yes,8.45
,Cotton,1189.9,25.5,6.59,128.6,2.31,7.5,1.38,No,6.69
Sandy,Soybean,1244.6,26.9,5.65,263.7,5.35,7.6,5.72,Yes,8.35
Loamy,Rice,949.4,34.8,7.46,129.1,9.56,6.9,1.34,Yes,9.43
Loamy,Cotton,935.1,26.6,7.55,273.1,3.7,7.5,3.39,No,6.19
Sandy,Barley,892.7,16.5,6.67,186.4,4.21,5.7,1.88,No,7.04
Sandy,Soybean,602.4,24.0,7.05,188.1,4.37,7.8,1.91,No,6.75
Sandy,Barley,719.7,23.5,6.38,125.6,2.85,5.8,3.26,No,7.05
,Maize,802.2,20.5,5.45,177.2,4.91,5.5,2.34,Yes,12.42
Loamy,Soybean,,13.2,6.81,166.2,4.79,7.1,1.86,Yes,7.28
Loamy,Cotton,909.1,28.8,8.24,118.7,8.76,6.5,6.01,Yes,6.69
Silty,Wheat,723.2,22.0,5.14,175.9,,7.8,1.53,Yes,7.81
Silty,Cotton,1118.8,18.7,5.12,45.0,7.85,4.3,1.73,No,5.47
Peaty,Cotton,837.0,27.4,7.69,174.4,7.47,8.3,,No,5.86
Peaty,Maize,618.4,21.8,6.53,208.5,3.49,7.2,0.82,Yes,10.95
Clay,Cotton,693.6,15.6,6.58,72.3,3.37,8.5,3.33,Yes,7.15
Clay,Cotton,595.1,29.1,5.98,95.6,2.97,6.4,0.49,Yes,7.02
Silty,Soybean,1337.6,24.4,4.86,29.1,2.49,7.5,9.44,Yes,6.57
Silty,Wheat,1228.2,20.7,6.77,,4.08,5.9,16.9,Yes,8.17
Clay,Cotton,1050.5,22.0,6.14,237.4,3.42,8.6,8.7,No,7.11
Sandy,Cotton,895.0,14.4,7.77,116.4,0.05,3.7,1.54,No,4.67
Sandy,Rice,928.1,26.3,7.82,176.7,4.99,5.7,1.53,No,8.02
,Barley,967.0,19.8,7.15,,11.17,7.5,15.41,No,7.54
Peaty,Rice,893.8,23.9,5.89,156.7,7.39,8.3,4.32,No,9.31
Silty,Barley,516.1,15.3,4.88,159.0,4.46,7.3,8.99,Yes,6.93
Loamy,Maize,900.7,16.0,6.4,308.6,8.3,3.5,5.1,No,10.56
Sandy,Cotton,710.7,26.7,5.92,95.4,10.06,6.4,3.06,No,5.47
Silty,,879.7,23.2,7.02,116.8,4.74,5.8,,No,6.71
Clay,Wheat,822.3,26.1,5.65,250.8,4.96,,24.5,Yes,7.73
Loamy,Maize,1210.2,24.1,6.84,226.8,5.75,7.5,9.49,Yes,11.55
Silty,Rice,617.6,29.2,7.18,,4.01,7.3,1.3,No,8.01
Sandy,Cotton,1027.3,21.3,7.75,149.4,5.98,6.9,5.0,No,5.42
Loamy,Barley,793.4,22.3,7.03,145.0,1.51,6.6,5.67,No,8.05
Silty,,1403.1,20.2,,122.6,8.44,7.6,5.03,No,6.74
Clay,Barley,1131.6,22.1,7.16,246.8,3.81,9.0,2.89,No,8.25
Silty,Soybean,969.7,27.8,6.59,169.5,2.15,7.4,3.9,Yes,9.87
Loamy,Cotton,1192.8,18.7,5.7,,5.97,6.4,,No,8.19
Silty,Barley,859.8,22.6,6.51,231.2,7.3,7.3,1.09,Yes,8.65
Silty,Maize,1249.0,24.2,7.12,15.9,3.58,6.4,9.06,No,9.51
,Soybean,860.6,27.9,6.99,60.8,0.3,8.1,7.46,,6.62
Loamy,Wheat,,28.7,5.91,152.1,,8.7,10.76,Yes,9.19
Sandy,Rice,1217.0,27.8,6.42,176.2,5.55,9.4,7.54,No,8.57
Sandy,Wheat,622.3,20.2,6.13,218.9,4.57,7.0,2.46,Yes,7.82
Peaty,Wheat,773.8,28.1,,72.6,3.02,6.8,1.38,Yes,8.64
Clay,Rice,1228.4,25.1,7.25,120.3,0.81,8.0,7.33,Yes,8.83
Loamy,Barley,681.6,24.0,8.0,197.4,9.72,10.0,6.6,Yes,9.72
Silty,Maize,1287.9,19.1,5.55,81.3,7.75,8.0,1.34,No,9.61
Clay,Soybean,1244.7,30.8,5.61,183.7,2.7,,5.71,Yes,7.98
Loamy,Barley,871.8,25.6,6.84,133.2,3.99,5.0,9.48,Yes,9.14
Loamy,Maize,666.9,28.4,7.3,107.6,4.51,9.9,27.2,Yes,11.42
Loamy,Soybean,1004.7,31.2,5.93,238.0,0.9,11.0,40.27,,7.43
Clay,Cotton,482.3,15.9,7.18,164.0,4.51,5.1,3.03,Yes,6.02
Clay,Rice,453.8,21.4,6.38,175.0,3.97,4.4,7.21,No,8.02
Loamy,Barley,1287.4,21.4,5.77,87.4,2.79,9.0,1.26,No,8.23
Loamy,Wheat,1076.7,25.2,7.88,151.2,4.94,5.0,3.44,Yes,8.52
Peaty,Wheat,797.6,17.7,6.55,286.3,2.56,5.5,5.41,Yes,8.12
Loamy,Soybean,,25.8,6.3,96.8,5.26,8.3,8.63,No,8.25
Silty,Soybean,811.6,21.1,7.51,172.6,4.34,8.7,1.11,Yes,8.37
Sandy,Soybean,828.3,,5.9,3.2,7.72,7.1,7.67,Yes,6.78
Peaty,Soybean,777.8,26.4,8.17,92.1,4.34,7.6,26.82,No,6.0
Peaty,Barley,602.5,28.0,5.74,192.7,4.7,8.3,3.18,Yes,7.91
Silty,Soybean,562.2,23.6,7.38,186.8,2.99,6.5,2.57,No,7.09
Sandy,Rice,807.1,17.3,8.01,128.9,,9.5,2.69,Yes,8.41
Sandy,Barley,791.4,,6.63,182.3,6.27,6.0,2.25,No,8.29
Silty,Wheat,832.0,20.9,6.98,134.0,2.63,7.6,2.77,No,8.26
Sandy,Maize,890.1,31.7,7.57,92.0,6.39,7.9,4.63,No,8.85
Silty,Maize,411.4,25.7,6.8,179.1,5.97,5.9,1.76,No,9.73
Silty,Barley,1023.2,22.5,7.59,124.5,9.6,6.9,1.87,Yes,7.96
Loamy,Rice,1025.8,16.4,7.69,125.4,4.67,6.7,7.67,No,9.08
Sandy,Barley,1551.8,29.3,5.88,95.7,,8.8,4.31,No,6.2
Loamy,Cotton,973.1,17.8,5.57,129.5,1.86,7.9,,Yes,7.22
,Wheat,1122.3,27.0,5.9,268.5,0.0,7.8,1.66,Yes,7.8
Sandy,Soybean,1403.5,28.1,,169.9,9.01,10.1,0.94,No,6.57
,Wheat,815.7,15.3,6.72,156.9,6.39,7.1,10.53,No,7.41
Sandy,Wheat,844.8,22.1,7.85,,6.62,5.7,5.54,No,6.69
Sandy,Barley,571.6,34.9,7.23,241.6,7.69,5.7,7.98,Yes,7.34
Loamy,Rice,276.1,31.1,8.19,113.1,4.34,7.9,4.12,Yes,7.6
Loamy,Barley,815.7,22.0,6.84,261.2,5.6,9.0,4.37,Yes,8.14
Loamy,Maize,794.0,16.4,6.55,,3.99,7.6,0.86,Yes,10.51
Clay,Soybean,1197.8,24.7,6.62,,5.06,8.4,7.56,Yes,8.46
Sandy,Soybean,973.1,23.9,6.04,209.3,,7.2,2.75,Yes,7.25
Sandy,Barley,1343.8,23.8,6.39,259.8,5.2,7.7,20.14,No,7.65
,Rice,1069.7,22.0,7.42,139.3,3.09,6.0,1.97,Yes,9.76
Clay,Cotton,708.0,27.7,6.37,218.1,6.44,4.7,2.52,Yes,6.71
Loamy,Rice,1034.3,29.9,8.04,129.6,8.55,6.9,8.69,No,9.07
Peaty,Cotton,682.1,33.4,6.85,197.8,6.13,7.9,0.81,No,5.67
Sandy,Soybean,889.9,24.0,5.52,102.1,6.66,,,No,6.69
Silty,Cotton,847.2,19.3,7.16,153.5,2.59,8.7,1.17,Yes,8.06
Sandy,Rice,1008.9,24.8,6.65,135.7,4.82,8.5,4.49,Yes,9.34
Clay,,743.0,25.1,5.93,137.6,8.42,6.6,2.53,Yes,8.14
Silty,Soybean,984.4,15.9,7.31,49.1,5.08,5.5,3.98,Yes,6.82
Peaty,Barley,1037.5,21.6,5.98,125.3,,6.9,4.48,No,7.23
Clay,Soybean,,21.5,5.76,159.0,8.3,8.1,1.44,No,7.4
Clay,Cotton,985.1,17.5,6.21,131.5,2.82,10.4,,No,6.9
Clay,Soybean,593.2,17.0,6.72,163.7,7.76,6.8,6.34,No,7.22
Loamy,Barley,1001.8,25.9,4.97,41.0,10.03,9.3,0.79,No,6.96
Clay,Soybean,1376.0,21.4,6.55,176.6,5.5,7.4,3.08,No,7.64
Silty,Cotton,810.2,21.8,7.96,155.8,6.39,9.8,12.58,No,6.95
Loamy,Rice,661.4,24.1,7.28,78.6,4.6,8.4,3.71,Yes,9.71
Sandy,Wheat,1249.4,22.7,8.4,177.1,7.59,6.0,3.92,No,6.35
Peaty,Barley,916.5,25.8,6.27,198.5,7.36,6.0,2.16,Yes,7.67
,Maize,755.8,22.8,5.75,97.6,1.59,7.1,6.32,Yes,11.34
Clay,Soybean,635.4,25.4,7.63,258.2,,5.4,2.0,Yes,8.07
Clay,Soybean,901.6,19.5,6.14,,,7.4,5.97,Yes,8.13
Peaty,Wheat,1288.1,26.2,6.8,7.3,4.91,7.9,1.06,No,6.65
Sandy,Wheat,1630.7,17.0,5.75,85.0,7.2,9.2,9.1,Yes,7.11
Loamy,Rice,1084.3,18.9,6.52,228.1,4.72,6.3,1.77,Yes,10.06
Clay,Rice,850.8,20.3,7.54,64.8,3.23,9.7,1.29,No,7.78
Clay,Cotton,957.9,15.6,6.0,189.8,2.77,8.9,1.9,Yes,7.73
Peaty,Cotton,647.5,26.1,6.47,,3.31,2.3,3.9,Yes,6.49
Sandy,Cotton,1174.1,22.2,6.8,102.3,4.83,4.2,0.47,Yes,6.7
Loamy,Maize,789.6,19.2,5.72,123.2,2.65,7.2,10.48,,10.55
Sandy,Rice,1023.6,29.3,6.73,,1.18,,1.27,No,7.97
Loamy,Maize,1328.8,27.6,7.62,154.4,6.54,6.6,1.53,No,10.52
Peaty,Wheat,1415.5,20.4,6.13,57.5,4.54,5.4,1.51,No,6.93
Silty,Wheat,937.8,,6.13,112.2,2.84,4.3,0.93,No,7.58
Loamy,Rice,823.8,21.6,7.22,129.1,6.66,10.5,12.37,Yes,10.71
Peaty,Rice,619.3,22.1,7.93,270.2,2.03,8.1,2.01,No,7.94
Clay,Barley,936.9,30.0,7.09,74.2,7.94,7.7,0.99,No,7.06
Silty,Barley,857.5,,5.79,195.0,3.14,6.7,5.88,Yes,8.62
Peaty,Wheat,1030.6,22.4,7.31,225.7,3.28,7.8,6.73,No,7.92
Silty,Cotton,771.6,21.5,6.65,79.8,4.76,7.5,10.97,Yes,8.28
Loamy,Maize,1071.2,20.1,,166.9,3.82,7.2,4.63,No,11.45
,Wheat,812.9,,6.69,112.8,,8.7,9.35,Yes,8.71
Silty,Rice,667.5,23.7,6.22,198.5,5.5,6.6,21.87,No,9.29
Silty,Soybean,1570.3,27.1,6.37,161.6,3.38,6.2,1.11,Yes,8.32
Silty,Barley,,23.7,6.24,216.7,3.99,8.6,,No,7.85
Peaty,Barley,741.6,15.9,7.28,82.4,8.69,6.6,1.43,No,6.27
Silty,Barley,603.8,17.3,6.29,120.2,5.16,7.2,16.22,No,8.41
Peaty,Wheat,1091.8,21.9,5.43,123.5,2.58,9.1,3.04,Yes,8.13
Silty,,1086.5,32.5,5.53,153.3,5.31,6.0,3.08,No,6.43
Clay,Cotton,,26.4,6.97,57.4,5.1,7.6,,Yes,6.22
Clay,Rice,1139.6,17.6,7.39,89.0,3.56,7.9,9.31,Yes,9.6
Loamy,Rice,969.5,21.5,6.63,179.3,1.8,8.9,6.34,Yes,9.47
Clay,Rice,1133.6,30.5,,189.5,2.72,7.0,49.83,No,9.0
Sandy,Cotton,667.7,23.0,6.39,,,5.1,1.83,No,5.95
Clay,Soybean,1108.6,25.0,5.91,,3.3,,12.47,Yes,7.54
Silty,Rice,,28.0,6.32,152.9,8.36,7.6,2.16,No,8.98
Loamy,Barley,1041.1,20.5,5.66,120.6,4.26,7.4,2.5,Yes,8.55
Silty,Rice,814.8,21.0,6.59,33.3,7.83,6.9,4.39,Yes,8.81
Loamy,Cotton,273.2,26.2,6.16,230.6,6.53,10.7,2.72,Yes,6.84
Peaty,Cotton,903.7,16.1,6.46,203.0,3.61,8.6,28.0,No,6.27
Peaty,Soybean,1054.7,19.0,6.43,,5.18,7.7,2.33,Yes,8.48
Loamy,Rice,469.3,22.9,7.79,223.3,5.75,6.4,2.59,Yes,9.86
Loamy,Barley,790.9,30.7,5.42,176.5,0.27,8.2,4.49,No,7.88
Loamy,Soybean,1187.0,18.8,7.99,260.2,3.07,7.8,1.43,Yes,8.43
Peaty,Wheat,1085.5,27.3,6.36,144.6,8.92,9.0,2.13,,9.0
Silty,,1151.1,25.1,7.05,177.0,9.33,5.3,13.74,Yes,8.16
Clay,Rice,473.9,13.0,7.88,40.0,11.45,6.4,21.36,Yes,7.33
Silty,Barley,494.2,22.6,6.37,138.1,,8.1,2.78,Yes,8.15
Silty,Wheat,916.7,28.6,6.6,42.3,6.85,8.3,5.8,No,7.07
Loamy,Cotton,1042.0,27.5,7.57,155.0,1.72,5.7,2.14,Yes,7.75
Peaty,Cotton,891.4,24.1,5.0,,4.03,8.6,3.29,Yes,6.34
Sandy,Rice,594.5,19.2,6.18,149.6,5.55,7.4,,No,7.73
Loamy,Cotton,729.7,17.3,6.5,239.6,11.99,4.4,,Yes,8.04
Sandy,Cotton,911.2,17.1,7.52,256.2,0.21,7.7,2.21,No,5.55
Sandy,Rice,916.3,21.8,7.12,145.5,6.1,7.1,8.77,No,8.44
Peaty,Barley,555.6,21.6,6.46,163.4,8.44,6.4,1.53,No,7.17
Sandy,Soybean,1311.1,25.6,,95.5,6.16,6.7,2.79,No,6.24
Clay,Barley,1164.3,38.2,7.58,136.5,7.04,8.2,4.35,Yes,6.77
Clay,Cotton,1047.6,19.4,5.5,44.4,1.88,11.4,3.92,Yes,6.01
Sandy,Soybean,834.5,26.0,6.44,112.2,0.09,4.8,1.33,No,6.06
Peaty,Wheat,882.0,26.8,7.94,209.9,3.16,7.3,1.24,No,6.97
Peaty,Cotton,793.3,23.0,5.83,103.9,9.87,6.6,2.81,No,6.12
Peaty,Maize,1035.5,17.8,6.75,132.3,5.55,8.8,0.9,Yes,11.02
Sandy,Cotton,693.5,22.1,6.76,327.4,5.21,8.8,3.92,Yes,6.51
Loamy,Wheat,691.6,31.8,6.06,207.8,7.13,7.2,3.07,Yes,8.95
Silty,Wheat,986.5,18.9,6.46,185.6,8.83,6.5,0.78,Yes,9.22
Silty,Cotton,490.3,26.3,5.11,,5.84,6.2,13.18,Yes,7.15
Sandy,Rice,1034.4,30.6,7.03,134.4,4.65,4.4,2.2,No,8.06
Loamy,Maize,1155.1,30.5,5.96,226.2,5.99,8.3,4.17,No,10.44
Silty,Rice,1014.0,29.5,5.84,314.6,3.83,6.3,3.51,Yes,8.87
Loamy,Soybean,1067.2,21.3,6.48,121.4,3.53,9.9,3.21,Yes,9.14
Sandy,Barley,847.2,14.7,6.92,,,10.9,4.81,Yes,8.38
Clay,Maize,1114.8,27.2,6.3,126.5,12.23,5.6,4.96,Yes,10.81
Silty,Cotton,965.3,15.4,6.85,204.6,7.24,4.0,2.72,Yes,7.5
Silty,Maize,1003.2,23.8,6.6,139.2,4.99,7.6,3.57,Yes,11.0
Loamy,Wheat,801.0,28.2,7.67,87.4,2.87,6.1,7.16,Yes,7.92
Peaty,Wheat,517.5,27.2,,,3.35,7.1,,No,7.25
Loamy,Maize,1105.0,27.4,6.37,37.5,2.76,9.1,5.38,No,9.67
Sandy,Rice,1176.3,23.8,6.42,229.1,1.09,7.0,1.71,Yes,8.96
Silty,Rice,1022.6,25.6,7.04,205.3,7.58,6.2,4.89,Yes,10.44
Peaty,Rice,780.9,27.0,6.59,99.1,6.39,,9.45,Yes,9.55
Loamy,Maize,1048.0,25.0,6.15,,,6.2,6.33,No,10.31
Clay,Maize,763.8,32.7,6.44,220.0,0.81,8.9,1.75,Yes,9.83
Sandy,Barley,841.4,23.3,6.41,175.3,4.17,9.7,5.87,Yes,8.4
Loamy,Maize,1062.9,24.3,6.99,178.3,1.93,8.5,6.37,Yes,11.48
Clay,,804.9,25.4,7.51,180.2,4.99,6.6,3.97,Yes,9.08
Loamy,Wheat,835.1,17.0,5.92,232.9,9.26,5.6,0.66,No,8.57
Loamy,Maize,819.6,27.7,6.05,221.8,2.82,6.7,0.93,No,11.32
Clay,Barley,995.7,25.2,5.67,219.6,5.14,6.8,2.46,Yes,9.14
Peaty,Maize,1243.7,20.9,5.79,186.9,2.67,9.2,1.61,Yes,10.92
Clay,Soybean,1365.0,22.3,6.44,64.6,5.18,9.3,9.59,No,6.73
Sandy,Wheat,545.6,30.0,5.6,43.0,6.49,9.7,3.72,No,5.91
Loamy,Wheat,920.1,28.7,,91.8,4.78,7.9,2.01,No,7.17
Silty,,620.7,22.4,8.05,139.7,1.95,5.5,15.98,Yes,7.4
Clay,Wheat,630.5,28.1,7.73,130.6,4.05,7.5,13.52,Yes,7.96
Silty,Wheat,,29.4,7.04,146.3,,8.4,4.19,Yes,9.19
Sandy,Barley,1038.2,19.8,6.61,123.8,5.15,8.6,2.74,No,7.52
Peaty,Wheat,1183.3,25.5,6.31,194.3,4.93,9.7,28.43,Yes,8.35
Silty,Barley,883.4,12.0,6.08,114.8,4.97,6.3,2.68,No,7.08
Silty,,545.6,26.9,6.79,221.6,4.66,9.4,5.55,No,10.53
Loamy,Cotton,657.7,18.1,6.05,174.6,6.1,7.9,5.77,Yes,7.92
Loamy,Barley,804.0,20.8,5.28,265.5,6.44,8.1,1.68,No,7.59
Peaty,Cotton,1133.8,26.5,4.47,192.2,1.53,,1.75,Yes,6.7
Sandy,Rice,1083.1,26.0,6.86,173.5,6.4,6.6,4.54,Yes,9.69
Peaty,Cotton,1084.5,31.5,5.87,156.6,0.0,6.3,13.64,No,5.56
Peaty,Barley,804.8,30.9,6.24,184.0,4.29,7.3,3.79,No,6.99
Sandy,Cotton,878.3,24.4,6.0,114.2,3.29,6.6,0.48,Yes,6.8
Clay,Soybean,417.7,17.5,6.76,146.3,5.0,7.2,2.77,No,6.29
Silty,Rice,759.6,28.1,6.49,167.6,6.1,8.7,5.0,No,9.23
Loamy,Barley,722.1,21.3,5.83,169.4,5.48,11.1,3.56,Yes,9.38
Silty,Rice,950.6,21.4,6.77,85.1,4.5,7.9,0.65,No,8.51
Sandy,Rice,1037.0,23.4,6.15,160.6,7.08,7.5,11.23,No,9.34
Sandy,Barley,939.1,23.8,5.58,73.5,5.1,10.4,2.87,Yes,6.49
Silty,Cotton,617.5,19.1,6.77,122.9,,7.1,5.75,Yes,7.3
Loamy,Cotton,706.2,25.3,6.83,57.4,3.63,4.7,7.76,Yes,6.7
Clay,Wheat,1226.2,25.0,6.19,0.0,3.28,6.1,1.84,Yes,8.24
Sandy,Rice,1061.1,23.0,6.48,145.2,9.12,8.3,4.06,No,8.37
Sandy,Rice,895.7,28.1,7.29,276.2,7.59,8.9,2.96,Yes,8.74
Loamy,Wheat,869.0,28.0,7.17,196.9,2.43,6.5,4.28,No,7.95
Sandy,Soybean,457.2,28.7,6.99,181.3,5.28,6.2,27.99,No,6.43
Sandy,,905.5,19.9,4.41,192.0,5.58,8.1,13.27,Yes,7.09
Clay,Rice,934.6,29.9,6.33,136.2,,10.0,1.52,Yes,8.4
Silty,Cotton,1294.9,16.7,6.19,170.0,0.0,9.5,0.84,No,7.4
Sandy,Soybean,788.1,31.2,6.21,161.0,7.5,7.6,1.01,No,7.51
Clay,Maize,829.6,30.2,7.58,68.0,6.29,5.9,14.36,Yes,9.97
Peaty,Soybean,460.0,23.7,6.58,210.9,3.06,10.2,6.07,No,7.22
Sandy,Maize,594.8,10.9,6.62,179.0,6.16,7.5,1.63,Yes,10.86
Clay,Barley,1086.6,21.3,6.3,102.2,5.1,2.9,3.41,No,6.98
Loamy,Cotton,745.9,34.0,6.37,83.2,4.94,8.6,6.07,No,5.61
Clay,Rice,853.0,25.2,,75.8,5.36,4.5,3.35,No,8.21
Clay,Soybean,857.4,26.8,5.66,161.6,7.82,7.2,2.62,No,7.02
Sandy,Barley,735.0,29.0,4.64,79.7,2.51,8.3,3.62,Yes,7.01
Sandy,Cotton,959.7,23.0,6.39,104.5,4.74,6.2,1.97,Yes,6.65
Clay,Wheat,937.3,29.2,6.38,151.2,3.06,6.0,32.6,Yes,8.67
Silty,Soybean,618.8,18.4,7.77,200.3,4.3,5.6,2.66,No,7.18
Loamy,Cotton,793.0,20.4,8.5,256.4,4.87,8.4,4.69,Yes,6.96
Loamy,Rice,978.1,,7.12,182.7,7.97,6.9,6.01,No,9.86
Sandy,Cotton,920.0,25.1,6.28,142.7,6.87,9.3,6.38,No,7.2
Clay,Soybean,791.6,24.6,6.56,236.9,5.97,8.2,2.13,No,6.78
Sandy,Soybean,1100.2,21.5,7.99,151.0,7.16,10.0,9.61,No,6.8
Peaty,Cotton,848.0,,6.87,182.6,4.63,6.4,10.97,No,5.43
Loamy,Maize,,26.7,6.71,135.9,4.3,7.1,1.73,Yes,12.03
Peaty,Soybean,522.9,18.5,5.87,237.4,2.28,6.4,1.92,Yes,7.44
Sandy,Cotton,711.2,18.7,6.86,205.3,4.21,8.2,4.6,Yes,7.03
Silty,Soybean,950.9,29.0,7.57,182.7,4.13,8.3,4.94,No,6.92
Clay,Rice,703.9,23.0,6.76,,4.07,7.1,23.37,No,8.24
Peaty,Barley,626.0,26.6,7.7,206.9,8.94,6.1,2.47,Yes,8.28
Silty,Soybean,655.6,24.8,7.41,111.1,2.73,7.5,1.4,Yes,8.08
Silty,Barley,1128.2,35.9,5.6,,7.62,9.9,8.42,Yes,7.41
Sandy,Maize,984.5,28.9,6.62,164.2,1.92,8.7,19.24,No,9.75
Loamy,Soybean,1121.0,23.6,6.91,162.5,4.43,7.4,8.29,Yes,8.14
Peaty,Soybean,,28.9,5.35,203.4,4.4,7.3,3.13,No,6.54
Silty,Barley,498.9,25.3,5.94,220.0,2.8,7.9,1.54,No,7.79
Silty,Soybean,575.4,30.8,8.35,158.5,5.65,8.9,1.06,Yes,6.87
Peaty,Cotton,1084.8,25.3,5.49,55.2,0.93,9.8,1.24,Yes,6.33
Loamy,Wheat,776.8,27.0,6.45,213.4,4.8,5.6,,Yes,9.19
Loamy,Cotton,700.0,27.0,6.29,266.9,7.08,9.1,4.09,No,7.75
Loamy,Barley,1043.5,19.1,5.88,180.2,5.75,7.4,1.77,Yes,9.43
Silty,Cotton,1147.2,29.4,6.75,143.7,5.75,5.7,1.65,Yes,8.04
Clay,Barley,1253.4,27.5,5.56,218.5,5.01,9.3,12.56,,8.73
Clay,Maize,948.6,31.8,5.72,193.0,4.36,10.5,3.92,No,9.55
Loamy,Cotton,1059.7,,6.56,142.8,4.31,9.0,,Yes,7.95
Loamy,Barley,1032.7,26.0,6.3,145.9,7.58,7.0,26.66,Yes,9.41
Sandy,Rice,859.0,21.9,6.1,172.9,4.5,9.2,2.46,Yes,9.78
Clay,Barley,1054.9,27.1,6.41,142.4,6.78,6.7,6.93,Yes,8.5
Loamy,Rice,576.2,25.1,7.38,212.8,3.16,7.5,2.17,Yes,9.71
Silty,Barley,342.1,33.0,6.95,198.9,6.01,10.2,4.0,Yes,7.76
Silty,Wheat,888.5,11.3,7.52,34.8,3.93,8.1,5.69,Yes,7.79
Clay,Barley,771.0,24.4,6.56,184.6,6.66,6.6,6.6,Yes,8.01
Clay,Maize,1008.2,20.2,7.23,103.3,4.57,7.4,8.05,No,10.77
Peaty,Wheat,,28.3,7.07,113.1,5.39,4.4,2.58,Yes,8.35
Sandy,Barley,1294.7,24.0,7.77,234.9,4.57,7.7,1.62,Yes,7.77
Silty,Cotton,883.3,27.6,5.65,206.4,5.53,4.5,6.76,No,6.38
Clay,Barley,868.4,17.6,6.65,189.9,6.64,7.5,5.49,Yes,9.36
Loamy,Barley,,28.6,5.83,212.4,6.95,6.8,12.28,Yes,8.5
Silty,Maize,578.9,25.0,5.95,158.7,1.69,8.2,,Yes,10.99
Peaty,Barley,1240.1,18.8,8.22,,6.02,6.3,2.63,No,6.44
Clay,Rice,743.0,27.8,7.11,177.9,5.85,8.9,6.75,No,8.58
Silty,Maize,1352.3,29.9,6.21,148.8,5.56,8.6,27.63,Yes,11.37
Sandy,Soybean,1529.8,30.8,6.81,130.2,3.31,7.3,2.66,No,5.45
Peaty,Rice,1427.0,29.5,6.69,122.2,1.84,9.7,2.84,Yes,8.51
Peaty,Cotton,955.4,22.8,5.49,0.0,3.15,6.0,11.77,Yes,6.33
Peaty,Maize,1000.0,16.5,6.37,81.5,7.5,7.4,0.89,Yes,11.09
Peaty,Soybean,728.0,21.2,6.95,104.9,1.65,4.9,4.15,No,6.45
Peaty,Soybean,1525.3,27.5,6.86,48.5,4.77,6.5,2.95,No,6.65
Silty,Rice,886.9,23.8,5.22,44.9,9.39,9.0,1.93,No,8.43
Clay,Rice,1262.9,28.1,6.37,113.2,6.06,8.4,6.08,Yes,9.55
Sandy,Barley,741.2,28.3,6.05,175.1,6.98,9.2,5.26,Yes,7.91
Loamy,Soybean,1057.1,36.4,6.39,233.2,5.49,8.4,3.79,No,6.75
Peaty,Rice,,29.1,6.28,183.3,5.71,8.2,11.52,Yes,9.39
Silty,Wheat,1197.1,18.3,7.88,189.2,9.34,8.7,2.33,No,8.0
Silty,Cotton,1006.6,17.2,6.5,102.7,6.09,8.8,2.99,Yes,7.63
Sandy,Maize,581.3,19.6,7.46,132.0,5.78,7.1,2.12,Yes,10.24
Sandy,Wheat,1313.1,21.8,7.09,66.9,4.25,10.0,1.0,Yes,7.4
Loamy,Soybean,681.9,28.4,6.39,124.8,6.12,9.0,6.43,Yes,8.35
Silty,Cotton,1083.0,24.4,5.98,87.4,5.49,10.2,14.3,Yes,8.27
Sandy,Rice,1359.9,17.4,6.48,148.1,4.41,7.5,1.93,Yes,7.99
Peaty,Maize,751.1,24.7,4.83,175.7,1.5,7.0,1.53,No,9.43
Silty,Rice,1331.3,25.7,6.25,249.4,5.44,6.3,5.76,Yes,10.03
Sandy,Rice,585.2,28.8,7.07,138.9,4.68,6.2,3.69,No,8.57
Sandy,Wheat,684.0,18.1,6.6,94.0,1.19,8.2,8.23,No,7.37
Sandy,Soybean,1310.2,27.1,5.73,125.3,3.78,5.0,1.59,No,6.8
Peaty,Cotton,1009.6,20.2,7.18,173.8,5.35,7.6,1.99,No,6.42
Sandy,Barley,734.7,25.7,6.72,156.7,,,3.2,No,7.21
,Soybean,773.4,32.0,7.33,172.0,4.27,,0.53,Yes,6.94
Sandy,Cotton,842.8,21.1,6.67,147.2,1.64,8.3,5.02,Yes,7.25
Loamy,Cotton,910.8,19.3,5.35,115.6,3.11,6.9,2.45,No,7.73
Clay,Soybean,1042.0,18.8,4.88,,3.51,7.0,5.73,Yes,6.5
Silty,Rice,989.1,23.7,7.2,128.1,4.71,3.0,1.6,Yes,9.32
Silty,Barley,747.5,31.7,7.02,141.0,4.93,8.6,11.53,Yes,8.29
Sandy,Cotton,538.4,18.9,4.96,121.3,9.09,,2.69,No,4.66
Clay,Maize,970.7,23.0,5.09,188.8,5.0,7.3,4.37,No,10.19
Clay,Maize,706.9,26.9,7.01,86.4,4.97,8.8,1.53,No,9.62
Peaty,Cotton,,17.7,6.37,198.0,4.29,7.0,13.28,Yes,7.33
Sandy,Soybean,1147.6,23.9,,131.3,1.93,7.2,3.78,No,6.94
Peaty,Cotton,609.7,24.3,5.56,177.1,7.52,7.0,2.71,Yes,6.91
Sandy,Soybean,1072.0,31.6,,197.5,3.76,5.1,2.2,Yes,7.14
Sandy,Soybean,932.8,26.2,7.15,132.6,0.09,7.7,3.45,Yes,7.03
Clay,Barley,951.5,29.6,6.08,152.6,6.1,8.8,5.91,Yes,8.22
Clay,,947.0,25.5,6.9,203.0,6.61,7.7,11.37,No,10.32
Sandy,Soybean,,22.0,5.48,112.6,,6.8,6.9,No,6.64
Loamy,Barley,807.9,25.6,6.95,76.3,5.12,7.9,25.77,Yes,9.6
Silty,Soybean,634.3,31.5,7.45,48.5,5.06,8.9,1.73,Yes,6.96
Loamy,Maize,703.0,28.3,5.91,172.7,4.66,6.7,11.74,,10.52
Peaty,Barley,598.8,22.3,6.58,275.9,6.39,8.8,4.52,Yes,8.38
Clay,Barley,650.6,27.1,5.82,271.7,1.02,6.3,4.74,Yes,7.68
Clay,Maize,1044.2,22.3,5.41,,11.07,8.3,8.57,No,9.98
Loamy,Cotton,1023.9,24.3,6.23,115.2,1.89,7.3,4.92,Yes,7.64
Peaty,Soybean,891.4,24.7,6.51,157.2,3.61,7.4,2.86,Yes,7.64
Loamy,Soybean,964.2,21.4,7.49,207.6,5.87,9.6,7.99,Yes,8.93
Sandy,Cotton,692.8,19.8,5.85,125.0,6.25,8.1,1.92,No,5.77
Loamy,Maize,1249.3,29.2,6.36,231.7,2.76,5.9,15.29,Yes,11.73
Clay,Cotton,960.3,24.3,5.91,195.8,2.95,9.2,2.47,No,6.79
Clay,Maize,818.6,24.1,,213.2,4.5,6.8,4.73,Yes,11.29
Sandy,Maize,839.5,26.0,7.66,98.4,6.59,7.4,9.29,No,9.11
Clay,Soybean,1137.2,26.7,5.86,47.3,5.33,8.9,3.39,No,6.72
Sandy,Soybean,1155.1,30.7,6.25,142.2,1.28,6.6,0.46,Yes,7.5
Sandy,Maize,822.3,23.4,8.09,238.9,4.39,7.0,1.91,No,8.81
Silty,Maize,1471.4,32.9,5.65,184.5,4.33,7.0,31.58,Yes,10.0
Peaty,Barley,1122.3,24.0,7.02,189.2,4.87,8.7,0.57,Yes,8.42
Clay,Maize,431.1,,4.21,,,6.3,3.43,Yes,9.01
Silty,Soybean,1282.6,32.4,8.14,159.2,2.59,7.3,2.48,Yes,7.06
Clay,Wheat,986.8,23.8,7.29,44.7,1.45,9.0,3.2,Yes,7.28
Peaty,Cotton,481.3,19.9,6.31,,4.65,7.8,1.25,Yes,6.64
Clay,Wheat,1177.3,29.6,7.22,177.4,8.69,9.0,0.91,Yes,7.61
Peaty,Maize,1095.1,17.3,4.77,113.3,4.11,9.8,2.49,Yes,10.8
Peaty,Maize,1168.3,24.1,6.0,80.7,5.49,8.0,3.08,Yes,11.02
Clay,Cotton,1027.5,28.1,5.84,264.0,8.96,7.2,23.4,Yes,6.62
Peaty,Cotton,974.8,21.8,7.07,141.7,7.0,6.2,14.42,Yes,7.33
Peaty,Cotton,441.5,19.3,,98.4,8.17,7.7,1.74,No,6.55
Sandy,Rice,1425.0,28.2,5.82,152.2,0.0,8.4,2.46,Yes,8.05
Peaty,Cotton,470.2,19.2,,180.4,6.3,6.8,,Yes,6.61
Peaty,Rice,863.2,24.2,6.76,176.6,1.09,4.1,1.61,Yes,9.34
Sandy,Soybean,992.4,25.0,6.7,217.2,3.18,5.5,1.77,Yes,7.36
Silty,Maize,1302.8,33.5,7.61,,6.84,7.0,,No,8.45
Sandy,Wheat,1141.0,24.4,5.71,92.4,5.08,7.0,2.24,No,7.12
Loamy,Maize,850.5,21.0,6.62,91.7,3.75,6.4,27.46,Yes,11.87
Peaty,Rice,890.2,18.9,7.01,178.0,,7.6,,Yes,8.79
Clay,Soybean,626.0,30.2,7.19,79.1,0.77,6.6,22.95,Yes,6.69
Sandy,Barley,1169.7,23.3,6.27,139.1,1.64,7.3,7.77,Yes,7.2
Silty,Maize,1232.6,27.9,7.32,171.9,1.29,7.4,9.75,Yes,11.21
Sandy,Soybean,1386.3,19.3,6.08,56.1,7.28,6.2,3.88,No,5.35
Sandy,Cotton,1341.6,23.4,,102.4,5.79,,7.21,No,6.2
Sandy,Cotton,947.4,19.0,6.68,90.2,1.6,6.9,12.98,Yes,7.07
Sandy,Cotton,898.1,17.1,7.23,160.1,5.28,8.6,17.04,No,5.45
Silty,Soybean,772.9,20.3,5.82,90.1,6.74,6.5,,No,6.86
,Cotton,1125.7,25.7,6.32,135.1,4.31,9.5,2.99,Yes,7.46
Sandy,Rice,547.7,22.2,6.76,93.9,6.3,7.5,2.03,Yes,8.07
Peaty,Cotton,739.7,13.8,7.0,105.3,5.31,5.9,21.84,Yes,6.58
,Rice,390.6,18.4,5.93,,5.95,7.3,2.95,,8.99
Clay,Soybean,,28.5,7.9,228.0,4.06,7.3,1.36,Yes,7.19
Silty,Cotton,808.9,25.8,6.16,98.9,8.0,8.0,2.22,Yes,7.41
Silty,Maize,814.1,,5.92,83.9,1.34,9.0,2.16,No,9.93
Silty,Maize,,18.9,7.57,173.9,2.11,8.6,,Yes,11.59
Loamy,Rice,955.1,11.6,,151.6,6.66,8.9,2.83,No,8.42
Clay,Barley,793.4,29.6,5.85,143.4,5.24,8.3,3.37,No,6.89
Silty,Rice,1447.9,13.8,6.78,198.5,5.06,9.1,2.43,Yes,9.85
Sandy,Rice,502.6,31.3,6.24,164.4,5.82,7.9,2.06,No,8.28
Sandy,Maize,1365.8,,6.38,125.4,,5.5,12.1,No,9.62
Clay,Soybean,1486.5,21.8,5.62,142.7,6.54,8.3,2.67,No,7.0
Sandy,Barley,1192.8,29.9,6.21,142.8,7.16,6.1,28.9,No,6.27
Sandy,Soybean,898.8,15.0,5.83,125.9,6.45,7.6,2.69,Yes,7.12
Clay,Barley,793.2,25.8,5.76,159.4,7.89,9.4,0.66,No,8.04
Loamy,Barley,,21.8,6.42,100.4,3.45,5.4,0.6,No,7.57
Clay,Cotton,925.0,24.8,6.01,162.5,,8.1,1.88,Yes,7.57
Loamy,Cotton,1144.4,26.0,5.82,74.9,0.66,8.4,1.87,No,5.87
Silty,Rice,760.7,20.5,6.72,144.0,1.04,,5.7,No,8.97
Loamy,Cotton,896.2,13.2,6.78,65.5,0.0,5.8,1.65,Yes,7.84
Silty,Cotton,1016.5,19.5,6.98,145.0,4.83,4.9,3.09,Yes,7.39
Clay,Maize,988.7,20.0,6.11,231.1,7.62,4.7,1.09,Yes,10.76
Loamy,Barley,1109.3,16.3,7.25,144.8,3.28,7.1,3.03,Yes,8.8
Sandy,Maize,1358.4,31.4,6.12,102.2,5.66,7.3,1.53,Yes,9.97
Silty,Barley,1155.1,25.1,5.95,87.7,6.64,6.9,5.82,No,7.31
Loamy,Barley,1282.5,30.9,6.93,64.1,0.0,8.1,6.67,Yes,7.77
Silty,Cotton,382.0,29.3,7.95,77.3,2.66,,13.0,No,5.28
Loamy,Rice,1009.7,22.4,4.52,149.7,7.51,8.9,1.9,Yes,9.82
Silty,Cotton,1522.6,29.1,6.45,225.0,5.52,10.4,1.98,No,6.5
Silty,,1294.9,19.0,6.66,234.5,5.41,9.1,2.41,Yes,10.4
Clay,Cotton,752.4,23.5,5.31,91.5,2.14,11.0,9.06,No,5.34
Clay,Maize,685.0,30.9,7.09,210.9,3.16,5.8,0.74,Yes,10.62
Clay,Rice,795.5,23.9,6.08,162.1,5.91,7.2,12.68,No,9.26
Peaty,Barley,816.9,23.0,6.31,140.5,3.13,5.4,7.97,Yes,7.93
Silty,Barley,1222.8,20.0,6.53,269.6,3.87,7.3,1.92,Yes,8.73
Peaty,Maize,,22.8,7.07,227.2,0.25,8.9,0.74,Yes,10.17
Loamy,,699.3,21.3,6.49,125.4,3.3,7.8,3.37,Yes,8.83
Clay,Cotton,811.0,23.4,7.45,113.4,4.25,8.3,1.58,Yes,6.82
Sandy,Soybean,941.6,34.8,6.36,179.5,4.84,7.3,4.21,No,6.13
Sandy,Rice,1279.6,18.2,7.67,120.8,7.02,3.7,,Yes,8.18
Sandy,Wheat,924.4,23.1,6.68,77.1,7.79,6.6,2.21,Yes,8.24
Peaty,Wheat,1031.1,19.4,7.07,48.5,3.21,9.6,1.72,Yes,7.78
Clay,Barley,1069.3,29.6,6.5,161.1,5.21,6.7,5.15,Yes,7.82
Peaty,Wheat,,22.6,6.51,,7.62,8.2,5.75,Yes,9.42
Clay,Wheat,776.7,26.0,5.83,,5.52,6.8,2.66,Yes,7.19
Peaty,Rice,825.3,22.0,6.9,80.1,1.85,9.4,1.88,Yes,8.98
Silty,Soybean,947.8,26.7,7.14,46.9,3.74,7.2,7.69,Yes,7.37
Peaty,Cotton,780.2,28.2,6.25,,4.39,9.0,,Yes,7.61
Sandy,Rice,1066.4,30.7,6.51,137.5,4.39,7.2,1.99,No,7.46
Loamy,Cotton,819.2,30.0,6.07,101.1,6.05,8.1,1.9,No,6.92
Silty,Wheat,745.7,24.4,6.36,201.3,5.73,4.9,5.85,Yes,9.57
Peaty,Cotton,927.7,26.1,7.13,14.1,0.35,6.7,3.41,No,5.56
Clay,Maize,,28.5,7.04,213.2,4.39,9.2,8.02,Yes,10.84
Sandy,Rice,945.3,29.8,5.79,97.0,4.85,,0.76,Yes,8.26
Silty,Rice,1389.8,26.1,,250.1,3.4,4.7,7.0,No,8.36
Clay,Cotton,985.8,29.0,7.28,151.5,4.61,8.6,1.96,Yes,6.84
Silty,Rice,767.5,21.8,5.85,41.4,5.58,8.5,5.08,No,8.55
Loamy,Maize,839.0,31.4,7.17,86.0,3.72,7.0,1.56,Yes,11.1
Silty,Maize,724.6,23.8,5.98,183.3,8.31,9.8,1.06,Yes,11.4
Silty,Wheat,832.3,26.2,5.97,135.9,6.66,7.8,8.55,No,7.78
Silty,Wheat,681.9,30.9,6.26,135.0,3.31,5.2,10.42,Yes,7.36
Silty,Cotton,1121.8,32.0,6.36,158.3,2.35,7.5,2.77,Yes,6.2
Loamy,Barley,1101.3,21.0,6.17,106.6,5.78,6.7,10.65,Yes,8.82
Loamy,Maize,640.1,22.4,8.11,117.5,4.64,5.6,6.42,Yes,11.19
Loamy,Rice,1085.1,34.7,5.53,90.2,0.72,7.0,1.92,Yes,9.47
Sandy,Rice,924.4,29.6,7.74,151.6,2.98,7.6,3.16,Yes,8.33
Clay,Rice,,18.3,7.86,109.4,2.83,5.8,3.17,Yes,8.73
Clay,Maize,819.0,29.5,7.86,127.9,5.06,5.5,5.31,Yes,10.63
Clay,Soybean,708.3,17.2,6.25,119.6,4.89,9.4,2.29,Yes,7.09
Loamy,Wheat,980.4,18.0,5.45,68.8,4.73,8.1,1.58,No,8.07
Sandy,Rice,687.7,26.7,8.42,56.1,7.7,5.9,0.85,Yes,7.85
Clay,Rice,1073.4,24.4,6.1,160.0,7.98,7.9,2.83,No,8.07
Clay,Cotton,905.0,23.0,6.17,218.3,2.72,8.7,1.18,Yes,7.17
Clay,Maize,871.9,28.1,6.85,159.3,5.25,6.0,2.13,Yes,9.97
Silty,Soybean,889.9,24.5,7.82,161.0,2.86,7.6,1.46,No,6.74
Peaty,Maize,899.7,18.5,5.62,70.5,7.21,7.1,0.85,Yes,9.54
Loamy,Wheat,482.7,21.8,6.29,297.7,3.32,8.3,5.73,Yes,8.99
Silty,Cotton,707.6,25.4,6.07,92.4,3.88,8.4,0.35,No,5.8
Loamy,Maize,979.2,18.9,6.7,247.8,5.01,10.1,0.77,Yes,11.55
Peaty,Maize,,14.3,6.53,183.0,4.46,4.9,4.66,Yes,10.62
Silty,Cotton,1022.4,27.4,6.71,,2.29,7.4,0.38,No,6.62
,Maize,1399.9,25.2,6.29,174.4,8.15,6.3,,,10.65
Clay,Maize,1118.7,,6.28,181.8,2.21,6.5,3.98,Yes,11.27
Silty,Barley,996.7,,6.63,114.5,9.83,6.9,17.88,No,6.91
Silty,Soybean,851.3,19.8,5.31,195.1,7.53,8.6,1.28,No,8.21
Clay,Wheat,984.0,17.9,4.81,175.2,5.87,5.3,1.01,No,5.94
Loamy,Barley,618.4,24.0,5.43,170.6,7.17,5.3,7.5,No,7.89
Clay,Wheat,,21.8,7.16,142.9,8.46,8.1,2.52,Yes,8.78
Loamy,Soybean,1140.8,21.1,7.02,112.7,2.7,8.3,5.91,Yes,9.34
Silty,Rice,638.2,24.2,6.91,50.8,7.1,7.9,2.82,Yes,9.0
Silty,Soybean,1135.8,26.5,5.87,265.5,2.97,,7.14,No,7.59
Sandy,Barley,1012.7,27.1,6.07,145.5,1.52,5.7,18.84,No,7.62
Peaty,Wheat,920.6,32.4,7.51,195.5,4.43,6.4,3.68,Yes,8.26
Peaty,Wheat,672.6,23.5,6.06,181.7,3.46,9.9,15.56,No,7.91
Silty,Barley,1079.5,28.1,5.67,165.7,0.0,8.9,1.59,Yes,8.68
Sandy,Barley,676.3,28.4,6.28,157.4,7.76,6.8,0.64,No,6.53
Loamy,Soybean,,20.2,7.25,182.8,7.8,12.0,4.23,No,8.11
Loamy,Barley,719.3,25.0,5.17,133.1,1.08,7.6,2.75,Yes,7.88
Sandy,Maize,989.4,22.9,7.51,173.3,5.88,6.4,1.75,Yes,10.84
Sandy,Wheat,547.8,23.3,5.57,154.6,7.03,7.6,8.86,No,7.62
Sandy,Barley,896.5,32.0,6.59,170.8,4.59,8.2,3.92,No,6.71
Peaty,Soybean,624.8,25.6,5.98,93.5,2.77,4.7,2.03,No,7.44
Silty,Rice,923.2,29.1,6.48,195.9,3.33,7.7,1.89,Yes,9.71
Clay,Soybean,1106.3,20.1,7.61,237.0,2.68,5.2,,Yes,7.61
,Soybean,549.5,18.4,5.66,133.6,7.08,4.8,8.82,Yes,8.35
Loamy,Wheat,716.4,25.9,6.26,,6.84,6.0,9.74,Yes,9.35
Peaty,Maize,905.9,23.8,6.64,296.8,8.77,8.8,24.91,No,9.61
Sandy,Wheat,412.4,22.1,8.31,0.0,4.82,6.8,2.94,Yes,6.07
Silty,Soybean,942.8,22.5,,170.6,3.74,8.8,15.64,Yes,7.95
Sandy,Wheat,1368.2,24.5,8.0,181.6,2.67,8.3,,No,7.52
Silty,Rice,1225.8,16.9,7.05,246.0,4.68,6.0,9.15,No,8.52
Peaty,Wheat,947.7,25.2,7.61,105.4,5.45,6.0,4.03,Yes,8.06
Sandy,Soybean,988.4,16.0,7.39,163.1,6.36,7.1,9.51,Yes,7.69
Peaty,Cotton,1083.8,16.7,5.32,193.9,0.96,7.7,8.59,Yes,6.75
Sandy,Barley,723.9,23.1,5.93,,3.15,8.4,1.25,No,6.51
Loamy,Maize,1106.3,29.5,7.89,190.0,7.14,7.8,3.88,Yes,11.03
Loamy,Soybean,1132.0,24.9,6.2,205.1,7.34,8.1,,Yes,8.4
Clay,Soybean,845.6,13.0,6.42,183.5,5.23,8.2,5.78,No,7.74
Silty,Wheat,869.0,32.3,6.1,33.9,6.68,4.1,1.11,Yes,6.37
,Wheat,966.7,28.5,5.64,236.8,9.16,6.8,17.31,Yes,9.52
Sandy,Barley,873.3,24.3,5.99,,7.05,6.7,5.31,Yes,8.45
Peaty,Wheat,1020.5,19.2,5.68,168.5,4.5,8.3,2.1,No,8.04
Clay,Soybean,1260.2,18.3,6.0,186.3,3.88,7.4,5.43,Yes,6.98
Silty,Rice,944.4,9.5,7.41,193.9,5.28,9.6,3.22,No,8.14
Loamy,Wheat,867.2,26.8,7.02,41.5,2.76,5.1,3.17,Yes,8.29
Clay,Cotton,897.0,22.0,6.32,162.6,4.33,8.7,3.32,No,6.2
Clay,Cotton,845.6,21.3,5.25,210.4,10.55,7.0,12.56,No,5.1
Silty,Maize,1205.5,25.9,6.66,127.9,3.1,6.2,2.27,Yes,11.03
Sandy,Wheat,751.3,26.5,6.38,120.0,4.38,7.3,2.15,No,7.49
Clay,Cotton,1187.0,23.7,6.66,122.1,7.54,7.6,8.26,No,7.76
Clay,Wheat,748.4,27.2,7.26,169.7,4.22,6.7,17.11,No,6.96
Sandy,Soybean,1327.6,28.3,8.11,,5.49,7.4,21.29,Yes,7.28
Clay,Barley,,19.4,8.09,213.3,3.38,7.7,2.1,Yes,7.7
Sandy,Barley,992.5,20.8,6.03,234.0,3.28,5.6,,No,7.53
Clay,Cotton,906.4,20.0,5.59,29.6,3.98,5.4,3.32,,5.95
Clay,Rice,1200.5,22.8,6.31,131.1,9.05,8.2,6.89,No,8.75
Sandy,Cotton,1045.2,23.3,,127.9,1.06,8.1,2.43,No,5.54
Silty,Soybean,1175.1,22.7,5.17,168.3,0.0,8.6,13.46,Yes,8.66
Clay,Rice,1303.3,14.2,5.27,127.1,5.43,9.5,2.52,No,7.81
Sandy,Rice,682.8,15.5,7.92,151.9,3.03,6.9,3.76,No,7.66
Silty,Wheat,1274.6,16.8,6.39,141.6,6.68,6.3,10.83,Yes,8.6
Silty,Soybean,984.1,22.3,7.53,79.8,5.08,6.2,0.81,No,7.04
Peaty,Rice,1258.6,21.6,7.48,116.6,7.83,5.0,6.98,No,8.78
Sandy,Wheat,968.3,28.8,6.72,103.5,5.58,6.2,1.39,No,6.82
Loamy,Soybean,1100.0,16.0,6.6,65.8,3.24,7.9,4.89,Yes,8.0
Peaty,Rice,1250.7,30.8,6.4,133.2,3.59,10.3,2.64,Yes,9.65
Peaty,Maize,1311.5,31.7,7.28,236.7,3.08,8.9,2.4,No,9.39
Clay,Maize,882.9,22.8,7.02,90.0,6.15,7.8,7.71,No,9.79
Silty,Barley,744.9,21.7,6.83,164.6,3.35,8.7,17.09,Yes,8.87
Sandy,Cotton,924.4,,5.76,70.3,1.79,6.9,4.25,No,5.67
Sandy,Soybean,882.5,27.4,6.73,194.9,8.84,8.1,15.46,No,6.52
Loamy,Soybean,1173.8,17.1,5.46,154.7,8.44,6.2,6.93,No,7.69
Clay,Rice,1018.2,18.4,7.36,40.4,4.4,7.6,4.31,Yes,9.28
Sandy,Maize,905.2,15.4,5.88,80.7,3.77,7.4,15.07,No,9.5
Peaty,Maize,1202.9,31.0,,133.5,1.87,7.5,2.21,No,10.01
Loamy,Cotton,1092.9,28.8,7.18,56.5,10.37,7.9,41.63,Yes,7.74
Clay,Wheat,797.9,14.0,5.99,93.8,5.47,5.9,4.75,No,7.55
Sandy,Wheat,,25.8,5.42,0.0,10.65,5.7,2.77,Yes,7.99
Clay,Soybean,1083.7,16.4,5.85,141.0,3.74,9.4,,Yes,9.04
Sandy,Soybean,952.7,28.9,6.02,176.6,1.65,9.5,1.95,Yes,7.83
Clay,Rice,784.7,24.2,5.92,71.2,1.52,7.1,0.72,No,8.32
Peaty,Barley,1007.3,28.4,7.57,115.5,3.54,6.4,1.0,No,7.35
Loamy,Maize,792.3,29.2,6.55,134.3,8.88,7.5,3.82,No,11.18
Silty,Wheat,793.7,23.6,7.7,152.2,11.22,4.9,2.11,No,6.8
Loamy,Wheat,693.3,,7.45,125.5,4.16,9.5,10.43,Yes,9.84
Sandy,,604.7,26.4,6.47,211.6,4.3,7.4,0.53,Yes,7.66
Loamy,Soybean,924.0,22.8,7.52,123.3,1.57,8.6,4.17,No,7.2
Clay,Wheat,1038.7,25.0,6.88,168.4,4.47,5.8,3.19,Yes,8.45
Clay,Barley,766.0,32.2,7.24,40.3,7.43,7.4,1.21,Yes,6.05
Clay,Wheat,645.1,19.0,6.66,103.3,1.95,9.8,5.73,Yes,8.26
Clay,Cotton,585.6,24.8,6.99,160.0,9.68,7.2,9.19,Yes,6.42
Clay,Cotton,1224.2,26.9,7.84,175.2,9.41,,1.76,No,5.99
Silty,Rice,1117.4,25.2,,96.5,9.22,7.6,2.9,Yes,9.39
Clay,Maize,775.9,,5.35,205.0,4.6,8.3,1.86,Yes,11.1
Sandy,Rice,626.5,32.2,7.37,168.9,7.92,5.8,5.21,Yes,8.93
Sandy,Soybean,870.8,22.7,,99.0,5.98,6.7,4.26,No,6.92
Clay,Wheat,827.6,17.9,5.81,154.5,2.69,10.1,1.34,Yes,8.45
Peaty,Maize,866.7,34.4,6.98,161.1,3.98,8.8,5.87,Yes,9.42
Sandy,Barley,367.7,24.5,5.99,95.4,7.86,,1.09,No,6.09
Silty,Cotton,548.9,25.3,5.92,175.2,5.26,7.2,8.52,Yes,6.7
Loamy,Rice,1097.7,,7.16,141.7,4.8,3.0,2.72,No,8.96
Silty,Soybean,1077.1,24.2,6.04,147.9,4.47,6.1,1.08,No,7.11
Clay,Rice,463.2,31.2,5.16,194.7,,5.9,4.61,No,6.92
Sandy,Maize,856.0,23.8,6.33,123.0,1.91,3.2,9.42,No,8.73
Silty,Rice,1125.7,20.5,5.41,164.1,6.46,7.1,3.29,Yes,10.2
Peaty,Barley,882.3,12.8,5.89,,5.61,9.7,8.4,No,7.56
Sandy,Barley,591.2,23.9,5.85,193.2,2.86,7.4,3.78,Yes,8.47
Loamy,Rice,907.7,29.1,7.41,116.5,4.44,6.0,12.96,Yes,9.95
Clay,Wheat,1218.5,24.4,6.65,232.8,,4.2,3.09,No,7.43
Sandy,Maize,874.7,21.5,6.15,134.5,6.94,5.8,0.66,Yes,10.6
Sandy,Rice,731.2,23.9,5.38,118.5,12.15,8.4,8.51,No,8.97
Clay,Rice,1368.4,24.6,5.33,101.9,6.25,9.9,6.53,Yes,8.98
Peaty,Wheat,1230.6,23.0,,87.1,7.83,5.3,18.64,Yes,8.18
Sandy,Barley,1526.9,24.3,8.93,172.6,5.55,9.8,1.05,No,5.01
Clay,Wheat,,16.9,6.45,135.5,5.44,7.3,3.38,Yes,8.52
Sandy,Maize,1201.0,27.0,6.16,20.4,,5.7,9.77,Yes,9.85
Sandy,Rice,987.9,27.5,5.35,144.5,7.2,9.3,1.01,Yes,8.63
Peaty,Barley,1047.2,17.4,7.37,155.2,5.41,5.1,,Yes,8.43
Clay,Barley,1202.7,15.2,6.82,139.6,0.79,4.1,45.05,No,6.69
Silty,Rice,885.9,13.7,6.47,181.3,7.26,7.7,5.33,Yes,9.62
Sandy,Barley,1223.1,,6.77,130.9,2.98,7.1,3.19,Yes,7.34
Sandy,Barley,791.8,24.1,7.46,196.8,4.11,8.0,1.5,Yes,7.39
Sandy,Maize,971.2,30.2,6.8,281.4,2.15,6.3,7.53,Yes,10.21
Silty,Barley,605.2,30.6,5.82,141.4,7.91,6.5,5.01,No,7.51
Peaty,,613.0,21.0,5.85,208.0,2.4,9.5,1.48,No,9.67
Peaty,Wheat,606.3,22.7,5.81,160.7,8.32,6.8,3.48,Yes,8.68
Silty,Rice,969.0,20.3,6.94,168.2,4.9,6.2,18.29,Yes,9.28
Silty,Wheat,651.9,17.5,5.53,125.2,3.14,7.4,9.02,Yes,8.43
Silty,Maize,100.0,26.9,5.4,65.0,9.91,7.4,1.86,Yes,8.83
Sandy,Rice,978.8,20.9,4.89,155.1,4.14,6.1,11.55,No,8.38
Clay,Barley,1499.2,26.7,6.26,249.2,4.86,9.0,1.2,Yes,7.81
Sandy,Rice,864.3,17.9,6.22,147.3,6.09,4.6,1.3,No,7.66
,Soybean,1117.1,24.1,6.27,102.0,5.12,6.9,2.64,Yes,6.82
Clay,Rice,532.6,25.9,6.14,228.5,9.57,8.9,3.96,,9.17
Sandy,Barley,824.2,31.1,6.68,180.2,7.93,7.2,0.96,,6.99
Loamy,Cotton,1214.6,20.8,,173.1,9.42,4.3,14.26,Yes,8.23
Silty,Rice,376.0,19.1,5.92,295.8,5.25,6.9,9.38,Yes,9.54
Clay,Rice,580.8,24.4,8.21,142.3,9.03,7.4,4.93,No,7.97
Silty,Cotton,371.3,22.9,7.78,113.2,5.05,10.4,6.6,Yes,6.59
Loamy,Wheat,414.2,26.2,5.74,176.9,1.62,9.8,8.85,Yes,8.66
Peaty,Soybean,1065.0,30.8,6.06,183.9,5.46,11.1,3.62,No,6.88
Loamy,Soybean,1013.2,39.8,6.84,72.8,7.97,8.1,0.21,Yes,6.68
Sandy,Wheat,475.5,18.9,6.32,270.4,1.47,7.7,2.66,No,7.19
Peaty,Barley,947.9,29.1,7.24,203.6,1.42,9.4,2.9,Yes,8.75
Clay,Rice,996.4,28.2,6.67,246.7,11.09,,3.28,Yes,8.82
Silty,Barley,679.1,20.7,8.22,274.3,2.52,8.5,7.89,Yes,7.61
Clay,Wheat,900.6,23.6,6.32,55.3,4.1,8.0,2.99,Yes,8.05
Silty,Rice,1416.4,23.4,5.52,147.5,3.11,5.7,0.7,No,8.55
Silty,Soybean,742.4,30.2,8.11,179.6,6.88,8.9,7.3,Yes,7.93
Peaty,Soybean,1076.8,26.9,5.98,119.5,,9.2,1.43,Yes,7.7
Peaty,Soybean,576.4,11.1,5.77,173.8,0.0,6.6,,No,7.44
Sandy,Cotton,,17.5,7.44,200.6,4.17,7.7,4.44,No,6.32
Clay,Wheat,743.9,33.2,5.84,105.6,0.25,9.2,3.34,Yes,7.1
Clay,Cotton,899.0,26.5,6.73,,2.21,6.8,,No,5.97
Silty,Barley,830.2,19.5,5.27,53.0,8.05,4.6,14.08,No,6.5
Clay,Soybean,,25.7,6.58,98.4,6.07,8.3,3.14,No,7.15
Peaty,Barley,900.4,30.0,7.69,110.0,7.61,7.8,5.72,Yes,7.95
Clay,Soybean,1194.4,16.2,6.2,114.5,3.98,6.2,1.64,No,7.06
,Maize,762.0,25.7,7.66,138.6,3.87,6.8,12.28,Yes,10.41
Sandy,Wheat,628.5,29.0,4.81,157.3,6.48,6.4,1.21,No,5.71
Clay,Barley,1241.8,26.2,6.59,77.6,7.26,4.6,7.1,No,7.03
Silty,Barley,1134.2,18.0,,116.9,5.93,8.5,0.42,Yes,8.29
Sandy,Barley,801.7,29.2,6.93,84.5,7.29,8.7,0.75,Yes,7.11
Clay,Soybean,778.1,25.5,6.29,165.9,5.5,7.8,1.94,,7.03
Silty,Cotton,937.4,27.9,7.24,198.8,4.5,8.3,2.25,Yes,7.49
Clay,Cotton,637.1,22.5,6.52,157.7,3.55,6.2,3.68,No,6.43
Loamy,Maize,918.3,26.1,7.05,,5.24,7.1,3.18,Yes,11.19
Peaty,Barley,1298.9,25.3,6.43,209.3,8.43,7.3,2.58,,7.76
,Rice,810.4,18.8,7.31,118.4,4.91,,0.98,No,8.67
Sandy,Cotton,813.4,17.1,5.82,118.0,9.9,9.7,18.73,No,6.17
Peaty,Rice,997.6,25.6,,99.0,7.01,6.9,,Yes,10.03
Clay,Wheat,1039.7,,,53.4,6.41,6.5,1.12,Yes,7.93
,Soybean,337.3,31.4,6.84,144.3,0.02,9.4,12.1,No,5.54
Loamy,Barley,999.7,31.4,8.43,82.7,4.4,7.0,2.84,Yes,6.79
Sandy,Cotton,1015.3,23.1,6.44,133.9,5.59,5.7,1.06,Yes,7.24
Sandy,Soybean,977.4,37.9,7.06,125.7,5.73,5.7,2.19,No,6.25
Clay,Rice,880.1,13.8,6.61,48.5,3.41,7.6,1.39,No,7.16
Sandy,Soybean,653.5,30.3,6.53,143.9,5.18,7.8,3.17,No,6.84
Silty,Cotton,1028.4,29.1,6.65,156.3,5.78,5.1,5.1,Yes,6.95
,Wheat,890.2,19.4,7.82,134.7,5.4,9.5,2.53,No,7.05
Clay,Rice,865.8,12.8,7.34,250.3,6.58,10.0,1.65,No,8.4
Loamy,Soybean,636.5,23.7,7.13,236.2,5.1,8.5,11.48,No,8.01
Silty,Soybean,1033.3,26.3,6.19,100.7,7.94,6.3,1.9,No,7.67
Sandy,Cotton,954.8,23.8,5.99,223.9,6.53,7.4,2.58,Yes,6.6
Clay,Maize,1069.4,30.7,6.63,223.6,4.24,7.3,6.01,Yes,10.52
Clay,Maize,1332.5,24.8,6.81,111.9,2.48,7.4,5.36,No,9.38
Peaty,Barley,1204.5,25.5,5.98,183.6,1.46,5.8,5.76,Yes,8.6
Clay,Barley,937.3,23.8,6.0,130.0,3.54,8.1,16.22,No,7.72
Sandy,Barley,1027.2,17.3,6.78,191.1,4.33,6.8,1.81,No,7.32
Peaty,Cotton,995.3,14.0,6.5,145.1,1.08,6.2,10.11,Yes,6.98
Clay,Rice,1366.4,15.5,,127.1,2.81,6.0,1.55,,9.62
Loamy,Rice,566.0,29.1,5.41,136.9,3.82,7.9,,No,8.14
Clay,Barley,525.1,19.5,7.38,201.6,2.46,4.7,1.52,Yes,7.62
Loamy,Rice,1196.0,32.3,6.56,79.5,2.27,8.5,4.18,No,8.08
Sandy,Rice,618.1,34.5,6.11,220.1,2.76,7.1,2.46,No,7.86
Silty,Cotton,1048.6,28.6,6.67,210.0,5.07,5.6,3.11,No,6.64
Silty,Maize,870.9,19.3,6.14,222.0,7.18,8.1,,Yes,11.09
Sandy,Rice,1033.5,18.8,7.42,135.0,4.28,8.3,9.02,Yes,9.53
Clay,Cotton,275.9,23.0,6.21,157.2,3.94,6.7,10.12,No,5.16
Peaty,Soybean,461.5,24.9,5.41,184.0,3.93,6.1,16.38,No,7.33
Sandy,Cotton,887.2,24.6,5.89,117.9,5.55,6.2,1.31,Yes,7.39
Loamy,Maize,642.6,17.6,5.46,194.1,3.91,6.2,1.44,Yes,10.7
Peaty,Rice,1218.8,26.3,5.58,133.0,6.75,11.4,1.46,No,8.09
Clay,Soybean,1021.5,29.1,5.58,192.4,6.62,7.3,0.8,Yes,7.33
Peaty,Maize,1161.1,15.9,5.81,190.7,2.35,8.3,3.74,Yes,10.84
Sandy,Wheat,713.5,19.0,7.18,222.6,6.97,8.9,4.52,No,7.59
Peaty,Wheat,1018.2,16.1,6.81,194.7,3.78,11.2,1.46,Yes,8.68
Sandy,Barley,991.0,,7.11,214.6,2.19,8.9,2.03,Yes,8.46
Peaty,Maize,921.9,21.8,7.02,156.8,,7.1,7.34,Yes,11.75
Sandy,Barley,748.6,29.5,5.9,177.0,10.42,7.9,4.69,Yes,7.63
Clay,Soybean,1278.5,17.2,6.31,160.8,6.13,11.2,0.88,No,6.4
Peaty,Barley,906.0,23.4,6.83,,6.08,7.5,6.43,No,8.09
Loamy,Barley,207.5,25.2,7.42,99.1,2.57,8.0,8.95,No,6.72
Peaty,Rice,1208.4,25.2,6.11,48.4,7.19,6.2,1.93,Yes,8.62
Peaty,Soybean,766.7,27.4,6.25,188.6,5.71,4.5,5.12,No,7.99
,Rice,1214.0,,5.85,,7.53,8.5,7.37,Yes,10.28
Loamy,Rice,1026.9,25.5,7.19,,4.47,9.2,11.0,Yes,10.34
Clay,Rice,1079.7,31.6,4.54,166.6,8.04,8.4,4.0,Yes,8.49
Clay,Maize,,23.4,6.13,99.5,6.52,10.2,1.44,Yes,10.63
Sandy,Soybean,704.9,28.7,7.02,88.4,,8.2,5.01,Yes,7.12
Loamy,Maize,480.3,22.7,8.55,187.9,4.95,6.3,2.67,Yes,9.45
Peaty,Wheat,999.9,27.8,5.65,,3.11,6.3,5.88,Yes,6.94
Sandy,Cotton,1001.5,23.0,6.96,106.4,1.92,,4.68,No,5.45
Peaty,Barley,718.3,19.5,7.5,233.7,3.39,8.4,1.65,No,8.22
Peaty,Wheat,600.3,20.1,6.23,,3.24,7.0,5.33,No,7.77
Sandy,Barley,733.1,24.4,6.87,121.6,4.6,6.1,3.29,Yes,7.3
Sandy,Wheat,654.7,20.7,6.91,194.1,5.99,6.2,4.36,No,7.25
Silty,Barley,627.4,22.1,6.42,93.4,5.18,8.2,9.52,No,7.18
Loamy,Maize,1104.6,25.8,5.95,104.2,8.29,7.2,2.58,Yes,11.62
Peaty,Rice,1017.2,,6.51,71.2,5.6,7.0,4.47,,9.37
Clay,Soybean,904.9,18.5,5.89,140.0,6.3,3.7,6.42,Yes,7.25
,Soybean,1040.9,22.0,6.09,272.2,3.06,6.2,5.34,No,7.44
Peaty,Cotton,762.2,37.7,7.32,184.4,4.6,6.9,,Yes,5.72
Loamy,Wheat,317.2,27.3,,216.8,5.79,6.9,8.44,Yes,8.99
Clay,Rice,497.6,29.3,6.76,70.7,5.38,8.1,5.6,No,7.86
Sandy,Rice,849.9,,6.48,89.0,5.81,9.4,1.83,No,8.4
Loamy,Cotton,704.2,28.5,4.96,250.6,0.0,7.3,1.54,No,6.17
Clay,Barley,1133.3,25.7,6.9,168.1,3.32,10.9,1.67,Yes,7.78
Sandy,Barley,,27.8,6.03,166.3,3.45,7.3,2.01,Yes,8.34
Loamy,Cotton,1163.0,23.3,5.43,,6.65,7.2,1.71,Yes,8.17
Peaty,,960.3,18.9,5.06,73.7,4.13,7.2,3.03,Yes,6.28
Peaty,Soybean,816.7,20.5,7.02,150.3,9.63,10.1,2.38,Yes,8.95
Silty,,877.3,22.9,7.8,191.9,3.36,7.3,1.14,,8.0
Clay,Soybean,493.6,23.9,6.75,242.9,2.9,8.2,2.35,No,6.78
Sandy,Soybean,721.8,20.2,7.33,76.1,5.05,10.2,3.31,No,6.67
Clay,Wheat,849.2,31.2,6.24,214.5,5.77,9.7,1.63,Yes,8.41
Silty,Maize,678.4,22.4,7.02,290.5,5.65,7.0,1.35,Yes,10.45
Sandy,Rice,741.1,23.5,5.98,174.8,4.73,7.6,4.12,No,8.45
Clay,Soybean,1154.7,,6.96,141.2,2.55,7.3,9.31,Yes,8.46
Loamy,Soybean,776.1,28.9,8.02,,0.43,6.4,3.62,Yes,6.85
Silty,Wheat,525.3,25.3,5.49,148.7,5.15,4.1,3.63,No,6.64
Sandy,Maize,704.0,25.4,5.17,220.5,7.41,5.5,2.06,Yes,9.58
Peaty,Soybean,997.4,24.8,5.73,153.0,3.3,7.6,2.56,Yes,8.41
Clay,Barley,941.2,17.5,5.22,154.8,3.02,9.3,0.99,No,6.73
Loamy,Wheat,1014.1,23.8,5.77,129.2,3.71,8.0,4.64,No,9.13
Loamy,Rice,747.9,24.6,5.67,205.4,0.0,10.3,2.0,No,9.65
Silty,Cotton,,28.1,6.74,132.6,11.33,8.6,2.53,No,6.86
Peaty,Rice,1208.4,21.4,6.72,,5.73,5.6,10.85,Yes,8.36
Clay,Rice,890.5,25.2,7.16,0.0,1.7,3.6,1.93,Yes,8.04
Silty,Maize,288.7,20.9,5.74,157.9,1.45,5.4,2.71,Yes,10.17
Silty,,1237.9,23.5,5.8,19.3,6.82,5.5,2.48,Yes,8.43
Peaty,Wheat,360.1,18.4,6.12,127.3,4.92,7.8,1.99,Yes,8.86
Loamy,Cotton,403.2,22.6,7.29,240.7,5.1,6.5,3.5,No,6.99
Loamy,Barley,554.4,18.8,8.08,202.6,5.58,6.3,6.91,No,7.74
Clay,Rice,937.6,18.3,6.45,150.6,4.38,6.6,14.92,Yes,10.07
Peaty,Maize,658.4,25.8,6.65,212.7,4.66,8.1,7.23,No,9.79
Silty,Wheat,790.0,,6.51,214.0,2.83,,5.77,No,8.83
Clay,Soybean,1079.7,25.3,6.48,132.2,8.22,9.7,2.48,Yes,7.68
Sandy,Rice,914.7,21.6,6.51,136.8,5.33,,3.24,No,8.12
Clay,Cotton,1292.7,20.1,,189.0,6.06,9.5,2.58,Yes,7.67
Sandy,Wheat,1019.7,15.4,8.97,32.8,4.03,6.6,6.3,No,5.92
Sandy,Cotton,1200.1,27.3,6.55,180.8,3.57,10.0,1.8,No,6.22
Silty,Wheat,1020.2,27.3,6.22,148.0,1.06,7.5,12.82,No,8.39
Silty,Soybean,1014.2,24.4,7.65,50.1,1.13,10.0,0.91,Yes,7.78
Silty,Barley,746.8,23.4,6.34,144.8,6.55,7.4,1.5,Yes,8.8
Loamy,Cotton,1187.4,20.9,7.09,103.7,5.64,6.9,2.03,Yes,7.7
Sandy,Rice,995.0,21.6,6.15,150.2,8.87,9.3,29.51,Yes,9.4
Silty,Maize,860.6,24.4,6.17,133.7,6.9,5.5,18.27,No,11.06
Loamy,Wheat,1073.6,30.0,6.71,177.6,3.85,7.1,1.73,No,7.58
Silty,Soybean,795.4,18.0,6.22,180.4,9.49,7.2,2.39,No,7.06
Sandy,Barley,1031.3,25.5,,47.4,1.58,7.8,0.64,Yes,7.41
Silty,Cotton,1029.8,22.8,6.03,183.9,6.79,,,No,7.42
Sandy,Barley,1018.9,25.4,4.99,90.4,2.88,7.0,,,6.36
Loamy,Wheat,1023.8,19.0,7.85,142.4,8.71,6.2,1.91,No,7.7
Silty,Soybean,722.9,18.6,4.61,263.7,5.66,6.3,8.29,No,7.25
Peaty,Wheat,1632.0,23.9,7.07,160.9,5.78,9.8,2.93,No,7.28
Clay,Soybean,921.4,21.1,8.7,172.0,4.42,5.6,6.85,No,5.57
Peaty,,765.3,,4.46,151.0,5.32,7.6,10.23,Yes,6.58
Peaty,Soybean,691.0,14.9,4.03,196.2,3.57,6.1,86.18,No,5.75
Peaty,Maize,700.5,22.1,5.91,172.9,2.46,7.2,1.96,Yes,10.71
Silty,Soybean,932.9,17.7,5.97,191.4,7.09,7.1,0.96,Yes,8.17
Clay,Maize,1624.6,21.8,7.27,172.0,7.37,7.9,,Yes,10.83
Silty,Rice,,27.2,5.86,164.4,6.52,6.7,7.96,No,8.76
Silty,Soybean,1262.0,19.4,7.09,173.2,4.68,5.9,6.93,Yes,7.38
Silty,Rice,291.4,27.1,6.82,112.5,6.31,4.4,2.1,No,7.78
Sandy,,1004.7,24.7,8.18,237.7,1.75,7.6,1.18,Yes,6.02
Clay,Rice,896.6,21.3,4.67,151.1,5.98,9.2,1.76,No,7.63
Loamy,Rice,885.8,25.6,5.4,88.9,3.61,7.0,8.25,Yes,9.51
Sandy,Cotton,486.0,32.3,6.71,141.4,2.81,6.4,0.74,Yes,5.58
Clay,Cotton,801.6,30.4,6.13,110.2,2.59,8.2,2.92,Yes,8.05
Silty,Wheat,1009.4,32.6,6.38,172.8,1.02,6.2,3.46,No,7.38
Peaty,Wheat,990.7,22.5,7.92,163.9,4.95,7.5,9.59,Yes,8.26
Peaty,Rice,1046.4,16.6,7.45,154.4,6.55,7.7,2.98,Yes,9.37
Sandy,Soybean,951.7,18.8,6.32,237.5,4.44,6.1,2.48,Yes,7.54
Sandy,Cotton,1077.0,,5.32,199.2,7.21,8.5,2.32,Yes,7.24
Loamy,Rice,1055.1,27.5,5.71,223.6,0.85,6.0,2.4,No,8.96
Loamy,Cotton,742.8,20.5,6.14,106.2,6.38,9.8,4.2,No,7.11
Clay,Barley,945.2,26.7,5.98,200.9,5.5,6.1,2.34,No,7.69
Loamy,Wheat,467.4,24.7,6.99,117.5,2.14,8.6,3.33,No,8.08
Clay,Cotton,1101.2,26.5,5.73,238.7,,9.9,5.5,Yes,6.98
Silty,Soybean,1172.4,25.8,7.44,157.1,7.82,8.5,16.32,Yes,8.13
Peaty,Soybean,,21.0,,206.4,6.91,7.8,5.01,Yes,7.68
Peaty,Barley,1235.5,25.4,5.42,113.2,6.17,8.4,0.44,Yes,9.0
Clay,Rice,569.3,26.3,7.03,78.4,6.66,7.5,4.91,Yes,7.65
Silty,Barley,830.1,25.0,6.93,151.9,5.59,6.6,1.34,Yes,7.32
Clay,Maize,1142.0,28.3,6.42,229.9,3.51,9.4,10.97,Yes,11.44
Sandy,Rice,1212.4,14.9,5.39,165.9,5.66,7.2,2.2,Yes,9.13
Clay,Rice,967.1,36.5,5.88,240.9,5.76,8.7,24.59,Yes,9.63
Silty,Maize,1406.7,10.6,4.94,215.9,7.39,5.6,6.7,No,9.44
Peaty,Wheat,659.1,35.0,7.64,80.1,7.48,8.0,7.85,No,6.48
Clay,Cotton,840.1,23.9,6.72,144.8,2.78,9.3,5.4,No,6.91
Clay,Barley,,23.0,6.93,110.9,4.27,,5.26,Yes,7.53
Peaty,Cotton,1084.3,,,123.1,8.24,8.0,3.99,No,6.57
Loamy,Cotton,1453.6,24.3,6.16,91.8,6.96,6.5,0.97,Yes,7.25
Peaty,Cotton,859.9,29.1,7.56,164.9,2.12,7.7,6.87,Yes,6.86
Silty,Barley,781.6,37.3,6.6,209.2,0.0,8.8,1.53,No,7.61
Silty,Wheat,1133.0,25.5,6.24,236.9,0.91,7.9,5.18,Yes,9.29
Peaty,Cotton,1039.2,33.3,6.16,151.4,2.84,7.7,1.75,Yes,6.53
Sandy,Wheat,511.3,14.0,6.23,64.0,2.28,5.1,,Yes,6.9
Sandy,Rice,569.5,29.1,7.72,156.4,5.2,11.1,25.34,No,8.43
Sandy,Wheat,597.2,23.7,7.49,216.4,6.65,7.3,3.73,Yes,7.63
Peaty,Soybean,837.0,,7.77,101.9,6.55,6.8,2.3,No,6.87
Peaty,Rice,662.8,17.7,6.99,64.6,4.37,7.4,3.82,Yes,9.06
Silty,Barley,795.7,25.1,7.08,137.0,5.78,8.4,2.59,No,8.1
Clay,Barley,1050.8,25.7,6.61,312.4,11.46,9.0,3.15,Yes,8.61
Sandy,Rice,1322.3,21.7,6.38,145.3,3.84,5.5,11.28,No,8.19
Silty,Cotton,1050.2,21.0,5.74,162.1,3.89,8.4,7.32,Yes,8.47
Silty,Soybean,388.5,32.5,6.98,174.2,7.26,8.7,0.95,Yes,6.28
Sandy,Soybean,876.8,18.2,6.82,157.8,8.36,7.8,4.69,No,6.73
Clay,,787.2,29.8,5.56,212.3,6.5,6.8,22.86,No,7.37
Peaty,Cotton,1076.4,24.1,5.73,55.4,0.29,7.3,1.55,Yes,6.02
Silty,Barley,1028.0,22.0,6.91,87.4,4.3,6.3,,Yes,8.04
Peaty,Barley,1057.9,25.7,6.43,147.0,5.47,4.9,3.85,No,8.19
Peaty,Cotton,,21.3,6.58,64.5,2.53,4.2,1.46,Yes,6.94
Peaty,Soybean,690.1,24.6,6.73,,0.0,9.2,1.23,No,7.11
Silty,Cotton,650.4,18.1,5.32,156.2,0.0,7.4,3.37,Yes,6.64
Clay,Soybean,701.1,24.8,7.29,108.9,6.39,5.3,5.13,No,7.57
Clay,Barley,970.2,26.1,5.62,108.4,7.17,8.1,14.49,Yes,7.29
Silty,Barley,641.8,23.0,7.6,158.8,6.56,8.0,4.86,Yes,8.53
Loamy,Rice,519.1,19.4,7.28,130.2,6.0,7.3,2.92,,9.97
Sandy,Rice,769.6,27.3,5.74,153.3,3.8,6.6,1.07,Yes,8.89
Peaty,Wheat,907.8,18.6,5.48,111.2,7.15,7.5,0.96,Yes,8.55
Loamy,Cotton,711.8,26.6,7.77,125.7,3.57,6.7,,Yes,7.42
Peaty,Wheat,982.9,26.3,5.06,112.1,5.06,5.8,2.68,No,6.92
Peaty,Barley,458.5,21.6,7.28,270.6,2.78,8.8,0.46,Yes,7.11
Sandy,Maize,623.2,25.3,5.8,117.6,,8.5,3.02,No,9.09
Sandy,Soybean,623.1,24.4,7.28,182.5,7.1,9.5,0.81,Yes,7.26
Loamy,Wheat,906.5,28.1,5.92,170.6,2.66,6.4,4.77,No,8.0
Loamy,Soybean,1038.7,19.0,6.81,,8.05,6.7,4.24,Yes,8.12
Silty,Rice,701.2,19.3,6.44,219.6,7.77,6.0,4.42,Yes,10.43
,Cotton,1074.4,15.7,6.71,195.5,7.3,4.7,1.56,No,6.8
Peaty,Cotton,1385.7,19.8,7.32,150.2,6.5,8.1,,Yes,8.01
Peaty,Wheat,771.2,10.8,6.17,49.5,,6.3,4.04,Yes,7.49
Peaty,Barley,496.2,17.7,7.12,145.2,2.31,6.5,2.78,No,6.71
Sandy,Barley,749.0,24.4,6.73,278.4,7.61,7.0,2.81,No,6.87
Silty,Cotton,482.8,15.4,6.93,50.3,5.39,6.6,30.66,No,4.72
Silty,Rice,1002.2,20.8,7.13,,0.95,6.3,3.52,No,8.96
,Soybean,,21.8,5.86,183.1,6.33,,3.43,No,7.68
Silty,Wheat,1132.7,29.1,6.63,141.6,2.28,9.7,5.52,No,8.67
Sandy,Cotton,1062.4,26.3,6.69,192.6,5.71,7.1,1.22,No,5.56
Sandy,Barley,842.9,29.0,7.06,79.2,6.03,5.4,22.38,No,6.94
Loamy,Rice,1308.8,20.7,5.72,153.4,4.48,9.1,3.07,Yes,9.65
Loamy,Rice,847.8,23.8,7.64,21.2,3.52,6.5,7.37,Yes,9.25
Clay,Wheat,338.4,14.7,7.11,51.4,9.1,8.9,2.59,Yes,6.97
Peaty,Cotton,600.2,21.5,6.86,,5.29,8.8,1.52,No,6.24
Loamy,Barley,993.2,15.2,5.7,143.7,7.54,10.7,7.42,Yes,8.41
Sandy,Soybean,858.3,26.6,7.13,,2.91,7.9,7.25,Yes,7.25
Silty,Barley,689.7,21.3,6.11,160.9,4.29,7.8,10.14,Yes,9.06
Clay,Soybean,1067.2,21.9,5.82,95.9,7.08,6.8,6.87,No,7.04
Loamy,Maize,,26.9,7.09,169.2,4.27,8.0,14.71,Yes,11.3
Clay,Barley,559.9,18.3,6.25,120.3,7.82,8.9,3.15,Yes,8.2
Clay,Maize,1220.2,29.5,7.04,175.6,6.41,7.9,1.86,No,10.18
Silty,Maize,1054.3,27.5,8.48,121.0,0.4,11.5,10.83,Yes,9.86
Sandy,Maize,873.0,21.2,5.91,120.9,2.64,10.4,6.22,Yes,10.42
Peaty,,596.6,21.9,6.58,215.4,8.4,6.0,4.58,No,7.53
Silty,Maize,1065.3,27.5,7.33,148.8,2.97,8.1,15.76,Yes,11.59
Loamy,Wheat,639.7,27.7,5.61,54.9,2.88,8.2,1.9,No,7.53
Peaty,Rice,,29.2,5.45,118.7,6.66,10.9,0.48,Yes,8.77
Clay,Barley,828.4,20.0,8.4,123.1,2.84,9.1,2.18,Yes,7.25
,Soybean,851.4,25.8,7.03,117.1,5.44,7.0,9.88,No,7.1
Silty,Barley,960.3,24.1,6.69,107.3,0.96,9.2,1.11,Yes,8.44
Loamy,Wheat,832.6,34.6,5.97,187.9,9.73,7.0,3.22,Yes,8.2
Peaty,Cotton,843.5,23.2,6.97,322.2,8.11,6.9,1.76,Yes,6.94
Sandy,Soybean,1118.4,19.7,7.76,164.8,,5.8,13.67,,6.59
Silty,Maize,917.4,17.5,6.44,56.8,2.48,5.9,1.6,Yes,11.1
Clay,Wheat,1024.0,28.7,6.61,135.8,3.76,,8.25,Yes,8.25
Sandy,,1076.7,20.1,6.67,217.5,7.02,7.2,4.43,No,7.41
Loamy,Rice,915.2,17.8,7.14,104.3,6.66,9.4,3.62,Yes,9.7
Peaty,Cotton,1192.1,21.5,7.08,215.3,1.59,7.5,28.78,Yes,8.1
Peaty,Barley,573.2,28.4,5.76,169.7,6.36,8.1,8.4,Yes,7.44
Clay,Cotton,995.3,25.4,5.26,235.0,6.02,9.8,7.31,Yes,7.49
Sandy,Wheat,974.9,27.0,7.48,283.7,1.99,7.9,1.92,No,6.32
Clay,Wheat,943.4,21.4,8.2,134.3,4.78,8.2,6.18,No,6.73
Peaty,Rice,668.0,22.0,6.43,185.1,5.53,7.0,0.36,No,8.64
Loamy,Barley,607.9,23.1,5.49,205.5,6.75,7.5,5.17,Yes,8.27
Clay,Wheat,1241.5,28.8,6.92,60.3,7.3,6.7,2.88,Yes,8.16
Peaty,Rice,604.9,29.5,6.54,162.3,4.63,6.4,2.24,No,7.49
Peaty,Rice,774.1,29.6,6.86,104.3,3.06,6.3,12.4,Yes,9.13
Loamy,Rice,689.2,34.6,8.81,183.3,2.53,6.5,6.99,No,6.78
Silty,,1136.2,24.8,7.13,182.8,7.18,7.1,7.76,Yes,8.28
Silty,Rice,866.4,25.1,6.99,,6.24,8.0,9.98,Yes,10.29
Silty,Maize,792.2,30.9,7.08,135.4,3.84,7.5,2.89,No,9.99
Peaty,Maize,1409.0,28.5,7.07,174.8,9.44,5.6,1.76,Yes,9.45
Clay,Rice,721.6,29.8,7.05,106.3,4.62,7.2,2.82,Yes,8.96
Peaty,Wheat,,27.6,7.69,172.5,7.6,6.9,1.59,Yes,7.43
Clay,Barley,1238.0,19.9,6.44,220.6,7.67,8.9,1.83,,8.06
Peaty,Barley,1084.9,25.5,3.8,154.8,5.89,7.4,3.46,Yes,6.16
Sandy,Cotton,1007.9,23.8,5.77,197.9,2.07,6.5,1.23,No,6.01
Peaty,Rice,860.7,18.1,5.01,95.8,2.1,6.9,,Yes,7.82
Clay,Cotton,696.4,26.6,6.83,115.0,3.3,5.3,2.32,No,5.88
Loamy,Rice,1234.9,16.6,,,5.08,4.6,3.57,No,9.07
Sandy,Rice,1299.8,27.2,6.69,133.2,7.5,8.2,6.58,No,8.51
Silty,Wheat,841.3,25.0,5.81,182.5,5.07,4.3,18.26,Yes,9.07
Peaty,Cotton,1023.2,22.7,,168.8,12.74,8.9,7.52,No,6.85
Silty,Soybean,1136.5,22.4,4.65,221.6,5.52,,2.36,Yes,7.98
Peaty,Rice,881.9,27.3,8.48,142.8,4.82,6.6,2.9,No,7.24
Clay,Cotton,973.7,25.3,7.63,85.6,5.52,5.3,1.5,Yes,6.93
Peaty,Cotton,657.0,15.4,6.81,240.8,3.49,5.6,2.48,,6.15
Silty,Cotton,828.2,20.0,7.01,194.7,4.84,5.1,,No,7.74
Silty,Rice,1134.4,11.9,6.6,51.7,10.11,8.8,3.71,Yes,8.2
Clay,Rice,997.5,26.4,7.3,74.8,6.86,7.7,12.44,Yes,9.67
Silty,Cotton,1176.4,21.6,6.33,177.8,0.59,8.1,2.88,No,7.51
Silty,Maize,,19.9,8.06,136.4,2.97,7.7,5.59,Yes,10.77
,Maize,531.2,23.8,,,5.96,5.7,2.16,No,9.57
Peaty,Cotton,823.8,,7.58,,1.23,5.4,2.83,No,6.19
Sandy,Rice,897.7,25.4,5.72,183.6,4.7,7.2,7.37,No,7.91
Clay,Barley,833.5,26.5,7.8,192.0,3.02,6.3,8.24,Yes,7.67
Loamy,Cotton,860.0,13.3,6.75,136.7,7.53,,7.06,Yes,7.4
Sandy,Soybean,1242.9,26.7,6.44,154.6,6.44,4.7,6.93,No,6.3
Loamy,Soybean,1290.1,28.9,5.82,31.3,4.31,6.3,5.25,Yes,8.17
Sandy,Soybean,968.4,19.4,5.87,211.1,5.04,6.2,1.19,No,7.3
Silty,Barley,680.0,30.1,6.81,111.5,5.91,9.1,9.71,Yes,7.97
Sandy,Rice,875.2,27.3,7.18,134.7,3.87,6.5,6.73,Yes,9.08
Peaty,Wheat,253.2,21.1,6.36,179.9,6.46,9.8,2.1,No,7.46
,Barley,636.9,21.3,7.91,25.8,3.02,4.9,2.84,Yes,6.13
Loamy,Barley,1142.1,23.1,7.42,154.9,2.59,6.8,1.49,Yes,8.95
Sandy,Wheat,818.4,27.8,5.79,278.7,9.79,9.7,8.61,,8.27
Silty,Barley,740.1,24.2,6.53,140.4,8.51,9.6,12.35,Yes,9.18
Silty,Rice,1389.6,28.5,5.91,95.4,10.88,6.7,5.71,Yes,9.18
Clay,Maize,939.4,29.8,6.42,108.8,6.93,7.2,2.15,No,9.77
Sandy,Rice,759.2,23.6,6.92,251.8,1.11,8.8,0.98,No,8.54
Clay,Barley,699.0,25.3,,121.0,5.66,6.7,,No,7.97
Sandy,Maize,915.2,20.0,6.68,45.3,,7.0,60.66,Yes,10.51
Clay,Barley,1107.4,18.5,,109.5,5.05,9.1,1.02,No,7.21
Loamy,Maize,1108.4,18.1,6.49,155.3,0.19,5.8,1.02,Yes,11.55
Loamy,Wheat,647.1,19.4,5.47,232.0,4.49,7.1,7.13,No,7.62
Peaty,Cotton,1122.8,33.8,6.37,,0.0,8.4,4.33,Yes,6.62
Sandy,Barley,828.8,22.2,4.75,110.7,,7.3,4.25,,7.74
Sandy,Soybean,906.7,21.3,6.82,137.2,11.0,7.7,2.1,No,6.5
Loamy,Cotton,1038.7,22.3,7.8,270.4,3.44,9.7,2.12,Yes,7.7
Loamy,Rice,1012.0,31.4,7.61,150.6,2.5,7.2,2.71,No,9.03
Clay,Maize,865.8,24.9,5.4,257.2,0.93,5.4,6.28,No,9.9
Silty,Rice,723.7,26.1,6.82,0.0,6.52,9.8,2.59,No,7.85
Loamy,Soybean,1104.8,20.9,5.64,106.8,4.79,7.8,1.87,Yes,7.96
Clay,Soybean,635.6,27.2,6.06,204.7,5.64,9.1,1.26,No,7.27
Loamy,Maize,1073.6,21.6,6.2,169.9,4.86,9.8,3.47,Yes,12.12
Silty,Rice,960.5,23.9,6.85,77.3,6.03,4.2,3.74,No,8.89
Sandy,Soybean,1129.9,22.0,6.42,105.8,6.93,5.6,2.33,Yes,7.27
Loamy,Maize,671.5,27.0,6.9,210.5,7.38,6.3,3.68,No,10.15
Sandy,Rice,750.0,26.0,,,4.78,4.8,1.59,No,7.28
Sandy,Maize,1080.5,19.3,7.33,90.0,1.79,6.4,6.27,No,9.47
Loamy,Rice,914.3,35.9,4.73,117.9,4.55,4.3,16.53,Yes,7.65
Loamy,Rice,778.4,28.0,5.68,250.9,2.34,8.3,9.35,No,8.91
Silty,Rice,860.2,20.9,6.37,248.7,3.9,8.5,4.64,No,9.28
Clay,Wheat,840.9,30.9,6.35,226.0,3.31,7.0,2.44,Yes,7.47
Peaty,Barley,916.5,32.1,5.76,89.6,6.79,7.4,6.15,Yes,7.72
Peaty,Maize,613.7,20.7,5.84,223.9,4.19,5.0,3.55,No,10.26
Silty,Maize,958.3,36.3,6.25,127.9,3.5,6.6,0.96,Yes,10.37
Clay,Soybean,525.5,24.4,5.15,163.8,4.88,6.9,0.87,Yes,6.76
,Cotton,846.6,27.3,6.78,112.7,0.0,7.7,33.26,No,5.76
Silty,Soybean,1080.1,30.8,,160.4,4.13,5.6,1.17,Yes,7.26
Peaty,Barley,1284.6,30.2,6.8,90.8,4.36,5.6,0.84,No,6.65
Sandy,Wheat,1281.9,20.8,7.09,,5.24,6.0,6.72,,7.28
Peaty,Soybean,671.2,24.2,5.1,85.1,8.74,5.2,2.8,Yes,7.32
Peaty,Maize,985.1,25.9,7.8,197.2,3.26,9.8,4.72,Yes,10.68
Silty,Wheat,325.3,16.0,5.89,149.6,8.04,10.4,4.78,No,8.04
Peaty,Rice,,28.0,7.12,168.0,1.74,10.0,12.13,Yes,9.57
Silty,Soybean,755.6,,7.36,,6.73,5.7,3.18,No,6.39
Loamy,Barley,795.1,27.1,6.18,95.1,4.96,7.2,4.8,Yes,8.84
,Rice,706.4,8.9,7.58,117.4,9.64,,3.34,Yes,8.41
Peaty,Maize,1158.6,22.3,6.46,105.2,6.96,4.5,4.17,No,9.5
Silty,Maize,741.6,17.5,6.3,77.0,9.7,7.9,3.72,Yes,10.49
Silty,Wheat,950.2,19.3,6.55,171.2,0.0,6.4,1.45,No,7.37
Silty,Wheat,1035.1,26.7,6.94,111.0,3.53,6.3,4.71,No,7.84
Clay,Cotton,630.4,17.8,4.58,,4.74,7.8,0.33,Yes,6.06
Loamy,Barley,1054.9,18.0,5.87,142.0,5.9,9.8,,Yes,8.82
Clay,Cotton,974.8,17.4,9.31,144.5,7.21,6.9,1.01,Yes,4.85
Peaty,Barley,1057.3,20.6,6.37,124.4,3.93,7.2,3.77,Yes,8.76
Silty,Maize,624.3,25.6,7.17,97.6,0.73,7.0,2.62,No,9.93
Loamy,Rice,1070.1,25.1,8.35,123.7,,7.8,2.7,Yes,8.8
Silty,Cotton,1257.7,28.8,7.63,212.3,3.3,,4.44,Yes,7.08
Clay,Maize,1088.0,12.8,7.2,158.5,4.82,6.2,4.48,Yes,10.62
Silty,Barley,960.5,28.6,6.92,223.2,8.17,8.9,4.53,No,7.54
Loamy,Barley,659.8,29.5,5.77,97.0,1.68,5.7,1.84,Yes,8.03
Loamy,Rice,777.2,26.2,6.41,189.0,2.85,8.8,6.77,No,9.52
Clay,Barley,617.2,17.4,6.47,155.9,4.67,7.0,3.78,Yes,7.84
Loamy,Soybean,1166.2,21.4,7.64,98.1,5.55,5.7,2.04,Yes,8.17
Clay,Maize,574.5,20.9,6.95,196.6,4.74,8.2,,No,10.69
Loamy,Soybean,1220.6,24.1,5.26,212.9,6.36,4.8,1.69,No,7.17
Peaty,Soybean,546.5,25.5,5.89,122.4,8.82,10.4,0.86,Yes,7.84
Peaty,Rice,849.7,27.5,6.19,94.4,1.31,8.3,3.13,No,9.05
Silty,Cotton,1246.0,23.0,5.63,194.4,4.82,5.4,2.53,Yes,7.2
Clay,Cotton,861.8,20.0,8.23,214.5,5.64,6.9,0.33,No,4.48
Loamy,Barley,,20.7,6.44,177.8,4.51,5.9,2.95,,9.39
Peaty,Wheat,487.5,21.6,8.1,56.6,,6.2,14.06,Yes,7.72
Sandy,Cotton,321.9,15.9,6.04,91.3,4.78,6.5,1.93,Yes,5.84
Peaty,Rice,904.8,22.3,6.49,175.7,1.52,6.3,3.47,No,8.9
Clay,Wheat,473.9,22.2,,84.7,7.88,7.0,2.47,Yes,7.0
Loamy,Wheat,882.6,,7.46,77.8,2.55,7.3,12.6,No,9.03
Peaty,Wheat,741.4,24.7,5.48,149.9,7.24,6.3,10.9,No,7.63
Silty,Cotton,1057.7,20.8,6.94,67.8,7.16,7.3,3.85,No,5.99
Sandy,Maize,841.4,25.3,6.58,91.1,4.53,9.4,15.63,Yes,10.66
Peaty,Cotton,,27.0,6.09,143.0,7.21,8.8,1.91,No,6.65
Silty,Soybean,1060.9,26.6,7.45,173.5,7.81,8.3,8.5,Yes,8.18
Sandy,Cotton,1164.6,28.3,6.74,201.2,4.27,7.6,0.71,Yes,6.42
Silty,Rice,706.9,23.2,7.27,154.2,3.98,7.6,12.3,Yes,9.76
Sandy,Cotton,782.9,23.4,5.06,164.9,7.07,10.7,1.12,Yes,7.09
Sandy,Cotton,560.8,15.0,6.12,201.1,0.0,7.8,2.9,No,4.93
Clay,Soybean,,31.3,6.48,125.0,4.17,6.3,0.99,Yes,7.21
Loamy,Rice,705.4,22.5,6.72,128.7,3.6,8.5,1.85,Yes,10.56
Clay,Soybean,694.1,34.1,,192.3,0.05,7.8,13.69,Yes,7.11
Clay,Barley,,22.9,5.27,95.3,4.68,8.4,41.31,No,6.85
Peaty,Rice,406.0,,6.79,,2.55,6.9,2.95,Yes,8.66
Clay,Cotton,948.6,18.7,7.01,221.9,6.89,5.7,1.55,No,6.58
Peaty,Rice,846.9,26.4,6.52,119.4,5.06,8.1,28.28,No,8.91
Loamy,Wheat,509.1,33.8,6.05,120.6,8.52,4.9,3.59,,7.29
Clay,Cotton,953.8,18.2,7.4,122.4,1.6,7.6,7.49,No,5.91
Peaty,Maize,1008.5,28.1,7.06,83.2,6.95,8.0,8.04,Yes,11.08
Silty,Soybean,780.8,17.8,5.65,203.6,3.42,7.3,2.38,No,7.49
Silty,Soybean,935.2,30.2,5.85,161.1,0.0,6.8,5.01,No,7.13
Clay,Maize,,20.6,7.13,2.5,6.95,7.3,6.06,No,9.17
Sandy,Maize,1030.3,30.4,6.27,182.0,,7.6,2.33,Yes,9.83
Loamy,Rice,1204.5,28.3,6.5,156.0,5.75,4.5,4.33,Yes,10.48
Peaty,Rice,362.6,31.6,6.14,134.7,5.09,8.7,4.35,No,7.65
Sandy,Maize,808.6,23.1,6.04,177.4,4.5,7.1,11.54,Yes,10.56
Loamy,Barley,,21.9,6.59,95.4,3.52,9.3,1.2,No,7.72
Loamy,Soybean,682.7,29.2,6.55,166.9,5.74,8.8,3.7,Yes,8.86
Peaty,Wheat,804.5,12.5,6.48,92.7,0.0,,1.7,Yes,8.04
Loamy,Soybean,1517.4,21.3,6.53,172.6,2.36,6.4,1.92,No,7.47
Peaty,Rice,1082.8,,7.07,252.2,3.84,5.6,1.6,No,8.6
Sandy,Soybean,998.9,26.2,7.48,57.2,6.48,7.7,3.04,Yes,6.81
Sandy,Cotton,,24.2,5.74,109.8,4.12,7.4,6.65,Yes,6.45
Clay,Cotton,,19.9,7.17,98.3,5.71,7.8,3.66,Yes,8.28
Sandy,Maize,,22.5,5.7,184.1,3.04,8.0,9.12,Yes,10.58
Loamy,Soybean,793.7,30.2,6.56,123.8,8.51,7.7,1.09,Yes,8.26
Loamy,Cotton,829.6,28.8,5.76,130.4,8.03,10.6,19.34,Yes,8.0
Clay,Cotton,854.3,9.2,6.39,67.9,7.93,10.4,1.37,Yes,5.7
Peaty,Barley,811.6,17.7,7.17,150.5,,8.6,3.08,Yes,8.8
Sandy,Soybean,,35.7,6.71,87.7,0.0,9.0,1.0,Yes,5.87
Loamy,Soybean,1024.9,19.1,6.28,211.0,8.29,6.3,2.73,Yes,9.09
Silty,Rice,898.2,22.6,7.29,207.2,6.65,7.2,11.1,No,10.2
Sandy,Cotton,1027.3,21.3,7.75,149.4,5.98,6.9,5.0,No,5.42
Loamy,Barley,,31.7,5.42,121.8,8.23,8.3,45.37,No,6.54
Silty,Soybean,,23.7,,198.9,3.62,7.9,2.37,No,7.37
Clay,Cotton,1179.9,16.7,7.34,132.0,6.48,8.9,9.55,Yes,6.73
Clay,Wheat,637.9,26.1,6.45,204.9,6.18,6.3,8.01,No,6.94
Loamy,Wheat,1246.6,16.7,6.6,284.6,7.37,8.0,3.28,Yes,8.89
Peaty,Maize,1039.0,18.7,5.97,203.5,2.87,8.2,1.97,Yes,11.08
Silty,Cotton,1110.2,19.7,7.24,18.5,8.31,8.2,1.86,Yes,6.84
Peaty,Soybean,860.8,14.9,7.43,,10.83,6.4,7.67,Yes,7.28
Silty,Rice,694.7,21.9,4.94,139.0,,,0.64,No,8.42
Loamy,Soybean,686.8,,7.31,197.8,0.37,6.6,3.77,No,6.81
Clay,Barley,1069.5,28.8,7.31,,,11.1,2.1,Yes,8.63
Clay,Wheat,1076.6,22.8,7.61,228.8,3.23,8.3,2.87,No,7.51
Clay,Rice,968.1,23.7,5.44,145.5,8.0,10.8,16.81,Yes,10.71
Peaty,Soybean,1015.1,29.0,7.39,136.2,6.03,8.7,0.6,No,6.42
Silty,Rice,,31.1,7.41,171.6,2.72,7.1,10.46,No,8.79
Loamy,Cotton,1087.6,26.0,5.82,225.4,4.93,,1.77,Yes,7.92
Peaty,Barley,1209.7,29.9,6.13,159.6,5.36,9.6,7.26,No,7.35
,Maize,1234.5,17.2,6.48,260.1,8.14,9.9,21.14,Yes,12.37
Silty,Wheat,800.8,26.4,,180.7,5.6,7.6,1.43,Yes,8.53
Silty,Rice,1025.1,19.0,6.54,203.5,4.67,7.2,1.59,No,8.75
Peaty,Wheat,988.6,24.5,6.19,17.2,2.02,7.1,2.87,Yes,7.06
Sandy,,785.6,35.4,5.88,165.2,5.44,7.5,1.38,No,7.01
Clay,Rice,657.4,26.2,,156.9,9.31,,2.98,Yes,9.73
Loamy,Cotton,1436.6,17.2,7.39,129.8,4.57,6.7,5.05,Yes,6.74
Clay,Cotton,651.4,25.2,5.72,100.6,2.94,7.3,19.04,Yes,6.5
Loamy,Barley,,20.2,8.3,196.7,5.01,8.9,4.37,Yes,8.17
,Rice,1004.1,25.0,8.06,199.3,11.69,7.9,3.82,No,8.7
Clay,Soybean,423.8,20.3,7.01,118.8,6.2,6.1,,No,6.72
Sandy,Wheat,584.4,18.3,8.58,312.4,5.42,7.9,2.55,No,6.41
Sandy,Wheat,1046.0,27.2,5.71,256.9,8.01,5.3,5.12,,8.48
Clay,,864.6,21.2,5.38,186.8,6.59,7.7,7.04,No,10.43
Silty,Barley,1445.5,32.9,6.41,117.4,4.07,6.1,2.12,No,6.42
Sandy,Wheat,837.8,25.3,6.04,237.4,2.84,6.4,2.29,No,7.94
Clay,Wheat,,30.1,6.42,108.3,8.41,6.2,0.56,No,7.14
,Maize,200.8,24.2,7.59,242.1,8.07,5.8,10.79,Yes,10.11
Clay,Soybean,878.9,20.6,6.48,200.0,4.99,7.5,0.29,No,7.03
Peaty,Rice,1280.8,15.5,7.93,119.6,3.47,4.9,2.25,Yes,8.01
Peaty,Soybean,1050.9,23.7,7.67,,6.65,5.5,1.9,Yes,7.4
Clay,Barley,581.3,,5.63,99.3,3.81,8.8,17.0,Yes,7.88
Loamy,Rice,809.0,18.6,7.23,,3.8,6.3,3.91,Yes,9.96
Loamy,Rice,711.0,34.8,6.85,173.4,3.39,6.9,3.5,No,9.58
Clay,Wheat,,25.8,5.99,123.5,1.74,9.0,1.44,No,7.6
Clay,Rice,1037.0,26.6,6.83,207.8,3.38,7.3,11.32,Yes,8.82
Loamy,Cotton,886.7,24.2,8.12,58.7,2.32,7.7,3.84,Yes,6.9
Loamy,Maize,927.6,29.1,6.76,97.7,4.31,9.6,1.76,No,10.28
Sandy,Barley,656.3,29.3,,171.2,3.8,5.1,5.15,No,6.78
Clay,Rice,1239.4,28.0,5.99,147.3,7.66,7.4,2.63,Yes,9.33
Silty,Rice,1039.0,21.5,5.3,132.3,2.65,7.9,4.88,Yes,9.4
Clay,Barley,500.3,21.4,6.73,202.7,3.35,9.4,9.38,No,7.76
Silty,Wheat,1028.8,29.2,7.63,,8.47,6.1,4.2,Yes,8.83
Silty,Wheat,1410.4,22.1,5.16,83.4,5.59,8.1,5.42,Yes,8.2
Sandy,Maize,1361.9,24.0,6.14,202.0,7.02,7.3,7.65,Yes,10.48
Clay,Maize,730.2,28.5,7.6,52.8,4.19,8.0,4.95,Yes,8.89
Peaty,Maize,1010.4,22.4,6.56,228.1,6.16,9.1,5.1,No,10.27
Loamy,Soybean,1065.1,,6.86,126.0,5.83,6.5,2.73,No,6.07
Silty,Rice,297.0,31.0,6.12,270.6,,6.8,8.06,Yes,8.88
Silty,Cotton,1211.2,17.5,4.7,95.0,3.0,7.5,2.99,Yes,6.81
Loamy,Cotton,558.7,,7.56,112.5,4.08,6.2,2.56,No,6.34
Peaty,Barley,937.5,28.7,5.91,179.4,3.74,5.3,1.44,No,6.88
Sandy,Soybean,1019.8,23.2,5.62,122.2,8.88,8.2,,Yes,8.49
Silty,Barley,1156.2,24.9,6.34,191.6,1.54,7.3,0.45,Yes,8.7
Clay,Maize,819.4,29.8,8.04,71.1,8.39,7.1,1.48,No,7.91
Loamy,Maize,1548.0,17.3,6.16,140.8,8.74,8.8,2.47,Yes,10.66
Silty,Wheat,565.7,30.4,6.66,155.2,2.35,5.5,1.57,No,6.42
Clay,Barley,739.7,22.3,6.41,193.8,6.14,7.9,3.01,No,7.67
Sandy,Rice,837.8,20.6,4.76,158.9,4.06,7.7,6.62,No,8.1
Loamy,Cotton,827.4,23.4,4.24,163.6,3.65,6.6,3.64,No,6.05
Loamy,Soybean,990.2,21.3,7.11,41.6,8.91,8.0,5.13,Yes,8.19
Loamy,Cotton,832.1,19.0,7.34,85.4,6.51,5.4,2.84,Yes,7.54
Sandy,Cotton,780.7,21.8,,146.3,,7.7,3.87,No,6.17
Sandy,Wheat,877.2,,6.62,141.1,8.0,8.8,3.45,No,7.32
Clay,Maize,831.8,21.4,7.0,271.7,8.84,9.1,1.28,No,10.93
Sandy,Maize,1594.0,23.9,6.27,104.7,0.32,8.9,4.11,Yes,10.43
Peaty,Wheat,481.6,,6.11,143.1,4.21,8.2,1.86,Yes,7.87
Peaty,Soybean,750.3,,6.2,132.9,5.95,8.9,5.6,No,7.96
Peaty,Maize,1010.7,23.4,6.94,85.8,7.34,8.6,3.47,No,10.05
Sandy,Cotton,1131.1,24.3,7.4,109.1,2.34,6.0,3.15,Yes,7.01
Sandy,Soybean,1052.1,22.5,5.68,187.4,6.09,10.7,16.06,No,7.05
Sandy,Cotton,1126.6,17.3,6.12,144.1,8.12,7.7,1.54,No,6.62
Clay,Rice,1354.7,19.6,7.65,93.8,1.16,9.4,4.43,No,7.65
Loamy,Barley,1173.0,19.7,6.88,139.7,5.97,7.3,1.67,No,8.06
Clay,Wheat,1415.2,21.4,7.55,156.5,4.34,4.6,5.08,No,7.81
Clay,Barley,689.4,14.9,5.09,163.1,4.32,4.9,2.36,Yes,6.84
Clay,Cotton,621.4,,5.67,,1.73,7.7,,Yes,6.79
Loamy,Maize,1036.9,24.0,5.17,43.6,2.45,7.7,0.75,No,10.05
Clay,Wheat,755.8,27.6,6.69,108.5,,7.7,4.88,Yes,7.64
Sandy,Wheat,848.8,22.3,6.73,137.9,3.73,,15.94,No,7.28
Silty,Barley,674.2,21.7,6.72,165.3,9.18,5.3,1.71,Yes,7.9
Loamy,Wheat,971.8,17.6,5.76,149.5,4.76,6.3,1.15,No,8.74
,Barley,699.5,34.2,6.87,69.5,10.71,5.0,10.39,No,5.59
Sandy,Maize,984.9,18.2,5.3,102.0,4.59,6.4,10.97,Yes,9.97
Peaty,Maize,716.2,21.1,5.58,181.2,4.52,8.2,8.13,No,10.33
Clay,Maize,946.1,26.3,5.51,,6.15,6.0,3.65,Yes,11.1
Peaty,Wheat,806.7,25.1,7.25,147.2,0.5,7.6,2.15,No,7.4
Sandy,,1248.4,16.9,6.21,279.1,1.72,,2.97,Yes,7.57
Clay,Rice,1098.7,27.5,7.52,227.6,0.73,7.2,9.28,Yes,8.61
Peaty,Maize,1075.3,21.0,7.09,,1.81,7.9,6.52,No,9.49
Peaty,Cotton,601.7,25.2,8.22,143.6,0.0,7.5,0.22,No,4.49
Clay,Wheat,622.3,33.6,6.84,92.1,7.98,7.1,7.04,No,6.99
Loamy,Soybean,509.3,26.8,7.24,190.7,3.31,6.7,2.05,Yes,8.12
Loamy,Wheat,800.4,23.6,8.54,238.8,5.85,7.3,1.98,No,8.05
Sandy,Barley,1121.3,31.1,6.05,142.6,7.03,7.3,1.63,Yes,7.86
Silty,Wheat,1396.7,14.9,6.07,174.8,3.76,8.1,10.67,Yes,8.92
Clay,Rice,762.4,29.4,7.46,147.2,6.49,7.6,4.63,Yes,8.82
Sandy,Barley,1230.8,22.6,6.36,142.1,,7.0,5.95,Yes,8.03
Silty,Maize,,22.9,6.02,24.7,2.07,5.7,1.63,Yes,9.58
Clay,Soybean,761.6,15.3,4.9,202.4,,6.7,2.14,Yes,7.3
Loamy,Maize,1381.5,29.7,6.35,241.8,5.0,4.4,1.65,Yes,10.48
Silty,Barley,979.1,30.6,5.81,119.0,8.84,9.0,2.43,Yes,8.08
Loamy,Rice,1212.7,16.7,8.07,87.0,9.48,6.9,22.0,Yes,10.22
Peaty,Cotton,699.7,19.0,7.15,148.3,9.23,8.4,3.62,Yes,7.25
Silty,Maize,438.2,32.9,6.34,152.6,3.15,6.3,6.07,Yes,10.01
Loamy,Soybean,835.1,24.6,6.9,133.2,6.08,5.0,2.22,No,7.42
Clay,Rice,1006.9,22.3,5.96,194.2,3.55,6.3,13.42,Yes,8.91
Silty,Rice,975.0,23.8,5.62,93.4,7.89,6.2,3.11,Yes,9.03
Silty,Barley,673.2,31.3,6.24,211.8,2.6,9.4,2.31,No,7.95
Clay,Soybean,931.6,21.5,6.23,168.9,0.38,11.3,,No,6.33
Peaty,Maize,,29.1,3.97,217.8,,7.8,4.32,Yes,10.03
Clay,Wheat,1183.1,20.4,7.25,169.4,2.74,6.9,3.72,No,8.69
Silty,Rice,1152.1,16.5,6.07,207.0,2.6,10.0,3.47,No,9.24
Silty,Cotton,1155.4,20.3,7.04,198.5,1.44,8.5,5.45,No,7.0
Clay,Maize,578.5,27.5,5.8,134.3,4.22,7.8,2.66,,9.31
Clay,Maize,702.5,17.8,7.16,143.2,4.34,8.6,6.17,Yes,10.51
Silty,Cotton,1088.7,27.0,7.24,213.9,5.09,9.8,5.01,Yes,7.04
Peaty,,726.6,34.4,7.23,236.9,3.95,8.9,2.52,Yes,7.76
,Cotton,886.9,17.7,5.39,157.7,0.68,8.9,12.49,Yes,6.75
Peaty,Cotton,922.1,29.5,7.47,222.3,7.43,7.1,,No,5.72
Silty,Wheat,763.0,23.7,6.39,173.2,1.44,8.3,4.15,Yes,8.86
Sandy,Rice,898.4,23.8,,87.8,0.0,6.8,6.12,Yes,9.29
Clay,Soybean,1121.6,25.0,6.58,118.2,3.16,10.7,0.9,Yes,7.82
Loamy,Cotton,991.1,29.0,7.07,203.4,7.21,8.3,3.67,No,6.93
Peaty,Maize,1168.0,25.9,7.0,143.0,4.88,7.3,16.57,No,10.42
Loamy,Rice,670.1,21.8,6.06,204.4,11.79,7.1,0.68,Yes,10.76
Peaty,Barley,715.4,33.7,6.74,256.9,7.72,6.7,2.01,,7.86
Peaty,Maize,,11.9,6.53,146.8,4.96,6.4,1.22,Yes,9.09
Sandy,Barley,897.9,21.6,5.88,82.8,7.67,8.8,2.21,No,7.36
Sandy,Barley,833.4,18.8,6.17,115.4,5.89,8.1,,No,6.7
Peaty,,601.4,25.5,5.9,245.3,7.37,7.9,5.38,No,9.26
Peaty,,1035.3,22.6,6.32,76.2,9.26,6.8,1.03,No,8.87
Sandy,Cotton,775.3,32.0,5.31,196.8,4.54,6.9,,No,5.43
Sandy,Cotton,664.7,22.4,6.08,115.1,4.28,6.9,2.12,Yes,7.04
Silty,Rice,344.9,18.4,7.01,96.4,5.2,7.6,5.41,Yes,8.84
Silty,Barley,1126.9,24.1,6.85,,1.16,7.1,,Yes,7.94
Clay,Cotton,1530.4,29.7,5.12,144.4,12.54,6.6,14.57,Yes,6.41
Loamy,Rice,1033.5,28.1,6.23,218.4,7.82,5.7,7.25,No,9.46
Clay,Rice,990.4,12.8,6.16,158.7,2.33,9.6,4.28,Yes,9.28
Sandy,Wheat,850.7,22.8,5.52,127.3,8.25,8.2,5.28,No,7.51
Silty,Wheat,681.6,13.6,6.78,117.5,4.8,5.8,1.34,Yes,7.91
Silty,Maize,911.0,24.9,6.33,150.6,5.13,7.0,8.75,Yes,11.09
Loamy,Rice,960.7,24.4,6.43,274.4,3.27,7.5,3.22,No,9.74
Sandy,Rice,791.6,24.6,6.78,189.8,6.72,7.8,5.09,Yes,9.6
Peaty,Cotton,739.0,26.3,7.07,98.0,,6.0,,No,6.16
Clay,Rice,1171.1,26.5,7.33,183.6,7.01,7.9,1.76,,8.83
Sandy,Maize,994.6,29.1,5.46,147.1,4.26,7.2,5.43,Yes,11.01
Loamy,Rice,1070.6,36.8,7.94,177.2,5.8,4.9,1.21,No,7.84
Silty,Rice,781.2,17.8,5.88,179.6,3.17,9.3,1.87,No,9.5
Sandy,Cotton,957.5,19.8,6.98,188.4,3.77,7.8,1.82,Yes,7.23
Silty,Cotton,722.1,23.6,6.98,250.9,5.06,7.3,11.11,No,6.67
Clay,Cotton,1093.4,36.9,7.16,301.1,6.55,8.8,21.79,No,5.23
Peaty,Barley,1620.8,17.2,6.94,,10.21,6.6,1.67,No,6.33
Loamy,Cotton,633.7,15.6,6.38,136.8,7.04,6.3,2.71,Yes,6.9
Loamy,Barley,1110.8,23.6,6.74,144.2,8.6,9.0,7.02,Yes,9.33
Sandy,Soybean,1186.5,26.7,6.91,90.5,2.8,7.0,3.44,No,6.34
Sandy,Rice,524.6,27.4,6.41,200.8,9.12,8.3,3.37,No,8.68
Silty,Maize,927.4,18.1,,185.8,2.13,7.0,1.25,Yes,12.28
,Maize,948.8,32.6,6.96,125.0,4.01,6.1,,Yes,10.89
Silty,Wheat,816.6,25.4,6.68,189.3,,8.1,0.45,Yes,8.65
Silty,Rice,,26.7,6.25,206.3,4.29,7.2,1.05,,8.33
Sandy,Maize,1364.5,23.1,6.5,197.9,9.04,7.7,,Yes,10.67
Clay,Cotton,684.8,23.8,6.13,156.6,7.58,6.6,2.97,No,6.46
Sandy,Barley,932.5,14.0,,97.3,3.05,10.1,2.29,Yes,5.82
Clay,Cotton,888.0,19.7,5.15,74.9,6.59,8.0,14.69,Yes,7.17
Loamy,Soybean,1135.9,21.9,6.97,190.4,5.09,7.1,3.41,Yes,8.44
Peaty,Soybean,443.3,22.7,6.59,102.4,3.41,8.4,4.5,Yes,7.1
Clay,Cotton,766.8,15.3,5.54,170.2,7.1,6.0,5.71,Yes,6.25
Loamy,Soybean,1072.6,18.7,7.98,158.6,7.22,6.3,1.07,No,6.77
Silty,Cotton,758.4,22.6,6.6,,3.4,5.7,1.84,Yes,6.47
Peaty,Maize,886.1,,5.68,192.9,2.54,10.3,7.13,Yes,10.23
Peaty,Maize,961.5,22.5,6.53,0.0,1.78,9.6,6.84,Yes,10.29
Loamy,Cotton,814.0,29.8,6.48,90.0,10.76,8.9,17.34,Yes,7.83
Sandy,Wheat,1039.5,,6.4,207.0,7.33,8.0,0.57,No,7.69
Peaty,Maize,1443.4,30.8,4.97,298.3,,9.1,0.72,No,9.37
Silty,Barley,558.0,10.6,5.74,292.1,5.14,8.2,0.84,Yes,7.03
Sandy,Wheat,720.2,13.4,,71.9,5.46,7.2,2.83,Yes,6.97
,Soybean,,14.5,7.11,177.4,2.05,7.0,1.59,Yes,7.9
,Rice,562.2,24.0,7.38,45.9,0.0,4.9,2.8,No,7.55
Silty,Rice,1029.8,14.6,5.93,210.9,6.14,6.6,1.46,No,8.49
,Wheat,977.0,26.3,6.79,182.0,5.26,7.0,1.88,Yes,8.66
Clay,Soybean,1105.9,32.1,5.48,117.7,2.74,6.1,0.98,No,6.17
Loamy,Barley,1261.9,19.1,5.97,183.9,6.17,8.5,0.74,No,8.25
Silty,,1006.1,23.9,6.71,87.7,5.78,9.2,6.16,Yes,8.29
Sandy,Wheat,,27.6,6.21,272.6,3.78,6.6,10.3,Yes,8.13
Loamy,Soybean,742.8,27.7,6.79,,,9.2,4.93,Yes,8.21
Silty,Wheat,956.6,22.0,6.13,192.4,3.18,7.6,4.79,No,7.63
Loamy,Barley,1070.7,20.3,6.71,208.5,3.9,6.9,5.93,No,8.85
Clay,Wheat,922.5,22.9,6.59,195.0,7.5,9.3,11.52,No,7.37
Peaty,Barley,861.9,20.9,6.48,11.6,7.59,5.7,1.3,No,6.38
Peaty,Rice,1029.7,26.8,,100.4,7.37,9.2,0.89,No,8.27
,Rice,474.3,29.6,6.24,150.2,5.41,7.5,1.88,Yes,9.23
Peaty,Maize,1045.0,30.1,6.28,142.6,1.99,5.8,1.4,No,9.69
Sandy,Soybean,674.9,28.3,5.66,69.5,5.65,6.5,,Yes,7.34
Peaty,Cotton,781.4,22.4,7.2,245.0,6.18,7.9,2.37,No,7.08
Sandy,Rice,1214.0,22.5,5.96,218.1,3.82,7.0,5.38,No,8.06
Peaty,Barley,1287.9,22.7,6.46,158.3,1.61,5.3,2.42,No,6.75
Sandy,Soybean,678.3,22.4,6.4,99.7,3.7,8.1,3.58,Yes,6.83
Peaty,Rice,907.8,22.9,7.11,,4.68,7.1,5.39,Yes,9.87
Clay,Cotton,1623.8,26.4,7.83,158.3,2.69,8.0,0.84,Yes,6.15
Silty,Soybean,706.5,23.8,6.29,153.6,3.69,9.8,0.9,Yes,8.54
Clay,Cotton,1084.4,27.4,6.98,129.9,5.24,7.0,2.81,Yes,8.09
Loamy,Wheat,919.4,23.9,6.78,103.4,4.74,7.8,1.97,Yes,9.86
Peaty,Wheat,630.7,25.1,5.7,37.9,7.51,9.5,2.47,No,7.03
Peaty,Cotton,997.0,21.8,6.0,179.1,3.21,7.3,5.9,Yes,7.55
Silty,Maize,1116.7,17.9,5.54,136.6,6.96,4.4,,No,9.61
Sandy,Maize,996.1,16.5,7.24,197.1,3.97,9.0,2.61,No,10.82
Loamy,Soybean,944.9,24.2,6.76,148.0,8.84,6.9,1.72,No,8.33
Sandy,Soybean,976.1,20.4,8.17,158.2,,6.6,1.45,No,6.18
Sandy,Cotton,804.5,27.1,6.78,121.4,6.67,6.1,4.58,No,5.67
Peaty,Rice,1505.1,24.6,7.1,76.2,6.11,,3.78,Yes,9.1
Silty,Cotton,844.3,18.8,6.8,124.6,5.34,8.4,2.03,Yes,7.77
Peaty,Rice,912.5,28.6,6.12,127.8,7.81,7.9,3.81,,8.96
Clay,Soybean,835.2,24.8,6.42,201.8,2.79,9.8,1.36,Yes,7.71
Silty,Rice,937.1,18.9,5.47,125.5,4.92,6.6,9.25,Yes,10.14
Silty,Soybean,749.7,23.1,8.7,197.9,8.6,9.2,2.45,Yes,6.69
Silty,Rice,1172.5,26.3,7.28,122.0,10.64,6.4,0.41,No,8.21
Sandy,Barley,1222.9,14.4,5.61,132.9,3.43,6.5,1.94,No,6.94
Clay,Rice,846.1,23.3,6.58,46.8,5.44,7.4,2.01,Yes,9.63
Sandy,Wheat,890.8,24.3,6.25,178.2,2.83,7.2,1.4,No,7.03
Loamy,Barley,527.5,29.2,6.35,181.3,3.86,8.1,11.96,Yes,8.06
Loamy,Maize,1238.9,22.3,6.46,,5.52,5.9,1.78,Yes,11.35
Silty,Cotton,989.9,29.1,5.85,,3.22,,10.76,No,6.71
Peaty,Barley,1145.5,31.1,7.21,156.2,9.4,6.1,,Yes,8.03
Clay,Soybean,1029.1,24.0,7.05,105.7,9.19,6.8,5.83,No,6.91
Peaty,Wheat,753.8,23.0,6.98,193.3,1.95,7.3,3.77,Yes,9.22
Silty,Wheat,556.2,27.2,6.22,118.3,2.05,7.8,3.2,Yes,9.33
Peaty,Cotton,1024.6,14.8,7.14,189.4,,6.7,2.24,Yes,6.36
Loamy,Soybean,768.5,24.3,7.54,71.2,4.23,4.8,0.66,Yes,7.59
Peaty,Barley,1041.7,24.5,,189.0,6.59,5.5,6.25,Yes,8.18
Loamy,Soybean,909.6,18.5,6.64,227.9,2.82,9.1,9.94,Yes,9.58
Clay,Cotton,1131.9,24.3,7.13,173.1,6.87,7.5,5.44,No,6.2
Silty,Cotton,1084.1,26.6,5.77,134.4,3.37,11.3,14.52,No,7.06
Clay,Soybean,1148.8,17.9,6.45,126.7,2.15,8.4,2.9,No,7.41
Sandy,Maize,1006.5,18.7,6.78,180.0,8.26,6.4,6.66,Yes,10.01
Silty,Maize,769.2,28.3,7.66,83.9,4.05,7.4,4.51,No,9.35
Clay,Soybean,777.6,26.6,6.86,56.5,,5.4,0.98,No,6.14
Peaty,Soybean,774.4,26.8,6.04,150.6,4.83,8.0,2.69,No,6.86
Loamy,Maize,834.3,21.2,6.69,218.8,6.7,7.8,1.13,Yes,11.64
Peaty,Wheat,887.7,23.8,6.19,134.7,4.91,10.6,2.41,No,8.34
Clay,Maize,1078.9,26.5,8.66,243.1,6.19,4.3,,Yes,9.96
Loamy,Soybean,798.3,,6.88,238.3,4.48,8.9,5.28,Yes,9.33
Sandy,Rice,813.7,27.7,5.18,138.8,2.83,7.0,3.03,Yes,8.85
Sandy,Wheat,921.4,31.7,,88.8,3.41,6.2,25.13,Yes,8.12
Clay,Cotton,1185.6,33.6,5.28,187.1,6.67,8.6,7.36,Yes,6.5
Loamy,Rice,245.3,23.3,7.69,73.9,0.3,8.1,1.25,No,8.26
Sandy,Wheat,789.7,24.6,6.05,173.1,4.08,8.2,7.15,,8.42
Clay,Soybean,1171.7,15.6,8.24,284.9,0.46,7.6,13.89,Yes,7.34
Loamy,Maize,804.4,20.7,5.11,200.1,9.3,7.3,18.26,Yes,11.56
Sandy,Cotton,855.6,27.5,6.57,137.2,4.86,8.8,7.42,Yes,6.94
Clay,Cotton,1310.1,20.4,6.83,176.2,7.94,6.0,5.12,No,6.76
Loamy,Soybean,1161.4,17.9,4.45,168.6,6.54,8.2,6.7,Yes,7.89
Silty,Cotton,1402.4,20.1,7.49,164.4,2.2,9.1,0.84,Yes,7.49
Peaty,Cotton,838.1,30.7,7.46,160.9,1.51,9.3,0.85,No,6.05
Sandy,Maize,861.1,25.3,7.21,81.0,6.0,7.6,2.86,No,9.35
Loamy,Wheat,929.6,15.2,7.66,34.3,2.18,7.6,1.24,Yes,7.66
Silty,Rice,692.9,25.2,6.27,109.8,2.76,4.9,2.1,Yes,9.17
Peaty,Rice,579.6,23.6,6.44,210.1,5.06,8.1,1.57,No,8.02
Clay,Rice,636.8,34.3,6.44,,4.59,7.9,1.5,Yes,8.75
Clay,Soybean,1629.1,22.5,8.09,135.0,3.31,5.4,6.24,No,5.56
Loamy,Barley,1041.4,17.0,6.37,197.4,4.93,6.4,0.56,No,9.18
Peaty,,725.8,27.1,6.28,136.5,3.62,,2.77,No,9.3
Peaty,Maize,780.0,21.7,7.02,113.4,5.54,7.7,3.85,No,9.66
Peaty,Rice,1526.4,22.4,5.49,103.3,6.13,7.2,27.32,Yes,8.64
Silty,Cotton,773.4,23.2,5.69,145.3,6.76,4.3,3.13,No,6.88
Clay,Wheat,937.9,17.8,4.8,215.7,3.89,7.8,4.04,Yes,7.63
Loamy,Barley,685.7,17.9,6.61,,4.47,7.0,3.93,Yes,8.34
Peaty,Maize,810.0,29.6,4.97,168.7,,6.1,1.87,No,9.54
Sandy,Cotton,810.3,24.0,6.21,173.3,,8.0,4.33,No,6.35
Loamy,Rice,1141.6,20.6,8.03,236.6,5.11,7.3,2.17,Yes,9.88
Silty,Rice,846.7,28.3,6.25,165.9,6.48,4.9,2.25,Yes,9.29
Loamy,Maize,776.9,22.7,6.77,229.9,3.61,6.5,3.39,No,10.88
Silty,Barley,772.2,19.4,7.66,218.7,9.52,8.5,2.99,,7.61
Clay,Maize,1006.9,25.0,5.85,126.8,4.34,7.1,7.36,No,10.15
Silty,Soybean,778.4,18.2,6.72,111.7,4.35,7.6,1.33,No,7.22
Sandy,Barley,872.2,22.9,6.06,128.0,5.53,7.8,8.26,Yes,7.56
Loamy,Barley,1027.6,18.4,8.31,115.3,0.0,8.4,8.67,Yes,7.9
Peaty,Soybean,877.3,25.7,6.43,236.3,2.46,8.6,3.95,No,7.16
Peaty,Barley,690.8,33.2,,120.0,4.77,9.5,2.36,Yes,7.73
Sandy,Soybean,467.5,26.1,7.45,52.9,3.03,6.5,4.11,No,6.03
Sandy,Barley,1146.2,24.3,5.52,158.7,5.25,7.6,1.22,Yes,7.82
Silty,Soybean,726.2,24.5,5.71,191.8,5.92,7.0,12.72,No,8.21
Peaty,Cotton,919.7,29.1,,175.8,7.44,,6.36,No,6.71
Sandy,Soybean,1083.4,27.1,6.14,72.5,5.64,6.1,3.28,Yes,7.56
Peaty,Rice,900.3,25.6,6.85,180.8,8.86,8.0,1.9,No,8.62
Clay,Cotton,959.4,31.8,8.22,120.0,6.49,5.9,1.94,No,5.2
Silty,Rice,943.0,24.3,6.81,121.2,4.07,7.3,4.11,No,9.53
Loamy,Cotton,435.1,20.4,6.21,21.6,8.48,8.3,7.2,No,6.58
Clay,Wheat,632.1,20.2,6.94,131.7,4.24,7.3,0.55,No,7.36
Sandy,Wheat,,26.5,6.98,224.4,4.31,9.7,4.26,Yes,8.32
Peaty,Rice,964.8,28.2,6.78,249.9,4.43,8.2,3.18,Yes,9.52
Clay,Wheat,1124.2,18.5,6.4,172.5,8.07,8.3,0.85,No,8.43
Peaty,,676.4,31.3,5.67,65.3,6.46,9.4,0.7,Yes,10.16
Clay,Soybean,693.0,24.5,6.02,148.1,4.62,7.5,3.19,Yes,7.78
Silty,Cotton,1245.2,19.9,6.31,269.7,5.52,8.2,1.74,No,6.59
Loamy,Cotton,905.6,34.5,6.91,274.4,9.67,,4.79,No,6.39
Clay,Wheat,1209.9,16.9,6.23,130.8,7.32,9.1,4.1,Yes,8.14
Peaty,Maize,793.6,25.7,7.25,123.2,,7.1,1.46,No,9.97
Loamy,Soybean,772.2,23.8,6.6,119.0,8.14,6.8,4.08,Yes,8.55
Loamy,Cotton,785.9,29.1,4.84,137.6,6.37,8.0,4.01,No,5.97
Clay,Soybean,950.9,24.4,5.93,164.0,5.47,8.5,1.07,No,7.49
Peaty,Cotton,995.9,22.3,6.75,146.2,3.36,6.7,5.58,No,7.13
Clay,Soybean,693.7,18.5,7.29,176.7,3.67,9.9,,Yes,8.83
,Maize,661.6,,,87.7,6.95,8.4,,Yes,11.29
Clay,Barley,1689.4,25.4,6.35,141.3,2.92,7.6,4.42,Yes,7.52
Loamy,Wheat,614.7,27.4,7.19,205.0,3.64,10.6,36.28,No,8.47
Loamy,,1216.7,27.3,5.48,168.4,3.22,8.5,3.4,Yes,11.27
Peaty,Soybean,765.5,26.2,7.27,160.8,7.3,6.9,0.61,Yes,7.17
Sandy,Maize,1123.7,19.2,6.42,164.4,7.52,8.6,1.39,Yes,10.78
Silty,Cotton,,24.9,8.31,134.2,6.68,6.8,5.69,Yes,6.4
Sandy,Cotton,965.7,27.7,6.48,173.9,2.46,5.7,0.8,Yes,6.76
Clay,Soybean,895.9,30.1,6.35,83.7,,9.7,,Yes,7.12
Silty,Cotton,1045.5,24.4,6.46,188.7,5.31,8.3,3.07,Yes,8.43
Peaty,Wheat,1155.2,27.9,6.8,111.6,2.27,9.4,3.89,Yes,8.14
Silty,Wheat,,30.6,5.39,183.5,1.44,5.8,9.15,No,7.17
Clay,Cotton,865.5,30.0,6.19,255.3,3.74,7.5,2.18,Yes,7.48
Loamy,Soybean,1083.0,20.8,7.84,141.8,0.0,9.2,4.57,Yes,7.33
Loamy,Maize,,24.5,6.73,156.9,1.68,6.6,2.86,No,10.72
Clay,Barley,970.9,19.1,5.88,212.6,6.17,6.3,6.24,No,7.59
Loamy,Rice,1007.6,17.5,6.89,100.5,5.22,6.4,,No,9.28
Silty,Soybean,1203.8,24.9,6.3,214.0,3.81,7.2,2.93,Yes,8.25
Sandy,Cotton,1114.5,22.8,3.94,233.0,6.14,,2.44,Yes,5.46
Peaty,Rice,1100.6,27.2,7.66,177.0,5.4,7.3,2.39,No,7.14
Silty,Rice,520.9,24.3,6.95,159.1,5.79,8.6,8.61,No,9.66
Silty,Barley,968.3,21.1,6.54,97.8,7.82,8.1,2.62,Yes,8.9
Silty,Cotton,1214.5,26.2,5.72,176.2,7.39,8.1,2.89,Yes,7.32
Sandy,Soybean,841.7,17.9,6.22,164.3,5.48,8.0,14.18,No,7.38
Peaty,Cotton,771.9,33.4,5.45,135.9,9.61,7.5,1.0,No,5.41
Clay,Cotton,649.0,17.9,4.58,161.4,2.85,9.1,4.44,Yes,6.55
Peaty,Maize,642.0,17.3,6.41,76.1,7.65,8.8,4.14,No,11.25
Peaty,Maize,564.5,20.3,,178.3,6.36,6.8,2.2,Yes,10.45
Sandy,Cotton,782.1,23.8,6.63,169.7,9.25,6.5,3.95,Yes,7.01
Sandy,Soybean,614.9,20.5,7.04,0.0,3.54,,13.94,No,5.06
Peaty,Cotton,857.1,18.1,7.66,157.2,,6.1,0.71,Yes,6.54
Clay,Rice,1095.0,30.4,6.58,153.9,3.66,8.1,,Yes,8.81
Clay,Cotton,444.7,18.0,6.43,95.5,6.75,4.9,6.56,Yes,5.77
Peaty,Rice,956.1,34.1,5.28,242.5,4.35,8.9,15.2,No,7.85
Loamy,Cotton,777.3,28.8,6.32,232.0,1.41,7.5,7.6,Yes,7.38
Loamy,Wheat,777.3,29.9,6.92,182.6,6.27,9.8,1.21,No,8.26
Clay,Cotton,1030.6,24.1,5.87,111.4,7.77,7.1,2.49,No,6.56
Sandy,Wheat,587.1,20.6,6.85,,10.49,8.9,3.9,No,6.79
Loamy,Soybean,612.1,26.1,5.97,71.4,11.5,6.5,,Yes,7.79
Loamy,Soybean,767.6,28.1,7.59,151.4,0.76,10.0,4.91,No,6.8
Sandy,Wheat,1228.0,,5.13,30.5,1.94,7.2,4.12,Yes,6.78
Sandy,Soybean,834.4,24.4,5.06,,9.74,6.6,1.7,No,6.03
Peaty,Wheat,1072.2,23.7,5.21,47.7,5.98,6.4,1.18,Yes,7.72
Clay,Soybean,1007.2,35.9,7.4,209.3,7.48,6.1,1.18,Yes,6.56
Peaty,Maize,1103.5,30.9,6.0,61.9,6.84,6.5,2.29,No,10.1
Loamy,Rice,663.9,27.4,4.59,137.4,2.54,6.3,1.36,Yes,8.11
Peaty,Maize,1021.4,25.9,6.48,110.0,2.27,7.1,4.65,Yes,10.96
Clay,Soybean,888.2,22.1,6.47,118.0,5.28,,3.11,No,6.69
Sandy,Soybean,608.1,31.7,7.61,186.7,4.61,6.4,1.65,No,5.85
Loamy,Maize,784.9,36.2,6.31,125.0,4.32,6.7,19.36,Yes,10.28
Loamy,Barley,773.6,,6.65,121.2,3.63,8.9,1.66,Yes,9.35
Sandy,Soybean,1071.8,22.2,6.67,124.3,9.37,8.8,1.24,Yes,7.39
Loamy,Wheat,935.5,27.4,7.15,135.1,,10.1,0.49,Yes,8.25
Clay,Barley,1390.3,21.3,6.05,,4.73,7.5,1.37,Yes,7.82
Loamy,Rice,1199.0,28.8,5.35,155.2,7.94,5.9,4.51,Yes,10.22
Clay,Cotton,866.8,19.4,4.69,70.4,6.45,6.3,1.01,,5.29
Loamy,Wheat,915.8,19.8,6.38,135.1,0.0,5.8,4.84,No,8.26
Sandy,Maize,635.9,14.4,8.35,163.0,6.95,7.1,15.7,Yes,8.69
,Barley,642.2,29.2,5.45,195.9,3.08,8.7,3.98,Yes,8.0
Peaty,Barley,889.8,23.3,5.64,208.8,6.23,7.4,4.71,Yes,7.08
Sandy,Cotton,1047.7,25.7,5.91,82.5,2.89,6.8,3.32,Yes,6.68
Clay,Barley,1270.0,25.2,7.66,206.3,3.16,7.0,9.05,No,7.64
Loamy,Rice,576.1,17.5,5.94,245.1,4.97,9.8,4.59,No,8.68
Loamy,Rice,1031.9,28.9,6.7,138.0,5.03,7.8,1.43,Yes,9.63
Sandy,Barley,519.5,28.9,5.92,128.5,4.28,7.0,3.75,Yes,7.44
Silty,Soybean,997.6,22.9,7.59,132.9,5.24,7.9,4.98,No,8.02
Silty,Rice,995.2,24.7,6.12,143.8,6.11,7.7,2.35,Yes,9.99
Sandy,Cotton,707.5,24.8,6.39,228.5,3.39,5.0,8.62,Yes,6.31
Clay,Rice,1099.7,28.6,6.17,237.8,1.26,8.7,3.43,Yes,9.39
Silty,Barley,1203.1,29.9,6.06,96.0,,8.5,5.98,No,7.34
Loamy,Wheat,920.1,26.3,5.63,139.3,4.69,6.3,8.86,Yes,9.21
Sandy,Maize,765.2,21.1,5.43,,0.77,7.4,13.67,Yes,10.84
Clay,Maize,1066.3,29.3,6.41,,5.86,4.0,4.7,Yes,10.55
Loamy,Rice,516.6,29.2,6.55,165.4,8.32,5.4,22.35,Yes,10.49
Clay,Rice,990.4,26.3,5.89,198.5,5.67,6.5,5.8,No,8.76
Sandy,Cotton,871.1,31.6,6.16,219.3,6.73,10.4,2.15,No,6.18
Peaty,Rice,628.8,25.9,,49.5,3.13,10.3,2.37,Yes,8.58
Loamy,Cotton,989.9,32.6,5.59,112.4,5.54,7.4,1.28,Yes,6.38
Loamy,Maize,1274.9,,7.5,217.8,6.66,8.1,6.3,No,11.23
Clay,Rice,849.8,19.3,4.46,232.0,7.74,9.6,13.22,,8.96
Sandy,Cotton,1036.0,20.7,6.65,244.4,2.49,7.8,2.78,Yes,6.83
Peaty,,1363.8,19.9,7.17,162.9,2.91,7.8,6.61,Yes,7.7
Silty,Rice,846.2,33.3,3.83,0.0,3.32,7.7,1.08,No,5.05
Sandy,Wheat,731.2,26.3,8.43,245.0,8.0,9.2,1.71,Yes,7.34
Sandy,Rice,1075.3,23.7,4.79,103.3,2.6,8.7,6.98,Yes,8.36
Silty,Rice,1040.4,,5.15,210.6,5.28,5.6,2.23,Yes,9.08
Peaty,Barley,632.2,30.4,,124.1,2.03,7.3,1.39,No,5.62
Silty,Barley,434.5,23.1,7.22,150.0,5.52,4.4,3.38,,7.44
Silty,Soybean,713.9,30.9,4.7,63.8,5.18,10.7,,Yes,6.34
Clay,Rice,530.0,24.4,6.7,153.7,3.33,8.4,0.71,No,9.14
Loamy,Rice,691.3,23.1,6.29,264.7,3.1,8.5,4.55,Yes,10.19
Sandy,Soybean,726.9,22.1,6.19,134.9,6.16,7.8,3.32,Yes,8.16
Sandy,Wheat,576.6,20.4,5.59,65.4,8.14,8.1,,No,6.48
Sandy,Rice,949.5,22.5,6.22,142.8,2.63,7.3,2.29,Yes,9.38
Peaty,Maize,,,7.46,222.1,4.22,9.4,2.22,Yes,10.64
Loamy,Soybean,1011.1,24.4,5.82,124.6,7.2,6.6,2.53,Yes,8.3
Silty,Soybean,1177.2,19.3,6.35,169.3,1.52,9.3,2.13,No,8.46
Silty,Wheat,983.2,20.1,7.31,174.1,3.93,6.1,12.84,No,7.28
Silty,Barley,890.9,24.3,6.9,119.3,5.7,5.4,0.9,No,8.32
Sandy,Barley,1136.9,24.5,7.74,102.0,8.72,7.4,1.63,No,6.5
Clay,Maize,1324.4,26.6,7.3,171.7,5.45,7.5,3.39,No,9.74
Sandy,Rice,1174.5,23.9,7.97,132.4,2.95,6.8,,Yes,8.23
Silty,Wheat,1114.1,21.3,6.2,,2.51,7.3,0.27,Yes,7.72
Sandy,Cotton,756.1,18.5,5.6,89.3,2.23,7.9,1.06,Yes,6.55
Silty,Rice,988.9,20.8,5.55,159.6,2.63,5.3,1.03,,9.34
Silty,Barley,965.6,21.7,7.35,293.6,0.59,8.2,2.26,No,7.84
Silty,Barley,572.3,23.7,7.16,220.8,5.16,6.3,0.71,No,7.48
Sandy,Cotton,877.8,38.8,5.88,,2.27,10.5,1.53,Yes,5.41
Loamy,Maize,615.9,13.3,7.46,89.7,3.8,7.7,,No,9.56
Clay,Barley,580.6,23.0,6.66,165.5,1.97,8.6,11.67,No,7.58
Loamy,Rice,858.4,14.0,4.64,197.9,3.77,4.6,1.9,No,7.88
Clay,Barley,623.5,20.6,6.37,83.9,0.13,7.1,5.05,No,7.38
Sandy,Soybean,467.5,21.7,4.76,170.1,4.86,6.6,7.09,Yes,7.04
Peaty,Barley,929.0,22.8,7.03,182.4,6.97,8.8,3.25,No,7.9
Clay,Soybean,949.5,23.3,6.75,61.0,4.7,7.1,2.73,No,7.36
Clay,Rice,1208.4,21.2,6.4,143.1,2.67,8.3,6.33,Yes,9.3
Sandy,Rice,461.5,27.5,6.38,198.5,4.73,9.0,1.93,No,8.23
,Cotton,872.7,26.9,5.99,103.8,5.6,5.2,0.53,Yes,6.66
Loamy,Wheat,787.2,22.6,7.13,98.8,5.37,7.3,4.41,Yes,8.18
Sandy,Wheat,1020.6,27.7,6.7,,5.88,7.8,2.44,Yes,7.65
Clay,Soybean,445.4,25.6,,64.9,3.75,8.4,0.83,No,5.36
Loamy,Rice,1213.5,24.3,5.93,262.5,3.61,4.8,1.14,Yes,9.59
Clay,Barley,813.1,26.1,6.98,83.5,6.92,7.1,0.67,Yes,7.51
Clay,Barley,538.0,29.6,6.78,186.0,1.79,5.4,8.01,Yes,6.96
Sandy,Cotton,899.6,24.5,7.18,46.8,2.9,6.6,1.25,Yes,5.87
Peaty,Wheat,756.8,16.3,8.24,92.8,6.45,7.6,9.42,Yes,7.13
Clay,Soybean,974.3,28.6,6.06,119.0,8.0,7.0,3.67,Yes,7.53
Silty,Cotton,965.9,22.3,,122.0,3.18,7.9,8.76,No,6.24
Peaty,Rice,816.1,26.1,6.6,176.0,9.73,9.1,10.26,Yes,9.7
Silty,Barley,701.1,24.2,3.98,123.8,3.04,7.4,1.92,Yes,8.02
Loamy,Barley,1401.0,21.9,8.42,155.7,2.61,8.1,1.03,Yes,7.58
Peaty,Wheat,761.5,17.4,7.05,111.0,3.5,5.3,4.07,Yes,7.69
Sandy,Barley,902.7,19.6,6.74,186.5,4.62,10.0,6.32,Yes,8.76
Sandy,Rice,1090.9,30.2,7.98,161.6,0.94,,,Yes,6.99
Peaty,Barley,920.8,15.4,4.79,,5.57,7.8,7.77,No,6.7
Loamy,Rice,624.8,25.9,5.8,65.5,6.59,8.7,3.11,Yes,10.01
Clay,Wheat,286.8,24.8,5.99,119.9,,3.0,4.38,Yes,6.86
Sandy,Cotton,693.8,39.3,6.92,86.7,7.56,6.4,3.68,Yes,4.3
Peaty,Rice,1055.3,23.5,6.92,249.0,5.56,6.0,4.52,Yes,8.72
Peaty,Barley,1347.6,,6.65,25.6,6.33,7.9,11.62,No,5.95
Loamy,Cotton,,16.6,6.62,91.8,4.3,9.9,2.85,No,7.45
Loamy,Maize,796.7,19.1,6.85,140.8,4.02,9.4,2.68,Yes,12.32
Sandy,Cotton,619.0,17.9,7.1,114.1,5.05,4.5,4.22,Yes,6.17
Sandy,Soybean,,24.4,6.39,211.2,0.0,5.4,3.18,Yes,7.48
Silty,Cotton,982.4,26.1,6.49,145.5,6.93,6.8,0.76,No,6.48
Peaty,Soybean,,22.5,6.42,267.9,4.95,6.9,6.89,No,7.97
Peaty,Wheat,761.9,22.6,5.67,144.5,6.05,9.2,4.71,Yes,9.04
Peaty,Soybean,857.1,18.0,5.84,155.1,8.94,8.1,3.06,Yes,7.03
Loamy,Maize,1432.9,25.7,5.68,,5.49,7.9,1.7,Yes,10.93
Loamy,Maize,698.2,22.5,6.2,215.1,6.22,6.0,3.89,No,11.39
Clay,Barley,1000.4,33.4,6.52,68.0,4.57,6.0,7.16,Yes,6.44
Clay,Maize,1049.0,26.6,6.33,100.7,5.14,9.6,7.58,No,9.84
Sandy,Maize,554.3,16.8,8.0,214.6,4.62,7.2,17.68,Yes,10.47
Silty,Barley,1103.6,17.9,6.1,,0.0,6.5,3.11,No,7.75
Clay,Soybean,1218.8,17.6,6.1,221.6,4.76,8.9,1.57,Yes,7.98
Silty,Maize,495.2,,6.56,104.4,7.6,6.8,2.29,Yes,10.75
Clay,Maize,614.8,24.1,5.07,140.2,5.62,8.9,2.1,Yes,10.17
Silty,Barley,999.5,21.6,7.43,93.6,3.62,7.8,1.43,No,7.61
Clay,Maize,1266.8,22.3,5.46,239.5,3.32,7.1,1.17,Yes,10.08
Silty,Cotton,833.6,14.0,6.29,110.7,7.51,5.9,17.95,No,6.49
Peaty,Cotton,1002.5,23.8,7.48,142.6,5.55,10.0,3.31,Yes,6.82
Peaty,Wheat,932.6,24.5,6.4,22.1,,7.7,7.29,Yes,7.88
Peaty,Rice,1098.5,24.9,7.12,166.3,5.72,5.7,,,9.01
Sandy,,1108.7,21.1,5.93,174.3,4.16,7.2,0.82,Yes,7.36
Sandy,Rice,938.3,,5.36,173.6,6.36,10.4,19.79,No,7.9
Silty,Maize,1058.6,22.9,6.07,66.9,2.47,9.0,3.56,No,10.71
Clay,Cotton,481.1,31.0,6.29,106.6,5.5,7.8,4.12,No,5.62
Sandy,Rice,1112.0,26.0,6.33,174.9,3.8,9.7,1.94,No,8.51
Sandy,Maize,968.9,23.6,6.11,122.3,,9.8,0.77,Yes,10.26
Clay,Cotton,479.2,21.2,7.26,182.5,2.61,9.1,1.49,Yes,7.71
Loamy,Barley,830.3,28.0,6.88,105.4,0.0,7.2,1.22,Yes,7.68
Clay,Wheat,632.4,27.0,7.57,193.9,6.8,8.5,1.88,Yes,7.87
Clay,Barley,843.8,16.2,6.54,,6.51,7.8,,Yes,8.15
Peaty,Cotton,602.4,25.7,5.7,182.2,3.77,8.3,1.8,Yes,6.93
Silty,Rice,1350.1,25.6,7.84,163.8,5.57,8.3,7.21,,8.76
Clay,Barley,844.8,26.4,6.73,184.3,2.61,8.5,1.03,Yes,8.67
Loamy,Wheat,886.2,26.5,6.78,161.2,7.29,7.1,2.16,Yes,10.05
Silty,Soybean,887.3,21.1,6.8,150.1,2.21,7.0,17.73,Yes,7.87
Clay,Wheat,883.0,19.1,6.86,119.3,7.85,6.2,3.16,No,8.27
Sandy,Cotton,791.8,17.0,5.88,184.9,6.55,6.5,2.74,No,6.33
Clay,Maize,1491.2,,7.38,123.7,2.82,8.9,6.64,,10.19
Peaty,Rice,1062.1,27.7,6.58,263.9,9.3,5.5,3.95,No,8.6
Peaty,Cotton,1081.5,22.6,6.13,164.8,2.69,8.7,2.46,Yes,7.25
Loamy,Cotton,736.1,25.9,5.93,207.9,,9.4,4.79,Yes,8.82
Loamy,Cotton,601.7,,6.1,219.0,7.69,11.0,,Yes,7.76
Sandy,Soybean,,15.4,7.13,128.7,7.37,7.4,4.96,No,6.5
Silty,Maize,455.3,27.5,6.54,164.2,3.77,6.5,3.42,Yes,10.73
Loamy,Wheat,850.0,22.5,7.29,207.6,6.07,10.3,6.19,Yes,9.57
Silty,Rice,793.6,21.5,8.0,123.4,3.03,7.4,2.05,No,8.31
Loamy,Soybean,571.9,23.3,7.59,209.8,7.28,5.9,2.62,Yes,8.58
Loamy,Wheat,579.9,31.7,5.8,54.3,8.08,8.7,2.97,Yes,7.77
Clay,Cotton,1191.1,27.9,4.92,262.1,4.24,6.5,4.36,No,5.38
Loamy,Barley,768.6,18.8,6.27,186.7,2.28,8.5,2.63,Yes,8.63
Loamy,Barley,1019.0,30.1,6.65,91.7,3.07,7.6,0.33,Yes,8.09
Sandy,Wheat,553.9,27.3,5.35,189.9,5.23,6.0,6.81,,7.23
,Barley,767.1,22.6,6.98,,5.23,6.7,9.06,Yes,7.79
Silty,Maize,1302.8,24.4,5.84,79.8,2.66,5.0,1.61,,9.72
Silty,Cotton,1177.2,28.3,6.78,146.6,7.95,10.2,4.86,No,7.09
Clay,Barley,,26.5,6.43,168.2,8.92,6.8,4.12,Yes,8.4
Sandy,Soybean,1237.2,24.2,6.08,147.5,6.35,8.9,4.46,No,6.75
Peaty,Barley,1167.8,21.4,5.74,157.8,5.82,,2.45,Yes,8.59
Clay,Soybean,550.7,20.4,7.49,87.6,7.21,,1.06,Yes,6.91
Silty,Wheat,616.2,28.9,7.16,47.6,0.6,8.8,2.65,Yes,7.68
Sandy,Wheat,268.2,19.5,6.68,174.2,1.56,7.1,5.07,Yes,8.13
Loamy,Barley,1086.2,24.4,5.73,191.2,4.81,,6.34,No,8.09
Silty,Wheat,681.2,31.6,5.69,165.8,8.43,4.4,3.11,No,7.4
Sandy,Maize,747.5,32.2,5.78,221.8,6.67,6.3,1.75,Yes,10.19
Peaty,Wheat,963.2,22.6,6.42,187.1,7.83,8.5,2.32,No,7.75
Loamy,Wheat,915.0,21.7,6.09,70.8,3.25,4.3,,Yes,8.55
Peaty,Maize,1162.3,19.7,7.43,86.5,2.83,5.7,,No,9.17
Clay,Soybean,743.5,17.4,5.53,,4.77,9.4,2.07,No,7.3
Silty,Maize,529.5,19.5,5.99,148.5,0.93,5.5,2.73,Yes,11.22
,Rice,1245.7,20.7,7.47,135.4,2.63,3.1,3.83,No,8.53
Loamy,Maize,858.0,25.8,6.85,175.0,4.75,8.1,2.59,Yes,11.96
Silty,Maize,879.2,,5.7,177.0,5.62,6.3,1.03,Yes,10.6
Clay,Barley,579.1,27.7,6.06,215.6,2.41,9.5,16.76,No,7.28
Silty,Maize,1186.0,24.1,8.22,241.9,5.13,8.0,1.64,No,9.91
Clay,Barley,698.3,22.5,6.3,186.8,11.41,5.8,3.34,No,7.37
Loamy,Cotton,1165.8,26.8,7.3,4.3,6.18,8.2,3.79,Yes,7.51
Peaty,Wheat,1368.4,18.1,8.44,218.4,3.91,8.6,4.91,Yes,7.06
Sandy,Maize,822.0,20.4,6.38,122.9,2.03,10.5,3.36,No,9.6
Loamy,Cotton,906.3,20.8,5.89,182.4,5.84,7.7,2.16,Yes,8.19
Loamy,Rice,871.2,25.4,5.69,152.7,8.79,8.8,2.85,No,9.48
Silty,Wheat,829.9,31.4,6.43,101.0,5.36,3.9,0.74,No,6.73
Loamy,Maize,,24.6,7.64,124.5,5.44,8.5,0.68,Yes,11.33
Peaty,Rice,1026.1,30.2,7.13,249.3,2.9,8.7,1.48,No,8.59
Peaty,Soybean,575.2,22.3,7.95,154.5,3.55,8.9,1.81,Yes,6.71
Silty,Wheat,1023.2,23.4,6.84,233.9,5.66,7.1,3.89,Yes,8.82
Loamy,Maize,833.8,17.5,6.46,100.7,6.33,4.8,1.64,Yes,10.79
Clay,Soybean,,11.9,6.09,118.7,0.38,7.8,1.99,,6.53
Clay,Rice,931.9,22.4,6.8,137.3,7.36,8.8,4.62,No,9.85
Sandy,Maize,1127.4,19.1,6.7,138.2,5.05,4.0,3.26,No,9.66
Clay,Soybean,873.3,28.0,5.21,178.8,7.56,8.4,4.39,No,5.74
Silty,Barley,1059.1,23.9,7.49,43.6,8.11,4.2,0.99,No,6.75
Silty,Barley,962.5,22.7,6.32,131.8,7.79,7.1,4.61,No,7.64
Sandy,Rice,1120.0,21.5,6.08,134.1,0.81,7.4,3.17,Yes,9.48
Silty,Cotton,1159.7,32.8,5.57,118.5,0.0,6.9,4.01,Yes,7.22
Sandy,Soybean,770.0,21.2,6.33,121.0,7.85,7.5,8.07,No,6.5
Silty,Maize,581.8,21.2,6.52,167.7,2.0,7.7,3.54,No,10.02
Silty,Wheat,1005.1,31.4,6.22,117.3,8.12,5.9,0.73,No,7.88
Peaty,Maize,1084.9,22.2,6.87,209.3,12.07,5.4,3.7,No,10.9
Peaty,Rice,903.4,26.5,5.16,131.5,6.28,9.2,2.18,Yes,8.99
Sandy,Maize,683.3,23.0,6.83,235.2,4.35,6.5,8.62,Yes,10.76
Sandy,Wheat,,,7.58,,7.54,5.9,0.84,No,6.68
Sandy,Soybean,922.8,27.3,5.03,199.9,3.18,7.3,2.38,No,6.4
Silty,Rice,1451.8,22.2,6.29,65.1,4.84,9.2,4.0,No,8.37
Loamy,Wheat,1047.3,,6.15,126.3,0.94,7.2,1.45,Yes,9.53
Loamy,Cotton,1285.3,23.0,6.52,106.4,8.34,6.9,2.56,No,7.78
Clay,Barley,1110.8,21.6,6.49,209.2,4.91,,2.21,No,7.65
Clay,Barley,925.3,17.5,7.41,87.8,4.7,8.8,10.27,No,6.81
Loamy,Rice,1028.4,,,106.2,7.05,3.1,5.32,No,8.39
Peaty,Cotton,590.4,23.7,5.67,107.0,4.74,5.7,1.51,No,6.06
Clay,Maize,,10.9,6.47,288.8,9.54,6.2,3.64,Yes,10.79
Silty,Barley,675.3,23.2,7.45,158.1,1.26,7.9,2.12,Yes,8.3
Peaty,Soybean,887.2,28.1,7.67,233.5,3.92,5.9,3.14,No,6.73
Silty,Barley,696.4,14.5,7.35,181.0,0.0,7.7,5.15,No,8.3
Silty,Rice,940.6,18.7,6.54,123.4,0.0,7.3,2.09,No,9.28
Sandy,Cotton,718.9,15.4,6.96,,7.55,6.0,8.07,Yes,7.03
Clay,Cotton,758.9,26.7,6.15,96.4,4.78,8.7,2.27,No,7.24
Silty,Wheat,932.4,19.2,4.95,82.1,2.34,6.9,1.15,No,6.98
Silty,Cotton,766.6,27.3,7.06,150.4,5.22,10.2,2.07,Yes,7.58
Peaty,Soybean,444.7,27.6,7.88,189.6,0.28,9.1,5.17,,7.18
Clay,Maize,1150.7,22.3,6.59,84.2,4.49,9.4,1.78,Yes,11.2
Sandy,Barley,471.2,27.7,7.19,136.0,5.17,8.5,6.03,Yes,8.02
Loamy,Rice,774.8,19.0,7.08,67.1,3.52,8.5,1.56,No,8.33
,Barley,1162.3,18.7,6.95,178.6,3.3,5.6,9.55,No,7.41
Silty,Wheat,1075.7,25.4,6.44,183.6,2.89,6.7,3.41,Yes,8.35
Loamy,Maize,691.1,33.4,6.06,136.6,3.42,3.8,1.66,Yes,10.67
Loamy,Maize,674.4,18.9,6.09,235.1,3.07,9.8,30.52,Yes,13.13
Clay,Cotton,911.6,26.3,6.72,59.9,4.81,8.0,0.82,Yes,6.61
Clay,Barley,1159.2,20.3,7.09,122.4,9.52,7.2,2.14,No,6.76
Sandy,Soybean,500.2,31.5,,126.1,5.69,5.1,20.06,Yes,6.72
Clay,Cotton,1389.4,25.5,7.14,200.8,12.69,9.1,4.02,Yes,7.42
Sandy,Barley,829.4,24.5,6.26,,3.53,8.8,4.32,Yes,8.01
Sandy,Barley,869.5,23.8,7.1,227.7,8.44,4.3,5.07,No,7.0
Sandy,Maize,625.4,18.1,6.01,176.6,4.59,8.6,12.11,No,10.87
Loamy,Soybean,861.1,22.8,6.26,,6.05,6.2,2.64,No,7.56
Loamy,Barley,802.8,27.2,5.33,71.2,3.12,5.2,,No,5.85
Sandy,Cotton,1327.3,17.2,6.83,41.2,4.93,6.3,2.54,Yes,6.82
Sandy,Maize,1277.2,27.1,8.72,153.8,4.82,8.3,1.84,No,8.26
Silty,Rice,,28.5,5.69,164.2,2.31,7.7,4.99,No,8.86
Clay,Barley,1127.7,20.5,6.85,110.6,7.31,8.0,3.56,No,8.1
Sandy,Barley,3178.762348208219,19.5,6.69,92.2,7.08,8.8,4.34,,7.02
Sandy,Rice,1065.6,21.7,6.2,45.3,3.77,6.3,4.87,No,7.88
Silty,Soybean,880.9,28.4,6.97,212.3,,6.2,2.12,Yes,8.48
Peaty,Rice,780.1,21.4,6.39,132.1,5.66,,4.95,Yes,9.94
Peaty,Wheat,885.0,16.4,7.15,207.7,6.35,8.4,23.25,Yes,9.33
Silty,Soybean,1021.9,26.1,5.07,167.7,4.21,11.7,5.71,Yes,8.86
Sandy,Barley,1239.5,31.0,,117.0,1.57,7.2,0.83,Yes,7.09
Silty,Maize,1368.3,18.8,6.78,139.3,4.09,6.7,2.31,No,10.25
Clay,Cotton,842.7,23.7,5.27,41.9,5.19,8.4,6.56,Yes,6.75
Peaty,Rice,1328.4,25.8,6.97,234.0,3.7,5.9,7.15,Yes,8.89
Silty,Cotton,954.2,26.2,6.43,267.6,6.55,9.5,0.95,No,7.08
Clay,Maize,598.6,21.3,5.32,136.3,8.65,3.9,10.2,No,9.86
Silty,Rice,589.3,27.4,6.5,119.2,7.15,6.1,3.06,Yes,9.14
Clay,Barley,894.6,19.2,6.36,153.8,3.19,6.2,1.45,,8.21
Peaty,Barley,1075.8,25.2,6.76,220.6,2.97,6.2,2.05,No,7.56
Clay,Cotton,924.7,29.8,6.42,194.4,0.0,7.2,3.67,Yes,7.04
Silty,Barley,1400.0,17.2,5.56,190.4,9.83,7.5,14.78,Yes,8.31
Silty,Rice,677.6,21.8,,69.6,3.64,7.3,1.83,No,8.6
Silty,Wheat,692.5,27.3,5.56,175.6,3.01,6.2,8.22,Yes,8.49
Peaty,Cotton,628.8,24.7,6.85,174.2,2.5,7.2,1.55,Yes,7.31
Clay,,1364.6,23.3,6.94,75.9,5.21,10.3,6.2,Yes,7.59
Loamy,Cotton,1170.4,20.6,6.64,92.5,1.82,9.1,1.04,No,7.06
Sandy,Cotton,980.4,18.1,6.34,135.1,1.76,,0.69,Yes,6.95
Peaty,Rice,920.1,31.3,5.41,191.5,5.3,8.5,6.26,No,7.74
Sandy,Rice,662.4,,6.54,197.4,4.29,10.1,2.01,Yes,9.06
Clay,Rice,782.6,15.8,6.41,180.8,,6.7,1.62,No,8.8
Loamy,Soybean,885.7,18.0,6.84,124.6,8.27,7.8,1.72,No,7.34
Clay,Barley,465.6,24.1,6.6,47.4,5.44,7.1,4.81,No,6.47
Sandy,Soybean,1381.4,26.0,6.88,146.8,3.92,8.9,1.42,No,7.0
Clay,Wheat,,21.7,,151.6,10.65,7.5,9.6,Yes,8.45
Silty,Wheat,710.6,21.0,5.75,2.9,6.69,5.8,2.86,No,6.57
Sandy,Wheat,1211.6,,6.43,165.1,4.86,5.9,2.2,Yes,7.39
Peaty,Barley,664.3,22.1,6.47,117.8,7.26,5.9,3.9,No,7.17
Loamy,Soybean,839.8,12.3,6.17,56.8,4.87,8.9,8.01,No,6.77
Loamy,Barley,830.2,26.3,6.4,145.0,4.63,4.4,11.7,Yes,8.79
Silty,Wheat,583.8,24.2,7.48,,6.11,8.3,5.38,Yes,8.93
Sandy,Soybean,1000.1,27.2,7.23,120.9,0.0,6.1,5.82,Yes,7.68
Silty,Wheat,,20.4,,47.4,5.64,8.4,0.82,Yes,7.68
Peaty,Soybean,887.2,23.2,7.88,167.1,5.05,8.9,3.47,Yes,7.13
Loamy,Maize,1323.9,26.0,8.01,51.9,3.6,8.1,2.09,Yes,10.7
Peaty,Cotton,1009.8,28.7,7.7,178.1,11.58,5.5,4.48,No,6.53
Peaty,Barley,981.3,26.1,7.39,208.1,,8.2,1.92,No,7.31
Silty,Barley,,20.7,7.33,90.7,8.32,,3.73,Yes,9.05
Sandy,Wheat,378.4,23.5,5.43,107.2,4.9,5.1,5.19,No,6.13
Sandy,,1096.6,17.1,6.8,223.8,5.34,7.2,3.57,No,7.33
Clay,Cotton,821.1,24.7,6.17,167.1,5.7,6.3,1.0,Yes,7.4
Sandy,Maize,,22.0,6.21,57.0,4.06,9.3,3.55,Yes,10.8
Peaty,Rice,740.4,21.5,6.96,56.1,4.65,7.5,10.45,No,8.02
Peaty,Soybean,1014.9,24.5,6.86,,4.91,6.4,5.14,No,6.57
Sandy,Barley,854.5,24.7,6.66,159.3,3.45,6.3,4.42,Yes,8.44
Sandy,Soybean,684.1,19.1,6.61,151.6,4.07,7.1,1.14,No,6.71
Clay,Wheat,597.0,25.6,,83.5,3.39,8.0,1.65,No,6.97
Clay,Rice,741.7,18.1,6.5,183.8,1.8,9.5,0.77,No,8.41
Sandy,Cotton,947.1,21.3,6.0,198.4,1.13,6.5,1.39,No,6.05
Silty,Soybean,1067.7,20.3,6.89,,5.18,5.7,7.73,Yes,7.98
Sandy,Soybean,1029.2,25.4,7.13,133.3,3.54,10.1,0.96,Yes,7.55
Sandy,Wheat,799.3,18.4,7.92,140.6,4.43,7.3,1.8,No,6.78
Silty,Wheat,828.2,26.3,8.59,,5.65,7.1,6.08,Yes,8.34
Loamy,Barley,501.5,24.6,5.84,84.9,4.95,6.5,1.08,No,7.28
Loamy,Soybean,1165.7,29.6,6.04,190.2,6.39,5.7,3.21,No,7.44
Clay,Cotton,1125.3,26.4,7.71,86.8,0.0,8.4,3.33,No,6.2
Peaty,Barley,1475.5,28.3,6.52,,3.13,8.5,9.98,Yes,7.95
Silty,Wheat,1015.7,24.2,6.32,225.7,8.27,7.4,4.44,Yes,8.98
Peaty,Rice,690.6,23.8,6.65,82.3,0.0,7.7,7.1,Yes,7.86
Silty,Barley,1020.3,13.0,7.07,204.6,10.55,10.4,16.57,Yes,8.39
Clay,Cotton,897.7,24.3,7.49,61.9,6.17,5.7,3.76,Yes,6.1
Silty,Cotton,754.1,26.7,6.55,89.9,3.51,6.5,16.91,No,6.11
Silty,Wheat,843.3,22.9,6.04,73.2,2.83,9.8,1.33,Yes,8.69
Sandy,Rice,612.0,,5.62,131.1,5.11,8.4,0.39,Yes,7.96
Loamy,,748.2,26.0,6.18,211.6,2.52,7.1,1.99,No,8.67
Clay,Soybean,1073.7,18.5,4.62,209.5,,7.4,8.89,Yes,7.14
Loamy,Soybean,893.6,25.1,5.03,92.4,,8.5,2.93,Yes,7.54
Peaty,Rice,1242.6,29.9,6.29,111.9,6.24,6.9,4.78,Yes,9.66
Clay,Rice,977.6,21.4,6.56,164.0,4.54,9.1,5.09,Yes,10.23
Silty,Wheat,1173.8,22.5,7.01,145.5,4.76,10.8,4.49,No,7.92
Loamy,Barley,667.8,27.1,5.92,183.7,10.3,7.6,1.13,No,7.99
Silty,Soybean,573.6,25.1,5.56,56.7,7.4,8.0,13.36,No,6.76
Loamy,Cotton,387.6,29.7,5.87,,,7.4,1.72,No,5.32
Silty,Cotton,1374.3,18.7,7.1,148.5,1.87,7.6,1.21,Yes,7.03
Loamy,Cotton,1205.3,31.1,5.37,153.5,7.11,3.9,1.87,,5.71
Loamy,Wheat,686.1,15.6,7.07,233.8,4.89,8.9,2.98,Yes,8.99
Sandy,Wheat,647.0,24.9,7.01,179.4,5.24,9.3,,No,7.3
Silty,Cotton,569.8,26.2,5.52,242.9,3.65,9.2,2.23,No,6.03
Clay,Barley,647.9,16.6,5.98,188.5,8.24,7.7,0.44,Yes,7.97
Clay,Barley,547.7,28.4,,137.6,5.18,8.9,3.65,No,7.73
Loamy,Barley,520.3,25.1,5.88,164.0,5.04,8.3,3.24,Yes,8.79
Clay,Wheat,681.9,23.5,5.09,335.9,6.82,7.4,12.83,Yes,7.34
Silty,Cotton,1255.8,25.9,5.33,176.4,8.12,6.5,2.94,Yes,7.69
Sandy,Soybean,,23.6,6.93,84.3,7.64,6.9,3.43,Yes,6.93
Loamy,Maize,789.5,30.8,6.97,26.1,5.71,8.4,14.82,Yes,10.99
Loamy,Rice,,25.8,5.58,275.0,5.62,8.8,17.9,Yes,10.08
Peaty,Cotton,1025.5,26.2,7.51,60.2,4.57,8.4,2.81,No,5.51
Peaty,Soybean,963.9,20.4,6.12,131.1,4.83,9.3,0.61,Yes,8.29
Sandy,Barley,,25.6,7.04,96.3,6.93,6.2,3.16,Yes,7.3
Silty,Maize,984.7,29.4,6.68,121.3,2.08,8.0,0.74,Yes,10.51
Loamy,Barley,876.7,27.0,7.89,204.8,2.71,7.5,1.71,,7.48
Peaty,Cotton,832.4,,5.86,232.3,,7.8,1.22,Yes,7.32
Clay,Rice,1360.1,24.7,7.91,229.8,7.48,8.7,3.57,No,7.68
,Soybean,638.4,21.4,5.52,155.9,4.01,8.1,5.54,No,6.24
Peaty,Soybean,1035.1,17.9,7.72,319.1,3.63,7.5,4.81,Yes,7.86
Silty,Wheat,743.0,15.7,5.6,91.9,2.62,6.9,1.68,No,7.12
Clay,Barley,670.7,24.5,6.11,138.1,8.61,8.7,3.25,No,7.75
Sandy,Barley,902.4,25.2,6.08,161.3,6.13,9.0,6.18,Yes,7.71
Silty,Barley,1104.9,30.9,6.76,110.4,7.7,7.6,30.89,Yes,7.95
,Barley,971.5,31.6,5.3,64.4,4.82,8.1,4.79,Yes,7.99
,Wheat,1435.7,32.9,5.73,242.4,8.11,9.8,14.09,No,7.8
Clay,Wheat,981.3,29.1,7.08,149.9,8.16,8.5,1.8,Yes,8.7
Peaty,Rice,862.0,23.5,,134.4,5.14,8.0,12.02,No,8.29
Sandy,Wheat,670.7,38.3,6.49,139.4,4.44,9.6,5.27,No,6.05
Loamy,Barley,377.4,20.8,5.95,148.0,7.05,8.8,0.49,Yes,9.1
Loamy,Wheat,668.5,17.4,5.55,259.6,1.48,8.0,2.75,No,8.61
Sandy,Soybean,902.9,15.3,7.29,140.2,12.5,6.1,0.75,,7.27
Loamy,Wheat,713.4,36.7,5.96,124.6,3.73,10.3,0.21,Yes,7.22
Silty,Wheat,685.5,19.3,7.81,269.5,3.69,5.5,7.01,Yes,8.77
Silty,Cotton,1364.3,20.1,6.26,101.6,2.12,7.4,4.33,No,6.03
Clay,Barley,1351.3,19.9,5.28,100.0,7.59,7.8,,No,6.84
Loamy,Wheat,885.5,,7.29,135.5,4.62,7.1,2.35,Yes,9.33
Clay,Barley,1168.1,19.6,6.2,132.0,9.45,5.2,8.25,No,7.42
Sandy,Rice,1104.1,26.6,7.79,120.7,8.69,9.6,12.76,No,7.8
Loamy,Rice,1121.4,29.6,6.79,24.3,6.46,8.7,1.44,Yes,9.38
Clay,Cotton,1028.4,27.8,7.37,,3.77,7.3,3.55,Yes,6.81
Silty,Rice,828.1,18.2,5.93,139.7,3.42,6.0,2.69,Yes,9.79
Silty,Maize,762.4,19.7,5.68,144.5,7.69,3.8,9.66,Yes,10.45
Sandy,,1057.7,32.8,6.34,247.6,5.62,9.3,3.13,No,6.05
Loamy,Maize,714.0,30.2,5.25,222.9,3.65,8.9,1.82,No,10.32
Peaty,Cotton,1110.5,29.1,6.41,128.0,8.86,8.4,,Yes,7.13
Clay,Cotton,562.0,22.8,6.99,164.2,1.68,9.7,9.25,Yes,6.96
Silty,Rice,967.3,24.2,7.56,107.3,0.0,3.7,2.15,No,8.32
Sandy,Soybean,515.4,27.9,6.67,119.9,7.13,7.5,3.84,No,6.47
Clay,Barley,1131.1,29.3,6.27,207.1,3.01,9.8,4.16,No,6.95
Peaty,Wheat,727.4,17.7,6.35,173.5,4.28,10.0,3.69,No,8.04
Silty,Soybean,1012.9,24.4,6.61,157.1,5.35,7.0,5.93,Yes,8.11
